{
  "sections": {
    "1621243260e1af0c20": {
      "type": "slider",
      "blocks": {
        "1621243260e1af0c20-0": {
          "type": "slider_item",
          "settings": {
            "image_alignment": "center top",
            "content_in_container": false,
            "content_position": "left middle",
            "text_alignment": "left",
            "text_size": "large",
            "text_color": "black",
            "subheading": "<span class=\"font-semibold\">New Arrivals<\/span>",
            "title": "<span class=\"sf__font-normal\">Be Stylish,<br> \nbe our customer.<\/span>",
            "description": "",
            "button_text": "Shop Now",
            "button_link": "",
            "button_style": "sf__btn-secondary",
            "button_size": "",
            "show_footer": true,
            "footer_alignment": "end",
            "footer_text": "The ReCotton Tee",
            "footer_button": "Shop Now",
            "footer_link": "shopify:\/\/collections"
          }
        },
        "1621243260e1af0c20-1": {
          "type": "slider_item",
          "settings": {
            "image_alignment": "center top",
            "content_in_container": false,
            "content_position": "left middle",
            "text_alignment": "left",
            "text_size": "large",
            "text_color": "black",
            "subheading": "<span class=\"font-semibold\">Everyday Fashion\n<\/span>",
            "title": "<span class=\"sf__font-normal\">Fashionable clothes<br> \n for trendsetters.<\/span>",
            "description": "",
            "button_text": "Shop Now",
            "button_link": "",
            "button_style": "sf__btn-secondary",
            "button_size": "",
            "show_footer": true,
            "footer_alignment": "end",
            "footer_text": "The ReCotton Tee",
            "footer_button": "Shop Now",
            "footer_link": "shopify:\/\/collections"
          }
        },
        "1621243260e1af0c20-2": {
          "type": "slider_item",
          "settings": {
            "image_alignment": "center top",
            "content_in_container": false,
            "content_position": "left middle",
            "text_alignment": "left",
            "text_size": "large",
            "text_color": "black",
            "subheading": "<span class=\"font-semibold\">New Arrivals<\/span>",
            "title": "<span class=\"sf__font-normal\">Buy less,<br> \nchoose well.<\/span>",
            "description": "",
            "button_text": "Shop Now",
            "button_link": "",
            "button_style": "sf__btn-secondary",
            "button_size": "",
            "show_footer": true,
            "footer_alignment": "end",
            "footer_text": "The ReCotton Tee",
            "footer_button": "Shop Now",
            "footer_link": "shopify:\/\/collections"
          }
        }
      },
      "block_order": [
        "1621243260e1af0c20-0",
        "1621243260e1af0c20-1",
        "1621243260e1af0c20-2"
      ],
      "settings": {
        "container": "w-full",
        "slideshow_height": "large",
        "show_overlay": false,
        "dots_position": "right",
        "dots_color": "dark",
        "show_dots": true,
        "show_arrows": false,
        "autorotate": true,
        "autorotate_speed": 5,
        "custom_class": "sf__index-slideshow"
      }
    },
    "162251092958fcda7c": {
      "type": "product-tabs",
      "blocks": {
        "162251092958fcda7c-1": {
          "type": "tab",
          "settings": {
            "title": "New Arrivals",
            "collection": "fashion"
          }
        },
        "162251092958fcda7c-0": {
          "type": "tab",
          "settings": {
            "title": "Best Sellers",
            "collection": "best-sellers"
          }
        },
        "ca2d4551-2c7d-4127-8e24-a66b44e4ece8": {
          "type": "tab",
          "settings": {
            "title": "On Sale",
            "collection": "best-sellers"
          }
        }
      },
      "block_order": [
        "162251092958fcda7c-1",
        "162251092958fcda7c-0",
        "ca2d4551-2c7d-4127-8e24-a66b44e4ece8"
      ],
      "settings": {
        "heading": "",
        "subheading": "",
        "description": "",
        "header_alignment": "center",
        "container": "container-fluid",
        "background_color": "rgba(0,0,0,0)",
        "tab_header": "horizontal",
        "limit": 10,
        "show_button": true,
        "button_type": "load",
        "button_label": "Load More",
        "button_style": "sf__btn-secondary",
        "button_size": "",
        "pcard_layout": "1",
        "pcard_image_ratio": "",
        "show_vendor": false,
        "items_per_row": 5,
        "item_gap": 30,
        "item_gap_mobile": 16,
        "enable_slider": false,
        "show_pagination": false,
        "show_navigation": false,
        "custom_class": "sf__index-product-tab"
      }
    },
    "162634662720396e75": {
      "type": "image-with-text-1",
      "blocks": {
        "162634662720396e75-0": {
          "type": "item",
          "settings": {
            "content_position": "bottom_center",
            "content_alignment": "left",
            "text_size": "medium",
            "text_color": "black",
            "link": "shopify:\/\/collections\/jackets",
            "title": "",
            "subtitle": "",
            "button_label": "Coats & Jackets",
            "button_style": "sf__btn-white",
            "button_size": ""
          }
        },
        "162634662720396e75-1": {
          "type": "item",
          "settings": {
            "content_position": "bottom_center",
            "content_alignment": "left",
            "text_size": "medium",
            "text_color": "black",
            "link": "shopify:\/\/collections\/glasses-1",
            "title": "",
            "subtitle": "",
            "button_label": "Glasses",
            "button_style": "sf__btn-white",
            "button_size": ""
          }
        },
        "162634662720396e75-2": {
          "type": "item",
          "settings": {
            "content_position": "bottom_center",
            "content_alignment": "left",
            "text_size": "medium",
            "text_color": "black",
            "link": "shopify:\/\/collections\/sneakers",
            "title": "",
            "subtitle": "",
            "button_label": "Sneakers",
            "button_style": "sf__btn-white",
            "button_size": ""
          }
        },
        "162634662720396e75-3": {
          "type": "item",
          "settings": {
            "content_position": "bottom_center",
            "content_alignment": "left",
            "text_size": "medium",
            "text_color": "black",
            "link": "shopify:\/\/collections\/leather-bag",
            "title": "",
            "subtitle": "",
            "button_label": "Handbags",
            "button_style": "sf__btn-white",
            "button_size": ""
          }
        },
        "162634662720396e75-4": {
          "type": "item",
          "settings": {
            "content_position": "bottom_center",
            "content_alignment": "left",
            "text_size": "medium",
            "text_color": "black",
            "link": "shopify:\/\/collections\/sandals",
            "title": "",
            "subtitle": "",
            "button_label": "Sandals",
            "button_style": "sf__btn-white",
            "button_size": ""
          }
        }
      },
      "block_order": [
        "162634662720396e75-0",
        "162634662720396e75-1",
        "162634662720396e75-2",
        "162634662720396e75-3",
        "162634662720396e75-4"
      ],
      "settings": {
        "heading": "",
        "subheading": "",
        "description": "",
        "header_alignment": "center",
        "container": "container-fluid",
        "background_color": "rgba(0,0,0,0)",
        "layout": "layout_1",
        "gap": 30,
        "use_scroll_mobile": true,
        "mobile_gap": 16,
        "custom_class": "sf__index-img-card"
      }
    },
    "16263511280e566f2c": {
      "type": "countdown-timer",
      "settings": {
        "container": "container",
        "section_height": "large",
        "align": "end",
        "background_color": "#f1f1f1",
        "heading": "Old School Sneaker",
        "time": "2021-09-26 23:00:00",
        "button_label": "Get Only $20",
        "button_link": "",
        "button_style": "sf__btn-primary",
        "button_size": "",
        "custom_class": "sf__index-countdown-timer"
      }
    }
  },
  "order": [
    "1621243260e1af0c20",
    "162634662720396e75",
    "162251092958fcda7c",
    "16263511280e566f2c"
  ]
}