{
  "current": {
    "favicon": "shopify:\/\/shop_images\/fav_icon_dark_1.png",
    "container_width": 1410,
    "container_fluid_offset": 100,
    "color_primary": "#000",
    "color_sub_text": "#696969",
    "color_btn_bg_hover": "#000000",
    "prod_sale_price_color": "#696969",
    "prod_type_color": "#696969",
    "prod_desc_color": "#696969",
    "color_annoucement_bg": "#000000",
    "color_annoucement_text": "#ffffff",
    "color_topbar_bg": "#e0e7e4",
    "color_topbar_text": "#000000",
    "color_header_bg": "#ffffff",
    "color_header_link": "#000000",
    "color_header_transparent": "#000000",
    "color_menu_bar_bg": "#000000",
    "color_menu_bar_text": "#f8f8f8",
    "color_footer_bg": "#ffffff",
    "color_footer_text": "#000000",
    "color_footer_subtext": "#696969",
    "color_footer_link": "#696969",
    "color_footer_link_hover": "#000000",
    "color_footer_bottom_bg": "#ffffff",
    "color_footer_bottom_text": "#696969",
    "img_overlay_opacity": 20,
    "tooltip_background_color": "#000000",
    "type_base_font": "roboto_condensed_n4",
    "use_custom_font_body": true,
    "custom_body_font": "https:\/\/cdn.shopify.com\/s\/files\/1\/0042\/0750\/9567\/files\/Jost-Regular.ttf?v=1622447664@400\nhttps:\/\/cdn.shopify.com\/s\/files\/1\/0042\/0750\/9567\/files\/Jost-Medium.ttf?v=1622443602@500",
    "custom_body_weight": "400",
    "type_base_size": 16,
    "type_base_line_height": 28,
    "type_header_font": "roboto_condensed_n7",
    "use_custom_font_heading": true,
    "custom_heading_font": "https:\/\/cdn.shopify.com\/s\/files\/1\/0042\/0750\/9567\/files\/Butler_Regular.otf?v=1622447581@400\nhttps:\/\/cdn.shopify.com\/s\/files\/1\/0042\/0750\/9567\/files\/Butler_Light.otf?v=1622447581@300",
    "custom_heading_weight": "300",
    "type_header_base_size": 39,
    "btn_base_size": 15,
    "pcard_layout": "1",
    "pcard_alignment": "center",
    "pcard_image_ratio": "1\/1",
    "show_vendor": false,
    "variant_option_design3": "color",
    "show_variant_swatch_image": true,
    "product_colors": "red: #FF6961,\nyellow: #FDDA76,\nblack: #000000,\nblue: #8DB4D2,\ngreen: #C1E1C1,\npurple: #B19CD9,\nsilver: #EEEEEF,\nwhite: #FFFFFF,\nbrown: #836953,\nlight-brown: #feb035,\ndark-turquoise: #23cddc,\norange: #FFB347,\ntan: #E9D1BF,\nviolet: #B490B0,\npink: #FFD1DC,\ngrey: #E0E0E0,\nsky: #96BDC6,\npale-leaf: #CCD4BF",
    "filter_color1": "",
    "share_facebook": true,
    "social_twitter_link": "https:\/\/twitter.com\/home",
    "social_facebook_link": "https:\/\/facebook.com\/",
    "social_pinterest_link": "https:\/\/pinterest.com\/",
    "social_instagram_link": "https:\/\/instagram.com\/",
    "wishlist_page": "",
    "product_compare_page": "",
    "gm_api": "",
    "instagram_token": "",
    "custom_css": ".sf__index-collection-list .sf__ms-wrapper {\n  align-items: center;\n}\n.sf__index-collection-list .collection-card__info h3 {\n  font-family: \"SF-Body-font\";\n}\n.sf-logo a {\n  padding: 20px 0;\n}\n\n.sf-instagram .section-my {\n  margin-bottom: 20px;\n}\n.sf__index-hero .sf-hero .sf-hero__text {\n  color: var(--color-sub-text);\n}\n.sf__footer-bottom,\n.sf__footer-block-menu ul,\n.sf__pcard-price .prod__price,\n.announcement-bar__content {\n  font-weight: 500;\n}\n\n.sf__footer-block-our_store .social-media-links svg path {\n  fill: #000;\n}\n.custom__subtitle {\n  font-size: 13px;\n  text-transform: uppercase;\n  font-weight: 500;\n}\n\n.sf__index-collection-list .sf__ms-wrapper {\n  align-items: center;\n}\n\n@media (min-width: 1280px) {\n  .sf__index-hero .sf-hero .sf-hero__title,\n  .sf__newsletter-section .newsletter__form-heading h3 {\n    font-size: 40px;\n    line-height: 56px;\n    margin-bottom: 10px;\n  }\n  .sf__index-hero .sf-hero__content {\n    margin-right: 150px;\n  }\n}\n\n@media (max-width: 767px) {\n  .section__subheading img {\n    margin-bottom: 20px;\n    max-width: 80px;\n  }\n  .sf__index-hero .container-fluid {\n    --offset-x: 0;\n  }\n  .sf__index-slideshow .sf__mobile-heading,\n  .sf__index-hero .sf-hero .sf-hero__title {\n    font-size: 36px;\n    line-height: 1.25;\n  }\n  .sf__index-hero .sf-hero .sf-hero__title {\n    margin-bottom: 10px;\n  }\n  .sf__newsletter-section .newsletter__form-heading h3 {\n    font-size: 24px;\n    line-height: 34px;\n  }\n  .sf-instagram .section-my {\n    margin-bottom: 0;\n  }\n  .sf-footer__accordion {\n    display: none;\n  }\n}\n@media (max-width: 576px) {\n  .home-banner__slideshow a.sf__mobile-button {\n    width: 100%;\n  }\n  .sf__index-hero .sf-hero__content {\n    text-align: center;\n  }\n}",
    "use_theme_currencies": true,
    "theme_currencies": "USD | EUR | GBP | VND",
    "sections": {
      "header": {
        "type": "header",
        "blocks": {
          "716f4f7c-650a-401c-b17d-eaa1df00f229": {
            "type": "banner",
            "settings": {
              "heading": "Shop",
              "container": "inherit",
              "banner_style": "outside",
              "banner_link": "",
              "banner_title": "New collection",
              "banner_desc": "",
              "banner_button_text": "Shop now"
            }
          },
          "2caadcd1-f289-4307-84c0-ca770d47016b": {
            "type": "product-list",
            "settings": {
              "heading": "Product",
              "container": "inherit",
              "stretch_width": false,
              "collection": "mirror",
              "limit": 6,
              "columns": 2
            }
          },
          "2ba9563b-56fe-49ad-bc4f-8a5eb3689307": {
            "type": "custom_html",
            "settings": {
              "heading": "Features",
              "container": "inherit",
              "html": ""
            }
          }
        },
        "block_order": [
          "716f4f7c-650a-401c-b17d-eaa1df00f229",
          "2caadcd1-f289-4307-84c0-ca770d47016b",
          "2ba9563b-56fe-49ad-bc4f-8a5eb3689307"
        ],
        "settings": {
          "header_design": "logo-left-menu-center",
          "container": "container-fluid",
          "header_sticky": true,
          "transparent_on_top": true,
          "logo_text": "MINIMOG",
          "logo_max_width": 130,
          "sticky_logo_max_width": 100,
          "mobile_logo_max_width": 75,
          "main_menu": "main-menu",
          "secondary_menu": "",
          "uppercase_parent_level": false,
          "search": "show_icon",
          "show_account_icon": true,
          "show_cart_icon": true,
          "show_wishlist_icon": true,
          "show_compare_icon": true,
          "show_currency_switcher": false,
          "show_language_switcher": false
        }
      },
      "footer": {
        "type": "footer",
        "blocks": {
          "763755e6-f137-4d09-99ef-81a4819c0791": {
            "type": "our_store",
            "settings": {
              "title": "<div class=\"rte\"><p class=\"text-base md:text-2xl xl:text-4xl xl:mb-10 footer-about-text\">Our unique mirror will enhance<br> the warmth and light in your living space!<\/p><\/div>",
              "description": "",
              "show_email": false,
              "show_phone": false,
              "show_socials_link": true,
              "width": "50%"
            }
          },
          "2bd3b7d0-e898-4720-82ab-227b7e3815b4": {
            "type": "spacing",
            "settings": {
              "width": "16%"
            }
          },
          "7527ffa4-1a31-4e5c-b642-96aa834daf84": {
            "type": "menu",
            "settings": {
              "menu": "main-menu",
              "title": "<p class=\"text-base md:text-2xl\">About<\/p>",
              "width": "33%"
            }
          },
          "c85629c7-7aae-4666-b5f0-150990439c91": {
            "type": "menu",
            "settings": {
              "menu": "main-menu",
              "title": "<p class=\"text-base md:text-2xl\">Information<\/p>",
              "width": "33%"
            }
          }
        },
        "block_order": [
          "763755e6-f137-4d09-99ef-81a4819c0791",
          "2bd3b7d0-e898-4720-82ab-227b7e3815b4",
          "7527ffa4-1a31-4e5c-b642-96aa834daf84",
          "c85629c7-7aae-4666-b5f0-150990439c91"
        ],
        "settings": {
          "design": "footer-1",
          "container": "container-fluid",
          "bordered": false,
          "copyright": "© Mirrior_twinkle 2021",
          "show_currency_selector": false,
          "show_language_selector": false,
          "show_social_links": false,
          "show_payment_icons": true
        }
      },
      "annoucement": {
        "type": "annoucement",
        "settings": {
          "show_announcement": true,
          "homepage_only": true,
          "show_close": true,
          "message": "<p class=\"uppercase\" style=\"font-size: 15px; letter-spacing: .1em;\">Free shipping on all U.S. orders $50+<\/p>",
          "message_link": "",
          "show_divider": false
        }
      },
      "mobile-sticky-bar": {
        "type": "mobile-sticky-bar",
        "settings": {
          "show_mobile_sticky": true,
          "show_home_icon": true,
          "show_collection_icon": true,
          "show_cart_icon": true,
          "show_search_icon": true,
          "show_account_icon": false,
          "show_wishlist_icon": false
        }
      }
    }
  },
  "presets": {
    "Default": {
      "sections": {
        "featured-collection": {
          "type": "featured-collection",
          "settings": {
            "collection": "frontpage"
          }
        },
        "featured-product": {
          "type": "featured-product",
          "settings": {
          }
        }
      },
      "content_for_index": [
        "featured-collection",
        "featured-product"
      ]
    }
  }
}