{
  "current": {
    "favicon": "shopify:\/\/shop_images\/fav_icon_dark_1.png",
    "show_scroll_top_button": true,
    "color_primary": "#e1927f",
    "color_sub_text": "#666666",
    "color_btn_bg": "#e1927f",
    "color_btn_bg_hover": "#161d25",
    "prod_sale_price_color": "#999999",
    "color_field_bg": "#ffffff",
    "color_annoucement_bg": "#e1927f",
    "color_topbar_bg": "#ffffff",
    "color_topbar_text": "#000000",
    "color_header_transparent": "#ffffff",
    "bg_cart_wishlist_count": "#e1927f",
    "color_footer_bg": "#ffffff",
    "color_footer_text": "#000",
    "color_footer_link": "#666666",
    "color_footer_link_hover": "#000000",
    "color_footer_bottom_bg": "#ffffff",
    "color_border": "#d9d9d9",
    "img_overlay_opacity": 20,
    "tooltip_background_color": "#e1927f",
    "use_custom_font_body": true,
    "custom_body_font": "https:\/\/cdn.shopify.com\/s\/files\/1\/0561\/2742\/2636\/files\/Jost-Light.ttf?v=1618297125@300\nhttps:\/\/cdn.shopify.com\/s\/files\/1\/0561\/2742\/2636\/files\/Jost-Regular.ttf?v=1618297125@400\nhttps:\/\/cdn.shopify.com\/s\/files\/1\/0561\/2742\/2636\/files\/Jost-Medium.ttf?v=1618297125@500\nhttps:\/\/cdn.shopify.com\/s\/files\/1\/0561\/2742\/2636\/files\/Jost-SemiBold.ttf?v=1618297125@600\nhttps:\/\/cdn.shopify.com\/s\/files\/1\/0561\/2742\/2636\/files\/Jost-Bold.ttf?v=1618297125@700",
    "custom_body_weight": "400",
    "type_base_size": 16,
    "use_custom_font_heading": true,
    "custom_heading_font": "https:\/\/cdn.shopify.com\/s\/files\/1\/0561\/2742\/2636\/files\/Jost-Light.ttf?v=1618297125@300\nhttps:\/\/cdn.shopify.com\/s\/files\/1\/0561\/2742\/2636\/files\/Jost-Regular.ttf?v=1618297125@400\nhttps:\/\/cdn.shopify.com\/s\/files\/1\/0561\/2742\/2636\/files\/Jost-Medium.ttf?v=1618297125@500\nhttps:\/\/cdn.shopify.com\/s\/files\/1\/0561\/2742\/2636\/files\/Jost-SemiBold.ttf?v=1618297125@600\nhttps:\/\/cdn.shopify.com\/s\/files\/1\/0561\/2742\/2636\/files\/Jost-Bold.ttf?v=1618297125@700",
    "custom_heading_weight": "500",
    "type_header_base_size": 34,
    "btn_weight": "500",
    "pcard_layout": "2",
    "pcard_alignment": "center",
    "pcard_image_ratio": "1\/1",
    "show_vendor": false,
    "variant_option_design1": "button",
    "variant_option_design2": "color",
    "product_colors": "red: #FF6961,\nyellow: #FDDA76,\nblack: #000000,\nblack band: #000000,\nblue: #8DB4D2,\ngreen: #C1E1C1,\npurple: #B19CD9,\nsilver: #EEEEEF,\nwhite: #FFFFFF,\nbrown: #836953,\nlight brown: #B5651D,\ndark turquoise: #23cddc,\norange: #FFB347,\ntan: #E9D1BF,\nviolet: #B490B0,\npink: #FFD1DC,\ngrey: #E0E0E0,\nsky: #96BDC6,\npale leaf: #CCD4BF,\nlight blue: #b1c5d4,\ndark grey: #aca69f,\nbeige: #FFFFE0,\nbeige band: #EED9C4,\ndark blue: #063e66,\ncream: #FFFFCC,\nlight pink: #FBCFCD,\nmint: #bedce3,\ndark gray: #3A3B3C,\nrosy brown: #c4a287,\nlight grey:#D3D3D3,\ncopper: #B87333,\nrose gold: #ECC5C0,\nnight blue: #151B54,\ncoral: #FF7F50,\nlight purple: #C6AEC7",
    "social_twitter_link": "https:\/\/twitter.com\/home",
    "social_facebook_link": "https:\/\/facebook.com\/",
    "social_pinterest_link": "https:\/\/pinterest.com\/",
    "social_instagram_link": "https:\/\/instagram.com\/",
    "popular_search_queries": "Cotton, Men, Backpack",
    "wishlist_page": "",
    "product_compare_page": "",
    "instagram_token": "",
    "custom_css": ".sf__index-testimonial .section__heading {\n  max-width: 1250px;\n  margin: 0 auto;\n}\n.sf__index-hero .sf-hero__content .sf-hero__text {\n  color: var(--color-sub-text);\n}\n\n.sf__index-featured-collection .prod__price.sf-currency {\n  color: #e1927f;\n}\n.sf__index-collection-list .collection-card__info h3 a:hover {\n  color: var(--color-secondary);\n}\n.sf__index-collection-list-2 .collection-card__info h3 a:hover {\n  color: var(--color-secondary);\n}\n.sf__btn,\na.sf__btn {\n  border-radius: 22px;\n}\n.sf__index-instagram .section-my {\n  margin-bottom: 0;\n}\n.form-control.form__control-icon {\n  border: 1px solid #dddddd;\n  border-radius: 22px;\n}\n@media (min-width: 1280px) {\n  .sf-footer .sf__footer-block-newsletter {\n    padding-right: 70px;\n  }\n  .sf__index-slideshow .slide__block-title {\n    font-size: 4.375rem;\n  }\n}\n\n.section__heading {\n  position: relative;\n}\n.section__heading span {\n  padding: 0 30px;\n  background: #fff;\n  position: relative;\n  z-index: 1;\n}\n.section__heading::after {\n  position: absolute;\n  content: \"\";\n  left: -20px;\n  top: 50%;\n  height: 1px;\n  width: calc(100% + 40px);\n  border-top: 1px dashed #c7c7c7;\n  transform: translateY(-50%);\n}\n.sf__index-testimonial .review-block .sf__tes-name {\n  font-weight: 500;\n}\n.sf__index-testimonial .review-block .sf__tes-image-text {\n  font-weight: 500;\n  font-size: 15px;\n  color: #a9c5b9;\n}\n.sf-search__form:not(.mobile) {\n  border-radius: 22px;\n}\n@media (min-width: 1024px) {\n  .sf__index-hero .sf-hero__inner {\n    padding-left: 60px;\n  }\n  .sf-footer .sf__footer-block-newsletter .sf__footer-block-title {\n    font-size: 30px;\n    font-weight: 600;\n    line-height: 43px;\n  }\n}\n@media (max-width: 767px) {\n  .sf__index-testimonial .sf-testimonials__container {\n    padding: 0;\n  }\n  .sf__index-hero {\n    margin: 0 -16px;\n  }\n  .sf__index-hero .sf-hero__bg {\n    position: relative;\n    min-height: 373px;\n  }\n  .sf__index-hero .sf-hero__inner {\n    padding-top: 3rem;\n    padding-bottom: 2rem;\n  }\n}\n@media (max-width: 576px) {\n  .sf__index-slideshow .sf__btn-primary,\n  .sf__index-hero .sf__btn-primary,\n  .sf__index-hero .sf-hero__btn,\n  .sf__index-featured-collection .sf__featured-collection-button a.sf__btn {\n    width: 100%;\n  }\n}",
    "sale_popup_collection": "sale",
    "sale_popup_time": "{{time}} ago - {{location}}",
    "sale_popup_locations": "Khiri Rat Nikhom Thailand, Morgantown United States, Wuhu China, East Quincy United States, Raumbach Germany, Wuyang China, Tondela Portugal, Lemito Indonesia, N'Djamena Chad, Yanbei China, Silvassa India, Quangang China, Le Pallet France, Servon-sur-Vilaine France, Tumut Australia, Goodman United States, Keluke China, Rauchenwarth Austria, Harran Turkey",
    "sale_popup_hide_on_mobile": false,
    "sale_popup_duration": 5,
    "sale_popup_delay": "10-15",
    "sale_popup_show_after": 5,
    "sale_popup_max": 20,
    "use_theme_currencies": true,
    "size_chart": "size-guide",
    "sale_popup_show_on_mobile": false,
    "sections": {
      "header": {
        "type": "header",
        "blocks": {
          "7c2ec6ad-479b-413d-ac68-62c2e33a8bab": {
            "type": "topbar",
            "settings": {
              "show_divider": false,
              "show_phone_numb": false,
              "show_email": false,
              "show_social_links": true,
              "show_stores_page": true,
              "show_currency_switcher": false,
              "show_language_switcher": false,
              "alert_message": "<span style=\"font-size:15px;font-weight: 500;text-align: center; color: #E1927F;\n\">A unique online baby shop based in California<\/span>"
            }
          },
          "f92ac787-8fb7-4a67-ab98-fe2652142669": {
            "type": "product-list",
            "settings": {
              "heading": "Products",
              "container": "inherit",
              "stretch_width": false,
              "collection": "eating-baby-store",
              "limit": 6,
              "columns": 2
            }
          },
          "f428be07-b625-4fc3-a305-ba61aab9eef3": {
            "type": "custom_html",
            "settings": {
              "heading": "Home",
              "container": "inherit",
              "html": ""
            }
          },
          "96ebf971-7470-4d2d-9b97-4bdae48f6b38": {
            "type": "banner",
            "settings": {
              "heading": "Shop",
              "container": "inherit",
              "banner_style": "outside",
              "banner_link": "",
              "banner_title": "The New - Season Shoes Edit",
              "banner_desc": "",
              "banner_button_text": "Shop Now"
            }
          },
          "fa560676-6e0e-4cdc-9ac6-8d71df3463e6": {
            "type": "custom_html",
            "settings": {
              "heading": "Features",
              "container": "inherit",
              "html": ""
            }
          }
        },
        "block_order": [
          "7c2ec6ad-479b-413d-ac68-62c2e33a8bab",
          "f92ac787-8fb7-4a67-ab98-fe2652142669",
          "f428be07-b625-4fc3-a305-ba61aab9eef3",
          "96ebf971-7470-4d2d-9b97-4bdae48f6b38",
          "fa560676-6e0e-4cdc-9ac6-8d71df3463e6"
        ],
        "settings": {
          "header_design": "logo-center__2l",
          "container": "container-fluid",
          "header_sticky": true,
          "transparent_on_top": false,
          "logo_text": "MINIMOG",
          "logo_max_width": 170,
          "sticky_logo_max_width": 165,
          "mobile_logo_max_width": 105,
          "main_menu": "main-menu",
          "secondary_menu": "",
          "uppercase_parent_level": false,
          "search": "show_full",
          "show_account_icon": true,
          "show_cart_icon": true,
          "show_wishlist_icon": true,
          "show_compare_icon": false,
          "show_currency_switcher": false,
          "show_language_switcher": false
        }
      },
      "footer": {
        "type": "footer",
        "blocks": {
          "8d6ff29d-e8b7-411b-addc-ed3b7d2f67b3": {
            "type": "newsletter",
            "settings": {
              "title": "Keep In Touch",
              "description": "Our conversation is just getting started",
              "email_placeholder": "Enter your email",
              "form_style": "bordered",
              "show_social": false,
              "width": "50%"
            }
          },
          "d5978e13-bd48-4f66-bbbe-5b0e5bb800f5": {
            "type": "menu",
            "settings": {
              "menu": "main-menu",
              "title": "Infomation",
              "width": "25%"
            }
          },
          "85209d5e-c364-489f-8320-73d204b3ed46": {
            "type": "menu",
            "settings": {
              "menu": "main-menu",
              "title": "Quick links",
              "width": "25%"
            }
          },
          "893cdcf1-a95d-469b-9e7a-f9f679a2f8d6": {
            "type": "menu",
            "settings": {
              "menu": "main-menu",
              "title": "Collections",
              "width": "25%"
            }
          },
          "3c9af62c-39c1-4db8-9e9d-d23c9ec3b8a9": {
            "type": "menu",
            "settings": {
              "menu": "main-menu",
              "title": "Services",
              "width": "25%"
            }
          }
        },
        "block_order": [
          "8d6ff29d-e8b7-411b-addc-ed3b7d2f67b3",
          "d5978e13-bd48-4f66-bbbe-5b0e5bb800f5",
          "85209d5e-c364-489f-8320-73d204b3ed46",
          "893cdcf1-a95d-469b-9e7a-f9f679a2f8d6",
          "3c9af62c-39c1-4db8-9e9d-d23c9ec3b8a9"
        ],
        "settings": {
          "design": "footer-1",
          "container": "container",
          "bordered": false,
          "copyright": "© 2021, Minimog. All Rights Reserved.",
          "show_currency_selector": false,
          "show_language_selector": false,
          "show_social_links": false,
          "show_payment_icons": true
        }
      },
      "annoucement": {
        "type": "annoucement",
        "settings": {
          "show_announcement": true,
          "homepage_only": false,
          "show_close": true,
          "message": "<span class=\"font-medium\">Free Express Shipping on AU orders $200+<\/span>",
          "message_link": "",
          "show_divider": false
        }
      },
      "mobile-sticky-bar": {
        "type": "mobile-sticky-bar",
        "settings": {
          "show_mobile_sticky": true,
          "show_home_icon": true,
          "show_collection_icon": true,
          "show_cart_icon": true,
          "show_search_icon": true,
          "show_account_icon": false,
          "show_wishlist_icon": false
        }
      }
    }
  },
  "presets": {
    "Default": {
      "sections": {
        "featured-collection": {
          "type": "featured-collection",
          "settings": {
            "collection": "frontpage"
          }
        },
        "featured-product": {
          "type": "featured-product",
          "settings": {
          }
        }
      },
      "content_for_index": [
        "featured-collection",
        "featured-product"
      ]
    }
  }
}