{
  "current": {
    "favicon": "shopify:\/\/shop_images\/favicon.png",
    "container_width": 1410,
    "container_fluid_offset": 100,
    "color_primary": "#549263",
    "color_sub_text": "#7e7e7e",
    "color_btn_bg": "#549263",
    "color_btn_bg_hover": "#549263",
    "prod_sale_price_color": "#666666",
    "prod_type_color": "#666666",
    "color_annoucement_bg": "#c8d8ce",
    "color_annoucement_text": "#000000",
    "color_topbar_bg": "#c8d8ce",
    "color_topbar_text": "#000000",
    "color_header_bg": "#ffffff",
    "color_header_link": "#000000",
    "color_header_transparent": "#ffffff",
    "bg_cart_wishlist_count": "#549263",
    "color_menu_bar_bg": "#000000",
    "color_menu_bar_text": "#f8f8f8",
    "color_footer_bg": "#ffffff",
    "color_footer_text": "#000000",
    "color_footer_subtext": "#696969",
    "color_footer_link": "#9b9b9b",
    "color_footer_link_hover": "#000000",
    "color_footer_bottom_bg": "#ffffff",
    "color_footer_bottom_text": "#696969",
    "img_overlay_opacity": 20,
    "tooltip_background_color": "#000000",
    "type_base_font": "roboto_condensed_n4",
    "use_custom_font_body": true,
    "custom_body_font": "https:\/\/cdn.shopify.com\/s\/files\/1\/0042\/0750\/9567\/files\/Gilroy-Medium1.otf?v=1622684383@500\nhttps:\/\/cdn.shopify.com\/s\/files\/1\/0042\/0750\/9567\/files\/Gilroy-Semibold1.otf?v=1622684383@600",
    "custom_body_weight": "500",
    "type_header_font": "roboto_condensed_n7",
    "use_custom_font_heading": true,
    "custom_heading_font": "https:\/\/cdn.shopify.com\/s\/files\/1\/0042\/0750\/9567\/files\/Gilroy-Medium1.otf?v=1622684383@500\nhttps:\/\/cdn.shopify.com\/s\/files\/1\/0042\/0750\/9567\/files\/Gilroy-Semibold1.otf?v=1622684383@600\nhttps:\/\/cdn.shopify.com\/s\/files\/1\/0042\/0750\/9567\/files\/Gilroy-Bold1.otf?v=1622685072@700",
    "custom_heading_weight": "600",
    "type_header_base_size": 40,
    "btn_border_radius": 12,
    "btn_weight": "700",
    "pcard_layout": "1",
    "pcard_alignment": "center",
    "pcard_image_ratio": "1\/1",
    "show_vendor": false,
    "variant_option_design3": "color",
    "show_variant_swatch_image": true,
    "product_colors": "red: #FF6961,\nyellow: #FDDA76,\nblack: #000000,\nblue: #8DB4D2,\ngreen: #C1E1C1,\npurple: #B19CD9,\nsilver: #EEEEEF,\nwhite: #FFFFFF,\nbrown: #836953,\nlight-brown: #feb035,\ndark-turquoise: #23cddc,\norange: #FFB347,\ntan: #E9D1BF,\nviolet: #B490B0,\npink: #FFD1DC,\ngrey: #E0E0E0,\nsky: #96BDC6,\npale-leaf: #CCD4BF",
    "filter_color1": "",
    "share_facebook": true,
    "social_twitter_link": "https:\/\/twitter.com\/home",
    "social_facebook_link": "https:\/\/facebook.com\/",
    "social_pinterest_link": "https:\/\/pinterest.com\/",
    "social_instagram_link": "https:\/\/instagram.com\/",
    "wishlist_page": "",
    "product_compare_page": "",
    "gm_api": "",
    "instagram_token": "",
    "custom_css": ".text-color-primary,\n.sf__btn.sf__btn-white,\na.sf__btn.sf__btn-white {\n  color: var(--color-primary);\n}\n.sf__pcard-name {\n  font-weight: 600;\n  font-size: 18px;\n}\n.sf__pcard-price .prod__price {\n  font-weight: 700;\n  font-size: 20px;\n}\n.sf__pcard-price.price--on-sale .prod__price {\n  color: var(--color-primary);\n}\n.sf__index-custom-content .sf-custom__block-inner .rte {\n  color: var(--text-color);\n}\n.sf__footer-block-custom_text .block-text {\n  color: #000;\n  font-size: 24px;\n  line-height: 36px;\n  font-weight: 600;\n}\n.sf__footer-block-menu .sf__footer-block-title {\n  font-size: 24px;\n  line-height: 32px;\n}\n.sf__index-img-with-text [class*=\"content__box-\"] {\n  position: relative;\n  z-index: 1;\n}\n\n.sf__index-img-with-text [class*=\"content__box-\"] .content__box {\n  position: relative;\n  z-index: 1;\n}\n\n.sf__index-press .rte p {\n  font-size: 24px;\n  line-height: 36px;\n}\n.sf__index-custom-content .sf-custom__block--text,\n.sf__index-custom-content .sf-custom__block--video {\n  background: #649670;\n}\n\n.sf__index-custom-content .sf-custom__block--video {\n  align-items: center;\n}\n\n.sf__newsletter-section form.sf-newsletter .sf__newsletter-form-group {\n  color: #000;\n  background: #fff;\n  border-radius: 12px;\n}\n\n.sf__newsletter-section form.sf-newsletter .sf__newsletter-form-group input,\n.sf__newsletter-section form.sf-newsletter .sf__newsletter-form-group svg path {\n  color: #000;\n}\n\n.sf__newsletter-section form.sf-newsletter input#ContactSubscribe-email::placeholder {\n  color: #7e7e7e !important;\n}\n\n@media (min-width: 1025px) {\n  .sf__index-custom-content .sf-custom__block--text .sf-custom__block-inner {\n    margin-left: calc(100% - 513px);\n    padding: 3rem;\n  }\n  .sf__index-custom-content .sf-custom__block--video {\n    padding-right: 3rem;\n  }\n\n  .sf__index-img-with-text {\n    padding: 50px 0;\n  }\n\n  .sf__index-img-with-text [class*=\"content__box-\"]::after {\n    position: absolute;\n    content: \"\";\n    width: 90%;\n    height: calc(100% + 200px);\n    top: -70px;\n    left: 0;\n    background-image: url(https:\/\/cdn.shopify.com\/s\/files\/1\/0042\/0750\/9567\/files\/bg_4b2c59fa-069b-480d-aa76-f3b9c4de7aa4.jpg?v=1622687661);\n    background-repeat: no-repeat;\n    background-size: contain;\n  }\n  .sf__index-img-with-text .section-my {\n    margin-bottom: 200px;\n  }\n}\n@media (min-width: 1230px) {\n  .sf__index-custom-content .sf-custom__block--text .sf-custom__block-inner {\n    margin-left: calc(100% - 615px);\n    padding: 4rem;\n  }\n  .sf__index-custom-content .sf-custom__block--video {\n    padding-right: 4rem;\n  }\n}\n@media (min-width: 1366px) {\n  .sf__index-custom-content .sf-custom__block--text .sf-custom__block-inner {\n    margin-left: calc(100% - 683px);\n    padding: 4rem;\n  }\n  .sf__index-custom-content .sf-custom__block--video {\n    padding-right: 4rem;\n  }\n}\n@media (min-width: 1536px) {\n  .sf__index-custom-content .sf-custom__block--text .sf-custom__block-inner {\n    margin-left: calc(100% - 768px);\n    padding: 0 6rem;\n  }\n  .sf__index-custom-content .sf-custom__block--video {\n    padding-right: 0;\n  }\n}\n@media (max-width: 767px) {\n  .sf__index-img-with-text [class*=\"content__box-\"] .content__box {\n    text-align: center;\n    padding: 0 1rem;\n  }\n  .sf__index-img-with-text [class*=\"content__box-\"] .content__subheading img {\n    margin: 0 auto;\n    max-width: 60px !important;\n    margin-top: 30px;\n  }\n  .image__with-text  .section-my {\n    margin-top: 5px;\n  }\n  .sf__index-featured-collection .section__subheading img {\n    max-width: 80px !important;\n  }\n  .sf__index-custom-content .sf-custom__block--video {\n    padding: 0;\n  }\n  .sf__index-custom-content #sf-custom__block--1dd7af76-ebfe-417a-a96d-a4f1ab210d8e {\n    padding: 30px 24px;\n  }\n  .sf__index-custom-content #sf-custom__block--1dd7af76-ebfe-417a-a96d-a4f1ab210d8e img {\n    max-width: 60px !important;\n  }\n}",
    "use_theme_currencies": true,
    "theme_currencies": "USD | EUR | GBP | VND",
    "sections": {
      "header": {
        "type": "header",
        "blocks": {
          "f11e3f18-dd3a-4ac1-aca9-71cafbde8f81": {
            "type": "banner",
            "settings": {
              "heading": "Shop",
              "container": "inherit",
              "banner_style": "outside",
              "banner_link": "",
              "banner_title": "New collection",
              "banner_desc": "",
              "banner_button_text": "Shop now"
            }
          },
          "5b9d77e6-f0c4-4370-b8d6-1a5e5d4fc7c2": {
            "type": "product-list",
            "settings": {
              "heading": "Product",
              "container": "inherit",
              "stretch_width": false,
              "collection": "hand-sanitizer",
              "limit": 6,
              "columns": 2
            }
          },
          "9950bbb3-05d4-4f22-8407-fa88a6612494": {
            "type": "custom_html",
            "settings": {
              "heading": "Features",
              "container": "inherit",
              "html": ""
            }
          }
        },
        "block_order": [
          "f11e3f18-dd3a-4ac1-aca9-71cafbde8f81",
          "5b9d77e6-f0c4-4370-b8d6-1a5e5d4fc7c2",
          "9950bbb3-05d4-4f22-8407-fa88a6612494"
        ],
        "settings": {
          "header_design": "logo-left-menu-center",
          "container": "container-fluid",
          "header_sticky": true,
          "transparent_on_top": false,
          "logo_text": "MINIMOG",
          "logo_max_width": 120,
          "sticky_logo_max_width": 105,
          "mobile_logo_max_width": 90,
          "main_menu": "main-menu",
          "secondary_menu": "",
          "uppercase_parent_level": false,
          "search": "show_icon",
          "show_account_icon": true,
          "show_cart_icon": true,
          "show_wishlist_icon": true,
          "show_compare_icon": true,
          "show_currency_switcher": false,
          "show_language_switcher": false
        }
      },
      "footer": {
        "type": "footer",
        "blocks": {
          "1efddc02-4edd-4d28-a9c2-cbcb3cc9d0a5": {
            "type": "custom_text",
            "settings": {
              "title": "<span class=\"lg:text-5xl lg:leading-tight lg:font-semibold\">Save Lives and<br> Money.<\/span>",
              "image_max": "200px",
              "description": "<p>Clean hands make the world go round.<\/p>",
              "width": "66%"
            }
          },
          "5201fa23-26c8-4c1b-a263-060101a7e575": {
            "type": "spacing",
            "settings": {
              "width": "25%"
            }
          },
          "c85629c7-7aae-4666-b5f0-150990439c91": {
            "type": "menu",
            "settings": {
              "menu": "main-menu",
              "title": "About",
              "width": "33%"
            }
          },
          "527ccf44-18d9-45d0-a2a0-c992da866024": {
            "type": "menu",
            "settings": {
              "menu": "main-menu",
              "title": "Information",
              "width": "25%"
            }
          }
        },
        "block_order": [
          "1efddc02-4edd-4d28-a9c2-cbcb3cc9d0a5",
          "5201fa23-26c8-4c1b-a263-060101a7e575",
          "c85629c7-7aae-4666-b5f0-150990439c91",
          "527ccf44-18d9-45d0-a2a0-c992da866024"
        ],
        "settings": {
          "design": "footer-3",
          "container": "container",
          "bordered": false,
          "copyright": "<span class=\"text-base\">© Handle 2021<\/span>",
          "show_currency_selector": false,
          "show_language_selector": false,
          "show_social_links": true,
          "show_payment_icons": true
        }
      },
      "annoucement": {
        "type": "annoucement",
        "settings": {
          "show_announcement": true,
          "homepage_only": true,
          "show_close": true,
          "message": "<p class=\"font-medium\" style=\"font-size:15px;\"><span style=\"border-radius:25px;background-color:#EC5D4D\n; color: #fff;padding: 5px 10px;line-height: 20px;font-weight: 500; margin-right: 10px;\">Hot<\/span>🔥 Free shipping on all U.S. orders $50+ 📦<\/p>",
          "message_link": "",
          "show_divider": false
        }
      },
      "mobile-sticky-bar": {
        "type": "mobile-sticky-bar",
        "settings": {
          "show_mobile_sticky": true,
          "show_home_icon": true,
          "show_collection_icon": true,
          "show_cart_icon": true,
          "show_search_icon": true,
          "show_account_icon": false,
          "show_wishlist_icon": false
        }
      }
    }
  },
  "presets": {
    "Default": {
      "sections": {
        "featured-collection": {
          "type": "featured-collection",
          "settings": {
            "collection": "frontpage"
          }
        },
        "featured-product": {
          "type": "featured-product",
          "settings": {
          }
        }
      },
      "content_for_index": [
        "featured-collection",
        "featured-product"
      ]
    }
  }
}