{
  "current": {
    "color_borders": "#e8e8e1",
    "color_button": "#111111",
    "color_button_text": "#ffffff",
    "color_footer": "#111111",
    "color_footer_text": "#ffffff",
    "color_drawer_background": "#ffffff",
    "color_drawer_text": "#000000",
    "color_drawer_border": "#e8e8e1",
    "color_drawer_button": "#111111",
    "color_drawer_button_text": "#ffffff",
    "color_image_2": "#000000",
    "color_image_2_opacity": 0,
    "color_image_1": "#000000",
    "color_image_1_opacity": 62,
    "color_small_image_bg": "#ffffff",
    "color_large_image_bg": "#111111",
    "type_header_font_family": "itc_avant_garde_gothic_n7",
    "type_header_spacing": "0",
    "type_header_base_size": 35,
    "type_header_line_height": 1.2,
    "type_header_accent_transform": true,
    "type_base_font_family": "futura_n4",
    "type_base_spacing": "25",
    "type_base_size": 17,
    "type_base_line_height": 1.6,
    "type_base_accent_transform": true,
    "icon_weight": "3px",
    "icon_linecaps": "miter",
    "animate_page_transitions": true,
    "animate_page_transition_style": "page-slow-fade",
    "animate_sections": true,
    "animate_sections_background_style": "zoom-fade",
    "animate_sections_text_style": "rise-up",
    "animate_images": true,
    "animate_images_style": "zoom-fade",
    "animate_buttons": true,
    "animate_underlines": true,
    "cart_type": "drawer",
    "checkout_header_image": "",
    "checkout_logo_image": "",
    "checkout_logo_position": "left",
    "checkout_logo_size": "medium",
    "checkout_body_background_image": "",
    "checkout_body_background_color": "#ffffff",
    "checkout_input_background_color_mode": "white",
    "checkout_sidebar_background_image": "",
    "checkout_sidebar_background_color": "#fafafa",
    "checkout_heading_font": "Helvetica Neue",
    "checkout_body_font": "Helvetica Neue",
    "checkout_accent_color": "#111111",
    "checkout_button_color": "#111111",
    "checkout_error_color": "#ff6d6d",
    "color_image_bg": "#000000",
    "color_input": "#ffffff",
    "checkout_banner_background_color": "#ffffff",
    "checkout_call_to_action_color": "#a26b25",
    "checkout_use_header_image": false,
    "sections": {
      "header": {
        "type": "header",
        "settings": {
          "main_menu_link_list": "main-menu",
          "sticky_index": true,
          "sticky_collection": false,
          "show_announcement": true
        }
      },
      "footer": {
        "type": "footer",
        "blocks": {
          "1494292481350": {
            "type": "logo_social",
            "settings": {
              "container_width": 20
            }
          },
          "1494292485313": {
            "type": "menu",
            "settings": {
              "menu": "main-menu",
              "container_width": 20
            }
          },
          "1494292487693": {
            "type": "newsletter",
            "settings": {
              "container_width": 33
            }
          },
          "1494301487049": {
            "type": "menu",
            "settings": {
              "menu": "footer",
              "container_width": 20
            }
          }
        },
        "block_order": [
          "1494301487049",
          "1494292485313",
          "1494292487693",
          "1494292481350"
        ],
        "settings": {
        }
      }
    }
  },
  "presets": {
    "Classic": {
      "color_borders": "#e8e8e1",
      "color_button": "#111111",
      "color_button_text": "#ffffff",
      "color_drawer_background": "#ffffff",
      "color_drawer_text": "#000000",
      "color_drawer_border": "#e8e8e1",
      "color_drawer_button": "#111111",
      "color_drawer_button_text": "#ffffff",
      "color_footer": "#111111",
      "color_footer_text": "#ffffff",
      "color_image_1": "#000000",
      "color_image_1_opacity": 62,
      "color_image_2": "#000000",
      "color_image_2_opacity": 0,
      "color_small_image_bg": "#ffffff",
      "color_large_image_bg": "#111111",
      "type_header_spacing": "0",
      "type_header_font_family": "itc_avant_garde_gothic_n7",
      "type_header_base_size": 35,
      "type_header_line_height": 1.2,
      "type_header_accent_transform": true,
      "type_base_font_family": "futura_n4",
      "type_base_spacing": "25",
      "type_base_size": 17,
      "type_base_line_height": 1.6,
      "type_base_accent_transform": true,
      "icon_weight": "3px",
      "icon_linecaps": "miter",
      "animate_page_transitions": true,
      "animate_page_transition_style": "page-slow-fade",
      "animate_sections": true,
      "animate_sections_background_style": "zoom-fade",
      "animate_sections_text_style": "rise-up",
      "animate_images": true,
      "animate_images_style": "zoom-fade",
      "animate_buttons": true,
      "animate_underlines": true,
      "cart_type": "drawer",
      "checkout_header_image": "",
      "checkout_logo_image": "",
      "checkout_logo_position": "left",
      "checkout_logo_size": "medium",
      "checkout_body_background_image": "",
      "checkout_body_background_color": "#ffffff",
      "checkout_input_background_color_mode": "white",
      "checkout_sidebar_background_image": "",
      "checkout_sidebar_background_color": "#fafafa",
      "checkout_heading_font": "Helvetica Neue",
      "checkout_body_font": "Helvetica Neue",
      "checkout_accent_color": "#111111",
      "checkout_button_color": "#111111",
      "checkout_error_color": "#ff6d6d",
      "color_image_bg": "#000000",
      "color_input": "#ffffff",
      "checkout_banner_background_color": "#ffffff",
      "checkout_call_to_action_color": "#a26b25",
      "checkout_use_header_image": false,
      "sections": {
        "header": {
          "type": "header",
          "settings": {
            "main_menu_link_list": "main-menu",
            "sticky_index": true,
            "sticky_collection": false,
            "show_announcement": true
          }
        },
        "footer": {
          "type": "footer",
          "blocks": {
            "1494292481350": {
              "type": "logo_social",
              "settings": {
                "container_width": 20
              }
            },
            "1494292485313": {
              "type": "menu",
              "settings": {
                "menu": "main-menu",
                "container_width": 20
              }
            },
            "1494292487693": {
              "type": "newsletter",
              "settings": {
                "container_width": 33
              }
            },
            "1494301487049": {
              "type": "menu",
              "settings": {
                "menu": "footer",
                "container_width": 20
              }
            }
          },
          "block_order": [
            "1494301487049",
            "1494292485313",
            "1494292487693",
            "1494292481350"
          ],
          "settings": {
          }
        }
      }
    },
    "Elegant": {
      "color_borders": "#e8e8e1",
      "color_button": "#353956",
      "color_button_text": "#ffffff",
      "color_footer": "#17172c",
      "color_footer_text": "#ffffff",
      "color_drawer_background": "#ffffff",
      "color_drawer_text": "#17172c",
      "color_drawer_border": "#e8e8e1",
      "color_drawer_button": "#353956",
      "color_drawer_button_text": "#ffffff",
      "color_modal_overlays": "#17172c",
      "color_image_2": "#17172c",
      "color_image_2_opacity": 0,
      "color_image_1": "#17172c",
      "color_image_1_opacity": 32,
      "color_small_image_bg": "#f4f4f4",
      "color_large_image_bg": "#17172c",
      "type_header_spacing": "0",
      "type_header_font_family": "bauer_bodoni_n7",
      "type_header_base_size": 42,
      "type_header_line_height": 1.3,
      "type_base_font_family": "futura_n4",
      "type_base_spacing": "25",
      "type_base_size": 17,
      "type_base_line_height": 1.6,
      "icon_weight": "3px",
      "icon_linecaps": "miter",
      "animate_page_transitions": true,
      "animate_page_transition_style": "page-slow-fade",
      "animate_sections": true,
      "animate_sections_background_style": "zoom-fade",
      "animate_sections_text_style": "rise-up",
      "animate_images": true,
      "animate_images_style": "zoom-fade",
      "animate_buttons": true,
      "animate_underlines": true,
      "cart_type": "drawer",
      "checkout_header_image": "",
      "checkout_logo_image": "",
      "checkout_logo_position": "left",
      "checkout_logo_size": "medium",
      "checkout_body_background_image": "",
      "checkout_body_background_color": "#ffffff",
      "checkout_input_background_color_mode": "white",
      "checkout_sidebar_background_image": "",
      "checkout_sidebar_background_color": "#fafafa",
      "checkout_heading_font": "Helvetica Neue",
      "checkout_body_font": "Helvetica Neue",
      "checkout_accent_color": "#111111",
      "checkout_button_color": "#111111",
      "checkout_error_color": "#ff6d6d",
      "color_image_bg": "#000000",
      "color_input": "#ffffff",
      "checkout_banner_background_color": "#ffffff",
      "checkout_call_to_action_color": "#a26b25",
      "checkout_use_header_image": false,
      "sections": {
        "header": {
          "type": "header",
          "settings": {
            "main_menu_link_list": "main-menu",
            "sticky_index": true,
            "sticky_collection": false,
            "show_announcement": true
          }
        },
        "footer": {
          "type": "footer",
          "blocks": {
            "1494292481350": {
              "type": "logo_social",
              "settings": {
                "container_width": 20
              }
            },
            "1494292485313": {
              "type": "menu",
              "settings": {
                "menu": "main-menu",
                "container_width": 20
              }
            },
            "1494292487693": {
              "type": "newsletter",
              "settings": {
                "container_width": 33
              }
            },
            "1494301487049": {
              "type": "menu",
              "settings": {
                "menu": "footer",
                "container_width": 20
              }
            }
          },
          "block_order": [
            "1494292481350",
            "1494301487049",
            "1494292485313",
            "1494292487693"
          ],
          "settings": {
          }
        }
      }
    },
    "Minimal": {
      "color_borders": "#f0f1f3",
      "color_button": "#111111",
      "color_button_text": "#ffffff",
      "color_footer": "#f0f1f3",
      "color_footer_text": "#2c2c2c",
      "color_drawer_background": "#ffffff",
      "color_drawer_text": "#000000",
      "color_drawer_border": "#f0f1f3",
      "color_drawer_button": "#111111",
      "color_drawer_button_text": "#ffffff",
      "color_modal_overlays": "#aeb1b8",
      "color_image_2": "#000000",
      "color_image_2_opacity": 0,
      "color_image_1": "#000000",
      "color_image_1_opacity": 26,
      "color_small_image_bg": "#ffffff",
      "color_large_image_bg": "#dedfe1",
      "type_header_spacing": "50",
      "type_header_font_family": "chivo_n7",
      "type_header_base_size": 34,
      "type_header_line_height": 1.2,
      "type_header_accent_transform": true,
      "type_base_font_family": "neuzeit_office_n4",
      "type_base_spacing": "25",
      "type_base_size": 16,
      "type_base_line_height": 1.6,
      "type_base_accent_transform": true,
      "icon_weight": "2px",
      "icon_linecaps": "round",
      "animate_page_transitions": true,
      "animate_page_transition_style": "page-slide-reveal-down",
      "animate_sections": true,
      "animate_sections_background_style": "zoom-fade",
      "animate_sections_text_style": "rise-up",
      "animate_images": true,
      "animate_images_style": "fade-in",
      "animate_buttons": true,
      "animate_underlines": true,
      "cart_type": "drawer",
      "checkout_header_image": "",
      "checkout_logo_image": "",
      "checkout_logo_position": "left",
      "checkout_logo_size": "medium",
      "checkout_body_background_image": "",
      "checkout_body_background_color": "#ffffff",
      "checkout_input_background_color_mode": "white",
      "checkout_sidebar_background_image": "",
      "checkout_sidebar_background_color": "#fafafa",
      "checkout_heading_font": "Helvetica Neue",
      "checkout_body_font": "Helvetica Neue",
      "checkout_accent_color": "#111111",
      "checkout_button_color": "#111111",
      "checkout_error_color": "#ff6d6d",
      "color_image_bg": "#000000",
      "color_input": "#ffffff",
      "checkout_banner_background_color": "#ffffff",
      "checkout_call_to_action_color": "#a26b25",
      "checkout_use_header_image": false,
      "sections": {
        "header": {
          "type": "header",
          "settings": {
            "main_menu_link_list": "main-menu",
            "sticky_index": false,
            "sticky_collection": false,
            "show_announcement": true
          }
        },
        "footer": {
          "type": "footer",
          "blocks": {
            "1494292481350": {
              "type": "logo_social",
              "settings": {
                "container_width": 20
              }
            },
            "1494292485313": {
              "type": "menu",
              "settings": {
                "menu": "main-menu",
                "container_width": 20
              }
            },
            "1494292487693": {
              "type": "newsletter",
              "settings": {
                "container_width": 33
              }
            },
            "1494301487049": {
              "type": "menu",
              "settings": {
                "menu": "footer",
                "container_width": 20
              }
            }
          },
          "block_order": [
            "1494292481350",
            "1494301487049",
            "1494292485313",
            "1494292487693"
          ],
          "settings": {
          }
        }
      }
    }
  }
}