{
  "current": {
    "favicon": "shopify:\/\/shop_images\/fav_icon_dark_1.png",
    "container_fluid_width": 1620,
    "container_fluid_offset": 65,
    "color_primary": "#000000",
    "color_body_text": "#000000",
    "color_heading_text": "#000000",
    "color_btn_bg_hover": "#000000",
    "prod_sale_price_color": "#666666",
    "prod_type_color": "#666666",
    "color_main_bg": "#ffffff",
    "color_field_bg": "#ffffff",
    "color_annoucement_bg": "#f8eeba",
    "color_annoucement_text": "#977f00",
    "color_topbar_bg": "#ffffff",
    "color_topbar_text": "#000000",
    "color_header_bg": "#ffffff",
    "color_header_link": "#000000",
    "color_header_transparent": "#000000",
    "bg_cart_wishlist_count": "#da3f3f",
    "color_menu_bar_bg": "#000000",
    "color_menu_bar_text": "#f8f8f8",
    "color_footer_bg": "#ffffff",
    "color_footer_text": "#000000",
    "color_footer_subtext": "#666666",
    "color_footer_link_hover": "#000000",
    "color_footer_bottom_bg": "#ffffff",
    "color_border": "#dedede",
    "img_overlay_opacity": 20,
    "tooltip_background_color": "#000000",
    "type_base_font": "roboto_condensed_n4",
    "use_custom_font_body": true,
    "custom_body_font": "https:\/\/cdn.shopify.com\/s\/files\/1\/0561\/2742\/2636\/files\/Jost-Regular.ttf?v=1618297125@400\nhttps:\/\/cdn.shopify.com\/s\/files\/1\/0561\/2742\/2636\/files\/Jost-Medium.ttf?v=1618297125@500\nhttps:\/\/cdn.shopify.com\/s\/files\/1\/0561\/2742\/2636\/files\/Jost-SemiBold.ttf?v=1618297125@600\nhttps:\/\/cdn.shopify.com\/s\/files\/1\/0561\/2742\/2636\/files\/Jost-Light.ttf?v=1618297125@300",
    "custom_body_weight": "400",
    "type_base_line_height": 28,
    "type_header_font": "roboto_condensed_n7",
    "use_custom_font_heading": true,
    "custom_heading_font": "https:\/\/cdn.shopify.com\/s\/files\/1\/0561\/2742\/2636\/files\/Jost-Regular.ttf?v=1618297125@400\nhttps:\/\/cdn.shopify.com\/s\/files\/1\/0561\/2742\/2636\/files\/Jost-Medium.ttf?v=1618297125@500\nhttps:\/\/cdn.shopify.com\/s\/files\/1\/0561\/2742\/2636\/files\/Jost-SemiBold.ttf?v=1618297125@600",
    "custom_heading_weight": "400",
    "type_header_base_size": 40,
    "btn_weight": "500",
    "pcard_layout": "1",
    "pcard_alignment": "left",
    "pcard_image_ratio": "3\/4",
    "show_vendor": false,
    "variant_option_design2": "color",
    "variant_option_design3": "color",
    "show_variant_swatch_image": true,
    "product_colors": "red: #FF6961,\nyellow: #FDDA76,\nblack: #000000,\nblack band: #000000,\nblue: #8DB4D2,\ngreen: #C1E1C1,\npurple: #B19CD9,\nsilver: #EEEEEF,\nwhite: #FFFFFF,\nbrown: #836953,\nlight brown: #B5651D,\ndark turquoise: #23cddc,\norange: #FFB347,\ntan: #E9D1BF,\nviolet: #B490B0,\npink: #FFD1DC,\ngrey: #E0E0E0,\nsky: #96BDC6,\npale leaf: #CCD4BF,\nlight blue: #b1c5d4,\ndark grey: #aca69f,\nbeige: #EBE6DB,\nbeige band: #EED9C4,\ndark blue: #063e66,\ncream: #FFFFCC,\nlight pink: #FBCFCD,\nmint: #bedce3,\ndark gray: #3A3B3C,\nrosy brown: #c4a287,\nlight grey:#D3D3D3,\ncopper: #B87333,\nrose gold: #ECC5C0,\nnight blue: #151B54,\ncoral: #FF7F50,\nlight purple: #C6AEC7",
    "filter_color1": "gingham",
    "filter_color2": "flannel",
    "share_facebook": true,
    "share_pinterest": true,
    "social_twitter_link": "https:\/\/twitter.com\/",
    "social_twitter_label": "",
    "social_facebook_link": "https:\/\/facebook.com\/",
    "social_facebook_label": "300k Followers",
    "social_pinterest_link": "https:\/\/pinterest.com\/",
    "social_pinterest_label": "",
    "social_instagram_link": "https:\/\/instagram.com\/",
    "social_instagram_label": "100k Followers",
    "wishlist_page": "",
    "product_compare_page": "",
    "gm_api": "",
    "instagram_token": "",
    "custom_css": ".sf__footer-block-our_store .social-media-links {\n  margin: 0px -28px;\n  margin-top: 25px;\n}\n.sf__footer-block-our_store .social-media-links a {\n  padding: 0 20px;\n}\n@media (min-width: 768px) and (max-width: 1279px) {\n  [data-section-type=\"collection-list\"] .sf-grid {\n    margin: 0 -8px -16px;\n  }\n  [data-section-type=\"collection-list\"] .sf-grid .sf-column {\n    padding: 0 8px 16px;\n  }\n}\n@media (min-width: 1536px) {\n  [data-section-type=\"slider\"] .sf__slide-content .slide__block-title {\n    font-size: 60px;\n    line-height: 72px;\n    margin-bottom: 45px;\n  }\n}\n@media (max-width: 767px) {\n  [data-section-type=\"slider\"]\n    .sf__slide-content--mobile\n    .sf__mobile-heading,\n  [data-section-type=\"slider\"]\n    .sf__slide-content--mobile\n    .sf__mobile-subheading {\n    font-weight: 500;\n  }\n}\n@media (max-width: 576px) {\n  [data-section-type=\"collection-list\"] .collection-card__info h3 a {\n    font-size: 16px;\n    text-align: left;\n  }\n  [data-section-type=\"slider\"] .sf__mobile-button,\n  [data-section-type=\"featured-collection\"]\n    .sf__featured-collection-button\n    a.sf__btn {\n    width: 100%;\n  }\n}\n[data-section-type=\"featured-collection\"] .section__heading {\n  font-size: 36px;\n}\n[data-section-type=\"collection-list\"] .section__heading {\n  font-size: 36px;\n}\n\n@media screen and (max-width: 767px) {\n  [data-section-type=\"countdown-timer\"] .sf__cdt-inner .md\\:mt-12 {\n    width: 100%;\n  }\n  [data-section-type=\"countdown-timer\"] .md\\:mt-12 .sf__btn {\n    width: 100%;\n  }\n}",
    "use_theme_currencies": true,
    "theme_currencies": "USD | EUR | GBP | VND",
    "bg_cart_count": "#da3f3f",
    "sections": {
      "header": {
        "type": "header",
        "blocks": {
          "a820a1bc-dfc4-4e61-8c8a-de23659759a6": {
            "type": "banner",
            "settings": {
              "heading": "Shop",
              "container": "inherit",
              "banner_style": "outside",
              "banner_link": "",
              "banner_title": "The New - Season Shoes Edit",
              "banner_desc": "",
              "banner_button_text": "Shop now"
            }
          },
          "5b9aec5f-b955-4765-9a87-1962d613e909": {
            "type": "custom_html",
            "settings": {
              "heading": "Home",
              "container": "container",
              "html": ""
            }
          },
          "91093449-e4a6-479a-a426-9f3e9fa8d8d9": {
            "type": "product-list",
            "settings": {
              "heading": "Products",
              "container": "container-fluid",
              "stretch_width": false,
              "collection": "this-weeks-highlights",
              "limit": 6,
              "columns": 2
            }
          },
          "acd89ff4-1f18-48dd-b799-f1e513315756": {
            "type": "custom_html",
            "settings": {
              "heading": "Features",
              "container": "inherit",
              "html": ""
            }
          }
        },
        "block_order": [
          "a820a1bc-dfc4-4e61-8c8a-de23659759a6",
          "5b9aec5f-b955-4765-9a87-1962d613e909",
          "91093449-e4a6-479a-a426-9f3e9fa8d8d9",
          "acd89ff4-1f18-48dd-b799-f1e513315756"
        ],
        "settings": {
          "header_design": "logo-left-menu-center",
          "container": "container-fluid",
          "header_sticky": true,
          "transparent_on_top": false,
          "logo_text": "MINIMOG",
          "logo_max_width": 145,
          "sticky_logo_max_width": 140,
          "mobile_logo_max_width": 105,
          "main_menu": "main-menu",
          "secondary_menu": "",
          "uppercase_parent_level": false,
          "search": "show_icon",
          "show_account_icon": true,
          "show_cart_icon": true,
          "show_wishlist_icon": true,
          "show_compare_icon": false,
          "show_currency_switcher": false,
          "show_language_switcher": false
        }
      },
      "footer": {
        "type": "footer",
        "blocks": {
          "7ebc2f78-975b-4a81-b874-103c3355a866": {
            "type": "menu",
            "settings": {
              "menu": "main-menu",
              "title": "Information",
              "width": "25%"
            }
          },
          "49e72833-c68f-4a7b-ab64-3ef0cae99bcb": {
            "type": "menu",
            "settings": {
              "menu": "main-menu",
              "title": "Quick links",
              "width": "25%"
            }
          },
          "2a62708f-84a9-49cc-8c73-d5afbfd3bc1b": {
            "type": "menu",
            "settings": {
              "menu": "main-menu",
              "title": "Service",
              "width": "25%"
            }
          },
          "e8a6c953-bacf-44ab-a90f-c226e1a8c04a": {
            "type": "menu",
            "settings": {
              "menu": "main-menu",
              "title": "Follow us",
              "width": "25%"
            }
          },
          "09d52ae2-c92b-428d-b4bf-896db01864ce": {
            "type": "our_store",
            "settings": {
              "title": "Follow Ceremony",
              "description": "",
              "show_email": false,
              "show_phone": false,
              "show_socials_link": true,
              "width": "25%"
            }
          }
        },
        "block_order": [
          "7ebc2f78-975b-4a81-b874-103c3355a866",
          "49e72833-c68f-4a7b-ab64-3ef0cae99bcb",
          "2a62708f-84a9-49cc-8c73-d5afbfd3bc1b",
          "e8a6c953-bacf-44ab-a90f-c226e1a8c04a",
          "09d52ae2-c92b-428d-b4bf-896db01864ce"
        ],
        "settings": {
          "design": "footer-1",
          "container": "container-fluid",
          "bordered": false,
          "copyright": "© MINIMOG 2021",
          "show_currency_selector": false,
          "show_language_selector": false,
          "show_social_links": false,
          "show_payment_icons": true
        }
      },
      "annoucement": {
        "type": "annoucement",
        "settings": {
          "show_announcement": true,
          "homepage_only": true,
          "show_close": true,
          "message": "<span class=\"font-medium text-[14px]\">COOL NEW COLOR: STERLING ☁️ SO WORTH IT<\/span>",
          "message_link": "",
          "show_divider": false
        }
      },
      "mobile-sticky-bar": {
        "type": "mobile-sticky-bar",
        "settings": {
          "show_mobile_sticky": true,
          "show_home_icon": true,
          "show_collection_icon": true,
          "show_cart_icon": true,
          "show_search_icon": true,
          "show_account_icon": false,
          "show_wishlist_icon": false
        }
      }
    }
  },
  "presets": {
    "Default": {
      "sections": {
        "featured-collection": {
          "type": "featured-collection",
          "settings": {
            "collection": "frontpage"
          }
        },
        "featured-product": {
          "type": "featured-product",
          "settings": {
          }
        }
      },
      "content_for_index": [
        "featured-collection",
        "featured-product"
      ]
    }
  }
}