{"current":{"heading_color":"#262626","text_color":"#383838","text_light_color":"#9d9d9d","link_color":"#000000","background":"#ffffff","light_background":"#ffffff","product_on_sale_color":"#000000","button_background":"#000000","button_text_color":"#ffffff","header_background":"#ffffff","header_heading_color":"#242424","header_light_color":"#9d9d9d","footer_background":"#ffffff","footer_heading_color":"#000000","footer_text_color":"#000000","navigation_background":"#f6f6f6","navigation_text_color":"#000000","newsletter_popup_background":"#f2f2f2","newsletter_popup_text_color":"#ffffff","secondary_elements_background":"#f5f5f5","secondary_elements_text_color":"#000000","heading_font":"futura_n4","heading_size":"large","uppercase_heading":true,"text_font":"futura_n4","base_text_font_size":14,"show_page_transition":true,"show_button_transition":true,"show_image_zooming":false,"show_element_staggering":false,"search_mode":"product,article","product_show_price_on_hover":true,"product_show_secondary_image":false,"product_info_alignment":"center","product_image_size":"short","product_list_horizontal_spacing":"extra_small","product_list_vertical_spacing":"extra_small","cart_type":"drawer","cart_enable_notes":true,"cart_show_free_shipping_threshold":false,"cart_free_shipping_threshold":"50","share_image":"","social_facebook":"https:\/\/www.facebook.com\/Selfcarerxforyou\/","social_twitter":"","social_pinterest":"","social_instagram":"http:\/\/www.instagram.com\/selfcarerx_","social_vimeo":"","social_tumblr":"","social_youtube":"https:\/\/www.youtube.com\/channel\/UCefP32iBgy1t0xlqBYBZ-7A","social_linkedin":"","social_snapchat":"","social_fancy":"","favicon":"shopify:\/\/shop_images\/download.png","checkout_header_image":"","checkout_logo_image":"shopify:\/\/shop_images\/Marshmello.png","checkout_logo_position":"left","checkout_logo_size":"large","checkout_body_background_image":"","checkout_body_background_color":"#ffffff","checkout_input_background_color_mode":"white","checkout_sidebar_background_image":"","checkout_sidebar_background_color":"#fafafa","checkout_heading_font":"Garamond, Baskerville, 'Baskerville Old Face', 'Hoefler Text', 'Times New Roman'","checkout_body_font":"Garamond, Baskerville, 'Baskerville Old Face', 'Hoefler Text', 'Times New Roman'","checkout_accent_color":"#000000","checkout_button_color":"#000000","checkout_error_color":"#e32c2b","sections":{"sidebar-menu":{"type":"sidebar-menu","settings":{"primary_menu":"main-menu","secondary_menu":"","show_social_media":true}},"announcement":{"type":"announcement","settings":{"enable_bar":true,"home_page_only":false,"background":"#030303","text_color":"#ffffff","content":"limited time only - black friday discount"}},"header":{"type":"header","blocks":{"1595881152038":{"type":"mega_menu","settings":{"navigation_mega_menu":"","push_1_heading":"Example heading","push_1_subheading":"Example sub-heading","push_2_heading":"Example heading","push_2_subheading":"Example sub-heading"}}},"block_order":["1595881152038"],"settings":{"use_sticky_header":true,"logo":"shopify:\/\/shop_images\/Marshmello.png","logo_max_width":195,"mobile_logo_max_width":125,"show_currency_selector":true,"show_locale_selector":true,"navigation_menu":"main-menu","navigation_style":"inline","show_icons":true,"enable_transparent_header":false,"enable_transparent_header_collection":false,"show_transparent_header_border":false,"transparent_text_color":"#ffffff"}},"footer":{"type":"footer","blocks":{"footer-1":{"type":"links","settings":{"menu":"footer"}},"889e6eb7-dd71-4e0f-80a7-ac2978baf3a9":{"type":"links","settings":{"menu":"main-menu"}},"footer-2":{"type":"newsletter","settings":{"title":"Newsletter","content":"<p>Subscribe to receive updates, access to exclusive deals, and more.<\/p>"}}},"block_order":["footer-1","889e6eb7-dd71-4e0f-80a7-ac2978baf3a9","footer-2"],"settings":{"show_payment_methods":true,"show_currency_selector":true,"show_locale_selector":true}},"slideshow":{"type":"slideshow","blocks":{"slide-0":{"type":"image","settings":{"image":"shopify:\/\/shop_images\/4-4-8-kg-goose-down-duvet-comforter-bla_description-11.jpg","apply_overlay":true,"content_position":"middleCenter","subheading":"sleeping on a cloud is now possible","title":"THE ULTIMATE in luxury bedding has arrived","button_1_text":"","button_2_text":""}}},"block_order":["slide-0"],"settings":{"show_fullscreen":true,"show_arrow":false,"autoplay":false,"cycle_speed":5,"text_color":"#ffffff","button_color":"#fafafa","button_background":"#000000"}},"featured-collections":{"type":"featured-collections","blocks":{"featured-collection-0":{"type":"collection","settings":{"collection":"","title":"","grid_items_count":4,"button_text":"View all Products"}}},"block_order":["featured-collection-0"],"settings":{"title":"BESTSELLERS","layout_mode":"grid","show_product_info":true,"show_vendor":false,"show_color_swatch":false,"grid_mobile_items_per_row":"2","grid_desktop_items_per_row":4}},"timeline":{"type":"timeline","blocks":{"item-0":{"type":"item","settings":{"image":"","apply_overlay":true,"title":"ABOUT","subheading":"","heading":"Nurse Created, Nurse Approved.","content":"<p>Providing nurses with products that provide a moment of escape.<\/p><p><a href=\"\/pages\/about-self-care-rx\" title=\"About Self Care RX\">Learn More<\/a><\/p>"}},"item-1":{"type":"item","settings":{"image":"","apply_overlay":true,"title":"INGREDIENTS","subheading":"","heading":"A moment of self care in a bottle!","content":"<p>This fragrance free hand cream was not only formulated to help heal dry, cracked, irritated skin, it was also created to be a moment of self care in a bottle. Being that nurses wash their hands many times per day, I formulated this lotion to include a barrier that locks in moisture and stays on through multiple hand-washes.<\/p><p><a href=\"\/pages\/ingredients\" title=\"Ingredients\">Learn More<\/a><\/p>"}},"item-2":{"type":"item","settings":{"image":"","apply_overlay":true,"title":"OUR MISSION","subheading":"","heading":"Empower nurses to fight burnout and stress","content":"<p>Through self-care practices and products, we aim to give nurses a moment of escape allowing them to put themselves first. <\/p>"}},"1591129480173":{"type":"item","settings":{"image":"","apply_overlay":true,"title":"NURSED CREATED","subheading":"","heading":"Nurse Created, nurse approved.","content":"<p>As a self-proclaimed product junkie, I created Self Care RX to provide nurses (and nurse moms) with products that allow a moment of escape. I create products that target the specific needs of nurses to enhance their self-care journey. My goal is to encourage self-care, self-love and remind us that WE COME FIRST!<\/p>"}}},"block_order":["item-0","item-1","item-2","1591129480173"],"settings":{"text_color":"#ffffff"}},"collection-template":{"type":"collection-template","settings":{"show_collection_info":true,"show_collection_image":false,"apply_overlay":true,"show_color_swatch":true,"show_vendor":false,"collection_image_size":"normal","show_sort_by":true,"show_layout_switch":true,"toolbar_position":"top","filter_position":"sidebar","filter_mode":"hidden","show_filter_color_swatch":true,"filter_menu":"","grid_items_per_page":16,"grid_mobile_items_per_row":"1","grid_desktop_items_per_row":3}},"recently-viewed-products":{"type":"recently-viewed-products","settings":{"show_section":true,"title":"Recently viewed","show_product_info":true,"show_vendor":false,"show_color_swatch":false}},"collection-footer":{"type":"collection-footer","settings":{"show_section":false,"text_color":"#ffffff","apply_overlay":true,"title":"Our Ingredients","content":"<p>Nurse Created and Nurse Approved.<\/p><p><a href=\"\/pages\/ingredients\" title=\"Ingredients\">LEARN MORE<\/a><\/p>"}},"product-template":{"type":"product-template","settings":{"show_share_buttons":true,"show_vendor":false,"show_sku":false,"description_below_add_to_cart":true,"selector_mode":"dropdown","show_color_swatch":false,"show_color_carousel":false,"show_quantity_selector":false,"show_inventory_quantity":false,"inventory_quantity_threshold":3,"show_price_in_button":true,"show_payment_button":true,"image_size":"medium","stack_images":true,"show_thumbnails":false,"enable_image_zoom":false,"enable_video_looping":false,"tab_page_1_handle":"","tab_page_2_handle":"","reviews_enabled":false,"featured_image_size":"large"}},"product-recommendations":{"type":"product-recommendations","settings":{"show_product_recommendations":false,"heading":"You may also like","show_product_info":false,"show_vendor":false,"show_color_swatch":true}},"popup":{"type":"popup","settings":{"show_popup":false,"show_only_on_index":false,"show_only_for_visitors":false,"show_only_once":false,"title":"Get 10% Off","content":"<p>Sign up for our newsletter and receive 10% off on your first order!<\/p>","show_newsletter":true,"apparition_delay":5}},"page-contact-template":{"type":"page-contact-template","blocks":{"page-contact-template-0":{"type":"text","settings":{"title":"Your phone (optional)","use_long_text":false,"is_required":false}}},"block_order":["page-contact-template-0"],"settings":{}},"1591129965758":{"type":"image-with-text-block","settings":{"image":"shopify:\/\/shop_images\/4-4-8-kg-goose-down-duvet-comforter-bla_description-13.jpg","background":"#ffffff","text_color":"#1c1b1b","block_size":"large","title":"the highest quality available","content":"<p>The cloud like texture comes from our rigorous manufacturing process. Each blanket is hand made and designed to provide the customer with endless comfort. These blankets are machine washable and will always hold their fluffiness. We often get people thinking &quot;I love the way hotel beds feel!..&quot; Well, here&#x27;s their secret. Get yours today and feel the difference.<\/p>","button_label":"GET MARSHMELLO","button_link":"shopify:\/\/products\/marshmello®-signature-duvet","show_parallax":true}},"cart-template":{"type":"cart-template","settings":{"show_shipping_estimator":true,"shipping_estimator_default_country":"United States"}},"article-template":{"type":"article-template","settings":{"show_article_image":true,"show_date":true,"show_category":false,"show_author":true,"show_share_buttons":true}},"shop-now":{"type":"shop-now","settings":{"show_section":true,"title":"Shop now","collection":"","grid_items_count":6,"show_product_info":true,"show_vendor":false,"show_color_swatch":false}},"blog-template":{"type":"blog-template","settings":{"show_rss":false,"show_tags":false,"show_featured_article":false,"show_category":false}},"1602153684f5fa632a":{"type":"featured-product","disabled":true,"settings":{"subheading":"","title":"premium soothed weighted blanket","show_headings_on_mobile":true,"product":"","show_vendor":true,"show_sku":false,"show_description":false,"description_below_add_to_cart":true,"selector_mode":"dropdown","show_color_swatch":false,"show_color_carousel":false,"show_quantity_selector":true,"show_inventory_quantity":false,"inventory_quantity_threshold":0,"show_price_in_button":true,"show_payment_button":true}},"16021537723e23cce4":{"type":"featured-product","disabled":true,"settings":{"subheading":"","title":"Flax Linen Bedding set","show_headings_on_mobile":true,"product":"","show_vendor":true,"show_sku":false,"show_description":false,"description_below_add_to_cart":true,"selector_mode":"dropdown","show_color_swatch":false,"show_color_carousel":false,"show_quantity_selector":true,"show_inventory_quantity":false,"inventory_quantity_threshold":0,"show_price_in_button":false,"show_payment_button":true}},"16021539149d1d9e50":{"type":"featured-product","disabled":true,"settings":{"subheading":"","title":"Flax linen bedding set","show_headings_on_mobile":true,"product":"","show_vendor":true,"show_sku":false,"show_description":false,"description_below_add_to_cart":false,"selector_mode":"dropdown","show_color_swatch":false,"show_color_carousel":false,"show_quantity_selector":true,"show_inventory_quantity":false,"inventory_quantity_threshold":0,"show_price_in_button":false,"show_payment_button":true}},"16021539808de80292":{"type":"featured-collections","disabled":true,"blocks":{"16021539808de80292-0":{"type":"collection","settings":{"collection":"frontpage","title":"SIGNATURE COLLECTION","grid_items_count":6,"button_text":"View all products"}}},"block_order":["16021539808de80292-0"],"settings":{"title":"SHOP OUR","layout_mode":"grid","show_product_info":true,"show_vendor":false,"show_color_swatch":false,"grid_mobile_items_per_row":"1","grid_desktop_items_per_row":3}},"16021795577ce9e1c8":{"type":"loox-carousel-reviews","disabled":true,"settings":{"max_width":1920,"arrows_color":"rgba(0,0,0,0)","dots_color":"rgba(0,0,0,0)","button_color":"#9d9d9d","show_more":true,"only_photos":true,"use_widget_font":false,"product_handle":""}},"160223684762b66549":{"type":"timeline","blocks":{"160223684762b66549-0":{"type":"item","settings":{"image":"shopify:\/\/shop_images\/4-4-8-kg-goose-down-duvet-comforter-bla_main-1.jpg","apply_overlay":true,"title":"","subheading":"OVER 50,000 HOTEL ROOMS WORLDWIDE","heading":"THE ORIGINAL DUVET","content":"<p>A complete transformation to any standard sleeping experience. You truly have to try our Marshmello duvet to understand just how comfortable sleeping can be. With our 30 day money-back guarantee, what are you waiting for?<\/p>"}}},"block_order":["160223684762b66549-0"],"settings":{"text_color":"#ffffff"}},"16022370196ed5f7a5":{"type":"background-video","disabled":true,"settings":{"section_size":"large","video_url":""}},"160223774860426e34":{"type":"testimonials","blocks":{"160223774860426e34-0":{"type":"testimonial","settings":{"quote":"<p>Shop with Confidence, Our Shipping Facility Distributes Over 1,000 Duvets Per Day, Worldwide.<\/p>"}},"160223774860426e34-1":{"type":"testimonial","settings":{"quote":"<p>Over 400,000 Orders and Counting - Shipping Worldwide <\/p>"}},"160223774860426e34-2":{"type":"testimonial","settings":{"quote":"<p>Begin your Bedroom transformation today, Shop Now.<\/p>"}}},"block_order":["160223774860426e34-0","160223774860426e34-1","160223774860426e34-2"],"settings":{"autoplay":true,"cycle_speed":5,"background":"#ffffff","text_color":"#000000"}},"16022438843a90c1ad":{"type":"loox-carousel-reviews","disabled":true,"settings":{"max_width":1920,"arrows_color":"rgba(0,0,0,0)","dots_color":"rgba(0,0,0,0)","button_color":"rgba(0,0,0,0)","show_more":true,"only_photos":false,"use_widget_font":false,"product_handle":""}},"16045170350864a160":{"type":"featured-product","disabled":true,"settings":{"subheading":"","title":"our signature collection","show_headings_on_mobile":true,"product":"stainless-steel-apx-trifecta™-frying-pan","show_vendor":false,"show_sku":false,"show_description":false,"description_below_add_to_cart":false,"selector_mode":"dropdown","show_color_swatch":false,"show_color_carousel":false,"show_quantity_selector":false,"show_inventory_quantity":false,"inventory_quantity_threshold":0,"show_price_in_button":false,"show_payment_button":true}},"1604518924c7a47d37":{"type":"background-video","disabled":true,"settings":{"section_size":"large","video_url":"https:\/\/vimeo.com\/475588516"}},"1604518946be36e5a4":{"type":"testimonials","blocks":{"1604518946be36e5a4-0":{"type":"testimonial","settings":{"quote":"<p>Money Back &amp; Quality Guarantee - Try Risk Free for 30 Days<\/p>"}}},"block_order":["1604518946be36e5a4-0"],"settings":{"autoplay":false,"cycle_speed":5,"background":"#181717","text_color":"#ffffff"}},"16057407561b03d5d7":{"type":"featured-product","settings":{"subheading":"","title":"the marshmello™","show_headings_on_mobile":true,"product":"marshmello®-signature-duvet","show_vendor":true,"show_sku":false,"show_description":false,"description_below_add_to_cart":false,"selector_mode":"dropdown","show_color_swatch":false,"show_color_carousel":false,"show_quantity_selector":true,"show_inventory_quantity":false,"inventory_quantity_threshold":0,"show_price_in_button":false,"show_payment_button":true}}},"content_for_index":["slideshow","16057407561b03d5d7","16021539808de80292","16045170350864a160","160223684762b66549","1604518946be36e5a4","1604518924c7a47d37","16022370196ed5f7a5","160223774860426e34","1602153684f5fa632a","16021537723e23cce4","16021539149d1d9e50","16021795577ce9e1c8","1591129965758","16022438843a90c1ad"]},"presets":{"Allure":{"heading_color":"#1c1b1b","text_color":"#1c1b1b","text_light_color":"#6a6a6a","link_color":"#6a6a6a","background":"#efefef","light_background":"#ffffff","product_on_sale_color":"#f94c43","button_background":"#1c1b1b","button_text_color":"#ffffff","header_background":"#ffffff","header_heading_color":"#1c1b1b","header_light_color":"#6a6a6a","footer_background":"#ffffff","footer_heading_color":"#1c1b1b","footer_text_color":"#6a6a6a","newsletter_popup_background":"#1c1b1b","newsletter_popup_text_color":"#ffffff","secondary_elements_background":"#1c1b1b","secondary_elements_text_color":"#ffffff","navigation_background":"#1c1b1b","navigation_text_color":"#ffffff","heading_font":"montserrat_n5","heading_size":"small","uppercase_heading":true,"text_font":"nunito_sans_n4","base_text_font_size":14,"show_page_transition":true,"search_mode":"product,article","product_show_price_on_hover":false,"product_show_secondary_image":false,"product_info_alignment":"center","product_image_size":"natural","product_list_horizontal_spacing":"medium","product_list_vertical_spacing":"small","cart_type":"drawer","cart_enable_notes":true,"cart_show_free_shipping_threshold":false,"cart_free_shipping_threshold":"50","checkout_logo_position":"center","checkout_logo_size":"small","checkout_body_background_color":"#ffffff","checkout_input_background_color_mode":"white","checkout_sidebar_background_color":"#efefef","checkout_accent_color":"#1c1b1b","checkout_button_color":"#1c1b1b","sections":{"sidebar-menu":{"type":"sidebar-menu","settings":{"primary_menu":"main-menu","show_social_media":true}},"announcement":{"type":"announcement","settings":{"background":"#000000","text_color":"#ffffff","content":"Announce something here"}},"header":{"type":"header","settings":{"use_sticky_header":true,"logo_max_width":140,"navigation_menu":"main-menu","navigation_style":"inline","enable_transparent_header":true,"transparent_text_color":"#ffffff"}},"footer":{"type":"footer","blocks":{"footer-0":{"type":"text","settings":{"title":"About the shop","content":"<p>Use this text area to tell your customers about your brand and vision. You can change it in the theme settings.<\/p>","show_social_media":true}},"footer-1":{"type":"links","settings":{"menu":"footer"}},"footer-2":{"type":"newsletter","settings":{"title":"Newsletter","content":"<p>Subscribe to receive updates, access to exclusive deals, and more.<\/p>"}}},"block_order":["footer-0","footer-1","footer-2"],"settings":{"show_payment_methods":true}},"slideshow":{"type":"slideshow","blocks":{"slide-0":{"type":"image","settings":{"apply_overlay":true,"content_position":"bottomLeft","subheading":"Slide title","title":"Tell your story"}},"slide-1":{"type":"image","settings":{"apply_overlay":true,"content_position":"bottomLeft","subheading":"Slide title","title":"Tell your story"}}},"block_order":["slide-0","slide-1"],"settings":{"show_fullscreen":true,"show_arrow":false,"autoplay":true,"cycle_speed":5,"text_color":"#ffffff","button_color":"#363636"}},"featured-collections":{"type":"featured-collections","blocks":{"featured-collection-0":{"type":"collection","settings":{"grid_items_count":8,"button_text":"View all products"}}},"block_order":["featured-collection-0"],"settings":{"title":"Featured collection","layout_mode":"grid","show_product_info":true,"grid_mobile_items_per_row":"2","grid_desktop_items_per_row":4}},"collection-list":{"type":"collection-list","blocks":{"collection-0":{"type":"collection","settings":{"image_alignment":"center center","subheading":"Sub-heading","button_text":"View products","apply_overlay":true}},"collection-1":{"type":"collection","settings":{"image_alignment":"center center","subheading":"Sub-heading","button_text":"View products","apply_overlay":true}},"collection-2":{"type":"collection","settings":{"image_alignment":"center center","subheading":"Sub-heading","button_text":"View products","apply_overlay":true}}},"block_order":["collection-0","collection-1","collection-2"],"settings":{"add_spacing":true,"expand_collection":false,"text_color":"#ffffff","button_color":"#363636"}},"featured-product":{"type":"featured-product","settings":{"title":"Featured product","show_vendor":true,"show_description":true,"show_color_swatch":false,"show_color_carousel":false,"show_quantity_selector":true,"show_inventory_quantity":false,"inventory_quantity_threshold":3}},"timeline":{"type":"timeline","blocks":{"item-0":{"type":"item","settings":{"apply_overlay":true,"title":"2000","subheading":"Sub-heading","heading":"Heading","content":"<p>Add your own custom content to give more information about your store, availability details...<\/p>"}},"item-1":{"type":"item","settings":{"apply_overlay":true,"title":"2001","subheading":"Sub-heading","heading":"Heading","content":"<p>Add your own custom content to give more information about your store, availability details...<\/p>"}},"item-2":{"type":"item","settings":{"apply_overlay":true,"title":"2002","subheading":"Sub-heading","heading":"Heading","content":"<p>Add your own custom content to give more information about your store, availability details...<\/p>"}}},"block_order":["item-0","item-1","item-2"],"settings":{"text_color":"#ffffff"}},"blog-posts":{"type":"blog-posts","blocks":{"blog-0":{"type":"blog","settings":{"blog":"news"}}},"block_order":["blog-0"],"settings":{"title":"Featured article","show_category":false,"button_text":"View all articles"}},"shop-the-look":{"type":"shop-the-look","blocks":{"look-0":{"type":"look","settings":{"dot_style":"light","product_1_horizontal_position":30,"product_1_vertical_position":40,"product_2_horizontal_position":45,"product_2_vertical_position":65,"product_3_horizontal_position":70,"product_3_vertical_position":50}},"look-1":{"type":"look","settings":{"dot_style":"light","product_1_horizontal_position":25,"product_1_vertical_position":45,"product_2_horizontal_position":55,"product_2_vertical_position":30,"product_3_horizontal_position":65,"product_3_vertical_position":60}}},"block_order":["look-0","look-1"],"settings":{"subheading":"Shop","title":"Our looks"}},"collection-template":{"type":"collection-template","settings":{"show_collection_info":true,"show_collection_image":false,"show_sort_by":true,"show_layout_switch":false,"toolbar_position":"bottom","filter_position":"sidebar","filter_mode":"tag","show_filter_color_swatch":true,"grid_items_per_page":16,"grid_mobile_items_per_row":"2","grid_desktop_items_per_row":4}},"recently-viewed-products":{"type":"recently-viewed-products","settings":{"show_section":true,"title":"Recently viewed","show_product_info":true}},"collection-footer":{"type":"collection-footer","settings":{"show_section":false,"text_color":"#ffffff","apply_overlay":true,"title":"Our story","content":"<p>Add your own custom content to explain your processes...<\/p>"}},"product-template":{"type":"product-template","settings":{"show_share_buttons":true,"show_vendor":true,"show_color_swatch":false,"show_color_carousel":false,"show_quantity_selector":true,"show_inventory_quantity":false,"inventory_quantity_threshold":3,"image_size":"large","stack_images":true,"show_thumbnails":false,"enable_image_zoom":true,"reviews_enabled":false}},"product-recommendations":{"type":"product-recommendations","settings":{"show_product_recommendations":true,"show_product_info":true}}},"content_for_index":["slideshow","featured-collections","collection-list","featured-product","timeline","blog-posts","shop-the-look"]},"Couture":{"heading_color":"#5c5c5c","text_color":"#5c5c5c","text_light_color":"#939393","link_color":"#323232","background":"#ffffff","light_background":"#ffffff","product_on_sale_color":"#f94c43","button_background":"#5c5c5c","button_text_color":"#ffffff","header_background":"#ffffff","header_heading_color":"#5c5c5c","header_light_color":"#939393","footer_background":"#ffffff","footer_heading_color":"#5c5c5c","footer_text_color":"#939393","newsletter_popup_background":"#ffffff","newsletter_popup_text_color":"#1c1b1b","secondary_elements_background":"#5c5c5c","secondary_elements_text_color":"#ffffff","navigation_background":"#ffffff","navigation_text_color":"#5c5c5c","heading_font":"futura_n4","heading_size":"large","uppercase_heading":false,"text_font":"century_gothic_n4","base_text_font_size":15,"show_page_transition":true,"search_mode":"product,article","product_show_price_on_hover":true,"product_show_secondary_image":false,"product_info_alignment":"left","product_image_size":"natural","product_list_horizontal_spacing":"small","product_list_vertical_spacing":"small","cart_type":"drawer","cart_enable_notes":true,"cart_show_free_shipping_threshold":false,"cart_free_shipping_threshold":"50","checkout_logo_position":"center","checkout_logo_size":"small","checkout_body_background_color":"#fff","checkout_input_background_color_mode":"white","checkout_sidebar_background_color":"#fafafa","checkout_accent_color":"#323232","checkout_button_color":"#5c5c5c","sections":{"sidebar-menu":{"type":"sidebar-menu","settings":{"primary_menu":"main-menu","show_social_media":true}},"announcement":{"type":"announcement","settings":{"background":"#f3f3f3","text_color":"#5c5c5c","content":"Announce something here"}},"header":{"type":"header","settings":{"use_sticky_header":true,"logo_max_width":140,"navigation_menu":"main-menu","navigation_style":"center","enable_transparent_header":true,"transparent_text_color":"#ffffff"}},"footer":{"type":"footer","blocks":{"footer-0":{"type":"text","settings":{"title":"About the shop","content":"<p>Use this text area to tell your customers about your brand and vision. You can change it in the theme settings.<\/p>","show_social_media":true}},"footer-1":{"type":"links","settings":{"menu":"footer"}},"footer-2":{"type":"newsletter","settings":{"title":"Newsletter","content":"<p>Subscribe to receive updates, access to exclusive deals, and more.<\/p>"}}},"block_order":["footer-0","footer-1","footer-2"],"settings":{"show_payment_methods":true}},"slideshow":{"type":"slideshow","blocks":{"slide-0":{"type":"image","settings":{"apply_overlay":true,"content_position":"bottomLeft","subheading":"Slide title","title":"Tell your story"}},"slide-1":{"type":"image","settings":{"apply_overlay":true,"content_position":"bottomLeft","subheading":"Slide title","title":"Tell your story"}}},"block_order":["slide-0","slide-1"],"settings":{"show_fullscreen":true,"show_arrow":false,"autoplay":true,"cycle_speed":5,"text_color":"#ffffff","button_color":"#363636"}},"featured-collections":{"type":"featured-collections","blocks":{"featured-collection-0":{"type":"collection","settings":{"grid_items_count":8,"button_text":"View all products"}}},"block_order":["featured-collection-0"],"settings":{"title":"Featured collection","layout_mode":"grid","show_product_info":true,"grid_mobile_items_per_row":"2","grid_desktop_items_per_row":4}},"collection-list":{"type":"collection-list","blocks":{"collection-0":{"type":"collection","settings":{"image_alignment":"center center","subheading":"Sub-heading","button_text":"View products","apply_overlay":true}},"collection-1":{"type":"collection","settings":{"image_alignment":"center center","subheading":"Sub-heading","button_text":"View products","apply_overlay":true}},"collection-2":{"type":"collection","settings":{"image_alignment":"center center","subheading":"Sub-heading","button_text":"View products","apply_overlay":true}}},"block_order":["collection-0","collection-1","collection-2"],"settings":{"add_spacing":true,"expand_collection":false,"text_color":"#ffffff","button_color":"#363636"}},"featured-product":{"type":"featured-product","settings":{"title":"Featured product","show_vendor":true,"show_description":true,"show_color_swatch":false,"show_color_carousel":false,"show_quantity_selector":true,"show_inventory_quantity":false,"inventory_quantity_threshold":3}},"timeline":{"type":"timeline","blocks":{"item-0":{"type":"item","settings":{"apply_overlay":true,"title":"2000","subheading":"Sub-heading","heading":"Heading","content":"<p>Add your own custom content to give more information about your store, availability details...<\/p>"}},"item-1":{"type":"item","settings":{"apply_overlay":true,"title":"2001","subheading":"Sub-heading","heading":"Heading","content":"<p>Add your own custom content to give more information about your store, availability details...<\/p>"}},"item-2":{"type":"item","settings":{"apply_overlay":true,"title":"2002","subheading":"Sub-heading","heading":"Heading","content":"<p>Add your own custom content to give more information about your store, availability details...<\/p>"}}},"block_order":["item-0","item-1","item-2"],"settings":{"text_color":"#ffffff"}},"blog-posts":{"type":"blog-posts","blocks":{"blog-0":{"type":"blog","settings":{"blog":"news"}}},"block_order":["blog-0"],"settings":{"title":"Featured article","show_category":false,"button_text":"View all articles"}},"shop-the-look":{"type":"shop-the-look","blocks":{"look-0":{"type":"look","settings":{"dot_style":"light","product_1_horizontal_position":30,"product_1_vertical_position":40,"product_2_horizontal_position":45,"product_2_vertical_position":65,"product_3_horizontal_position":70,"product_3_vertical_position":50}},"look-1":{"type":"look","settings":{"dot_style":"light","product_1_horizontal_position":25,"product_1_vertical_position":45,"product_2_horizontal_position":55,"product_2_vertical_position":30,"product_3_horizontal_position":65,"product_3_vertical_position":60}}},"block_order":["look-0","look-1"],"settings":{"subheading":"Shop","title":"Our looks"}},"collection-template":{"type":"collection-template","settings":{"show_collection_info":true,"show_collection_image":false,"show_sort_by":true,"show_layout_switch":false,"toolbar_position":"bottom","filter_position":"sidebar","filter_mode":"tag","show_filter_color_swatch":true,"grid_items_per_page":16,"grid_mobile_items_per_row":"2","grid_desktop_items_per_row":4}},"recently-viewed-products":{"type":"recently-viewed-products","settings":{"show_section":true,"title":"Recently viewed","show_product_info":true}},"collection-footer":{"type":"collection-footer","settings":{"show_section":false,"text_color":"#ffffff","apply_overlay":true,"title":"Our story","content":"<p>Add your own custom content to explain your processes...<\/p>"}},"product-template":{"type":"product-template","settings":{"show_share_buttons":true,"show_vendor":true,"show_color_swatch":false,"show_color_carousel":false,"show_quantity_selector":true,"show_inventory_quantity":false,"inventory_quantity_threshold":3,"image_size":"large","stack_images":true,"show_thumbnails":false,"enable_image_zoom":true,"reviews_enabled":false}},"product-recommendations":{"type":"product-recommendations","settings":{"show_product_recommendations":true,"show_product_info":true}}},"content_for_index":["slideshow","featured-collections","collection-list","featured-product","timeline","blog-posts","shop-the-look"]},"Vogue":{"heading_color":"#454545","text_color":"#454545","text_light_color":"#9d9d9d","link_color":"#a17c5e","background":"#ffffff","light_background":"#ffffff","product_on_sale_color":"#f94c43","button_background":"#c2a284","button_text_color":"#ffffff","header_background":"#ffffff","header_heading_color":"#454545","header_light_color":"#9d9d9d","footer_background":"#ffffff","footer_heading_color":"#454545","footer_text_color":"#9d9d9d","newsletter_popup_background":"#454545","newsletter_popup_text_color":"#ffffff","secondary_elements_background":"#f1e4d8","secondary_elements_text_color":"#373737","navigation_background":"#454545","navigation_text_color":"#ffffff","heading_font":"din_neuzeit_grotesk_n3","heading_size":"small","uppercase_heading":true,"text_font":"futura_n4","base_text_font_size":14,"show_page_transition":true,"show_element_staggering":false,"search_mode":"product,article","product_show_price_on_hover":true,"product_show_secondary_image":false,"product_info_alignment":"center","product_image_size":"natural","product_list_horizontal_spacing":"medium","product_list_vertical_spacing":"small","cart_type":"drawer","cart_enable_notes":true,"cart_show_free_shipping_threshold":false,"cart_free_shipping_threshold":"50","checkout_logo_position":"left","checkout_logo_size":"medium","checkout_body_background_color":"#fff","checkout_input_background_color_mode":"white","checkout_sidebar_background_color":"#fafafa","checkout_accent_color":"#a17c5e","checkout_button_color":"#454545","sections":{"sidebar-menu":{"type":"sidebar-menu","settings":{"primary_menu":"main-menu","show_social_media":true}},"announcement":{"type":"announcement","settings":{"background":"#f1e4d8","text_color":"#343434","content":"Announce something here"}},"header":{"type":"header","settings":{"use_sticky_header":true,"logo_max_width":140,"navigation_menu":"main-menu","navigation_style":"inline","enable_transparent_header":true,"transparent_text_color":"#ffffff"}},"footer":{"type":"footer","blocks":{"footer-0":{"type":"text","settings":{"title":"About the shop","content":"<p>Use this text area to tell your customers about your brand and vision. You can change it in the theme settings.<\/p>","show_social_media":true}},"footer-1":{"type":"links","settings":{"menu":"footer"}},"footer-2":{"type":"newsletter","settings":{"title":"Newsletter","content":"<p>Subscribe to receive updates, access to exclusive deals, and more.<\/p>"}}},"block_order":["footer-0","footer-1","footer-2"],"settings":{"show_payment_methods":true}},"slideshow":{"type":"slideshow","blocks":{"slide-0":{"type":"image","settings":{"apply_overlay":true,"content_position":"bottomLeft","subheading":"Slide title","title":"Tell your story"}},"slide-1":{"type":"image","settings":{"apply_overlay":true,"content_position":"bottomLeft","subheading":"Slide title","title":"Tell your story"}}},"block_order":["slide-0","slide-1"],"settings":{"show_fullscreen":true,"show_arrow":false,"autoplay":true,"cycle_speed":5,"text_color":"#ffffff","button_color":"#363636"}},"featured-collections":{"type":"featured-collections","blocks":{"featured-collection-0":{"type":"collection","settings":{"grid_items_count":8,"button_text":"View all products"}}},"block_order":["featured-collection-0"],"settings":{"title":"Featured collection","layout_mode":"grid","show_product_info":true,"grid_mobile_items_per_row":"2","grid_desktop_items_per_row":4}},"collection-list":{"type":"collection-list","blocks":{"collection-0":{"type":"collection","settings":{"image_alignment":"center center","subheading":"Sub-heading","button_text":"View products","apply_overlay":true}},"collection-1":{"type":"collection","settings":{"image_alignment":"center center","subheading":"Sub-heading","button_text":"View products","apply_overlay":true}},"collection-2":{"type":"collection","settings":{"image_alignment":"center center","subheading":"Sub-heading","button_text":"View products","apply_overlay":true}}},"block_order":["collection-0","collection-1","collection-2"],"settings":{"add_spacing":true,"expand_collection":false,"text_color":"#ffffff","button_color":"#363636"}},"featured-product":{"type":"featured-product","settings":{"title":"Featured product","show_vendor":true,"show_description":true,"show_color_swatch":false,"show_color_carousel":false,"show_quantity_selector":true,"show_inventory_quantity":false,"inventory_quantity_threshold":3}},"timeline":{"type":"timeline","blocks":{"item-0":{"type":"item","settings":{"apply_overlay":true,"title":"2000","subheading":"Sub-heading","heading":"Heading","content":"<p>Add your own custom content to give more information about your store, availability details...<\/p>"}},"item-1":{"type":"item","settings":{"apply_overlay":true,"title":"2001","subheading":"Sub-heading","heading":"Heading","content":"<p>Add your own custom content to give more information about your store, availability details...<\/p>"}},"item-2":{"type":"item","settings":{"apply_overlay":true,"title":"2002","subheading":"Sub-heading","heading":"Heading","content":"<p>Add your own custom content to give more information about your store, availability details...<\/p>"}}},"block_order":["item-0","item-1","item-2"],"settings":{"text_color":"#ffffff"}},"blog-posts":{"type":"blog-posts","blocks":{"blog-0":{"type":"blog","settings":{"blog":"news"}}},"block_order":["blog-0"],"settings":{"title":"Featured article","show_category":false,"button_text":"View all articles"}},"shop-the-look":{"type":"shop-the-look","blocks":{"look-0":{"type":"look","settings":{"dot_style":"light","product_1_horizontal_position":30,"product_1_vertical_position":40,"product_2_horizontal_position":45,"product_2_vertical_position":65,"product_3_horizontal_position":70,"product_3_vertical_position":50}},"look-1":{"type":"look","settings":{"dot_style":"light","product_1_horizontal_position":25,"product_1_vertical_position":45,"product_2_horizontal_position":55,"product_2_vertical_position":30,"product_3_horizontal_position":65,"product_3_vertical_position":60}}},"block_order":["look-0","look-1"],"settings":{"subheading":"Shop","title":"Our looks"}},"collection-template":{"type":"collection-template","settings":{"show_collection_info":true,"show_collection_image":false,"show_sort_by":true,"show_layout_switch":false,"toolbar_position":"bottom","filter_position":"sidebar","filter_mode":"tag","show_filter_color_swatch":true,"grid_items_per_page":16,"grid_mobile_items_per_row":"2","grid_desktop_items_per_row":4}},"recently-viewed-products":{"type":"recently-viewed-products","settings":{"show_section":true,"title":"Recently viewed","show_product_info":true}},"collection-footer":{"type":"collection-footer","settings":{"show_section":false,"text_color":"#ffffff","apply_overlay":true,"title":"Our story","content":"<p>Add your own custom content to explain your processes...<\/p>"}},"product-template":{"type":"product-template","settings":{"show_share_buttons":true,"show_vendor":true,"show_color_swatch":false,"show_color_carousel":false,"show_quantity_selector":true,"show_inventory_quantity":false,"inventory_quantity_threshold":3,"image_size":"large","stack_images":true,"show_thumbnails":false,"enable_image_zoom":true,"reviews_enabled":false}},"product-recommendations":{"type":"product-recommendations","settings":{"show_product_recommendations":true,"show_product_info":true}}},"content_for_index":["slideshow","featured-collections","collection-list","featured-product","timeline","blog-posts","shop-the-look"]}}}