{
  "current": {
    "favicon": "shopify:\/\/shop_images\/fav_icon_dark_1.png",
    "color_primary": "#000",
    "color_body_text": "#000000",
    "color_sub_text": "#666666",
    "color_btn_bg_hover": "#000000",
    "color_field_bg": "rgba(0,0,0,0)",
    "color_annoucement_bg": "#ffefca",
    "color_annoucement_text": "#000000",
    "color_topbar_bg": "#ffefca",
    "color_topbar_text": "#000000",
    "color_footer_bg": "#fcf8f4",
    "color_footer_text": "#000",
    "color_footer_link": "#666666",
    "color_footer_link_hover": "#000000",
    "color_footer_bg_mb": "#fcf8f4",
    "color_footer_bottom_bg": "#fcf8f4",
    "color_footer_bottom_text": "#666666",
    "color_footer_bottom_bg_mb": "#fcf8f4",
    "color_border": "#d9d9d9",
    "img_overlay_opacity": 20,
    "use_custom_font_body": true,
    "custom_body_font": "https:\/\/cdn.shopify.com\/s\/files\/1\/0561\/2742\/2636\/files\/Jost-Light.ttf?v=1618297125@300\nhttps:\/\/cdn.shopify.com\/s\/files\/1\/0561\/2742\/2636\/files\/Jost-Regular.ttf?v=1618297125@400\nhttps:\/\/cdn.shopify.com\/s\/files\/1\/0561\/2742\/2636\/files\/Jost-Medium.ttf?v=1618297125@500\nhttps:\/\/cdn.shopify.com\/s\/files\/1\/0561\/2742\/2636\/files\/Jost-SemiBold.ttf?v=1618297125@600\nhttps:\/\/cdn.shopify.com\/s\/files\/1\/0561\/2742\/2636\/files\/Jost-Bold.ttf?v=1618297125@700",
    "use_custom_font_heading": true,
    "custom_heading_font": "https:\/\/cdn.shopify.com\/s\/files\/1\/0561\/2742\/2636\/files\/Prata-Regular.ttf?v=1627371951@400",
    "custom_heading_weight": "400",
    "type_header_base_size": 35,
    "btn_uppercase_text": true,
    "btn_base_size": 14,
    "btn_border_width": 2,
    "btn_border_radius": 0,
    "btn_weight": "600",
    "pcard_alignment": "center",
    "pcard_image_ratio": "3\/4",
    "product_colors": "red: #FF6961,\nyellow: #FDDA76,\nblack: #000000,\nblack band: #000000,\nblue: #8DB4D2,\ngreen: #C1E1C1,\npurple: #B19CD9,\nsilver: #EEEEEF,\nwhite: #FFFFFF,\nbrown: #836953,\nlight brown: #B5651D,\ndark turquoise: #23cddc,\norange: #FFB347,\ntan: #E9D1BF,\nviolet: #B490B0,\npink: #FFD1DC,\ngrey: #E0E0E0,\nsky: #96BDC6,\npale leaf: #CCD4BF,\nlight blue: #b1c5d4,\ndark grey: #aca69f,\nbeige: #EBE6DB,\nbeige band: #EED9C4,\ndark blue: #063e66,\ncream: #FFFFCC,\nlight pink: #FBCFCD,\nmint: #bedce3,\ndark gray: #3A3B3C,\nrosy brown: #c4a287,\nlight grey:#D3D3D3,\ncopper: #B87333,\nrose gold: #ECC5C0,\nnight blue: #151B54,\ncoral: #FF7F50,\nlight purple: #C6AEC7",
    "filter_color1": "Checked",
    "social_twitter_link": "https:\/\/twitter.com\/home",
    "social_facebook_link": "https:\/\/facebook.com\/",
    "social_pinterest_link": "https:\/\/pinterest.com\/",
    "social_instagram_link": "https:\/\/instagram.com\/",
    "wishlist_page": "",
    "product_compare_page": "",
    "gm_api": "",
    "instagram_token": "",
    "custom_css": ".sf__index-slideshow .slide__block-desktop .slide__block-subtitle {\n  margin-bottom: 0;\n  font-size: 18px;\n}\n.sf__index-icon-box-1 .sf-icon-box__text h3,\n.sf__index-icon-box-2 .sf-icon-box__text h3 {\n  font-family: \"SF-Body-font\";\n  font-size: 20px;\n  font-weight: 500;\n}\nul.sf-nav li a.sf__parent-item {\n  font-size: 14px;\n  font-weight: 600;\n}\n.content__subheading,\n.sf-hero__subtitle {\n  letter-spacing: 1px;\n  font-size: 14px;\n}\n.sf__blog-card .sf__blog-cardContent .sf__blog-cardTags {\n  font-size: 11px;\n  text-transform: uppercase;\n  font-weight: 500;\n  color: #af593c;\n  padding: 2px 5px;\n  background-color: #ffeae3;\n  display: inline-block;\n  margin-bottom: 10px;\n}\n.sf__index-instagram .section-my {\n  margin-bottom: 10px;\n}\n.sf-footer .sf__footer-block-menu .sf__footer-block-title {\n  font-family: \"SF-Body-font\";\n  font-size: 14px;\n  font-weight: 600;\n  text-transform: uppercase;\n}\n.sf-footer .sf__footer-block-newsletter .sf__footer-block-title {\n  font-size: 30px;\n  line-height: 40px;\n}\nform.sf__footer-form-newsletter .sf__newletter__form-input {\n  color: #000;\n}\n@media (min-width: 1280px) {\n  .sf-footer .sf__footer-block-newsletter {\n    padding-right: 100px;\n  }\n}\n@media (min-width: 1535px) {\n  .sf__index-slideshow .slide__block-desktop .slide__block-title {\n    font-size: 80px;\n    line-height: 100px;\n    margin-bottom: 30px;\n  }\n}\n@media (max-width: 767px) {\n  .sf__index-featured-collection .sf__featured-collection-button {\n    margin-top: 0;\n  }\n  .sf__index-slideshow {\n    margin-bottom: 40px;\n  }\n  .sf__index-slideshow .sf__slide-content a.sf__mobile-button,\n  .sf__index-featured-collection .sf__featured-collection-button a.sf__btn,\n  .sf__index-blog-posts .sf__blog-post-button a.sf__btn {\n    width: 100%;\n  }\n  .sf__index-hero .sf-hero__content h3 {\n    font-size: 36px;\n    line-height: 48px;\n  }\n  .sf__index-slideshow .sf__mobile-subheading {\n    font-size: 14px;\n  }\n  .sf__index-img-with-text .content__heading {\n    font-size: 36px;\n    line-height: 48px;\n  }\n}",
    "sections": {
      "header": {
        "type": "header",
        "blocks": {
          "f819e411-707b-4161-8b7b-27ec40e24b7b": {
            "type": "banner",
            "settings": {
              "heading": "Shop",
              "container": "container",
              "banner_style": "outside",
              "banner_link": "",
              "banner_title": "<span style=\"font-family: 'SF-Heading-font';\">What’s In Our Special Sauce?<\/span>",
              "banner_desc": "",
              "banner_button_text": "LEARN MORE"
            }
          },
          "84574772-49a5-4f35-8446-4d17b6ccaa59": {
            "type": "custom_html",
            "settings": {
              "heading": "Home",
              "container": "container",
              "html": ""
            }
          },
          "a2e09510-9d66-4ee9-94fe-18578fdba086": {
            "type": "product-list",
            "settings": {
              "heading": "Products",
              "container": "container-fluid",
              "stretch_width": false,
              "collection": "bra",
              "limit": 6,
              "columns": 2
            }
          },
          "0cf42f96-0700-45f1-8249-7fad92bbaa8d": {
            "type": "custom_html",
            "settings": {
              "heading": "Features",
              "container": "inherit",
              "html": ""
            }
          }
        },
        "block_order": [
          "f819e411-707b-4161-8b7b-27ec40e24b7b",
          "84574772-49a5-4f35-8446-4d17b6ccaa59",
          "a2e09510-9d66-4ee9-94fe-18578fdba086",
          "0cf42f96-0700-45f1-8249-7fad92bbaa8d"
        ],
        "settings": {
          "header_design": "both-center",
          "container": "container-fluid",
          "header_sticky": true,
          "transparent_on_top": false,
          "logo_text": "MINIMOG",
          "logo_max_width": 105,
          "sticky_logo_max_width": 105,
          "mobile_logo_max_width": 90,
          "uppercase_parent_level": true,
          "search": "show_icon",
          "show_account_icon": false,
          "show_cart_icon": true,
          "show_wishlist_icon": false,
          "show_compare_icon": false,
          "show_currency_switcher": false,
          "show_language_switcher": false
        }
      },
      "footer": {
        "type": "footer",
        "blocks": {
          "8d6ff29d-e8b7-411b-addc-ed3b7d2f67b3": {
            "type": "newsletter",
            "settings": {
              "title": "Keep In Touch",
              "description": "Our conversation is just getting started",
              "email_placeholder": "Enter your email",
              "form_style": "minimal",
              "show_social": false,
              "width": "50%"
            }
          },
          "d5978e13-bd48-4f66-bbbe-5b0e5bb800f5": {
            "type": "menu",
            "settings": {
              "menu": "main-menu",
              "title": "Information",
              "width": "25%"
            }
          },
          "85209d5e-c364-489f-8320-73d204b3ed46": {
            "type": "menu",
            "settings": {
              "menu": "main-menu",
              "title": "Quick links",
              "width": "25%"
            }
          },
          "17d9b177-3975-4ac5-a071-43c93f5e5621": {
            "type": "menu",
            "settings": {
              "menu": "main-menu",
              "title": "Services",
              "width": "25%"
            }
          },
          "21116813-6c29-4057-a4e3-644542292765": {
            "type": "menu",
            "settings": {
              "menu": "main-menu",
              "title": "Collections",
              "width": "25%"
            }
          }
        },
        "block_order": [
          "8d6ff29d-e8b7-411b-addc-ed3b7d2f67b3",
          "d5978e13-bd48-4f66-bbbe-5b0e5bb800f5",
          "85209d5e-c364-489f-8320-73d204b3ed46",
          "17d9b177-3975-4ac5-a071-43c93f5e5621",
          "21116813-6c29-4057-a4e3-644542292765"
        ],
        "settings": {
          "design": "footer-1",
          "container": "container",
          "bordered": false,
          "copyright": "<span class=\"text-base\">© 2021, Minimog. All Rights Reserved.<\/span>",
          "show_currency_selector": false,
          "show_language_selector": false,
          "show_social_links": false,
          "show_payment_icons": true
        }
      },
      "annoucement": {
        "type": "annoucement",
        "settings": {
          "show_announcement": true,
          "homepage_only": true,
          "show_close": false,
          "message": "<span style=\"font-size: 15px;\">New color alert! 🧡 Freshen up with Strawberry, Noise, and Green Tea.<\/span>",
          "message_link": "",
          "show_divider": false
        }
      },
      "mobile-sticky-bar": {
        "type": "mobile-sticky-bar",
        "settings": {
          "show_mobile_sticky": true,
          "show_home_icon": true,
          "show_collection_icon": true,
          "show_cart_icon": true,
          "show_search_icon": true,
          "show_account_icon": false,
          "show_wishlist_icon": false
        }
      }
    }
  },
  "presets": {
    "Default": {
      "sections": {
        "featured-collection": {
          "type": "featured-collection",
          "settings": {
            "collection": "frontpage"
          }
        },
        "featured-product": {
          "type": "featured-product",
          "settings": {
          }
        }
      },
      "content_for_index": [
        "featured-collection",
        "featured-product"
      ]
    }
  }
}