{
  "current": {
    "favicon": "shopify:\/\/shop_images\/fav_icon_dark_1.png",
    "container_width": 1410,
    "container_fluid_offset": 100,
    "color_primary": "#000",
    "color_heading_text": "#000000",
    "color_sub_text": "#666666",
    "color_btn_bg_hover": "#000000",
    "color_field_bg": "#ffffff",
    "color_annoucement_bg": "#000000",
    "color_annoucement_text": "#ffffff",
    "color_topbar_bg": "rgba(0,0,0,0)",
    "color_topbar_text": "#000000",
    "color_header_bg": "#ffffff",
    "color_header_link": "#000000",
    "color_header_transparent": "#ffffff",
    "bg_cart_wishlist_count": "#da3f3f",
    "color_menu_bar_bg": "#000000",
    "color_menu_bar_text": "#ffffff",
    "color_footer_bg": "#f5f5f5",
    "color_footer_text": "#000000",
    "color_footer_link": "#666666",
    "color_footer_link_hover": "#000000",
    "color_footer_bottom_bg": "#f5f5f5",
    "color_footer_bottom_text": "#000000",
    "img_overlay_opacity": 20,
    "use_custom_font_body": true,
    "custom_body_font": "https:\/\/cdn.shopify.com\/s\/files\/1\/0561\/2742\/2636\/files\/Jost-Light.ttf?v=1618297125@300\nhttps:\/\/cdn.shopify.com\/s\/files\/1\/0561\/2742\/2636\/files\/Jost-Regular.ttf?v=1618297125@400\nhttps:\/\/cdn.shopify.com\/s\/files\/1\/0561\/2742\/2636\/files\/Jost-Medium.ttf?v=1618297125@500\nhttps:\/\/cdn.shopify.com\/s\/files\/1\/0561\/2742\/2636\/files\/Jost-SemiBold.ttf?v=1618297125@600\nhttps:\/\/cdn.shopify.com\/s\/files\/1\/0561\/2742\/2636\/files\/Jost-Bold.ttf?v=1618297125@700",
    "use_custom_font_heading": true,
    "custom_heading_font": "https:\/\/cdn.shopify.com\/s\/files\/1\/0561\/2742\/2636\/files\/Jost-Light.ttf?v=1618297125@300\nhttps:\/\/cdn.shopify.com\/s\/files\/1\/0561\/2742\/2636\/files\/Jost-Regular.ttf?v=1618297125@400\nhttps:\/\/cdn.shopify.com\/s\/files\/1\/0561\/2742\/2636\/files\/Jost-Medium.ttf?v=1618297125@500\nhttps:\/\/cdn.shopify.com\/s\/files\/1\/0561\/2742\/2636\/files\/Jost-SemiBold.ttf?v=1618297125@600\nhttps:\/\/cdn.shopify.com\/s\/files\/1\/0561\/2742\/2636\/files\/Jost-Bold.ttf?v=1618297125@700",
    "variant_option_design1": "button",
    "product_colors": "red: #FF6961,\nyellow: #FDDA76,\nblack: #000000,\nblack band: #000000,\nblue: #8DB4D2,\ngreen: #C1E1C1,\npurple: #B19CD9,\nsilver: #EEEEEF,\nwhite: #FFFFFF,\nbrown: #836953,\nlight brown: #B5651D,\ndark turquoise: #23cddc,\norange: #FFB347,\ntan: #E9D1BF,\nviolet: #B490B0,\npink: #FFD1DC,\ngrey: #E0E0E0,\nsky: #96BDC6,\npale leaf: #CCD4BF,\nlight blue: #b1c5d4,\ndark grey: #aca69f,\nbeige: #EBE6DB,\nbeige band: #EED9C4,\ndark blue: #063e66,\ncream: #FFFFCC,\nlight pink: #FBCFCD,\nmint: #bedce3,\ndark gray: #3A3B3C,\nrosy brown: #c4a287,\nlight grey:#D3D3D3,\ncopper: #B87333,\nrose gold: #ECC5C0,\nnight blue: #151B54,\ncoral: #FF7F50,\nlight purple: #C6AEC7",
    "filter_color1": "gingham",
    "filter_color2": "flannel",
    "social_twitter_link": "https:\/\/twitter.com\/home",
    "social_facebook_link": "https:\/\/facebook.com\/",
    "social_pinterest_link": "https:\/\/pinterest.com\/",
    "social_instagram_link": "https:\/\/instagram.com\/",
    "wishlist_page": "",
    "product_compare_page": "",
    "gm_api": "",
    "instagram_token": "",
    "custom_css": "#header [style*=\"--aspect-ratio\"] &gt;\n:first-child {\n  object-fit: contain;\n}\n.sf__collection-container {\n  padding-bottom: 0;\n}\n.sf__index-collection-list sup {\n  top: -1em;\n  right: -0.2em;\n}\n@media (min-width: 768px) {\n  .sf__index-collection-list .section-my {\n    margin-top: 30px;\n  }\n}\n\n.sf__index-icon-box {\n  border-top: 1px solid #eeeeee;\n}\n.sf__index-icon-box .section-py {\n  padding-top: 40px;\n  padding-bottom: 40px;\n}\n.sf__index-icon-box .sf-icon-box__text h3 {\n  font-weight: 500;\n  font-size: 20px;\n}\n.sf__index-icon-box .sf-icon-box__text .rte {\n  color: #777777;\n}\n\n@media (max-width: 767px) {\n  .sf__index-icon-box {\n    border-top: 0;\n  }\n  .sf__index-icon-box .section-py {\n    padding-top: 0;\n  }\n  .sf__index-collection-list .section-my {\n    margin-top: 16px;\n  }\n}\n@media (max-width: 576px) {\n  .sf__index-featured-collection .sf__btn-primary {\n    width: 100%;\n  }\n}\n.sf__index-collection-list .collection-card__info h3:hover {\n  color: #666666;\n}",
    "sections": {
      "page-faqs": {
        "type": "page-faqs",
        "blocks": {
          "2802736b-f08f-4510-a4f7-4ad7d748992d": {
            "type": "content",
            "settings": {
              "content": "<div class=\"mb-10\"><img src=\"https:\/\/cdn.shopify.com\/s\/files\/1\/0561\/2742\/2636\/files\/faqs.jpg?v=1620784288\"><\/div>\n<h3 class=\"font-medium text-xl mb-4\">Awkwardness gives me great comfort. I’ve never been cool, but I’ve felt cool. I’ve been in the cool place, but I wasn’t really cool – I was trying to pass for hip or cool.<\/h3>\n<p>A girl should be two things: classy and fabulous. I am convinced that there can be luxury in simplicity. I wanted to dress the woman who lives and works, not the woman in a painting. It’s hard to balance everything. It’s always challenging. My relationships with producers or photographers – these are relationships that took years. I can’t get sucked into that celebrity thing, because I think it’s just crass. My aim is to make the poor look rich.<\/p>"
            }
          },
          "4e151238-4480-4122-b893-7f4a19886e4c": {
            "type": "accordion",
            "settings": {
              "title": "What shipping methods are availbale?",
              "content": "<p>Lorem ipsum dolor sit amet conse ctetur adipisicing elit, sed do eiusmod tempor incididunt ut labore et dolore magna aliqua. Ut enim ad minim veniam, quis nostrud exercitation ullamco laboris nisi ut aliquip ex ea commodo consequat. Duis aute irure dolor in reprehenderit in voluptate velit esse cillum dolore eu fugiat.<br\/><br\/>Ut enim ad minim veniam, quis nostrud exercitation ullamco laboris nisi ut aliquip ex ea commodo consequat. Duis aute irure dolor in reprehenderit.<\/p>",
              "open": true
            }
          },
          "c5d4d04d-f6c1-4d1e-99f0-3c221393a3cf": {
            "type": "accordion",
            "settings": {
              "title": "How long will it take to get my package?",
              "content": "<p>Lorem ipsum dolor sit amet conse ctetur adipisicing elit, sed do eiusmod tempor incididunt ut labore et dolore magna aliqua. Ut enim ad minim veniam, quis nostrud exercitation ullamco laboris nisi ut aliquip.<\/p>",
              "open": false
            }
          },
          "0131747b-8b40-432f-b634-b1289ec41911": {
            "type": "accordion",
            "settings": {
              "title": "Do you ship internationally?",
              "content": "<p>Lorem ipsum dolor sit amet conse ctetur adipisicing elit, sed do eiusmod tempor incididunt ut labore et dolore magna aliqua. Ut enim ad minim veniam, quis nostrud exercitation ullamco laboris nisi ut aliquip.<\/p>",
              "open": false
            }
          },
          "5d7206e9-5375-4da6-9a1f-24e1c46230b0": {
            "type": "accordion",
            "settings": {
              "title": "What payment methods are accepted?",
              "content": "<p>Lorem ipsum dolor sit amet conse ctetur adipisicing elit, sed do eiusmod tempor incididunt ut labore et dolore magna aliqua. Ut enim ad minim veniam, quis nostrud exercitation ullamco laboris nisi ut aliquip ex ea commodo consequat. Duis aute irure dolor in reprehenderit in voluptate velit esse cillum dolore eu fugiat.<\/p>",
              "open": false
            }
          },
          "4008f61e-055e-42ba-8969-cb3715c0aece": {
            "type": "accordion",
            "settings": {
              "title": "Is buying on-line safe?",
              "content": "<p>Lorem ipsum dolor sit amet conse ctetur adipisicing elit, sed do eiusmod tempor incididunt ut labore et dolore magna aliqua. Ut enim ad minim veniam, quis nostrud exercitation ullamco laboris nisi ut aliquip.<\/p>",
              "open": false
            }
          }
        },
        "block_order": [
          "2802736b-f08f-4510-a4f7-4ad7d748992d",
          "4e151238-4480-4122-b893-7f4a19886e4c",
          "c5d4d04d-f6c1-4d1e-99f0-3c221393a3cf",
          "0131747b-8b40-432f-b634-b1289ec41911",
          "5d7206e9-5375-4da6-9a1f-24e1c46230b0",
          "4008f61e-055e-42ba-8969-cb3715c0aece"
        ],
        "settings": {
          "menu": "faqs-menu"
        }
      },
      "collection-list-template": {
        "type": "collection-list-template",
        "blocks": {
          "f13901cd-9700-4d24-b465-25430b07b611": {
            "type": "collection_item",
            "settings": {
              "collection": "dress",
              "image": "shopify:\/\/shop_images\/mb-1.jpg"
            }
          },
          "dc2d8422-a0fc-4a81-818e-925900842b5a": {
            "type": "collection_item",
            "settings": {
              "collection": "leather-boots",
              "image": "shopify:\/\/shop_images\/ic-2_52c41689-f40b-4287-97c6-1957f415bfd3.jpg"
            }
          },
          "9c5c8c45-1db7-4029-b3b2-2372acce1502": {
            "type": "collection_item",
            "settings": {
              "collection": "sunglasses",
              "image": "shopify:\/\/shop_images\/bitmap_2x_21.jpg"
            }
          },
          "c47aa98f-b079-40d9-b574-b1c6ef4078ff": {
            "type": "collection_item",
            "settings": {
              "collection": "hand-bag",
              "image": "shopify:\/\/shop_images\/bitmap_3x_6.jpg"
            }
          },
          "18e52a82-e7e9-4046-9ac2-91fd4d273f21": {
            "type": "collection_item",
            "settings": {
              "collection": "denim-pants",
              "image": "shopify:\/\/shop_images\/bitmap_3x_5.jpg"
            }
          }
        },
        "block_order": [
          "f13901cd-9700-4d24-b465-25430b07b611",
          "dc2d8422-a0fc-4a81-818e-925900842b5a",
          "9c5c8c45-1db7-4029-b3b2-2372acce1502",
          "c47aa98f-b079-40d9-b574-b1c6ef4078ff",
          "18e52a82-e7e9-4046-9ac2-91fd4d273f21"
        ],
        "settings": {
          "title": "All collection",
          "description": "<p>Posuere in netus a eu varius adipiscing suspendisse elementum vitae<br\/>tempor suspendisse ullamcorper aenean taciti morbi potenti.<\/p>"
        }
      },
      "collection-list": {
        "type": "collection-list",
        "settings": {
        }
      },
      "featured-collection": {
        "type": "featured-collection",
        "settings": {
          "collection": "frontpage"
        }
      },
      "featured-product": {
        "type": "featured-product",
        "settings": {
        }
      },
      "slider": {
        "type": "slider",
        "settings": {
        }
      },
      "header": {
        "type": "header",
        "blocks": {
          "dd7d9431-2c50-49c4-80ca-c5c72efe9b82": {
            "type": "banner",
            "settings": {
              "heading": "Shop",
              "container": "container",
              "banner_style": "outside",
              "banner_link": "",
              "banner_title": "The New - Season Shoes Edit",
              "banner_desc": "",
              "banner_button_text": "Shop Now"
            }
          },
          "ac06ce3f-bc87-4fc4-9e4c-898c841af531": {
            "type": "custom_html",
            "settings": {
              "heading": "Home",
              "container": "container",
              "html": ""
            }
          },
          "c0304903-95ee-4d64-aa32-5c27237a6dd6": {
            "type": "product-list",
            "settings": {
              "heading": "Products",
              "container": "container-fluid",
              "stretch_width": false,
              "collection": "this-weeks-highlights",
              "limit": 6,
              "columns": 2
            }
          },
          "50f94db9-755c-4643-845f-cea4112b8da6": {
            "type": "custom_html",
            "settings": {
              "heading": "Features",
              "container": "inherit",
              "html": ""
            }
          }
        },
        "block_order": [
          "dd7d9431-2c50-49c4-80ca-c5c72efe9b82",
          "ac06ce3f-bc87-4fc4-9e4c-898c841af531",
          "c0304903-95ee-4d64-aa32-5c27237a6dd6",
          "50f94db9-755c-4643-845f-cea4112b8da6"
        ],
        "settings": {
          "header_design": "logo-center-menu-left",
          "container": "container-fluid",
          "header_sticky": true,
          "transparent_on_top": true,
          "logo_text": "MINIMOG",
          "logo_max_width": 145,
          "sticky_logo_max_width": 140,
          "mobile_logo_max_width": 105,
          "main_menu": "main-menu",
          "secondary_menu": "",
          "uppercase_parent_level": false,
          "search": "show_icon",
          "show_account_icon": true,
          "show_cart_icon": true,
          "show_wishlist_icon": true,
          "show_compare_icon": false,
          "show_currency_switcher": false,
          "show_language_switcher": false
        }
      },
      "footer": {
        "type": "footer",
        "blocks": {
          "c5f5a464-8b3c-4c63-94a1-aef3586482aa": {
            "type": "our_store",
            "settings": {
              "title": "Company",
              "description": "<p>Find a location nearest you. <br\/><a href=\"\/pages\/contact-us\" title=\"Contact Us\"><span style=\"text-decoration:underline\">See our stores<\/span><\/a><\/p>",
              "show_email": true,
              "show_phone": true,
              "show_socials_link": false,
              "width": "25%"
            }
          },
          "d5978e13-bd48-4f66-bbbe-5b0e5bb800f5": {
            "type": "menu",
            "settings": {
              "menu": "main-menu",
              "title": "Information",
              "width": "25%"
            }
          },
          "85209d5e-c364-489f-8320-73d204b3ed46": {
            "type": "menu",
            "settings": {
              "menu": "main-menu",
              "title": "Quick links",
              "width": "25%"
            }
          },
          "8d6ff29d-e8b7-411b-addc-ed3b7d2f67b3": {
            "type": "newsletter",
            "settings": {
              "title": "Subscribe",
              "description": "Enter your email below to be the first to know about new collections and product launches.",
              "email_placeholder": "Enter your email",
              "form_style": "bordered",
              "show_social": false,
              "width": "25%"
            }
          }
        },
        "block_order": [
          "c5f5a464-8b3c-4c63-94a1-aef3586482aa",
          "d5978e13-bd48-4f66-bbbe-5b0e5bb800f5",
          "85209d5e-c364-489f-8320-73d204b3ed46",
          "8d6ff29d-e8b7-411b-addc-ed3b7d2f67b3"
        ],
        "settings": {
          "design": "footer-2",
          "container": "container-fluid",
          "bordered": true,
          "copyright": "© MINIMOG 2021",
          "show_currency_selector": false,
          "show_language_selector": false,
          "show_social_links": true,
          "show_payment_icons": true
        }
      },
      "16184552193b4706ec": {
        "type": "slider",
        "blocks": {
          "16184552193b4706ec-0": {
            "type": "slider_item",
            "settings": {
              "image_alignment": "center middle",
              "content_in_container": false,
              "content_position": "left bottom",
              "text_alignment": "left",
              "text_size": "large",
              "text_color": "black",
              "subheading": "",
              "title": "",
              "description": "",
              "button_text": "",
              "button_link": "",
              "button_style": "sf__btn-primary",
              "button_size": "",
              "show_footer": false,
              "footer_alignment": "end",
              "footer_text": "",
              "footer_button": "Show Now",
              "footer_link": "shopify:\/\/collections\/braided-sandals"
            }
          }
        },
        "block_order": [
          "16184552193b4706ec-0"
        ],
        "settings": {
          "container": "w-full",
          "slideshow_height": "fullscreen",
          "show_overlay": false,
          "dots_position": "right",
          "dots_color": "#000",
          "show_dots": false,
          "show_arrows": false,
          "autorotate": false,
          "autorotate_speed": 2,
          "custom_class": ""
        }
      },
      "16184584660def4136": {
        "type": "collection-list",
        "blocks": {
          "16184584660def4136-0": {
            "type": "collection_block",
            "settings": {
              "collection": "jeans",
              "title": "Jeans"
            }
          },
          "16184584660def4136-2": {
            "type": "collection_block",
            "settings": {
              "collection": "leather-bag",
              "title": "Handbags"
            }
          },
          "16184584660def4136-1": {
            "type": "collection_block",
            "settings": {
              "collection": "shoes",
              "title": ""
            }
          }
        },
        "block_order": [
          "16184584660def4136-0",
          "16184584660def4136-2",
          "16184584660def4136-1"
        ],
        "settings": {
          "heading": "",
          "subheading": "",
          "description": "",
          "header_alignment": "center",
          "container": "container-fluid",
          "background_color": "rgba(0,0,0,0)",
          "layout": "grid",
          "card_style": "standard",
          "text_alignment": "left",
          "hover_effect": "scaling-down",
          "show_product_count": true,
          "count_inline_title": true,
          "image_rounded": false,
          "items_per_row": 3,
          "item_gap": 30,
          "enable_slider": false,
          "show_pagination": false,
          "show_navigation": false,
          "autorotate": false,
          "autorotate_speed": 5,
          "use_scroll_mobile": true,
          "mobile_gap": 16,
          "hidden_slide_control_mobile": false,
          "custom_class": "sf__index-collection-list"
        }
      },
      "1618459461b6f9a6ca": {
        "type": "featured-collection",
        "settings": {
          "heading": "<span class=\"font-semibold\">Living out every single day and<br> be brave to show off your own true colors<\/span>",
          "subheading": "<span class=\"block text-center\"><img class=\"mx-auto\" src=\"https:\/\/cdn.shopify.com\/s\/files\/1\/0561\/2742\/2636\/files\/icon.svg?v=1626514244\"><\/span>",
          "description": "<div>\n<p class=\"font-medium text-black mb-4 lg:mb-8 mt-5 lg:mt-10\">Check Our Items<\/p>\n<img class=\"mx-auto\" src=\"https:\/\/cdn.shopify.com\/s\/files\/1\/0561\/2742\/2636\/files\/icon2.svg?v=1626514541\">\n<\/div>",
          "header_alignment": "center",
          "container": "container",
          "background_color": "rgba(0,0,0,0)",
          "collection": "best-sellers",
          "product_to_show": 12,
          "items_per_row": 4,
          "item_gap": 30,
          "pcard_layout": "",
          "pcard_image_ratio": "",
          "show_vendor": false,
          "enable_slider": false,
          "show_pagination": false,
          "show_navigation": false,
          "button_type": "load",
          "button_text": "Load More",
          "button_style": "sf__btn-secondary",
          "button_size": "",
          "infinite_load": false,
          "max_page_load": 3,
          "use_scroll_mobile": true,
          "item_gap_mobile": 16,
          "custom_class": "sf__index-featured-collection"
        }
      },
      "collection-page-header": {
        "type": "collection-page-header",
        "settings": {
          "layout": "inside",
          "header_height": "small",
          "text_alignment": "center",
          "vertical_alignment": "center",
          "bg_color": "#ffffff",
          "enable_parallax": true,
          "show_breadcrumb": true,
          "upper_title": false
        }
      },
      "collection-template": {
        "type": "collection-template",
        "blocks": {
          "421d0037-0dc6-45b3-95b3-0a4d0860adbc": {
            "type": "filter",
            "settings": {
              "show_filtergroup": true,
              "use_accordion": false,
              "open_filtergroup": true,
              "design_filtergroup": "button",
              "title": "Size",
              "filtergroup": "XS,S,M,L,XL"
            }
          },
          "762682fa-fa29-448d-9e68-1a17bf03564e": {
            "type": "filter",
            "settings": {
              "show_filtergroup": true,
              "use_accordion": false,
              "open_filtergroup": true,
              "design_filtergroup": "color",
              "title": "Colors",
              "filtergroup": "Blue, Red, White ,Black ,Pink ,Silver,Purple,Brown,Yellow,Grey,Green,Tan,Violet,Dark Grey,Beige,Light Blue, Dark Blue, Light Grey, Light Pink, Mint, Rose Gold, Night Blue, Copper, Coral, Rosy Brown"
            }
          },
          "45f2e986-6e80-41a4-b510-cf27ac3a5b63": {
            "type": "collection_list",
            "settings": {
              "show_collectionlist": true,
              "use_accordion": false,
              "open_collectionlist": true,
              "title": "Collections",
              "collectionlist_link": "collections"
            }
          },
          "87334a46-95b0-4517-b338-d3732f2b3670": {
            "type": "filter",
            "settings": {
              "show_filtergroup": true,
              "use_accordion": false,
              "open_filtergroup": true,
              "design_filtergroup": "default",
              "title": "Price",
              "filtergroup": "$0-$50,$50-$100,$100-$150,$150-$200,$200-$300,$300-$400"
            }
          },
          "6e4a47b5-62fb-41c6-9a20-95d86fe0354d": {
            "type": "filter",
            "settings": {
              "show_filtergroup": true,
              "use_accordion": false,
              "open_filtergroup": true,
              "design_filtergroup": "default",
              "title": "Brands",
              "filtergroup": "Minimog,Retrolie,Abby,Brook,Learts,Vagabond"
            }
          },
          "457d2b7a-2192-48f2-aef0-d0f8a01e2c15": {
            "type": "filter",
            "settings": {
              "show_filtergroup": true,
              "use_accordion": false,
              "open_filtergroup": true,
              "design_filtergroup": "inrow",
              "title": "Tags",
              "filtergroup": "Dress,Tops,Shirts,Fashion,Hats,Sandal,Belt,Bags,Snacker,Denim,Minimog,Vagabond,Sunglasses, Beachwear,Vintage"
            }
          }
        },
        "block_order": [
          "421d0037-0dc6-45b3-95b3-0a4d0860adbc",
          "762682fa-fa29-448d-9e68-1a17bf03564e",
          "45f2e986-6e80-41a4-b510-cf27ac3a5b63",
          "87334a46-95b0-4517-b338-d3732f2b3670",
          "6e4a47b5-62fb-41c6-9a20-95d86fe0354d",
          "457d2b7a-2192-48f2-aef0-d0f8a01e2c15"
        ],
        "settings": {
          "container": "container",
          "grid_layout": "grid",
          "grid_columns": "3",
          "pagination_limit": "12",
          "collection_paginate": "loadmore",
          "show_filter": true,
          "sidebar": "leftColumn"
        }
      },
      "contact-information": {
        "type": "contact-information",
        "settings": {
        }
      },
      "maps": {
        "type": "maps",
        "settings": {
          "textx": "40.6700",
          "texty": "-73.9400",
          "zoom": "11",
          "text2": "New York"
        }
      },
      "contact-template": {
        "type": "contact-template",
        "blocks": {
          "6d1de678-41d1-4fd3-ae31-d633dc76dc9b": {
            "type": "textblock",
            "settings": {
              "title": "Address",
              "content": "<p>7895 Piermont Dr NE Albuquerque, NM 198866, <a href=\"#\">See Our Stores<\/a><\/p>"
            }
          },
          "c392fa35-afbe-42c8-ada8-3914ff1df21c": {
            "type": "textblock",
            "settings": {
              "title": "infomation",
              "content": "<p>+391 (0)35 2568 4593<\/p><p>hello@domain.com<\/p>"
            }
          },
          "b8bce00e-4b56-4639-92b0-657b3ea9d5e1": {
            "type": "socialmedia",
            "settings": {
              "title": "Social Media"
            }
          }
        },
        "block_order": [
          "6d1de678-41d1-4fd3-ae31-d633dc76dc9b",
          "c392fa35-afbe-42c8-ada8-3914ff1df21c",
          "b8bce00e-4b56-4639-92b0-657b3ea9d5e1"
        ],
        "settings": {
          "title": "We would love to hear from you.",
          "description": "<p>If you’ve got great products your making or looking to work with us then drop us a line.<\/p>"
        }
      },
      "product-template": {
        "type": "product-template",
        "settings": {
          "container": "container",
          "layout": "layout-6",
          "show_tags": false,
          "show_vendor": false,
          "show_sku": false,
          "show_categories": false,
          "show_reviews_count": true,
          "show_quantity_selector": true,
          "enable_dynamic_checkout": true,
          "hide_atc_button": false,
          "show_atwl": true,
          "show_atcp": true,
          "show_ask_a_question": true,
          "show_social": true,
          "show_live_views": true,
          "live_views_text": "<p><strong>{{count_number}}<\/strong> <strong>people<\/strong> are viewing this right now<\/p>",
          "live_views_range": "20-30",
          "live_view_duration": "10",
          "live_view_icon_blinks": true,
          "show_delivery_times": true,
          "deliver_text": "<p><strong>Estimated Delivery:<\/strong><\/p>",
          "deliver_days": "3",
          "show_shipping_text": true,
          "shipping_text": "<p><strong>Free Shipping & Returns: <\/strong>On all orders over $75<\/p>",
          "show_trust_badges": true,
          "trust_badges_text": "<p>Guarantee safe & secure checkout<\/p>",
          "trust_badges_image": "shopify:\/\/shop_images\/trustbag.png",
          "trust_badges_image_width": "320px",
          "use_sticky_atc": true,
          "sticky_atc_wishtlist": true,
          "sticky_atc_compare": true
        }
      },
      "product-details-accordion": {
        "type": "product-details-accordion",
        "blocks": {
          "f6d21d36-2225-4c30-b5ad-60fd3743b7ac": {
            "type": "description",
            "settings": {
              "header": "Product description"
            }
          },
          "f6a29786-5a13-4c0a-8a29-9f55c1c327b7": {
            "type": "item",
            "settings": {
              "header": "Shipping and Return",
              "content": "<p>So beautiful you’ll want to show it off, so comfortable you’ll forget it’s there. Our 24\/7™ Lace Contour Plunge Bra combines gorgeous floral lace with sheer overlay straps that hold you in and eliminates gaping. Removable pads let you customize you<\/p>"
            }
          },
          "a5304ac0-e5ea-4cea-b793-39e8395ab436": {
            "type": "reviews",
            "settings": {
              "header": "Product reviews"
            }
          }
        },
        "block_order": [
          "f6d21d36-2225-4c30-b5ad-60fd3743b7ac",
          "f6a29786-5a13-4c0a-8a29-9f55c1c327b7",
          "a5304ac0-e5ea-4cea-b793-39e8395ab436"
        ],
        "settings": {
          "show_accordion": false,
          "use_container": false,
          "position": "bottom_info"
        }
      },
      "product-details-tabs": {
        "type": "product-details-tabs",
        "blocks": {
          "1edfaea4-dca9-462c-9d48-7c8bec97009a": {
            "type": "description",
            "settings": {
              "header": "Product description"
            }
          },
          "3f4ef427-6600-4be1-bba5-656e2ba6bfc2": {
            "type": "tab",
            "settings": {
              "header": "Shipping & Return",
              "content": "<p>So beautiful you’ll want to show it off, so comfortable you’ll forget it’s there. Our 24\/7™ Lace Contour Plunge Bra combines gorgeous floral lace with sheer overlay straps that hold you in and eliminates gaping. Removable pads let you customize you<\/p>"
            }
          },
          "70ac9165-3a48-4bc2-aed9-4e6a88f9cd26": {
            "type": "reviews",
            "settings": {
              "header": "Product reviews"
            }
          }
        },
        "block_order": [
          "1edfaea4-dca9-462c-9d48-7c8bec97009a",
          "3f4ef427-6600-4be1-bba5-656e2ba6bfc2",
          "70ac9165-3a48-4bc2-aed9-4e6a88f9cd26"
        ],
        "settings": {
          "show_product_tabs": true,
          "container": "container",
          "bg_color": ""
        }
      },
      "product-reviews": {
        "type": "product-reviews",
        "settings": {
          "show_product_reviews": false,
          "container": "container-narrow",
          "heading": "Ratings and Reviews"
        }
      },
      "product-recommendations": {
        "type": "product-recommendations",
        "settings": {
          "show_product_recommendations": true,
          "container": "container",
          "heading": "You Might Also Like",
          "limit": 8,
          "columns": 4,
          "column_gap": 30,
          "enable_slider": true
        }
      },
      "recent-viewed-products": {
        "type": "recent-viewed-products",
        "settings": {
          "heading": "Recently Viewed Products",
          "container": "container",
          "columns": 4,
          "column_gap": 30,
          "enable_slider": true,
          "show_product_page": true,
          "show_cart_page": true,
          "show_collection_page": false
        }
      },
      "product-features": {
        "type": "product-features",
        "blocks": {
          "a8d7464b-a36f-4535-b3ac-5a3ddc7acefa": {
            "type": "feature",
            "settings": {
              "image": "shopify:\/\/shop_images\/Frame_1.png",
              "title": "Free Shipping",
              "description": "<p>Get complimentary ground shipping on every <br\/>order.Don’t love it? Send it back, on us.<\/p>",
              "link": ""
            }
          },
          "eff85510-bdc5-4ec8-a07c-44ec9746e9d3": {
            "type": "feature",
            "settings": {
              "image": "shopify:\/\/shop_images\/Frame_2.png",
              "title": "Earn Points",
              "description": "<p>Join Minimog Rewards to earn gift cards<br\/>and enjoy exclusive member benefits.<\/p>",
              "link": ""
            }
          },
          "b58835ac-4a23-40c4-bc97-10f1a971ffd8": {
            "type": "feature",
            "settings": {
              "image": "shopify:\/\/shop_images\/Frame_3.png",
              "title": "Money Back Gurantee",
              "description": "<p>We believe getting dressed should be the<br\/> easiest part of your day.<\/p>",
              "link": ""
            }
          }
        },
        "block_order": [
          "a8d7464b-a36f-4535-b3ac-5a3ddc7acefa",
          "eff85510-bdc5-4ec8-a07c-44ec9746e9d3",
          "b58835ac-4a23-40c4-bc97-10f1a971ffd8"
        ],
        "settings": {
          "show_featured": true,
          "container": "container",
          "heading": "Why Minimog ?",
          "item_per_row": 3,
          "card_style": "vertical",
          "image_max_width": "70px",
          "content_alignment": "center"
        }
      },
      "annoucement": {
        "type": "annoucement",
        "settings": {
          "show_announcement": false,
          "homepage_only": true,
          "show_close": true,
          "message": "Free shipping for all orders from $60+",
          "message_link": "",
          "show_divider": false
        }
      },
      "162651357727ca7322": {
        "type": "icon-box",
        "blocks": {
          "162651357727ca7322-0": {
            "type": "iconbox",
            "settings": {
              "title": "Free Shipping",
              "description": "<p>Free Shipping for orders over £130<\/p>",
              "link": "",
              "button_label": "",
              "button_link": "",
              "button_style": "sf__btn-link",
              "button_size": ""
            }
          },
          "162651357727ca7322-1": {
            "type": "iconbox",
            "settings": {
              "title": "Money Guarantee",
              "description": "<p>Within 30 days for an exchange.<\/p>",
              "link": "",
              "button_label": "",
              "button_link": "",
              "button_style": "sf__btn-link",
              "button_size": ""
            }
          },
          "162651357727ca7322-2": {
            "type": "iconbox",
            "settings": {
              "title": "Online Support",
              "description": "<p>24 hours a day, 7 days a week<\/p>",
              "link": "",
              "button_label": "",
              "button_link": "",
              "button_style": "sf__btn-link",
              "button_size": ""
            }
          },
          "b90b52fa-63bc-4c14-ad2a-1e4bce26be68": {
            "type": "iconbox",
            "settings": {
              "title": "Flexible Payment",
              "description": "<p>Pay with Multiple Credit Cards<\/p>",
              "link": "",
              "button_label": "",
              "button_link": "",
              "button_style": "sf__btn-link",
              "button_size": ""
            }
          }
        },
        "block_order": [
          "162651357727ca7322-0",
          "162651357727ca7322-1",
          "162651357727ca7322-2",
          "b90b52fa-63bc-4c14-ad2a-1e4bce26be68"
        ],
        "settings": {
          "heading": "",
          "subheading": "",
          "description": "",
          "header_alignment": "center",
          "container": "container-fluid",
          "background_color": "#ffffff",
          "item_per_row": 4,
          "item_gap": 30,
          "item_gap_mobile": 10,
          "card_style": "horizontal",
          "image_max_width": "30px",
          "content_alignment": "start",
          "hover_effect": "none",
          "enable_slider": false,
          "show_pagination": false,
          "show_navigation": false,
          "use_scroll_mobile": false,
          "use_grid_column_mb": false,
          "custom_class": "sf__index-icon-box"
        }
      },
      "content-before-products": {
        "type": "content-before-products",
        "settings": {
          "container": "container-fluid",
          "background_color": "",
          "gap": 30,
          "gap_mobile": 16
        }
      },
      "content-after-products": {
        "type": "content-after-products",
        "blocks": {
          "83907ce7-da78-4839-ac76-9eb2b64f11ae": {
            "type": "lookbook",
            "settings": {
              "width": "33%",
              "image": "shopify:\/\/shop_images\/5_5bafdb03-1a47-426b-a242-2283582037e7.jpg",
              "top_1": 27,
              "left_1": 43,
              "product_1": "cotton-jersey-dress",
              "top_2": 63,
              "left_2": 54,
              "product_2": "high-ankle-jeans",
              "top_3": 61,
              "left_3": 48,
              "product_3": "",
              "top_4": 0,
              "left_4": 0,
              "product_4": "",
              "top_5": 20,
              "left_5": 0,
              "product_5": ""
            }
          },
          "751a28b4-6dcc-4fc8-bceb-3cd3150eea11": {
            "type": "lookbook",
            "settings": {
              "width": "33%",
              "image": "shopify:\/\/shop_images\/4_61877650-09f3-4b93-aaf0-be4588122b38.jpg",
              "top_1": 20,
              "left_1": 55,
              "product_1": "cotton-jersey-dress",
              "top_2": 66,
              "left_2": 34,
              "product_2": "mom-high-ankle-jeans",
              "top_3": 60,
              "left_3": 48,
              "product_3": "",
              "top_4": 0,
              "left_4": 0,
              "product_4": "",
              "top_5": 20,
              "left_5": 0,
              "product_5": ""
            }
          },
          "af9afe3a-4490-446b-b9f2-39fcec29d0de": {
            "type": "lookbook",
            "settings": {
              "width": "33%",
              "image": "shopify:\/\/shop_images\/6_b9ff1bae-5a75-466b-bf27-f4101bfb3875.jpg",
              "top_1": 30,
              "left_1": 54,
              "product_1": "cotton-jersey-dress",
              "top_2": 60,
              "left_2": 35,
              "product_2": "high-ankle-jeans",
              "top_3": 61,
              "left_3": 48,
              "product_3": "",
              "top_4": 0,
              "left_4": 0,
              "product_4": "",
              "top_5": 20,
              "left_5": 0,
              "product_5": ""
            }
          }
        },
        "block_order": [
          "83907ce7-da78-4839-ac76-9eb2b64f11ae",
          "751a28b4-6dcc-4fc8-bceb-3cd3150eea11",
          "af9afe3a-4490-446b-b9f2-39fcec29d0de"
        ],
        "settings": {
          "container": "container-fluid",
          "background_color": "",
          "gap": 30,
          "gap_mobile": 16
        }
      },
      "mobile-sticky-bar": {
        "type": "mobile-sticky-bar",
        "settings": {
          "show_mobile_sticky": true,
          "show_home_icon": true,
          "show_collection_icon": true,
          "show_cart_icon": true,
          "show_search_icon": true,
          "show_account_icon": false,
          "show_wishlist_icon": false
        }
      }
    },
    "content_for_index": [
      "16184552193b4706ec",
      "16184584660def4136",
      "1618459461b6f9a6ca",
      "162651357727ca7322"
    ]
  },
  "presets": {
    "Default": {
      "sections": {
        "featured-collection": {
          "type": "featured-collection",
          "settings": {
            "collection": "frontpage"
          }
        },
        "featured-product": {
          "type": "featured-product",
          "settings": {
          }
        }
      },
      "content_for_index": [
        "featured-collection",
        "featured-product"
      ]
    }
  }
}