[{"name":"theme_info","theme_name":"Symmetry","theme_author":"Clean Themes","theme_version":"3.0.11","theme_documentation_url":"http:\/\/cleanthemes.co.uk\/support\/symmetry\/","theme_support_url":"http:\/\/cleanthemes.co.uk\/support\/symmetry\/"},{"name":"Layout","settings":[{"type":"checkbox","id":"lightbox_imgs","label":"Use lightbox for any images in text areas (blogs\/pages\/product descriptions)"},{"type":"checkbox","id":"use_fullwidth_layout","label":"Use full-width layout on home, collection and blog pages","default":true}]},{"name":"Colors","settings":[{"type":"header","content":"Text"},{"type":"color","id":"font_col_base","label":"Base"},{"type":"color","id":"font_col_link","label":"Links"},{"type":"color","id":"font_col_link_hover","label":"Links - hover"},{"type":"color","id":"font_col_heads","label":"Headings"},{"type":"color","id":"font_col_shoptitle","label":"Store name"},{"type":"header","content":"Buttons"},{"type":"color","id":"btn_col","label":"Background"},{"type":"color","id":"btn_col_alt","label":"Background hover"},{"type":"color","id":"btn_col_txt","label":"Text"},{"type":"header","content":"Background"},{"type":"color","id":"bg_col","label":"Color"},{"type":"image_picker","id":"bg_image","label":"Image"},{"type":"select","id":"bg_method","label":"Repeat","options":[{"value":"repeatxy","label":"Tile\/repeat"},{"value":"centertop-repeatx","label":"Repeat horizontally"},{"value":"centertop-repeaty","label":"Repeat vertically"},{"value":"centertop-norepeat","label":"Top center, no repeat"}]},{"type":"header","content":"Header"},{"type":"color","id":"head_bg_col","label":"Background"},{"type":"color","id":"head_txt_col","label":"Text"},{"type":"header","content":"Main menu"},{"type":"color","id":"head_nav_div_col","label":"Dividing lines"},{"type":"color","id":"font_col_nav","label":"Text"},{"type":"color","id":"font_col_nav_hov","label":"Text hover"},{"type":"color","id":"font_col_nav_acct","label":"Account links"},{"type":"color","id":"panel_nav_bg","label":"Background"},{"type":"select","id":"panel_nav_bg_gradation","label":"Submenu backgrounds","options":[{"value":"darken","label":"Darken"},{"value":"lighten","label":"Lighten"},{"value":"same","label":"Stay the same"}],"default":"darken"},{"type":"color","id":"not_shade_bg","label":"Cart drawer background"},{"type":"header","content":"Store messages"},{"type":"color","id":"head_not_col_bg","label":"Background","default":"#ffffff"},{"type":"color","id":"head_not_col_txt1","label":"Text line 1","default":"#3d4c4f"},{"type":"color","id":"head_not_col_txt2","label":"Text line 2","default":"#8a8f93"},{"type":"header","content":"Product overlay"},{"type":"color","id":"prod_hov_bg","label":"Background"},{"type":"header","content":"Product quick-buy"},{"type":"color","id":"prod_thumb_detail_bg","label":"Background"},{"type":"color","id":"prod_thumb_detail_col","label":"Text"},{"type":"color","id":"prod_thumb_detail_col_a","label":"Link"},{"type":"select","id":"prod_thumb_detail_close_img","label":"Close button","options":[{"value":"dark","label":"Dark"},{"value":"light","label":"Light"}]},{"type":"header","content":"Product icons"},{"type":"color","id":"coll_col_st_txt","label":"Text"},{"type":"color","id":"coll_col_sale","label":"Sale background"},{"type":"color","id":"coll_col_sold","label":"Sold out background"},{"type":"color","id":"coll_col_gen","label":"Custom text background"},{"type":"header","content":"Cross page promos"},{"type":"color","id":"cross_page_promo_bg","label":"Background","default":"#ffffff"},{"type":"color","id":"cross_page_promo_color","label":"Text and icon color","default":"#454564"},{"type":"header","content":"Footer"},{"type":"color","id":"foot_bg_col","label":"Background","default":"#ffffff"},{"type":"color","id":"foot_text_col","label":"Text","default":"#777777"},{"type":"color","id":"foot_divider_col","label":"Dividing lines","default":"#e2e2e2"}]},{"name":"Typography","settings":[{"type":"select","id":"font_fam_base","label":"Base","options":[{"value":"'Codystar', cursive","label":"Codystar","group":"My added fonts"},{"value":"'El Messiri', sans-serif","label":"El Messiri","group":"My added fonts"},{"value":"'Suravaram', serif","label":"Suravaram","group":"My added fonts"},{"value":"Arial, sans-serif","label":"Arial","group":"Web Safe"},{"value":"Georgia, Utopia, 'Times New Roman', Times, serif","label":"Georgia","group":"Web Safe"},{"value":"'Times New Roman', Times, serif","label":"Times New Roman","group":"Web Safe"},{"value":"GWF|Amatic+SC:400,700","label":"Amatic SC","group":"Google Web Fonts"},{"value":"GWF|Cardo:400,400italic,700","label":"Cardo","group":"Google Web Fonts"},{"value":"GWF|Droid+Sans:400,700","label":"Droid Sans","group":"Google Web Fonts"},{"value":"GWF|Karla:400,700","label":"Karla","group":"Google Web Fonts"},{"value":"GWF|Lato:400,700","label":"Lato","group":"Google Web Fonts"},{"value":"GWF|Lora:400,700","label":"Lora","group":"Google Web Fonts"},{"value":"GWF|Merriweather:400,700","label":"Merriweather","group":"Google Web Fonts"},{"value":"GWF|Montserrat:400,700","label":"Montserrat","group":"Google Web Fonts"},{"value":"GWF|Old+Standard+TT:400,700","label":"Old Standard TT","group":"Google Web Fonts"},{"value":"GWF|Open+Sans:400,700","label":"Open Sans","group":"Google Web Fonts"},{"value":"GWF|Oswald:400,700","label":"Oswald","group":"Google Web Fonts"},{"value":"GWF|PT+Sans:400,700","label":"PT Sans","group":"Google Web Fonts"},{"value":"GWF|PT+Serif:400,700","label":"PT Serif","group":"Google Web Fonts"},{"value":"GWF|Quantico:400,700","label":"Quantico","group":"Google Web Fonts"},{"value":"GWF|Raleway:400,700","label":"Raleway","group":"Google Web Fonts"},{"value":"GWF|Roboto+Condensed:400,700","label":"Roboto Condensed","group":"Google Web Fonts"},{"value":"GWF|Shadows+Into+Light","label":"Shadows Into Light","group":"Google Web Fonts"},{"value":"GWF|Source+Sans+Pro:400,700","label":"Source Sans Pro","group":"Google Web Fonts"},{"value":"GWF|Ubuntu:400,700","label":"Ubuntu","group":"Google Web Fonts"}]},{"type":"select","id":"font_fam_headings","label":"Headings","options":[{"value":"'Codystar', cursive","label":"Codystar","group":"My added fonts"},{"value":"'El Messiri', sans-serif","label":"El Messiri","group":"My added fonts"},{"value":"'Suravaram', serif","label":"Suravaram","group":"My added fonts"},{"value":"Arial, sans-serif","label":"Arial","group":"Web Safe"},{"value":"Georgia, Utopia, 'Times New Roman', Times, serif","label":"Georgia","group":"Web Safe"},{"value":"'Times New Roman', Times, serif","label":"Times New Roman","group":"Web Safe"},{"value":"GWF|Amatic+SC:400,700","label":"Amatic SC","group":"Google Web Fonts"},{"value":"GWF|Cardo:400,400italic,700","label":"Cardo","group":"Google Web Fonts"},{"value":"GWF|Droid+Sans:400,700","label":"Droid Sans","group":"Google Web Fonts"},{"value":"GWF|Karla:400,700","label":"Karla","group":"Google Web Fonts"},{"value":"GWF|Lato:400,700","label":"Lato","group":"Google Web Fonts"},{"value":"GWF|Lora:400,700","label":"Lora","group":"Google Web Fonts"},{"value":"GWF|Merriweather:400,700","label":"Merriweather","group":"Google Web Fonts"},{"value":"GWF|Montserrat:400,700","label":"Montserrat","group":"Google Web Fonts"},{"value":"GWF|Old+Standard+TT:400,700","label":"Old Standard TT","group":"Google Web Fonts"},{"value":"GWF|Open+Sans:400,700","label":"Open Sans","group":"Google Web Fonts"},{"value":"GWF|Oswald:400,700","label":"Oswald","group":"Google Web Fonts"},{"value":"GWF|PT+Sans:400,700","label":"PT Sans","group":"Google Web Fonts"},{"value":"GWF|PT+Serif:400,700","label":"PT Serif","group":"Google Web Fonts"},{"value":"GWF|Quantico:400,700","label":"Quantico","group":"Google Web Fonts"},{"value":"GWF|Raleway:400,700","label":"Raleway","group":"Google Web Fonts"},{"value":"GWF|Roboto+Condensed:400,700","label":"Roboto Condensed","group":"Google Web Fonts"},{"value":"GWF|Shadows+Into+Light","label":"Shadows Into Light","group":"Google Web Fonts"},{"value":"GWF|Source+Sans+Pro:400,700","label":"Source Sans Pro","group":"Google Web Fonts"},{"value":"GWF|Ubuntu:400,700","label":"Ubuntu","group":"Google Web Fonts"}]},{"type":"select","id":"font_fam_shoptitle","label":"Store name (if used instead of logo image)","options":[{"value":"'Codystar', cursive","label":"Codystar","group":"My added fonts"},{"value":"'El Messiri', sans-serif","label":"El Messiri","group":"My added fonts"},{"value":"'Suravaram', serif","label":"Suravaram","group":"My added fonts"},{"value":"Arial, sans-serif","label":"Arial","group":"Web Safe"},{"value":"Georgia, Utopia, 'Times New Roman', Times, serif","label":"Georgia","group":"Web Safe"},{"value":"'Times New Roman', Times, serif","label":"Times New Roman","group":"Web Safe"},{"value":"GWF|Amatic+SC:400,700","label":"Amatic SC","group":"Google Web Fonts"},{"value":"GWF|Cardo:400,400italic,700","label":"Cardo","group":"Google Web Fonts"},{"value":"GWF|Droid+Sans:400,700","label":"Droid Sans","group":"Google Web Fonts"},{"value":"GWF|Karla:400,700","label":"Karla","group":"Google Web Fonts"},{"value":"GWF|Lato:400,700","label":"Lato","group":"Google Web Fonts"},{"value":"GWF|Lora:400,700","label":"Lora","group":"Google Web Fonts"},{"value":"GWF|Merriweather:400,700","label":"Merriweather","group":"Google Web Fonts"},{"value":"GWF|Montserrat:400,700","label":"Montserrat","group":"Google Web Fonts"},{"value":"GWF|Old+Standard+TT:400,700","label":"Old Standard TT","group":"Google Web Fonts"},{"value":"GWF|Open+Sans:400,700","label":"Open Sans","group":"Google Web Fonts"},{"value":"GWF|Oswald:400,700","label":"Oswald","group":"Google Web Fonts"},{"value":"GWF|PT+Sans:400,700","label":"PT Sans","group":"Google Web Fonts"},{"value":"GWF|PT+Serif:400,700","label":"PT Serif","group":"Google Web Fonts"},{"value":"GWF|Quantico:400,700","label":"Quantico","group":"Google Web Fonts"},{"value":"GWF|Raleway:400,700","label":"Raleway","group":"Google Web Fonts"},{"value":"GWF|Roboto+Condensed:400,700","label":"Roboto Condensed","group":"Google Web Fonts"},{"value":"GWF|Shadows+Into+Light","label":"Shadows Into Light","group":"Google Web Fonts"},{"value":"GWF|Source+Sans+Pro:400,700","label":"Source Sans Pro","group":"Google Web Fonts"},{"value":"GWF|Ubuntu:400,700","label":"Ubuntu","group":"Google Web Fonts"}]},{"type":"select","id":"font_fam_nav","label":"Main menu","options":[{"value":"'Codystar', cursive","label":"Codystar","group":"My added fonts"},{"value":"'El Messiri', sans-serif","label":"El Messiri","group":"My added fonts"},{"value":"'Suravaram', serif","label":"Suravaram","group":"My added fonts"},{"value":"Arial, sans-serif","label":"Arial","group":"Web Safe"},{"value":"Georgia, Utopia, 'Times New Roman', Times, serif","label":"Georgia","group":"Web Safe"},{"value":"'Times New Roman', Times, serif","label":"Times New Roman","group":"Web Safe"},{"value":"GWF|Amatic+SC:400,700","label":"Amatic SC","group":"Google Web Fonts"},{"value":"GWF|Cardo:400,400italic,700","label":"Cardo","group":"Google Web Fonts"},{"value":"GWF|Droid+Sans:400,700","label":"Droid Sans","group":"Google Web Fonts"},{"value":"GWF|Karla:400,700","label":"Karla","group":"Google Web Fonts"},{"value":"GWF|Lato:400,700","label":"Lato","group":"Google Web Fonts"},{"value":"GWF|Lora:400,700","label":"Lora","group":"Google Web Fonts"},{"value":"GWF|Merriweather:400,700","label":"Merriweather","group":"Google Web Fonts"},{"value":"GWF|Montserrat:400,700","label":"Montserrat","group":"Google Web Fonts"},{"value":"GWF|Old+Standard+TT:400,700","label":"Old Standard TT","group":"Google Web Fonts"},{"value":"GWF|Open+Sans:400,700","label":"Open Sans","group":"Google Web Fonts"},{"value":"GWF|Oswald:400,700","label":"Oswald","group":"Google Web Fonts"},{"value":"GWF|PT+Sans:400,700","label":"PT Sans","group":"Google Web Fonts"},{"value":"GWF|PT+Serif:400,700","label":"PT Serif","group":"Google Web Fonts"},{"value":"GWF|Quantico:400,700","label":"Quantico","group":"Google Web Fonts"},{"value":"GWF|Raleway:400,700","label":"Raleway","group":"Google Web Fonts"},{"value":"GWF|Roboto+Condensed:400,700","label":"Roboto Condensed","group":"Google Web Fonts"},{"value":"GWF|Shadows+Into+Light","label":"Shadows Into Light","group":"Google Web Fonts"},{"value":"GWF|Source+Sans+Pro:400,700","label":"Source Sans Pro","group":"Google Web Fonts"},{"value":"GWF|Ubuntu:400,700","label":"Ubuntu","group":"Google Web Fonts"}]},{"type":"select","id":"font_fam_special","label":"Buttons and product icons","options":[{"value":"'Codystar', cursive","label":"Codystar","group":"My added fonts"},{"value":"'El Messiri', sans-serif","label":"El Messiri","group":"My added fonts"},{"value":"'Suravaram', serif","label":"Suravaram","group":"My added fonts"},{"value":"Arial, sans-serif","label":"Arial","group":"Web Safe"},{"value":"Georgia, Utopia, 'Times New Roman', Times, serif","label":"Georgia","group":"Web Safe"},{"value":"'Times New Roman', Times, serif","label":"Times New Roman","group":"Web Safe"},{"value":"GWF|Amatic+SC:400,700","label":"Amatic SC","group":"Google Web Fonts"},{"value":"GWF|Cardo:400,400italic,700","label":"Cardo","group":"Google Web Fonts"},{"value":"GWF|Droid+Sans:400,700","label":"Droid Sans","group":"Google Web Fonts"},{"value":"GWF|Karla:400,700","label":"Karla","group":"Google Web Fonts"},{"value":"GWF|Lato:400,700","label":"Lato","group":"Google Web Fonts"},{"value":"GWF|Lora:400,700","label":"Lora","group":"Google Web Fonts"},{"value":"GWF|Merriweather:400,700","label":"Merriweather","group":"Google Web Fonts"},{"value":"GWF|Montserrat:400,700","label":"Montserrat","group":"Google Web Fonts"},{"value":"GWF|Old+Standard+TT:400,700","label":"Old Standard TT","group":"Google Web Fonts"},{"value":"GWF|Open+Sans:400,700","label":"Open Sans","group":"Google Web Fonts"},{"value":"GWF|Oswald:400,700","label":"Oswald","group":"Google Web Fonts"},{"value":"GWF|PT+Sans:400,700","label":"PT Sans","group":"Google Web Fonts"},{"value":"GWF|PT+Serif:400,700","label":"PT Serif","group":"Google Web Fonts"},{"value":"GWF|Quantico:400,700","label":"Quantico","group":"Google Web Fonts"},{"value":"GWF|Raleway:400,700","label":"Raleway","group":"Google Web Fonts"},{"value":"GWF|Roboto+Condensed:400,700","label":"Roboto Condensed","group":"Google Web Fonts"},{"value":"GWF|Shadows+Into+Light","label":"Shadows Into Light","group":"Google Web Fonts"},{"value":"GWF|Source+Sans+Pro:400,700","label":"Source Sans Pro","group":"Google Web Fonts"},{"value":"GWF|Ubuntu:400,700","label":"Ubuntu","group":"Google Web Fonts"}]},{"type":"select","id":"font_size_base","label":"Base font size","options":[{"value":"'Codystar', cursive","label":"Codystar","group":"My added fonts"},{"value":"'El Messiri', sans-serif","label":"El Messiri","group":"My added fonts"},{"value":"'Suravaram', serif","label":"Suravaram","group":"My added fonts"},{"value":"12","label":"12px"},{"value":"13","label":"13px"},{"value":"14","label":"14px"},{"value":"15","label":"15px"},{"value":"16","label":"16px"},{"value":"17","label":"17px"},{"value":"18","label":"18px"},{"value":"19","label":"19px"},{"value":"20","label":"20px"}],"default":"15"},{"type":"select","id":"font_size_slideshow","label":"Home page slideshow font size","options":[{"value":"'Codystar', cursive","label":"Codystar","group":"My added fonts"},{"value":"'El Messiri', sans-serif","label":"El Messiri","group":"My added fonts"},{"value":"'Suravaram', serif","label":"Suravaram","group":"My added fonts"},{"value":"1","label":"Small"},{"value":"1.4","label":"Medium"},{"value":"1.8","label":"Large"}],"default":"1.4"}]},{"name":"Products","settings":[{"type":"header","content":"Details"},{"type":"checkbox","id":"prod_show_vendor","label":"Show vendor","default":true},{"type":"checkbox","id":"prod_show_sku","label":"Show SKU","default":false},{"type":"header","content":"Listing"},{"type":"checkbox","id":"prod_thumb_detail_show","label":"Enable quick-buy"},{"type":"select","id":"prod_thumb_height","label":"Image height","options":[{"value":"200","label":"Small"},{"value":"255","label":"Medium"},{"value":"347","label":"Large"}],"default":"347"},{"type":"checkbox","id":"prod_thumb_variable_width","label":"Use variable-width product thumbnails","default":true},{"type":"select","id":"prod_hov_type","label":"Title and price position","options":[{"value":"'Codystar', cursive","label":"Codystar","group":"My added fonts"},{"value":"'El Messiri', sans-serif","label":"El Messiri","group":"My added fonts"},{"value":"'Suravaram', serif","label":"Suravaram","group":"My added fonts"},{"value":"permanent","label":"Underneath image"},{"value":"hover","label":"Over image, shows on hover"}],"default":"permanent"},{"type":"header","content":"Icons"},{"type":"select","id":"prod_block_label_loc","label":"Icon location","options":[{"value":"'Codystar', cursive","label":"Codystar","group":"My added fonts"},{"value":"'El Messiri', sans-serif","label":"El Messiri","group":"My added fonts"},{"value":"'Suravaram', serif","label":"Suravaram","group":"My added fonts"},{"value":"t","label":"Top"},{"value":"c","label":"Middle"},{"value":"b","label":"Bottom"},{"value":"hide","label":"Nowhere (hide)"}]},{"type":"checkbox","id":"prod_stock_warn_show","label":"Enable low inventory","default":true},{"type":"select","id":"prod_stock_warn_limit","label":"Low inventory limit","options":[{"value":"'Codystar', cursive","label":"Codystar","group":"My added fonts"},{"value":"'El Messiri', sans-serif","label":"El Messiri","group":"My added fonts"},{"value":"'Suravaram', serif","label":"Suravaram","group":"My added fonts"},{"value":"3","label":"3"},{"value":"5","label":"5"},{"value":"10","label":"10"},{"value":"20","label":"20"}],"info":"For single variant products only","default":"5"}]},{"name":"Social media","settings":[{"type":"header","content":"Accounts"},{"type":"text","id":"social_twitter_url","label":"Twitter","info":"https:\/\/twitter.com\/shopify"},{"type":"text","id":"social_facebook_url","label":"Facebook","info":"https:\/\/facebook.com\/shopify"},{"type":"text","id":"social_pinterest_url","label":"Pinterest","info":"https:\/\/pinterest.com\/shopify"},{"type":"text","id":"social_tumblr_url","label":"Tumblr","info":"https:\/\/shopify.tumblr.com"},{"type":"text","id":"social_vimeo_url","label":"Vimeo","info":"https:\/\/vimeo.com\/shopify"},{"type":"text","id":"social_youtube_url","label":"Youtube","info":"https:\/\/youtube.com\/user\/shopify"},{"type":"text","id":"social_instagram_url","label":"Instagram","info":"https:\/\/instagram.com\/shopify"},{"type":"text","id":"social_google_url","label":"Google Plus","info":"https:\/\/plus.google.com\/+shopify"},{"type":"text","id":"social_rss_url","label":"RSS","info":"https:\/\/myblog.com\/feed.rss"},{"type":"checkbox","id":"soc_icons_double","label":"Use large icons"}]},{"name":"Search","settings":[{"type":"select","id":"search_type","label":"Search only...","default":"product","options":[{"value":"'Codystar', cursive","label":"Codystar","group":"My added fonts"},{"value":"'El Messiri', sans-serif","label":"El Messiri","group":"My added fonts"},{"value":"'Suravaram', serif","label":"Suravaram","group":"My added fonts"},{"value":"product","label":"Products"},{"value":"product,page","label":"Products and pages"},{"value":"product,article","label":"Products and articles"},{"value":"product,article,page","label":"Products, articles and pages"}]}]},{"name":"Favicon","settings":[{"type":"image_picker","id":"favicon","label":"Image","info":"32 x 32px .png recommended"}]},{"name":"Cart","settings":[{"type":"select","id":"cart_type","label":"Cart type","options":[{"value":"drawer","label":"Drawer"},{"value":"page","label":"Page"}],"default":"drawer"}]},{"name":"Currency","settings":[{"type":"paragraph","content":"To offer multiple currencies on your online store, you must first [edit your store's currency formatting](https:\/\/docs.shopify.com\/support\/settings\/general\/tell-my-script-where-to-find-money-formats)."},{"type":"checkbox","id":"show_multiple_currencies","label":"Enable currency conversion","default":true,"info":"Even though prices are displayed in different currencies, orders will still be processed in your store's currency."},{"type":"select","id":"currency_format","label":"Format","options":[{"value":"money_format","label":"Without currency ($10.00)"},{"value":"money_with_currency_format","label":"With currency ($10.00 CAD)"}],"default":"money_with_currency_format"},{"type":"text","id":"supported_currencies","label":"Supported currencies","default":"INR GBP CAD USD AUD EUR JPY","info":"Use the country's ISO [currency code](http:\/\/www.xe.com\/iso4217.php). Separate your currency codes with a space."},{"type":"text","id":"default_currency","label":"Default currency","default":"USD"}]}]