{"presets":{"Salt Yard":{"lightbox_imgs":true,"use_fullwidth_layout":true,"use_logo_img":false,"logo":"","logo_img_width":"300","bg_col":"#ffffff","bg_image":"","bg_method":"repeatxy","font_col_base":"#8a8f93","font_col_link":"#3d4c4f","font_col_link_hover":"#8a8f93","font_col_heads":"#232323","font_col_shoptitle":"#232323","btn_col":"#232323","btn_col_alt":"#000000","btn_col_txt":"#ffffff","head_bg_col":"#ffffff","head_txt_col":"#232323","head_nav_div_col":"#e2e2e2","font_col_nav":"#8a8f93","font_col_nav_hov":"#000000","font_col_nav_acct":"#8a8f93","panel_nav_bg":"#ffffff","panel_nav_bg_gradation":"darken","not_shade_bg":"#fafafa","head_not_col_bg":"#ffffff","head_not_col_txt1":"#232323","head_not_col_txt2":"#8a8f93","slide_bg_col":"rgba(0,0,0,0)","slide_txt_col":"#ffffff","slide_txt_bg_col":"rgba(0,0,0,0)","home_sec_signup_bg":"#fafafa","home_overlay_txt_col":"#ffffff","home_sec_collection_bg":"#fafafa","prod_hov_bg":"#ffffff","prod_thumb_detail_bg":"#ffffff","prod_thumb_detail_col":"#232323","prod_thumb_detail_col_a":"#e95144","prod_thumb_detail_close_img":"dark","coll_col_st_txt":"#ffffff","coll_col_sale":"#ebc2c1","coll_col_sold":"#232323","coll_col_gen":"#8da5d0","cross_page_promo_bg":"#f5f5f5","cross_page_promo_color":"#232323","foot_bg_col":"#fafafa","foot_text_col":"#232323","foot_divider_col":"#e2e2e2","font_fam_base":"GWF|Lato:400,700","font_fam_headings":"GWF|Cardo:400,400italic,700","font_fam_shoptitle":"GWF|Cardo:400,400italic,700","font_fam_nav":"GWF|Lato:400,700","font_fam_special":"GWF|Lato:400,700","font_size_base":"15","font_size_slideshow":"1.4","prod_thumb_detail_show":true,"prod_thumb_height":"347","prod_thumb_variable_width":true,"prod_hov_type":"permanent","prod_block_label_loc":"c","prod_stock_warn_show":true,"prod_stock_warn_limit":"5","prod_show_vendor":true,"prod_show_sku":false,"soc_icons_double":false,"cart_type":"drawer","show_multiple_currencies":false,"currency_format":"money_format","supported_currencies":"CAD USD GBP","default_currency":"USD","checkout_use_header_image":true,"checkout_header_image":"","checkout_logo":"","checkout_logo_image":"","checkout_logo_position":"left","checkout_logo_size":"medium","checkout_use_body_background_image":false,"checkout_body_background_image":"","checkout_body_background_color":"#ffffff","checkout_input_background_color_mode":"white","checkout_use_sidebar_background_image":false,"checkout_sidebar_background_image":"","checkout_sidebar_background_color":"#fafafa","checkout_heading_font":"Helvetica Neue","checkout_body_font":"Helvetica Neue","checkout_accent_color":"#2a9dcc","checkout_button_color":"#2a9dcc","checkout_error_color":"#ff6d6d"},"Chantilly":{"lightbox_imgs":true,"use_fullwidth_layout":false,"use_logo_img":false,"logo":"","logo_img_width":"350","bg_col":"#ffffff","bg_image":"","bg_method":"repeatxy","font_col_base":"#8a8f93","font_col_link":"#3d4c4f","font_col_link_hover":"#ec008c","font_col_heads":"#464e54","font_col_shoptitle":"#464e54","btn_col":"#464e54","btn_col_alt":"#ec008c","btn_col_txt":"#ffffff","head_bg_col":"#ffffff","head_txt_col":"#3d4c4f","head_nav_div_col":"#e2e2e2","font_col_nav":"#6a6a6a","font_col_nav_hov":"#ec008c","font_col_nav_acct":"#000000","panel_nav_bg":"#ffffff","panel_nav_bg_gradation":"same","not_shade_bg":"#fafafa","head_not_col_bg":"rgba(0,0,0,0)","head_not_col_txt1":"#3d4c4f","head_not_col_txt2":"#8a8f93","slide_bg_col":"rgba(0,0,0,0)","slide_txt_col":"#ffffff","slide_txt_bg_col":"rgba(0,0,0,0)","home_sec_signup_bg":"#fafafa","home_overlay_txt_col":"#ffffff","home_sec_collection_bg":"rgba(0,0,0,0)","prod_hov_bg":"#ffffff","prod_thumb_detail_bg":"#e2e2de","prod_thumb_detail_col":"#3d4c4f","prod_thumb_detail_col_a":"#ec008c","prod_thumb_detail_close_img":"dark","coll_col_st_txt":"#ffffff","coll_col_sale":"#ec008c","coll_col_sold":"#464e54","coll_col_gen":"#1bba8c","cross_page_promo_bg":"#e2e2de","cross_page_promo_color":"#0a1634","foot_bg_col":"#ffffff","foot_text_col":"#0a1634","foot_divider_col":"#e2e2e2","font_fam_base":"GWF|Lato:400,700","font_fam_headings":"GWF|Shadows+Into+Light","font_fam_shoptitle":"GWF|Shadows+Into+Light","font_fam_nav":"GWF|Lato:400,700","font_fam_special":"GWF|Lato:400,700","font_size_base":"15","font_size_slideshow":"1.8","prod_thumb_detail_show":true,"prod_thumb_height":"255","prod_thumb_variable_width":true,"prod_hov_type":"permanent","prod_block_label_loc":"c","prod_stock_warn_show":true,"prod_stock_warn_limit":"5","prod_show_vendor":true,"prod_show_sku":false,"soc_icons_double":false,"cart_type":"drawer","show_multiple_currencies":false,"currency_format":"money_format","supported_currencies":"CAD USD GBP","default_currency":"USD","checkout_use_header_image":true,"checkout_header_image":"","checkout_logo":"","checkout_logo_image":"","checkout_logo_position":"left","checkout_logo_size":"medium","checkout_use_body_background_image":false,"checkout_body_background_image":"","checkout_body_background_color":"#ffffff","checkout_input_background_color_mode":"white","checkout_use_sidebar_background_image":false,"checkout_sidebar_background_image":"","checkout_sidebar_background_color":"#fafafa","checkout_heading_font":"Helvetica Neue","checkout_body_font":"Helvetica Neue","checkout_accent_color":"#2a9dcc","checkout_button_color":"#2a9dcc","checkout_error_color":"#ff6d6d"},"Beatnik":{"lightbox_imgs":true,"use_fullwidth_layout":true,"use_logo_img":true,"logo":"shopify:\/\/shop_images\/logo-1.png","logo_img_width":"129","bg_col":"#f2f2f2","bg_image":"","bg_method":"repeatxy","font_col_base":"#8a8f93","font_col_link":"#3d4c4f","font_col_link_hover":"#00a2e1","font_col_heads":"#3f4b57","font_col_shoptitle":"#3f4b57","btn_col":"#00a2e1","btn_col_alt":"#00b0f3","btn_col_txt":"#ffffff","head_bg_col":"#f2f2f2","head_txt_col":"#3f4b57","head_nav_div_col":"#d1d6d9","font_col_nav":"#3f4b57","font_col_nav_hov":"#00a2e1","font_col_nav_acct":"#999999","panel_nav_bg":"#f2f2f2","panel_nav_bg_gradation":"same","not_shade_bg":"#fafafa","head_not_col_bg":"#f2f2f2","head_not_col_txt1":"#3f4b57","head_not_col_txt2":"#8a8f93","slide_bg_col":"rgba(0,0,0,0)","slide_txt_col":"#ffffff","slide_txt_bg_col":"rgba(0,0,0,0)","home_sec_signup_bg":"#fafafa","home_overlay_txt_col":"#3f4b57","home_sec_collection_bg":"#f2f2f2","prod_hov_bg":"#ffffff","prod_thumb_detail_bg":"#f2f2f2","prod_thumb_detail_col":"#3f4b57","prod_thumb_detail_col_a":"#00a2e1","prod_thumb_detail_close_img":"dark","coll_col_st_txt":"#ffffff","coll_col_sale":"#1c223f","coll_col_sold":"#3f4b57","coll_col_gen":"#3f51b5","cross_page_promo_bg":"#1c223f","cross_page_promo_color":"#ffffff","foot_bg_col":"#fafafa","foot_text_col":"#3f4b57","foot_divider_col":"#d1d6d9","font_fam_base":"GWF|Cardo:400,400italic,700","font_fam_headings":"GWF|Karla:400,700","font_fam_shoptitle":"GWF|Karla:400,700","font_fam_nav":"GWF|Karla:400,700","font_fam_special":"GWF|Karla:400,700","font_size_base":"15","font_size_slideshow":"1","prod_thumb_detail_show":true,"prod_thumb_height":"255","prod_thumb_variable_width":true,"prod_hov_type":"permanent","prod_block_label_loc":"c","prod_stock_warn_show":true,"prod_stock_warn_limit":"5","prod_show_vendor":true,"prod_show_sku":false,"soc_icons_double":false,"cart_type":"drawer","show_multiple_currencies":false,"currency_format":"money_format","supported_currencies":"CAD USD GBP","default_currency":"USD","checkout_use_header_image":true,"checkout_header_image":"","checkout_logo":"","checkout_logo_image":"","checkout_logo_position":"left","checkout_logo_size":"medium","checkout_use_body_background_image":false,"checkout_body_background_image":"","checkout_body_background_color":"#ffffff","checkout_input_background_color_mode":"white","checkout_use_sidebar_background_image":false,"checkout_sidebar_background_image":"","checkout_sidebar_background_color":"#fafafa","checkout_heading_font":"Helvetica Neue","checkout_body_font":"Helvetica Neue","checkout_accent_color":"#2a9dcc","checkout_button_color":"#2a9dcc","checkout_error_color":"#ff6d6d"},"Duke":{"lightbox_imgs":true,"use_fullwidth_layout":true,"use_logo_img":false,"logo":"","logo_img_width":"350","bg_col":"#ffffff","bg_image":"","bg_method":"repeatxy","font_col_base":"#8a8f93","font_col_link":"#3d4c4f","font_col_link_hover":"#e94b3f","font_col_heads":"#464e54","font_col_shoptitle":"#464e54","btn_col":"#eb2626","btn_col_alt":"#464e54","btn_col_txt":"#ffffff","head_bg_col":"#ffffff","head_txt_col":"#464e54","head_nav_div_col":"#d9d9d4","font_col_nav":"#464e54","font_col_nav_hov":"#eb2626","font_col_nav_acct":"#999999","panel_nav_bg":"#ffffff","panel_nav_bg_gradation":"darken","not_shade_bg":"#fafafa","head_not_col_bg":"#ffffff","head_not_col_txt1":"#464e54","head_not_col_txt2":"#8a8f93","slide_bg_col":"rgba(0,0,0,0)","slide_txt_col":"#ffffff","slide_txt_bg_col":"rgba(0,0,0,0)","home_sec_signup_bg":"#ffffff","home_overlay_txt_col":"#ffffff","home_sec_collection_bg":"#ffffff","prod_hov_bg":"#ffffff","prod_thumb_detail_bg":"#eaeaea","prod_thumb_detail_col":"#464e54","prod_thumb_detail_col_a":"#eb2626","prod_thumb_detail_close_img":"dark","coll_col_st_txt":"#ffffff","coll_col_sale":"#e94b3f","coll_col_sold":"#464e54","coll_col_gen":"#bacee3","cross_page_promo_bg":"#f5f5f5","cross_page_promo_color":"#0a1634","foot_bg_col":"#ffffff","foot_text_col":"#464e54","foot_divider_col":"#e2e2e2","font_fam_base":"GWF|Open+Sans:400,700","font_fam_headings":"GWF|Quantico:400,700","font_fam_shoptitle":"GWF|Quantico:400,700","font_fam_nav":"GWF|Quantico:400,700","font_fam_special":"GWF|Lato:400,700","font_size_base":"15","font_size_slideshow":"1.4","prod_thumb_detail_show":true,"prod_thumb_height":"347","prod_thumb_variable_width":true,"prod_hov_type":"permanent","prod_block_label_loc":"c","prod_stock_warn_show":true,"prod_stock_warn_limit":"5","prod_show_vendor":true,"prod_show_sku":false,"soc_icons_double":false,"cart_type":"drawer","show_multiple_currencies":false,"currency_format":"money_format","supported_currencies":"CAD USD GBP","default_currency":"USD","checkout_use_header_image":true,"checkout_header_image":"","checkout_logo":"","checkout_logo_image":"","checkout_logo_position":"left","checkout_logo_size":"medium","checkout_use_body_background_image":false,"checkout_body_background_image":"","checkout_body_background_color":"#ffffff","checkout_input_background_color_mode":"white","checkout_use_sidebar_background_image":false,"checkout_sidebar_background_image":"","checkout_sidebar_background_color":"#fafafa","checkout_heading_font":"Helvetica Neue","checkout_body_font":"Helvetica Neue","checkout_accent_color":"#2a9dcc","checkout_button_color":"#2a9dcc","checkout_error_color":"#ff6d6d"}},"current":{"lightbox_imgs":true,"use_fullwidth_layout":true,"font_col_base":"#c79e74","font_col_link":"#3d4c4f","font_col_link_hover":"#8a8f93","font_col_heads":"#c79e74","font_col_shoptitle":"#232323","btn_col":"#c79e74","btn_col_alt":"#000000","btn_col_txt":"#ffffff","bg_col":"#ffffff","bg_image":"","bg_method":"repeatxy","head_bg_col":"#ffffff","head_txt_col":"#c79e74","head_nav_div_col":"#c79e74","font_col_nav":"#c79e74","font_col_nav_hov":"#000000","font_col_nav_acct":"#c79e74","panel_nav_bg":"#ffffff","panel_nav_bg_gradation":"darken","not_shade_bg":"#fafafa","head_not_col_bg":"#ffffff","head_not_col_txt1":"#c79e74","head_not_col_txt2":"#c4a281","prod_hov_bg":"#ffffff","prod_thumb_detail_bg":"#ffffff","prod_thumb_detail_col":"#c79e74","prod_thumb_detail_col_a":"#e95144","prod_thumb_detail_close_img":"dark","coll_col_st_txt":"#ffffff","coll_col_sale":"#ebc2c1","coll_col_sold":"#232323","coll_col_gen":"#8da5d0","cross_page_promo_bg":"#f5f5f5","cross_page_promo_color":"#232323","foot_bg_col":"#ffffff","foot_text_col":"#c79e74","foot_divider_col":"#e2e2e2","font_fam_base":"'Suravaram', serif","font_fam_headings":"'Suravaram', serif","font_fam_shoptitle":"'Codystar', cursive","font_fam_nav":"'Suravaram', serif","font_fam_special":"'El Messiri', sans-serif","font_size_base":"20","font_size_slideshow":"1.4","prod_show_vendor":true,"prod_show_sku":false,"prod_thumb_detail_show":false,"prod_thumb_height":"347","prod_thumb_variable_width":true,"prod_hov_type":"permanent","prod_block_label_loc":"b","prod_stock_warn_show":false,"prod_stock_warn_limit":"20","social_twitter_url":"","social_facebook_url":"https:\/\/www.facebook.com\/adornabyssinia\/","social_pinterest_url":"","social_tumblr_url":"","social_vimeo_url":"","social_youtube_url":"","social_instagram_url":"https:\/\/www.instagram.com\/adornabyssinia\/","social_google_url":"","social_rss_url":"","soc_icons_double":false,"search_type":"product,article,page","favicon":"","cart_type":"drawer","show_multiple_currencies":false,"currency_format":"money_format","supported_currencies":"CAD USD GBP","default_currency":"USD","checkout_header_image":"","checkout_logo_image":"","checkout_logo_position":"left","checkout_logo_size":"medium","checkout_body_background_image":"","checkout_body_background_color":"#ffffff","checkout_input_background_color_mode":"white","checkout_sidebar_background_image":"","checkout_sidebar_background_color":"#fafafa","checkout_heading_font":"Helvetica Neue","checkout_body_font":"Helvetica Neue","checkout_accent_color":"#2a9dcc","checkout_button_color":"#2a9dcc","checkout_error_color":"#ff6d6d","home_sec_signup_bg":"#fafafa","home_overlay_txt_col":"#ffffff","home_sec_collection_bg":"#fafafa","slide_bg_col":"rgba(0,0,0,0)","slide_txt_col":"#ffffff","slide_txt_bg_col":"rgba(0,0,0,0)","use_logo_img":false,"logo":"","logo_img_width":"300","checkout_use_header_image":true,"checkout_logo":"","checkout_use_body_background_image":false,"checkout_use_sidebar_background_image":false,"sections":{"header":{"type":"header","blocks":{"1480589060193":{"type":"message","settings":{"heading":"FREE STANDARD SHIPPING ON ORDER OVER £40","subheading":"","link_url":""}},"1480589069320":{"type":"message","settings":{"heading":"FREE INTERNATIONAL SHIPPING ON ORDERS OVER £80","subheading":"","link_url":""}}},"block_order":["1480589060193","1480589069320"],"settings":{"menu_linklist":"main-menu","use_btn_style_cart_link":true,"nav_show_reg":false,"show_social_icons":true,"nav_autoexpand":true,"header_signup_show":true,"logo":"shopify:\/\/shop_images\/logo.png","logo_img_width":"300","logo_pos":"","head_not_home_only":true,"head_not_mob_show":false,"head_not_mob_text":""}},"article-template":{"type":"article-template","settings":{"show_featured_image":true,"show_date":true,"show_author":true,"show_article_tags":true}},"footer":{"type":"footer","settings":{"menu_linklist":"footer","show_social_icons":true,"signup_show":false}},"product-template":{"type":"product-template","settings":{"prod_show_tags":false,"prod_show_type":false,"prod_gall_thumbs_under":"under","prod_desc_pos":"beside","show_related_products":false}},"collection-template":{"type":"collection-template","settings":{"coll_desc_pos":"below","coll_show_sort":true,"coll_show_feat":false,"coll_show_tags":true,"show_tagfilt_custom1":false,"tagfilt_custom1_name":"","tagfilt_custom1_tags":"","show_tagfilt_custom2":false,"tagfilt_custom2_name":"","tagfilt_custom2_tags":"","coll_num_per_page":"16","coll_gridstream_mode":"grid","coll_gridstream_toggle":true}},"cross-page-promos":{"type":"cross-page-promos","blocks":{"1478526632862":{"type":"icon","settings":{"icon":"delivery","text":"Free delivery!","link_url":"shopify:\/\/pages\/contact-us"}},"1478526645605":{"type":"icon","settings":{"icon":"location","text":"Your nearest store","link_url":"shopify:\/\/pages\/contact-us"}},"1478526647261":{"type":"icon","settings":{"icon":"gift","text":"Gift Cards","link_url":"shopify:\/\/pages\/contact-us"}},"1478527611164":{"type":"icon","settings":{"icon":"label","text":"Student Discount","link_url":""}}},"block_order":["1478526632862","1478526645605","1478526647261","1478527611164"],"settings":{"visibility":""}},"blog-template":{"type":"blog-template","settings":{"show_date":true,"show_author":true,"show_article_tags":true}},"1478606415501":{"type":"text-image-overlay","settings":{"image":"shopify:\/\/shop_images\/IMG_6173.jpg","title":"Necklaces","text":"","position":"left","overlay_color":"#c79e74","overlay_bg":"rgba(0,0,0,0)","link_url":"https:\/\/adornabyssinia.com\/collections\/necklace"}},"1478606449157":{"type":"custom-row","blocks":{"1481110022424":{"type":"image","settings":{"width":"third","image":"shopify:\/\/shop_images\/NEBIYAT_BANGLE.png","link_url":"https:\/\/adornabyssinia.com\/collections\/bangles\/products\/ring-4","text":"","subtext":"","overlay_color":"#cb991c","overlay_bg":"rgba(0,0,0,0)"}},"1481110024565":{"type":"image","settings":{"width":"third","image":"shopify:\/\/shop_images\/NEBIYAT_BANGLE_3.png","link_url":"https:\/\/adornabyssinia.com\/collections\/bangles\/products\/ring-2","text":"","subtext":"","overlay_color":"#cb991c","overlay_bg":"rgba(0,0,0,0)"}},"1481110031416":{"type":"image","settings":{"width":"third","image":"shopify:\/\/shop_images\/NEBIYAT_BANGLE_1_277215fe-de65-48a9-8c75-ddb5ba5076f1.png","link_url":"https:\/\/adornabyssinia.com\/collections\/bangles\/products\/ring-5","text":"","subtext":"","overlay_color":"#cb991c","overlay_bg":"rgba(0,0,0,0)"}}},"block_order":["1481110022424","1481110024565","1481110031416"],"settings":{"alignment":"top"}},"cart-template":{"type":"cart-template","settings":{"enable_cart_notes":true,"cart_terms_page":"","show_shipping_calculator":false,"shipping_calculator_default_country":"United States"}},"1479744942466":{"type":"newsletter","settings":{"title":"Signup for our newsletter","text":"","background_color":"#ffffff"}},"1480591889144":{"type":"featured-collection","settings":{"title":"Collections","collection":"collections","use_carousel":true,"background_color":"#f5f5f5"}},"1480591893583":{"type":"text-beside-content","settings":{"image":"shopify:\/\/shop_images\/download.png","image_link_url":"shopify:\/\/products\/ring-3","layout":"right","title":"Nebiyat Ring","text":"<p><strong>Product Info:<\/strong><\/p>\r\n<p>Mixed Metal 18ct Gold Plated<\/p>\r\n<p>Size: Resizable<\/p>","alignment":"middle"}},"1480592300695":{"type":"instagram","settings":{"title":"Instagram feed","account":"adornabysinnia","access_token":"4622517122.d90570a.69e6e076f847459592d4873626c1ca21","show_margins":true}},"1493625395802":{"type":"slideshow","blocks":{"1493625395802-1":{"type":"image","settings":{"image":"shopify:\/\/shop_images\/SEE_THE_COLLECTION_2.png","title":"","text":"","position":"right","overlay_color":"#363636","overlay_bg":"rgba(0,0,0,0)","link_url":"https:\/\/adornabyssinia.com\/collections\/sets"}}},"block_order":["1493625395802-1"],"settings":{}}},"content_for_index":["1493625395802","1480591893583","1480591889144","1478606415501","1478606449157","1480592300695","1479744942466"]}}