{
  "current": {
    "favicon": "shopify:\/\/shop_images\/favicon.png",
    "color_primary": "#000",
    "color_btn_bg_hover": "#000000",
    "prod_sale_price_color": "#666666",
    "prod_type_color": "#666666",
    "color_annoucement_bg": "#dec6eb",
    "color_annoucement_text": "#000000",
    "color_topbar_bg": "#dec6eb",
    "color_topbar_text": "#000000",
    "color_header_bg": "#ffffff",
    "color_header_link": "#000000",
    "color_header_transparent": "#ffffff",
    "color_menu_bar_bg": "#000000",
    "color_menu_bar_text": "#f8f8f8",
    "color_footer_bg": "#f2f2f2",
    "color_footer_text": "#000000",
    "color_footer_subtext": "#696969",
    "color_footer_link": "#696969",
    "color_footer_link_hover": "#000000",
    "color_footer_bottom_bg": "#f2f2f2",
    "color_footer_bottom_bg_mb": "#f2f2f2",
    "img_overlay_opacity": 20,
    "tooltip_background_color": "#000000",
    "type_base_font": "roboto_condensed_n4",
    "use_custom_font_body": true,
    "custom_body_font": "https:\/\/cdn.shopify.com\/s\/files\/1\/0042\/0750\/9567\/files\/ClashGrotesk-Medium.otf?v=1622425238@500\nhttps:\/\/cdn.shopify.com\/s\/files\/1\/0042\/0750\/9567\/files\/ClashGrotesk-Semibold.otf?v=1622425238@600",
    "custom_body_weight": "500",
    "type_header_font": "roboto_condensed_n7",
    "use_custom_font_heading": true,
    "custom_heading_font": "https:\/\/cdn.shopify.com\/s\/files\/1\/0042\/0750\/9567\/files\/ClashGrotesk-Medium.otf?v=1622425238@500\nhttps:\/\/cdn.shopify.com\/s\/files\/1\/0042\/0750\/9567\/files\/ClashGrotesk-Semibold.otf?v=1622425238@600",
    "custom_heading_weight": "500",
    "btn_border_radius": 0,
    "btn_line_height": 20,
    "pcard_layout": "1",
    "pcard_alignment": "left",
    "pcard_image_ratio": "1\/1",
    "show_second_img": true,
    "show_vendor": false,
    "variant_option_design3": "color",
    "show_variant_swatch_image": true,
    "product_colors": "red: #FF6961,\nyellow: #FDDA76,\nblack: #000000,\nblue: #8DB4D2,\ngreen: #C1E1C1,\npurple: #B19CD9,\nsilver: #EEEEEF,\nwhite: #FFFFFF,\nbrown: #836953,\nlight-brown: #feb035,\ndark-turquoise: #23cddc,\norange: #FFB347,\ntan: #E9D1BF,\nviolet: #B490B0,\npink: #FFD1DC,\ngrey: #E0E0E0,\nsky: #96BDC6,\npale-leaf: #CCD4BF",
    "filter_color1": "",
    "share_facebook": true,
    "social_twitter_link": "https:\/\/twitter.com\/home",
    "social_facebook_link": "https:\/\/facebook.com\/",
    "social_pinterest_link": "https:\/\/pinterest.com\/",
    "social_instagram_link": "https:\/\/instagram.com\/",
    "wishlist_page": "",
    "product_compare_page": "",
    "gm_api": "",
    "instagram_token": "",
    "custom_css": ".sf__index-slideshow .slide__block-description {\n  text-transform: uppercase;\n  letter-spacing: 0.1em;\n  line-height: 21px;\n  font-size: 14px;\n  margin-bottom: 36px;\n  color: var(--color-text-body);\n}\n.sf__index-slideshow .slide__block-title {\n  line-height: 1.167;\n  margin-bottom: 12px;\n}\n.sf__custom-html-block1 .m-scroll {\n  height: 56px;\n}\n.sf__index-press .rte p {\n  font-size: 24px;\n  line-height: 36px;\n}\n\n.sf__footer-block-newsletter .sf__footer-block-title {\n  font-size: 40px;\n  line-height: 1.3;\n  margin-bottom: 12px;\n}\n.sf__footer-form-newsletter .form-control {\n  border-color: #000;\n  border-radius: 0;\n}\n.sf-header .sf-search__form:not(.mobile).icon-left {\n  border-color: #fff;\n}\n.sf__footer-block-title {\n  font-size: 20px;\n  line-height: 32px;\n}\n.sf__pcard-name {\n  text-transform: uppercase;\n}\n.sf__pcard-price .prod__price {\n  font-weight: 600;\n}\n.sf__pcard-price.price--on-sale .prod__price {\n  color: #b22234;\n}\n.sf__scrolling-text .sf__scrolling-text-inner a em {\n  font-size: 14px;\n  letter-spacing: 2px;\n  font-weight: 500;\n}\n.sf-header .sf-search-form {\n  border: none;\n}\n.sf-header:not(.stuck) .sf-header__desktop .sf-logo {\n  padding-top: 20px;\n  padding-bottom: 20px;\n}\n\n.sf__index-custom-content a.sf__btn-link::after,\n.sf__index-custom-content a.sf__btn-link::before,\n.sf__index-custom-content-1 .image-card__inner .image-card__content a.sf__btn-link::after,\n.sf__index-custom-content-1 .image-card__inner .image-card__content a.sf__btn-link::before {\n  height: 1px;\n}\n.sf__index-custom-content-1 .image-card__inner .image-card__content .image__card-heading {\n  line-height: 1.3;\n}\n.sf__index-hero .sf-hero__subtitle {\n  text-transform: capitalize;\n  font-size: 20px;\n  line-height: 1.6;\n  margin-bottom: 20px;\n}\n.sf__index-hero .sf-hero__title {\n  line-height: 1.167;\n  margin-bottom: 12px;\n}\n.sf__index-hero .sf-hero__text,\n.sf__index-custom-content .rte p {\n  font-size: 14px;\n  line-height: 21px;\n  text-transform: uppercase;\n  letter-spacing: 0.1em;\n  margin-bottom: 36px;\n  color: var(--color-body-text);\n}\n.sf__newsletter-block-desc {\n  margin-bottom: 16px;\n  color: var(--color-body-text);\n  text-transform: uppercase;\n  letter-spacing: 0.1em;\n  font-size: 14px;\n  line-height: 1.5;\n}\n@media (min-width: 1280px) {\n  .sf__index-custom-content h3 {\n    font-size: 40px;\n    line-height: 1.3;\n    margin-bottom: 20px;\n  }\n}\n@media (min-width: 1536px) {\n  .sf__index-custom-content-1 .image-card__inner .image-card__content .image__card-heading {\n    font-size: 40px;\n    margin-bottom: 30px;\n  }\n}\n\n@media (max-width: 767px) {\n  .sf__index-custom-content-1 .image-card__content {\n    padding-left: 0;\n    padding-right: 0;\n  }\n  .sf__index-custom-content-1 .image-card__content .image-card__content-inner {\n    width: 100%;\n    text-align: left;\n  }\n  .sf__index-custom-content h3 br,\n  .sf__index-custom-content-1 .image-card__content .image__card-heading br {\n    display: none;\n  }\n  .sf__index-custom-content-1 .image-card__inner .image-card__content .image__card-heading {\n    margin-bottom: 5px;\n  }\n  .sf__index-custom-content .sf-custom__block {\n    width: 100%;\n  }\n  .sf__index-custom-content .rte p {\n    margin-bottom: 0;\n  }\n  .sf__index-custom-content .sf-custom__text-cta {\n    margin-top: 10px;\n  }\n  .sf__index-custom-content .sf-custom__block--text {\n    margin-top: -30px;\n  }\n  .sf__index-slideshow .sf__mobile-button,\n  .sf__index-hero .sf-hero__btn,\n  .sf__index-hero .sf-hero__btn a.sf__btn {\n    width: 100%;\n  }\n}",
    "use_theme_currencies": true,
    "theme_currencies": "USD | EUR | GBP | VND",
    "sections": {
      "header": {
        "type": "header",
        "blocks": {
          "4592f09a-769b-4f72-9df7-74a9866fb2e6": {
            "type": "banner",
            "settings": {
              "heading": "Shop",
              "container": "inherit",
              "banner_style": "outside",
              "banner_link": "",
              "banner_title": "New collection",
              "banner_desc": "",
              "banner_button_text": "Shop now"
            }
          },
          "8ab75373-e572-4f6f-811a-045a39b12cd7": {
            "type": "product-list",
            "settings": {
              "heading": "Product",
              "container": "inherit",
              "stretch_width": false,
              "collection": "socks",
              "limit": 6,
              "columns": 2
            }
          },
          "d3bfeeac-0c03-420b-a1fe-504fdf918bb0": {
            "type": "custom_html",
            "settings": {
              "heading": "Features",
              "container": "inherit",
              "html": ""
            }
          }
        },
        "block_order": [
          "4592f09a-769b-4f72-9df7-74a9866fb2e6",
          "8ab75373-e572-4f6f-811a-045a39b12cd7",
          "d3bfeeac-0c03-420b-a1fe-504fdf918bb0"
        ],
        "settings": {
          "header_design": "both-center",
          "container": "container-fluid",
          "header_sticky": true,
          "transparent_on_top": false,
          "logo_text": "MINIMOG",
          "logo_max_width": 135,
          "sticky_logo_max_width": 115,
          "mobile_logo_max_width": 105,
          "main_menu": "main-menu",
          "secondary_menu": "",
          "uppercase_parent_level": false,
          "search": "show_full",
          "show_account_icon": true,
          "show_cart_icon": true,
          "show_wishlist_icon": true,
          "show_compare_icon": false,
          "show_currency_switcher": false,
          "show_language_switcher": false
        }
      },
      "footer": {
        "type": "footer",
        "blocks": {
          "494c911f-7281-40a1-85fa-a596a6431858": {
            "type": "newsletter",
            "settings": {
              "title": "Don’t miss a thing",
              "description": "Enter your email below to be the first to know about new collections and product launches.",
              "email_placeholder": "Enter your email",
              "form_style": "bordered",
              "show_social": false,
              "width": "50%"
            }
          },
          "2bd3b7d0-e898-4720-82ab-227b7e3815b4": {
            "type": "spacing",
            "settings": {
              "width": "16%"
            }
          },
          "c85629c7-7aae-4666-b5f0-150990439c91": {
            "type": "menu",
            "settings": {
              "menu": "main-menu",
              "title": "Services",
              "width": "25%"
            }
          },
          "9b51f31f-1f1a-491e-ba38-3a2e098e73eb": {
            "type": "custom_text",
            "settings": {
              "title": "Company",
              "image_max": "200px",
              "description": "<p>Find a location nearest<br\/>you. <a href=\"#\" title=\"#\"><span style=\"text-decoration:underline\">See Our Stores<\/span><\/a><span style=\"text-decoration:underline\"><br\/><br\/><\/span>Find a location nearest<br\/>you. See Our Stores<\/p>",
              "width": "25%"
            }
          },
          "d4a8b403-287a-4d46-959f-869031e55936": {
            "type": "our_store",
            "settings": {
              "title": "Social Media",
              "description": "",
              "show_email": false,
              "show_phone": false,
              "show_socials_link": true,
              "width": "25%"
            }
          }
        },
        "block_order": [
          "494c911f-7281-40a1-85fa-a596a6431858",
          "2bd3b7d0-e898-4720-82ab-227b7e3815b4",
          "c85629c7-7aae-4666-b5f0-150990439c91",
          "9b51f31f-1f1a-491e-ba38-3a2e098e73eb",
          "d4a8b403-287a-4d46-959f-869031e55936"
        ],
        "settings": {
          "design": "footer-1",
          "container": "container-fluid",
          "bordered": false,
          "copyright": "<span class=\"text-base\">© Calzini 2021<\/span>",
          "show_currency_selector": false,
          "show_language_selector": false,
          "show_social_links": false,
          "show_payment_icons": true
        }
      },
      "annoucement": {
        "type": "annoucement",
        "settings": {
          "show_announcement": true,
          "homepage_only": true,
          "show_close": true,
          "message": "<div class=\"sf__scrolling-text text-base\" data-s-speed=\"lowest\" data-outline-thickness=\"thin\" data-s-dir=\"ltr\">\n    <div class=\"sf__scrolling-text-inner\">\n      <p><a href=\"#\"><em>LIGHT UP YOUR MOMENTS<span class=\"custom\" data-scale=\"large\"><\/span>BRIGHT YOUR EVERY<span class=\"custom\" data-scale=\"large\"><\/span>DAY FREE SHIPPING OVER $50!<span class=\"custom\" data-scale=\"large\"><\/span><\/em><\/a><\/p>\n      <p><a href=\"#\"><em>LIGHT UP YOUR MOMENTS<span class=\"custom\" data-scale=\"large\"><\/span> BRIGHT YOUR EVERY<span class=\"custom\" data-scale=\"large\"><\/span> DAY FREE SHIPPING OVER $50!<span class=\"custom\" data-scale=\"large\"><\/span><\/em><\/a><\/p>\n      <p><a href=\"#\"><em>LIGHT UP YOUR MOMENTS<span class=\"custom\" data-scale=\"large\"><span> BRIGHT YOUR EVERY<span class=\"custom\" data-scale=\"large\"><\/span> DAY FREE SHIPPING OVER $50!<span class=\"custom\" data-scale=\"large\"><\/span><\/span><\/span><\/em><\/a><\/p>\n        <p><a href=\"#\"><em>LIGHT UP YOUR MOMENTS<span class=\"custom\" data-scale=\"large\"><\/span> BRIGHT YOUR EVERY<span class=\"custom\" data-scale=\"large\"><\/span> DAY FREE SHIPPING OVER $50!<span class=\"custom\" data-scale=\"large\"><\/span><\/em><\/a><\/p>\n        <p><a href=\"#\"><em>LIGHT UP YOUR MOMENTS <span class=\"custom\" data-scale=\"large\"><\/span>BRIGHT YOUR EVERY<span class=\"custom\" data-scale=\"large\"><\/span> DAY FREE SHIPPING OVER $50!<span class=\"custom\" data-scale=\"large\"><\/span><\/em><\/a><\/p>\n    <\/div>\n  <\/div>",
          "message_link": "",
          "show_divider": false
        }
      },
      "mobile-sticky-bar": {
        "type": "mobile-sticky-bar",
        "settings": {
          "show_mobile_sticky": true,
          "show_home_icon": true,
          "show_collection_icon": true,
          "show_cart_icon": true,
          "show_search_icon": true,
          "show_account_icon": false,
          "show_wishlist_icon": false
        }
      }
    }
  },
  "presets": {
    "Default": {
      "sections": {
        "featured-collection": {
          "type": "featured-collection",
          "settings": {
            "collection": "frontpage"
          }
        },
        "featured-product": {
          "type": "featured-product",
          "settings": {
          }
        }
      },
      "content_for_index": [
        "featured-collection",
        "featured-product"
      ]
    }
  }
}