{
  "current": {
    "favicon": "shopify:\/\/shop_images\/fav_icon_dark_1.png",
    "color_primary": "#000000",
    "color_body_text": "#000000",
    "color_heading_text": "#000000",
    "color_sub_text": "#666666",
    "color_btn_bg_hover": "#000000",
    "prod_sale_price_color": "#666666",
    "prod_type_color": "#666666",
    "color_field_bg": "#ffffff",
    "color_topbar_bg": "#f5eaea",
    "color_topbar_text": "#000000",
    "color_header_bg": "#ffffff",
    "color_header_link": "#000000",
    "color_header_transparent": "#000000",
    "color_menu_bar_bg": "#000000",
    "color_menu_bar_text": "#f8f8f8",
    "color_footer_bg": "#ffffff",
    "color_footer_text": "#000000",
    "color_footer_subtext": "#666666",
    "color_footer_link_hover": "#000000",
    "color_footer_bottom_bg": "#ffffff",
    "color_footer_bottom_text": "#666666",
    "color_border": "#000000",
    "img_overlay_opacity": 20,
    "tooltip_background_color": "#000000",
    "type_base_font": "futura_n5",
    "use_custom_font_body": false,
    "custom_body_font": "https:\/\/cdn.shopify.com\/s\/files\/1\/0561\/2742\/2636\/files\/futura_medium_bt.ttf?v=1627391379@500",
    "custom_body_weight": "500",
    "type_base_size": 15,
    "type_header_font": "futura_n5",
    "use_custom_font_heading": true,
    "custom_heading_font": "https:\/\/cdn.shopify.com\/s\/files\/1\/0561\/2742\/2636\/files\/futura_medium_bt.ttf?v=1627391379@500",
    "custom_heading_weight": "500",
    "type_header_base_size": 30,
    "btn_uppercase_text": true,
    "btn_base_size": 14,
    "btn_letter_spacing": 1,
    "btn_border_radius": 0,
    "pcard_layout": "1",
    "pcard_alignment": "center",
    "show_vendor": false,
    "variant_option_design3": "dropdown",
    "show_variant_swatch_image": true,
    "product_colors": "red: #FF6961,\nyellow: #FDDA76,\nblack: #000000,\nblack band: #000000,\nblue: #8DB4D2,\ngreen: #C1E1C1,\npurple: #B19CD9,\nsilver: #EEEEEF,\nwhite: #FFFFFF,\nbrown: #836953,\nlight brown: #B5651D,\ndark turquoise: #23cddc,\norange: #FFB347,\ntan: #E9D1BF,\nviolet: #B490B0,\npink: #FFD1DC,\ngrey: #E0E0E0,\nsky: #96BDC6,\npale leaf: #CCD4BF,\nlight blue: #b1c5d4,\ndark grey: #aca69f,\nbeige: #EBE6DB,\nbeige band: #EED9C4,\ndark blue: #063e66,\ncream: #FFFFCC,\nlight pink: #FBCFCD,\nmint: #bedce3,\ndark gray: #3A3B3C,\nrosy brown: #c4a287,\nlight grey:#D3D3D3,\ncopper: #B87333,\nrose gold: #ECC5C0,\nnight blue: #151B54,\ncoral: #FF7F50,\nlight purple: #C6AEC7",
    "filter_color1": "",
    "share_facebook": true,
    "social_twitter_link": "https:\/\/twitter.com\/home",
    "social_facebook_link": "https:\/\/facebook.com\/",
    "social_pinterest_link": "https:\/\/pinterest.com\/",
    "social_instagram_link": "https:\/\/instagram.com\/",
    "wishlist_page": "",
    "product_compare_page": "",
    "gm_api": "",
    "instagram_token": "",
    "custom_css": ".sf__placeholder-svg {\n  border: none;\n}\n.sf-nav li a.sf__parent-item {\n  font-size: 14px;\n}\n.sf__index-custom-content .prod__option div {\n  width: 100%;\n}\n.sf__index-custom-content .sf__custom-select.sf__select-bordered .select-selected {\n  border-radius: 0;\n}\n.section__heading {\n  letter-spacing: 1.5px;\n}\n.sf__index-instagram .section-my {\n  margin-bottom: 0;\n}\n.sf__pcard-content a {\n  text-transform: uppercase;\n  letter-spacing: 1px;\n  font-size: 14px;\n}\n.sf__index-img-with-text .sf-hero__subtitle {\n  font-size: 16px;\n  letter-spacing: 1.5px;\n}\n.sf__index-img-with-text .sf-hero__title {\n  letter-spacing: 6px;\n\n  font-family: \"Futura\";\n}\n.sf-header__desktop .sf-nav li a.sf__parent-item {\n  margin: 0 0.5rem;\n}\n.content__subheading,\n.sf-hero__subtitle {\n  font-size: 16px;\n  letter-spacing: 1.5px;\n}\n.sf__index-img-with-text-2 .sf-hero__title {\n  letter-spacing: 4px;\n}\n.sf-footer .sf__footer-block-our_store .social-media-links {\n  margin: 40px -25px 0;\n}\n.sf-footer .sf__footer-block-our_store .social-media-links a {\n  padding: 0 15px;\n}\n.sf-footer .sf__footer-block-our_store .social-media-links svg path {\n  color: #000;\n}\n.sf__footer-form-newsletter .sf__newletter__form-input {\n  border: 1px solid #000;\n  border-radius: 0;\n}\n.sf__index-img-with-text-3 .content__subheading {\n  font-size: 12px;\n  line-height: 16px;\n}\n#sf-custom__block--6dfc6c6b-e575-4b68-8e32-4214bcf8d7f7 .prod__title {\n  text-transform: uppercase;\n  font-size: 30px;\n  line-height: 50px;\n  letter-spacing: 1.5px;\n}\n#sf-custom__block--6dfc6c6b-e575-4b68-8e32-4214bcf8d7f7 .prod__vendor {\n  font-size: 12px;\n  text-transform: uppercase;\n  letter-spacing: 0.5px;\n  color: #000;\n}\n#sf-custom__block--6dfc6c6b-e575-4b68-8e32-4214bcf8d7f7 .prod__option-label {\n  display: none;\n}\n.sf__index-img-with-text-2 .sf-hero__title {\n  font-family: \"Futura\";\n}\n.sf__index-custom-content #sf-custom__block--6dfc6c6b-e575-4b68-8e32-4214bcf8d7f7 {\n  width: 40%;\n  max-width: 550px;\n}\n\n.sf__index-custom-content .sf-custom__grid {\n  justify-content: center;\n}\n\n.sf__index-custom-content .product-options {\n  margin-bottom: 20px;\n}\n.sf__index-custom-content .product-options select {\n  border-radius: 0;\n}\n@media (min-width: 1024px) {\n  .sf__index-img-with-text-3 .content__box h3 {\n    font-size: 30px;\n    line-height: 50px;\n    letter-spacing: 1.5px;\n  }\n  .sf__index-img-with-text-2 .sf-hero__title {\n    font-size: 70px;\n  }\n  .sf__index-img-with-text .sf-hero__title {\n    margin-bottom: 40px;\n  }\n}\n@media (min-width: 1536px) {\n  .sf__index-img-with-text .sf-hero__title {\n    font-size: 70px;\n    line-height: 1.17;\n  }\n}\n@media (min-width: 1661px) {\n  .sf__index-img-with-text .sf-hero__title {\n    font-size: 100px;\n    line-height: 1.17;\n  }\n}\n@media (max-width: 767px) {\n  #sf-custom__block--6dfc6c6b-e575-4b68-8e32-4214bcf8d7f7 .prod__title {\n    font-size: 24px;\n  }\n  .sf__index-custom-content #sf-custom__block--6dfc6c6b-e575-4b68-8e32-4214bcf8d7f7 {\n    width: 100%;\n  }\n  .sf__index-custom-content .sf-custom__grid {\n    flex-direction: column-reverse;\n  }\n  .sf__index-img-with-text .sf-hero__inner,\n  .sf__index-img-with-text-2 .sf-hero__innner {\n    justify-content: center;\n  }\n  .sf__index-img-with-text .sf-hero__inner .sf-hero__content,\n  .sf__index-img-with-text-2 .sf-hero__inner .sf-hero__content {\n    text-align: center;\n  }\n  .sf__index-img-with-text .sf-hero__inner .sf-hero__content .sf-hero__subtitle,\n  .sf__index-img-with-text-2 .sf-hero__inner .sf-hero__content .sf-hero__subtitle {\n    font-size: 14px;\n  }\n  .sf__index-img-with-text .sf-hero__inner .sf-hero__content .sf-hero__title,\n  .sf__index-img-with-text-2 .sf-hero__inner .sf-hero__content .sf-hero__title {\n    font-size: 36px;\n    line-height: 42px;\n  }\n  .sf__index-img-with-text-3 .content__box h3 {\n    font-size: 24px;\n    line-height: 42px;\n  }\n  .sf__index-img-with-text .sf-hero__inner .sf-hero__content,\n  .sf__index-img-with-text-2 .sf-hero__inner .sf-hero__content,\n  .sf__index-img-with-text .sf-hero__inner .sf-hero__content .sf-hero__btn,\n  .sf__index-img-with-text-2 .sf-hero__inner .sf-hero__content .sf-hero__btn,\n  .sf__index-img-with-text .sf-hero__inner .sf-hero__content .sf-hero__btn a.sf__btn,\n  .sf__index-img-with-text-2 .sf-hero__inner .sf-hero__content .sf-hero__btn a.sf__btn,\n  .sf__index-img-with-text-3 .content__box a.sf__btn,\n  .sf__index-featured-collection .sf__featured-collection-button a.sf__btn {\n    width: 100%;\n  }\n}",
    "use_theme_currencies": true,
    "theme_currencies": "USD | EUR | GBP | VND",
    "sections": {
      "header": {
        "type": "header",
        "blocks": {
          "c835d877-9fe8-4c71-8bd1-1ad464f2bfc1": {
            "type": "custom_html",
            "settings": {
              "heading": "Home",
              "container": "container",
              "html": ""
            }
          },
          "e049e82a-224f-468f-b0b7-a796492a4c3b": {
            "type": "banner",
            "settings": {
              "heading": "Shop",
              "container": "container",
              "banner_style": "outside",
              "banner_link": "",
              "banner_title": "<span style=\"letter-spacing: 1.5px;\">THE PEFECT GIFT<\/span>",
              "banner_desc": "",
              "banner_button_text": "SHOP NOW"
            }
          },
          "9843295e-40f8-4293-9afb-a62e152fe944": {
            "type": "product-list",
            "settings": {
              "heading": "Products",
              "container": "container-fluid",
              "stretch_width": false,
              "collection": "jewelry-2",
              "limit": 6,
              "columns": 2
            }
          },
          "4ee7b71f-92b4-407d-a86b-1b306d2ee005": {
            "type": "custom_html",
            "settings": {
              "heading": "Features",
              "container": "inherit",
              "html": ""
            }
          }
        },
        "block_order": [
          "c835d877-9fe8-4c71-8bd1-1ad464f2bfc1",
          "e049e82a-224f-468f-b0b7-a796492a4c3b",
          "9843295e-40f8-4293-9afb-a62e152fe944",
          "4ee7b71f-92b4-407d-a86b-1b306d2ee005"
        ],
        "settings": {
          "header_design": "logo-center-menu-left",
          "container": "container-fluid",
          "header_sticky": true,
          "transparent_on_top": true,
          "logo_text": "MINIMOG",
          "logo_max_width": 145,
          "sticky_logo_max_width": 140,
          "mobile_logo_max_width": 105,
          "main_menu": "main-menu",
          "secondary_menu": "",
          "uppercase_parent_level": true,
          "search": "show_icon",
          "show_account_icon": true,
          "show_cart_icon": true,
          "show_wishlist_icon": true,
          "show_compare_icon": false,
          "show_currency_switcher": false,
          "show_language_switcher": false
        }
      },
      "footer": {
        "type": "footer",
        "blocks": {
          "bbe19fad-7106-487a-a22f-247b07053e7e": {
            "type": "our_store",
            "settings": {
              "title": "ABOUT YOUR STORE",
              "description": "<p>Alongside diamonds, sapphires are a really beautiful,<br\/> durable stone. They come second to diamonds on the<br\/> hardness scale, making them a perfect addi...<\/p>",
              "show_email": false,
              "show_phone": false,
              "show_socials_link": true,
              "width": "50%"
            }
          },
          "ad3c3166-8ef1-441a-832a-e4c7b30d78ab": {
            "type": "menu",
            "settings": {
              "menu": "main-menu",
              "title": "INFORMATION",
              "width": "25%"
            }
          },
          "9191e286-5f7f-4a14-8e7a-3f66ca11cc88": {
            "type": "menu",
            "settings": {
              "menu": "main-menu",
              "title": "SERVICES",
              "width": "25%"
            }
          },
          "ce072611-70f1-4378-853e-0ccd41514098": {
            "type": "newsletter",
            "settings": {
              "title": "STAY IN TOUCH",
              "description": "Our conversation is just getting started",
              "email_placeholder": "Enter your email",
              "form_style": "bordered",
              "show_social": false,
              "width": "33%"
            }
          }
        },
        "block_order": [
          "bbe19fad-7106-487a-a22f-247b07053e7e",
          "ad3c3166-8ef1-441a-832a-e4c7b30d78ab",
          "9191e286-5f7f-4a14-8e7a-3f66ca11cc88",
          "ce072611-70f1-4378-853e-0ccd41514098"
        ],
        "settings": {
          "design": "footer-1",
          "container": "container-fluid",
          "bordered": false,
          "copyright": "© MINIMOG 2021",
          "show_currency_selector": false,
          "show_language_selector": false,
          "show_social_links": false,
          "show_payment_icons": true
        }
      },
      "annoucement": {
        "type": "annoucement",
        "settings": {
          "show_announcement": true,
          "homepage_only": true,
          "show_close": true,
          "message": "Free Express Shipping on AU orders $200+",
          "message_link": "",
          "show_divider": false
        }
      },
      "mobile-sticky-bar": {
        "type": "mobile-sticky-bar",
        "settings": {
          "show_mobile_sticky": true,
          "show_home_icon": true,
          "show_collection_icon": true,
          "show_cart_icon": true,
          "show_search_icon": true,
          "show_account_icon": false,
          "show_wishlist_icon": false
        }
      }
    }
  },
  "presets": {
    "Default": {
      "sections": {
        "featured-collection": {
          "type": "featured-collection",
          "settings": {
            "collection": "frontpage"
          }
        },
        "featured-product": {
          "type": "featured-product",
          "settings": {
          }
        }
      },
      "content_for_index": [
        "featured-collection",
        "featured-product"
      ]
    }
  }
}