{
  "current": {
    "favicon": "shopify:\/\/shop_images\/fav_icon_dark_1.png",
    "container_fluid_width": 1620,
    "container_fluid_offset": 65,
    "color_primary": "#000000",
    "color_body_text": "#000000",
    "color_heading_text": "#000000",
    "color_btn_bg_hover": "#000000",
    "prod_sale_price_color": "#666666",
    "prod_type_color": "#666666",
    "color_main_bg": "#ffffff",
    "color_field_bg": "#ffffff",
    "color_annoucement_bg": "#c6dfff",
    "color_annoucement_text": "#3c7095",
    "color_topbar_bg": "#ffffff",
    "color_topbar_text": "#000000",
    "color_header_bg": "#ffffff",
    "color_header_link": "#000000",
    "color_header_transparent": "#000000",
    "bg_cart_wishlist_count": "#da3f3f",
    "color_menu_bar_bg": "#000000",
    "color_menu_bar_text": "#f8f8f8",
    "color_footer_bg": "#f5f5f5",
    "color_footer_text": "#000000",
    "color_footer_subtext": "#666666",
    "color_footer_link_hover": "#000000",
    "color_footer_bottom_bg": "#f5f5f5",
    "color_border": "#dedede",
    "img_overlay_opacity": 20,
    "tooltip_background_color": "#000000",
    "type_base_font": "roboto_condensed_n4",
    "use_custom_font_body": true,
    "custom_body_font": "https:\/\/cdn.shopify.com\/s\/files\/1\/0561\/2742\/2636\/files\/Jost-Regular.ttf?v=1618297125@400\nhttps:\/\/cdn.shopify.com\/s\/files\/1\/0561\/2742\/2636\/files\/Jost-Medium.ttf?v=1618297125@500\nhttps:\/\/cdn.shopify.com\/s\/files\/1\/0561\/2742\/2636\/files\/Jost-SemiBold.ttf?v=1618297125@600",
    "custom_body_weight": "400",
    "type_base_line_height": 28,
    "type_header_font": "roboto_condensed_n7",
    "use_custom_font_heading": true,
    "custom_heading_font": "https:\/\/cdn.shopify.com\/s\/files\/1\/0561\/2742\/2636\/files\/Jost-Regular.ttf?v=1618297125@400\nhttps:\/\/cdn.shopify.com\/s\/files\/1\/0561\/2742\/2636\/files\/Jost-Medium.ttf?v=1618297125@500\nhttps:\/\/cdn.shopify.com\/s\/files\/1\/0561\/2742\/2636\/files\/Jost-SemiBold.ttf?v=1618297125@600\nhttps:\/\/cdn.shopify.com\/s\/files\/1\/0561\/2742\/2636\/files\/Jost-ExtraBold.ttf?v=1626409819@800",
    "custom_heading_weight": "400",
    "type_header_base_size": 40,
    "btn_weight": "500",
    "pcard_layout": "1",
    "pcard_alignment": "left",
    "pcard_image_ratio": "3\/4",
    "show_vendor": false,
    "variant_option_design2": "color",
    "variant_option_design3": "color",
    "show_variant_swatch_image": true,
    "product_colors": "red: #FF6961,\nyellow: #FDDA76,\nblack: #000000,\nblack band: #000000,\nblue: #8DB4D2,\ngreen: #C1E1C1,\npurple: #B19CD9,\nsilver: #EEEEEF,\nwhite: #FFFFFF,\nbrown: #836953,\nlight brown: #B5651D,\ndark turquoise: #23cddc,\norange: #FFB347,\ntan: #E9D1BF,\nviolet: #B490B0,\npink: #FFD1DC,\ngrey: #E0E0E0,\nsky: #96BDC6,\npale leaf: #CCD4BF,\nlight blue: #b1c5d4,\ndark grey: #aca69f,\nbeige: #EBE6DB,\nbeige band: #EED9C4,\ndark blue: #063e66,\ncream: #FFFFCC,\nlight pink: #FBCFCD,\nmint: #bedce3,\ndark gray: #3A3B3C,\nrosy brown: #c4a287,\nlight grey:#D3D3D3,\ncopper: #B87333,\nrose gold: #ECC5C0,\nnight blue: #151B54,\ncoral: #FF7F50,\nlight purple: #C6AEC7",
    "filter_color1": "gingham",
    "filter_color2": "flannel",
    "share_facebook": true,
    "share_pinterest": true,
    "social_twitter_link": "https:\/\/twitter.com\/",
    "social_twitter_label": "",
    "social_facebook_link": "https:\/\/facebook.com\/",
    "social_facebook_label": "300k Followers",
    "social_pinterest_link": "https:\/\/pinterest.com\/",
    "social_pinterest_label": "",
    "social_instagram_link": "https:\/\/instagram.com\/",
    "social_instagram_label": "100k Followers",
    "wishlist_page": "",
    "product_compare_page": "",
    "gm_api": "",
    "instagram_token": "",
    "custom_css": ".sf__index-video .sf-video__title {\n  font-weight: 800;\n  letter-spacing: 4px;\n  font-size: 30px;\n  line-height: 43px;\n}\n\n.sf__index-icon-box {\n  border-top: 1px solid #eeeeee;\n}\n.sf__index-icon-box .section-py {\n  padding-top: 40px;\n  padding-bottom: 40px;\n}\n.sf__index-icon-box .sf-icon-box__text h3 {\n  font-weight: 500;\n  font-size: 20px;\n}\n.sf__index-icon-box .sf-icon-box__text .rte {\n  color: #777777;\n}\n\n@media (max-width: 767px) {\n  .sf__index-icon-box {\n    border-top: 0;\n  }\n  .sf__index-icon-box .section-py {\n    padding-top: 0;\n  }\n  .sf__index-img-card .image-card__content a.sf__btn {\n    padding: 0;\n  }\n  .sf__index-img-card .image-card__content a.sf__btn:hover {\n    background-color: transparent !important;\n    color: #000 !important;\n    box-shadow: none !important;\n  }\n}\n\n@media (max-width: 576px) {\n  .sf__index-featured-collection .sf__featured-collection-button a.sf__btn {\n    width: 100%;\n  }\n}\n@media screen and (max-width: 767px) {\n  .sf__featured-collection .sf__featured-collection-button {\n    margin-top: 0;\n  }\n}",
    "use_theme_currencies": true,
    "theme_currencies": "USD | EUR | GBP | VND",
    "bg_cart_count": "#da3f3f",
    "sections": {
      "header": {
        "type": "header",
        "blocks": {
          "a820a1bc-dfc4-4e61-8c8a-de23659759a6": {
            "type": "banner",
            "settings": {
              "heading": "Shop",
              "container": "inherit",
              "banner_style": "outside",
              "banner_link": "",
              "banner_title": "The New - Season Shoes Edit",
              "banner_desc": "",
              "banner_button_text": "Shop now"
            }
          },
          "3909c783-271f-4952-b019-fe9ba2058580": {
            "type": "custom_html",
            "settings": {
              "heading": "Home",
              "container": "inherit",
              "html": ""
            }
          },
          "eb014392-ef35-4605-90cb-989ee5961ea6": {
            "type": "product-list",
            "settings": {
              "heading": "Products",
              "container": "inherit",
              "stretch_width": false,
              "collection": "this-weeks-highlights",
              "limit": 6,
              "columns": 2
            }
          },
          "ef0a2587-7ffe-4d49-9013-c2668218381a": {
            "type": "custom_html",
            "settings": {
              "heading": "Features",
              "container": "inherit",
              "html": ""
            }
          }
        },
        "block_order": [
          "a820a1bc-dfc4-4e61-8c8a-de23659759a6",
          "3909c783-271f-4952-b019-fe9ba2058580",
          "eb014392-ef35-4605-90cb-989ee5961ea6",
          "ef0a2587-7ffe-4d49-9013-c2668218381a"
        ],
        "settings": {
          "header_design": "logo-center__2l",
          "container": "container-fluid",
          "header_sticky": true,
          "transparent_on_top": false,
          "logo_text": "MINIMOG",
          "logo_max_width": 145,
          "sticky_logo_max_width": 140,
          "mobile_logo_max_width": 105,
          "main_menu": "main-menu",
          "secondary_menu": "",
          "uppercase_parent_level": false,
          "search": "show_full",
          "show_account_icon": true,
          "show_cart_icon": true,
          "show_wishlist_icon": true,
          "show_compare_icon": false,
          "show_currency_switcher": false,
          "show_language_switcher": false
        }
      },
      "footer": {
        "type": "footer",
        "blocks": {
          "09d52ae2-c92b-428d-b4bf-896db01864ce": {
            "type": "our_store",
            "settings": {
              "title": "Company",
              "description": "<p>Find a location nearest you. <br\/><a href=\"#\" title=\"#\"><span style=\"text-decoration:underline\">See Our Stores<\/span><\/a><\/p>",
              "show_email": true,
              "show_phone": true,
              "show_socials_link": false,
              "width": "25%"
            }
          },
          "49e72833-c68f-4a7b-ab64-3ef0cae99bcb": {
            "type": "menu",
            "settings": {
              "menu": "main-menu",
              "title": "Information",
              "width": "25%"
            }
          },
          "7ebc2f78-975b-4a81-b874-103c3355a866": {
            "type": "menu",
            "settings": {
              "menu": "main-menu",
              "title": "Quick links",
              "width": "25%"
            }
          },
          "462a25b0-0ea1-4e16-a0a4-3524f469251c": {
            "type": "newsletter",
            "settings": {
              "title": "Subscribe",
              "description": "Enter your email below to be the first to know about new collections and product launches.",
              "email_placeholder": "Enter your email",
              "form_style": "bordered",
              "show_social": false,
              "width": "25%"
            }
          }
        },
        "block_order": [
          "09d52ae2-c92b-428d-b4bf-896db01864ce",
          "49e72833-c68f-4a7b-ab64-3ef0cae99bcb",
          "7ebc2f78-975b-4a81-b874-103c3355a866",
          "462a25b0-0ea1-4e16-a0a4-3524f469251c"
        ],
        "settings": {
          "design": "footer-2",
          "container": "container-fluid",
          "bordered": true,
          "copyright": "© MINIMOG 2021",
          "show_currency_selector": false,
          "show_language_selector": false,
          "show_social_links": true,
          "show_payment_icons": true
        }
      },
      "annoucement": {
        "type": "annoucement",
        "settings": {
          "show_announcement": true,
          "homepage_only": true,
          "show_close": true,
          "message": "<span class=\"font-medium text-[14px]\">COOL NEW COLOR: STERLING ☁️ SO WORTH IT<\/span>",
          "message_link": "",
          "show_divider": false
        }
      },
      "mobile-sticky-bar": {
        "type": "mobile-sticky-bar",
        "settings": {
          "show_mobile_sticky": true,
          "show_home_icon": true,
          "show_collection_icon": true,
          "show_cart_icon": true,
          "show_search_icon": true,
          "show_account_icon": false,
          "show_wishlist_icon": false
        }
      }
    }
  },
  "presets": {
    "Default": {
      "sections": {
        "featured-collection": {
          "type": "featured-collection",
          "settings": {
            "collection": "frontpage"
          }
        },
        "featured-product": {
          "type": "featured-product",
          "settings": {
          }
        }
      },
      "content_for_index": [
        "featured-collection",
        "featured-product"
      ]
    }
  }
}