{
  "sections": {
    "main": {
      "type": "blog-template",
      "settings": {
      }
    },
    "featured-collections": {
      "type": "featured-collections",
      "blocks": {
        "collection1": {
          "type": "collection",
          "settings": {
          }
        },
        "collection2": {
          "type": "collection",
          "settings": {
          }
        },
        "collection3": {
          "type": "collection",
          "settings": {
          }
        },
        "collection4": {
          "type": "collection",
          "settings": {
          }
        }
      },
      "block_order": [
        "collection1",
        "collection2",
        "collection3",
        "collection4"
      ],
      "settings": {
        "title": "You may also like"
      }
    }
  },
  "order": [
    "main",
    "featured-collections"
  ]
}