{
  "sections": {
    "main-collection": {
      "type": "main-collection",
      "blocks": {
        "collection_description": {
          "type": "collection_description",
          "settings": {
          }
        },
        "product_grid": {
          "type": "product_grid",
          "settings": {
          }
        }
      },
      "block_order": [
        "collection_description",
        "product_grid"
      ],
      "settings": {
      }
    }
  },
  "order": [
    "main-collection"
  ]
}