{
  "sections": {
    "main": {
      "type": "main-page",
      "disabled": true,
      "settings": {
      }
    },
    "faq": {
      "type": "faq",
      "blocks": {
        "faq-0": {
          "type": "rich-text",
          "settings": {
            "title": "Shipping",
            "text": ""
          }
        },
        "faq-1": {
          "type": "question",
          "settings": {
          }
        },
        "faq-2": {
          "type": "question",
          "settings": {
          }
        },
        "faq-3": {
          "type": "rich-text",
          "settings": {
            "title": "Returns",
            "text": ""
          }
        },
        "faq-4": {
          "type": "question",
          "settings": {
          }
        }
      },
      "block_order": [
        "faq-0",
        "faq-1",
        "faq-2",
        "faq-3",
        "faq-4"
      ],
      "settings": {
        "title": ""
      }
    }
  },
  "order": [
    "main",
    "faq"
  ]
}