{
  "sections": {
    "main": {
      "type": "main-page",
      "disabled": true,
      "settings": {
      }
    },
    "rich-text": {
      "type": "rich-text",
      "blocks": {
        "heading": {
          "type": "heading",
          "settings": {
            "title": "Get in touch"
          }
        },
        "text": {
          "type": "text",
          "settings": {
          }
        }
      },
      "block_order": [
        "heading",
        "text"
      ],
      "settings": {
      }
    },
    "form": {
      "type": "contact-form",
      "settings": {
      }
    }
  },
  "order": [
    "main",
    "rich-text",
    "form"
  ]
}