{
  "layout": "password",
  "sections": {
    "password-header": {
      "type": "password-header",
      "settings": {
      }
    },
    "slideshow": {
      "type": "slideshow",
      "blocks": {
        "1524769873765-0": {
          "type": "image",
          "settings": {
            "title": "Opening soon",
            "title_size": 60,
            "subheading": "",
            "link_text": "",
            "text_align": "vertical-center horizontal-center",
            "focal_point": "top center"
          }
        }
      },
      "block_order": [
        "1524769873765-0"
      ],
      "settings": {
        "section_height": "550px",
        "mobile_height": "auto",
        "parallax": false,
        "style": "bars",
        "autoplay": false
      }
    },
    "newsletter": {
      "type": "newsletter",
      "blocks": {
        "password-newsletter-title": {
          "type": "title",
          "settings": {
            "title": "Be the first to know"
          }
        },
        "password-newsletter-text": {
          "type": "text",
          "settings": {
            "text": "<p>Get notified when we re-open our online store.<\/p>"
          }
        },
        "password-newsletter-form": {
          "type": "form",
          "settings": {
          }
        },
        "password-newsletter-share": {
          "type": "share_buttons",
          "settings": {
          }
        }
      },
      "block_order": [
        "password-newsletter-title",
        "password-newsletter-text",
        "password-newsletter-form",
        "password-newsletter-share"
      ],
      "settings": {
        "color_background": "#fff"
      }
    }
  },
  "order": [
    "password-header",
    "slideshow",
    "newsletter"
  ]
}