{
  "current": {
    "favicon": "shopify:\/\/shop_images\/fav_icon_dark_1.png",
    "color_primary": "#000000",
    "color_body_text": "#000000",
    "color_heading_text": "#000000",
    "color_sub_text": "#666666",
    "color_btn_bg_hover": "#000000",
    "prod_sale_price_color": "#666666",
    "prod_type_color": "#666666",
    "color_field_bg": "#ffffff",
    "color_topbar_bg": "#f5eaea",
    "color_topbar_text": "#000000",
    "color_header_bg": "#ffffff",
    "color_header_link": "#000000",
    "color_header_transparent": "#000000",
    "color_menu_bar_bg": "#000000",
    "color_menu_bar_text": "#f8f8f8",
    "color_footer_bg": "#ffffff",
    "color_footer_text": "#000000",
    "color_footer_subtext": "#666666",
    "color_footer_link_hover": "#000000",
    "color_footer_bottom_bg": "#ffffff",
    "color_footer_bottom_text": "#666666",
    "color_border": "#000000",
    "img_overlay_opacity": 20,
    "tooltip_background_color": "#000000",
    "type_base_font": "futura_n5",
    "use_custom_font_body": false,
    "custom_body_font": "https:\/\/cdn.shopify.com\/s\/files\/1\/0561\/2742\/2636\/files\/futura_medium_bt.ttf?v=1627391379@500",
    "custom_body_weight": "500",
    "type_base_size": 15,
    "type_header_font": "futura_n5",
    "use_custom_font_heading": true,
    "custom_heading_font": "https:\/\/cdn.shopify.com\/s\/files\/1\/0561\/2742\/2636\/files\/futura_medium_bt.ttf?v=1627391379@500",
    "custom_heading_weight": "500",
    "type_header_base_size": 30,
    "btn_uppercase_text": true,
    "btn_base_size": 14,
    "btn_letter_spacing": 1,
    "btn_border_radius": 0,
    "pcard_layout": "1",
    "pcard_alignment": "center",
    "show_vendor": false,
    "variant_option_design3": "dropdown",
    "show_variant_swatch_image": true,
    "product_colors": "red: #FF6961,\nyellow: #FDDA76,\nblack: #000000,\nblack band: #000000,\nblue: #8DB4D2,\ngreen: #C1E1C1,\npurple: #B19CD9,\nsilver: #EEEEEF,\nwhite: #FFFFFF,\nbrown: #836953,\nlight brown: #B5651D,\ndark turquoise: #23cddc,\norange: #FFB347,\ntan: #E9D1BF,\nviolet: #B490B0,\npink: #FFD1DC,\ngrey: #E0E0E0,\nsky: #96BDC6,\npale leaf: #CCD4BF,\nlight blue: #b1c5d4,\ndark grey: #aca69f,\nbeige: #EBE6DB,\nbeige band: #EED9C4,\ndark blue: #063e66,\ncream: #FFFFCC,\nlight pink: #FBCFCD,\nmint: #bedce3,\ndark gray: #3A3B3C,\nrosy brown: #c4a287,\nlight grey:#D3D3D3,\ncopper: #B87333,\nrose gold: #ECC5C0,\nnight blue: #151B54,\ncoral: #FF7F50,\nlight purple: #C6AEC7",
    "filter_color1": "",
    "share_facebook": true,
    "social_twitter_link": "https:\/\/twitter.com\/home",
    "social_facebook_link": "https:\/\/facebook.com\/",
    "social_pinterest_link": "https:\/\/pinterest.com\/",
    "social_instagram_link": "https:\/\/instagram.com\/",
    "wishlist_page": "",
    "product_compare_page": "",
    "gm_api": "",
    "instagram_token": "",
    "custom_css": ".sf__placeholder-svg {\n  border: none;\n}\n.sf-nav li a.sf__parent-item {\n  font-size: 14px;\n}\n.sf__index-custom-content .prod__option div {\n  width: 100%;\n}\n.sf__index-custom-content .sf__custom-select.sf__select-bordered .select-selected {\n  border-radius: 0;\n}\n.section__heading {\n  letter-spacing: 1.5px;\n}\n.sf__index-instagram .section-my {\n  margin-bottom: 0;\n}\n.sf__pcard-content a {\n  text-transform: uppercase;\n  letter-spacing: 1px;\n  font-size: 14px;\n}\n.sf__index-img-with-text .sf-hero__subtitle {\n  font-size: 16px;\n  letter-spacing: 1.5px;\n}\n.sf__index-img-with-text .sf-hero__title {\n  letter-spacing: 6px;\n\n  font-family: \"Futura\";\n}\n.sf-header__desktop .sf-nav li a.sf__parent-item {\n  margin: 0 0.5rem;\n}\n.content__subheading,\n.sf-hero__subtitle {\n  font-size: 16px;\n  letter-spacing: 1.5px;\n}\n.sf__index-img-with-text-2 .sf-hero__title {\n  letter-spacing: 4px;\n}\n.sf-footer .sf__footer-block-our_store .social-media-links {\n  margin: 40px -25px 0;\n}\n.sf-footer .sf__footer-block-our_store .social-media-links a {\n  padding: 0 15px;\n}\n.sf-footer .sf__footer-block-our_store .social-media-links svg path {\n  color: #000;\n}\n.sf__footer-form-newsletter .sf__newletter__form-input {\n  border: 1px solid #000;\n  border-radius: 0;\n}\n.sf__index-img-with-text-3 .content__subheading {\n  font-size: 12px;\n  line-height: 16px;\n}\n#sf-custom__block--6dfc6c6b-e575-4b68-8e32-4214bcf8d7f7 .prod__title {\n  text-transform: uppercase;\n  font-size: 30px;\n  line-height: 50px;\n  letter-spacing: 1.5px;\n}\n#sf-custom__block--6dfc6c6b-e575-4b68-8e32-4214bcf8d7f7 .prod__vendor {\n  font-size: 12px;\n  text-transform: uppercase;\n  letter-spacing: 0.5px;\n  color: #000;\n}\n#sf-custom__block--6dfc6c6b-e575-4b68-8e32-4214bcf8d7f7 .prod__option-label {\n  display: none;\n}\n.sf__index-img-with-text-2 .sf-hero__title {\n  font-family: \"Futura\";\n}\n.sf__index-custom-content #sf-custom__block--6dfc6c6b-e575-4b68-8e32-4214bcf8d7f7 {\n  width: 40%;\n  max-width: 550px;\n}\n\n.sf__index-custom-content .sf-custom__grid {\n  justify-content: center;\n}\n\n.sf__index-custom-content .product-options {\n  margin-bottom: 20px;\n}\n.sf__index-custom-content .product-options select {\n  border-radius: 0;\n}\n@media (min-width: 1024px) {\n  .sf__index-img-with-text-3 .content__box h3 {\n    font-size: 30px;\n    line-height: 50px;\n    letter-spacing: 1.5px;\n  }\n  .sf__index-img-with-text-2 .sf-hero__title {\n    font-size: 70px;\n  }\n  .sf__index-img-with-text .sf-hero__title {\n    margin-bottom: 40px;\n  }\n}\n@media (min-width: 1536px) {\n  .sf__index-img-with-text .sf-hero__title {\n    font-size: 70px;\n    line-height: 1.17;\n  }\n}\n@media (min-width: 1661px) {\n  .sf__index-img-with-text .sf-hero__title {\n    font-size: 100px;\n    line-height: 1.17;\n  }\n}\n@media (max-width: 767px) {\n  #sf-custom__block--6dfc6c6b-e575-4b68-8e32-4214bcf8d7f7 .prod__title {\n    font-size: 24px;\n  }\n  .sf__index-custom-content #sf-custom__block--6dfc6c6b-e575-4b68-8e32-4214bcf8d7f7 {\n    width: 100%;\n  }\n  .sf__index-custom-content .sf-custom__grid {\n    flex-direction: column-reverse;\n  }\n  .sf__index-img-with-text .sf-hero__inner,\n  .sf__index-img-with-text-2 .sf-hero__innner {\n    justify-content: center;\n  }\n  .sf__index-img-with-text .sf-hero__inner .sf-hero__content,\n  .sf__index-img-with-text-2 .sf-hero__inner .sf-hero__content {\n    text-align: center;\n  }\n  .sf__index-img-with-text .sf-hero__inner .sf-hero__content .sf-hero__subtitle,\n  .sf__index-img-with-text-2 .sf-hero__inner .sf-hero__content .sf-hero__subtitle {\n    font-size: 14px;\n  }\n  .sf__index-img-with-text .sf-hero__inner .sf-hero__content .sf-hero__title,\n  .sf__index-img-with-text-2 .sf-hero__inner .sf-hero__content .sf-hero__title {\n    font-size: 36px;\n    line-height: 42px;\n  }\n  .sf__index-img-with-text-3 .content__box h3 {\n    font-size: 24px;\n    line-height: 42px;\n  }\n  .sf__index-img-with-text .sf-hero__inner .sf-hero__content,\n  .sf__index-img-with-text-2 .sf-hero__inner .sf-hero__content,\n  .sf__index-img-with-text .sf-hero__inner .sf-hero__content .sf-hero__btn,\n  .sf__index-img-with-text-2 .sf-hero__inner .sf-hero__content .sf-hero__btn,\n  .sf__index-img-with-text .sf-hero__inner .sf-hero__content .sf-hero__btn a.sf__btn,\n  .sf__index-img-with-text-2 .sf-hero__inner .sf-hero__content .sf-hero__btn a.sf__btn,\n  .sf__index-img-with-text-3 .content__box a.sf__btn,\n  .sf__index-featured-collection .sf__featured-collection-button a.sf__btn {\n    width: 100%;\n  }\n}",
    "use_theme_currencies": true,
    "theme_currencies": "USD | EUR | GBP | VND",
    "sections": {
      "page-faqs": {
        "type": "page-faqs",
        "blocks": {
          "2802736b-f08f-4510-a4f7-4ad7d748992d": {
            "type": "content",
            "settings": {
              "content": "<div class=\"mb-10\"><img src=\"https:\/\/cdn.shopify.com\/s\/files\/1\/0561\/2742\/2636\/files\/faqs.jpg?v=1620784288\"><\/div>\n<h3 class=\"font-medium text-xl mb-4\">Awkwardness gives me great comfort. I’ve never been cool, but I’ve felt cool. I’ve been in the cool place, but I wasn’t really cool – I was trying to pass for hip or cool.<\/h3>\n<p>A girl should be two things: classy and fabulous. I am convinced that there can be luxury in simplicity. I wanted to dress the woman who lives and works, not the woman in a painting. It’s hard to balance everything. It’s always challenging. My relationships with producers or photographers – these are relationships that took years. I can’t get sucked into that celebrity thing, because I think it’s just crass. My aim is to make the poor look rich.<\/p>"
            }
          },
          "4e151238-4480-4122-b893-7f4a19886e4c": {
            "type": "accordion",
            "settings": {
              "title": "What shipping methods are availbale?",
              "content": "<p>Lorem ipsum dolor sit amet conse ctetur adipisicing elit, sed do eiusmod tempor incididunt ut labore et dolore magna aliqua. Ut enim ad minim veniam, quis nostrud exercitation ullamco laboris nisi ut aliquip ex ea commodo consequat. Duis aute irure dolor in reprehenderit in voluptate velit esse cillum dolore eu fugiat.<br\/><br\/>Ut enim ad minim veniam, quis nostrud exercitation ullamco laboris nisi ut aliquip ex ea commodo consequat. Duis aute irure dolor in reprehenderit.<\/p>",
              "open": true
            }
          },
          "c5d4d04d-f6c1-4d1e-99f0-3c221393a3cf": {
            "type": "accordion",
            "settings": {
              "title": "How long will it take to get my package?",
              "content": "<p>Lorem ipsum dolor sit amet conse ctetur adipisicing elit, sed do eiusmod tempor incididunt ut labore et dolore magna aliqua. Ut enim ad minim veniam, quis nostrud exercitation ullamco laboris nisi ut aliquip.<\/p>",
              "open": false
            }
          },
          "0131747b-8b40-432f-b634-b1289ec41911": {
            "type": "accordion",
            "settings": {
              "title": "Do you ship internationally?",
              "content": "<p>Lorem ipsum dolor sit amet conse ctetur adipisicing elit, sed do eiusmod tempor incididunt ut labore et dolore magna aliqua. Ut enim ad minim veniam, quis nostrud exercitation ullamco laboris nisi ut aliquip.<\/p>",
              "open": false
            }
          },
          "5d7206e9-5375-4da6-9a1f-24e1c46230b0": {
            "type": "accordion",
            "settings": {
              "title": "What payment methods are accepted?",
              "content": "<p>Lorem ipsum dolor sit amet conse ctetur adipisicing elit, sed do eiusmod tempor incididunt ut labore et dolore magna aliqua. Ut enim ad minim veniam, quis nostrud exercitation ullamco laboris nisi ut aliquip ex ea commodo consequat. Duis aute irure dolor in reprehenderit in voluptate velit esse cillum dolore eu fugiat.<\/p>",
              "open": false
            }
          },
          "4008f61e-055e-42ba-8969-cb3715c0aece": {
            "type": "accordion",
            "settings": {
              "title": "Is buying on-line safe?",
              "content": "<p>Lorem ipsum dolor sit amet conse ctetur adipisicing elit, sed do eiusmod tempor incididunt ut labore et dolore magna aliqua. Ut enim ad minim veniam, quis nostrud exercitation ullamco laboris nisi ut aliquip.<\/p>",
              "open": false
            }
          }
        },
        "block_order": [
          "2802736b-f08f-4510-a4f7-4ad7d748992d",
          "4e151238-4480-4122-b893-7f4a19886e4c",
          "c5d4d04d-f6c1-4d1e-99f0-3c221393a3cf",
          "0131747b-8b40-432f-b634-b1289ec41911",
          "5d7206e9-5375-4da6-9a1f-24e1c46230b0",
          "4008f61e-055e-42ba-8969-cb3715c0aece"
        ],
        "settings": {
          "menu": "faqs-menu"
        }
      },
      "collection-list": {
        "type": "collection-list",
        "settings": {
        }
      },
      "featured-collection": {
        "type": "featured-collection",
        "settings": {
          "collection": "frontpage"
        }
      },
      "featured-product": {
        "type": "featured-product",
        "settings": {
        }
      },
      "slider": {
        "type": "slider",
        "settings": {
        }
      },
      "header": {
        "type": "header",
        "blocks": {
          "c835d877-9fe8-4c71-8bd1-1ad464f2bfc1": {
            "type": "custom_html",
            "settings": {
              "heading": "Home",
              "container": "container",
              "html": ""
            }
          },
          "e049e82a-224f-468f-b0b7-a796492a4c3b": {
            "type": "banner",
            "settings": {
              "heading": "Shop",
              "container": "container",
              "banner_style": "outside",
              "banner_link": "",
              "banner_title": "<span style=\"letter-spacing: 1.5px;\">THE PEFECT GIFT<\/span>",
              "banner_desc": "",
              "banner_button_text": "SHOP NOW"
            }
          },
          "9843295e-40f8-4293-9afb-a62e152fe944": {
            "type": "product-list",
            "settings": {
              "heading": "Products",
              "container": "container-fluid",
              "stretch_width": false,
              "collection": "jewelry-2",
              "limit": 6,
              "columns": 2
            }
          },
          "4ee7b71f-92b4-407d-a86b-1b306d2ee005": {
            "type": "custom_html",
            "settings": {
              "heading": "Features",
              "container": "inherit",
              "html": ""
            }
          }
        },
        "block_order": [
          "c835d877-9fe8-4c71-8bd1-1ad464f2bfc1",
          "e049e82a-224f-468f-b0b7-a796492a4c3b",
          "9843295e-40f8-4293-9afb-a62e152fe944",
          "4ee7b71f-92b4-407d-a86b-1b306d2ee005"
        ],
        "settings": {
          "header_design": "logo-center-menu-left",
          "container": "container-fluid",
          "header_sticky": true,
          "transparent_on_top": true,
          "logo_text": "MINIMOG",
          "logo_max_width": 145,
          "sticky_logo_max_width": 140,
          "mobile_logo_max_width": 105,
          "main_menu": "main-menu",
          "secondary_menu": "",
          "uppercase_parent_level": true,
          "search": "show_icon",
          "show_account_icon": true,
          "show_cart_icon": true,
          "show_wishlist_icon": true,
          "show_compare_icon": false,
          "show_currency_switcher": false,
          "show_language_switcher": false
        }
      },
      "footer": {
        "type": "footer",
        "blocks": {
          "bbe19fad-7106-487a-a22f-247b07053e7e": {
            "type": "our_store",
            "settings": {
              "title": "ABOUT YOUR STORE",
              "description": "<p>Alongside diamonds, sapphires are a really beautiful,<br\/> durable stone. They come second to diamonds on the<br\/> hardness scale, making them a perfect addi...<\/p>",
              "show_email": false,
              "show_phone": false,
              "show_socials_link": true,
              "width": "50%"
            }
          },
          "ad3c3166-8ef1-441a-832a-e4c7b30d78ab": {
            "type": "menu",
            "settings": {
              "menu": "main-menu",
              "title": "INFORMATION",
              "width": "25%"
            }
          },
          "9191e286-5f7f-4a14-8e7a-3f66ca11cc88": {
            "type": "menu",
            "settings": {
              "menu": "main-menu",
              "title": "SERVICES",
              "width": "25%"
            }
          },
          "ce072611-70f1-4378-853e-0ccd41514098": {
            "type": "newsletter",
            "settings": {
              "title": "STAY IN TOUCH",
              "description": "Our conversation is just getting started",
              "email_placeholder": "Enter your email",
              "form_style": "bordered",
              "show_social": false,
              "width": "33%"
            }
          }
        },
        "block_order": [
          "bbe19fad-7106-487a-a22f-247b07053e7e",
          "ad3c3166-8ef1-441a-832a-e4c7b30d78ab",
          "9191e286-5f7f-4a14-8e7a-3f66ca11cc88",
          "ce072611-70f1-4378-853e-0ccd41514098"
        ],
        "settings": {
          "design": "footer-1",
          "container": "container-fluid",
          "bordered": false,
          "copyright": "© MINIMOG 2021",
          "show_currency_selector": false,
          "show_language_selector": false,
          "show_social_links": false,
          "show_payment_icons": true
        }
      },
      "collection-page-header": {
        "type": "collection-page-header",
        "settings": {
          "layout": "inside",
          "header_height": "medium",
          "text_alignment": "center",
          "vertical_alignment": "center",
          "bg_color": "#f5f5f5",
          "enable_parallax": true,
          "show_breadcrumb": true,
          "upper_title": false
        }
      },
      "collection-template": {
        "type": "collection-template",
        "blocks": {
          "680b8b35-8165-4ea0-9bef-5d7d1b93a0f8": {
            "type": "collection_list",
            "settings": {
              "show_collectionlist": true,
              "use_accordion": false,
              "open_collectionlist": true,
              "title": "Collections",
              "collectionlist_link": "collections"
            }
          },
          "e66b7743-9ed8-4614-aa7c-c95d1bf037fb": {
            "type": "filter",
            "settings": {
              "show_filtergroup": true,
              "use_accordion": false,
              "open_filtergroup": true,
              "design_filtergroup": "default",
              "title": "Price",
              "filtergroup": "$0-$50,$50-$100,$100-$150,$150-$200,$200-$300,$300-$400"
            }
          },
          "87fb5f71-1e24-4f7d-9f4d-7631c71ecc30": {
            "type": "filter",
            "settings": {
              "show_filtergroup": true,
              "use_accordion": false,
              "open_filtergroup": true,
              "design_filtergroup": "color",
              "title": "Colors",
              "filtergroup": "Blue,Red,White,Black,Pink,Silver,Purple,Brown,Yellow,Grey,Green,Tan,Violet"
            }
          },
          "a511d107-9285-467a-8e4a-7346626d1426": {
            "type": "filter",
            "settings": {
              "show_filtergroup": true,
              "use_accordion": false,
              "open_filtergroup": true,
              "design_filtergroup": "button_rounded",
              "title": "Size",
              "filtergroup": "XS,S,M,L,XL"
            }
          },
          "4405b50a-a7a8-4c9c-b1ed-e39c8bf34630": {
            "type": "filter",
            "settings": {
              "show_filtergroup": true,
              "use_accordion": false,
              "open_filtergroup": true,
              "design_filtergroup": "default",
              "title": "Brands",
              "filtergroup": "Minimog,Retrolie,Abby,Brook,Learts,Vagabond"
            }
          },
          "10ca928a-56d4-4a7b-99d7-b228e128aea6": {
            "type": "filter",
            "settings": {
              "show_filtergroup": true,
              "use_accordion": false,
              "open_filtergroup": true,
              "design_filtergroup": "inrow",
              "title": "Tags",
              "filtergroup": "Dress,Tops,Shirts,Fashion,Hats,Sandal,Belt,Bags,Snacker,Denim,Minimog,Vagabond,Sunglasses, Beachwear,Vintage"
            }
          }
        },
        "block_order": [
          "680b8b35-8165-4ea0-9bef-5d7d1b93a0f8",
          "e66b7743-9ed8-4614-aa7c-c95d1bf037fb",
          "87fb5f71-1e24-4f7d-9f4d-7631c71ecc30",
          "a511d107-9285-467a-8e4a-7346626d1426",
          "4405b50a-a7a8-4c9c-b1ed-e39c8bf34630",
          "10ca928a-56d4-4a7b-99d7-b228e128aea6"
        ],
        "settings": {
          "container": "container",
          "grid_layout": "grid",
          "grid_columns": "4",
          "pagination_limit": "12",
          "collection_paginate": "paginate",
          "show_filter": false,
          "sidebar": "leftColumn"
        }
      },
      "product-template": {
        "type": "product-template",
        "settings": {
          "container": "container",
          "layout": "layout-6",
          "show_tags": false,
          "show_vendor": false,
          "show_sku": false,
          "show_categories": false,
          "show_reviews_count": true,
          "show_quantity_selector": true,
          "enable_dynamic_checkout": true,
          "hide_atc_button": false,
          "show_atwl": true,
          "show_atcp": true,
          "show_ask_a_question": true,
          "show_social": true,
          "show_live_views": true,
          "live_views_text": "<p><strong>{{count_number}}<\/strong> <strong>people<\/strong> are viewing this right now<\/p>",
          "live_views_range": "20-30",
          "live_view_duration": "10",
          "live_view_icon_blinks": true,
          "show_delivery_times": true,
          "deliver_text": "Estimated Delivery:",
          "deliver_days": "3",
          "show_shipping_text": true,
          "shipping_text": "<p><strong>Free Shipping & Returns: <\/strong>On all orders over $75<\/p>",
          "show_trust_badges": true,
          "trust_badges_text": "<p><strong>Secured and trusted<\/strong> checkout with:<\/p>",
          "trust_badges_image": "shopify:\/\/shop_images\/trustbag.png",
          "trust_badges_image_width": "320px",
          "use_sticky_atc": true,
          "sticky_atc_wishtlist": false,
          "sticky_atc_compare": false
        }
      },
      "product-details-tabs": {
        "type": "product-details-tabs",
        "blocks": {
          "4db8ad16-886f-47f7-9b57-fc68b39fb2d4": {
            "type": "description",
            "settings": {
              "header": "Product description"
            }
          },
          "9f976af7-9304-4c96-88d2-8061e6592c8d": {
            "type": "tab",
            "settings": {
              "header": "Custom content",
              "content": "<p>So beautiful you’ll want to show it off, so comfortable you’ll forget it’s there. Our 24\/7™ Lace Contour Plunge Bra combines gorgeous floral lace with sheer overlay straps that hold you in and eliminates gaping. Removable pads let you customize you<\/p>"
            }
          },
          "709beb40-8be1-4269-adc8-f51b08092dd8": {
            "type": "reviews",
            "settings": {
              "header": "Product reviews"
            }
          }
        },
        "block_order": [
          "4db8ad16-886f-47f7-9b57-fc68b39fb2d4",
          "9f976af7-9304-4c96-88d2-8061e6592c8d",
          "709beb40-8be1-4269-adc8-f51b08092dd8"
        ],
        "settings": {
          "show_product_tabs": true,
          "container": "container",
          "bg_color": ""
        }
      },
      "product-reviews": {
        "type": "product-reviews",
        "settings": {
          "show_product_reviews": false,
          "container": "container-narrow",
          "heading": "Ratings and Reviews"
        }
      },
      "product-recommendations": {
        "type": "product-recommendations",
        "settings": {
          "show_product_recommendations": true,
          "container": "container",
          "heading": "You Might Also Like",
          "limit": 8,
          "columns": 4,
          "column_gap": 30,
          "enable_slider": true
        }
      },
      "brand-page-header": {
        "type": "brand-page-header",
        "blocks": {
          "09dfe2e1-10c2-4cee-a033-a90b143c85f3": {
            "type": "information",
            "settings": {
              "collection": "retrolie",
              "logo": "shopify:\/\/shop_images\/1.png",
              "content": "<p>Developed by Goop founder, wellness advocate and - academy award-winner, Gwyneth Paltrow, this high performing skincare line is where luxury formulas meet pure organic ingredients and the results are skin-changing. <\/p><p>Goop is passionate about the idea that beauty comes from the inside out. So they use clinically proven and best-in-class ingredients at active levels to create skin care, skin-boosting ingestibles, and body essentials that are luxurious, deliver high-performance results, and enliven the senses with exquisite textures and beautiful scents.<\/p>",
              "image_1": "shopify:\/\/shop_images\/1_8e8151b6-3555-4abf-8dd6-5347182bbcd0.jpg",
              "image_2": "shopify:\/\/shop_images\/2_9a1b3099-775a-4093-9ece-6cfaa04a06fe.jpg",
              "image_3": "shopify:\/\/shop_images\/3_7b9fc65c-8202-4449-a828-d03ac03c6d38.jpg"
            }
          },
          "c8ee188c-a84f-4cf2-a8af-aacb9bf78785": {
            "type": "information",
            "settings": {
              "collection": "abby",
              "logo": "shopify:\/\/shop_images\/2.png",
              "content": "<p>Developed by Goop founder, wellness advocate and - academy award-winner, Gwyneth Paltrow, this high performing skincare line is where luxury formulas meet pure organic ingredients and the results are skin-changing. <\/p><p>Goop is passionate about the idea that beauty comes from the inside out. So they use clinically proven and best-in-class ingredients at active levels to create skin care, skin-boosting ingestibles, and body essentials that are luxurious, deliver high-performance results, and enliven the senses with exquisite textures and beautiful scents.<\/p>",
              "image_1": "shopify:\/\/shop_images\/4.jpg",
              "image_2": "shopify:\/\/shop_images\/5.jpg",
              "image_3": "shopify:\/\/shop_images\/6.jpg"
            }
          },
          "e56a3991-3115-47d4-b7e6-43e962712fc6": {
            "type": "information",
            "settings": {
              "collection": "minimog",
              "logo": "shopify:\/\/shop_images\/3.png",
              "content": "<p>Developed by Goop founder, wellness advocate and - academy award-winner, Gwyneth Paltrow, this high performing skincare line is where luxury formulas meet pure organic ingredients and the results are skin-changing. <\/p><p>Goop is passionate about the idea that beauty comes from the inside out. So they use clinically proven and best-in-class ingredients at active levels to create skin care, skin-boosting ingestibles, and body essentials that are luxurious, deliver high-performance results, and enliven the senses with exquisite textures and beautiful scents.<\/p>",
              "image_1": "shopify:\/\/shop_images\/7.jpg",
              "image_2": "shopify:\/\/shop_images\/8.jpg",
              "image_3": "shopify:\/\/shop_images\/9.jpg"
            }
          },
          "98bac8d0-393b-4f50-91b8-052a49e29dd0": {
            "type": "information",
            "settings": {
              "collection": "brook",
              "logo": "shopify:\/\/shop_images\/4.png",
              "content": "<p>Developed by Goop founder, wellness advocate and - academy award-winner, Gwyneth Paltrow, this high performing skincare line is where luxury formulas meet pure organic ingredients and the results are skin-changing. <\/p><p>Goop is passionate about the idea that beauty comes from the inside out. So they use clinically proven and best-in-class ingredients at active levels to create skin care, skin-boosting ingestibles, and body essentials that are luxurious, deliver high-performance results, and enliven the senses with exquisite textures and beautiful scents.<\/p>",
              "image_1": "shopify:\/\/shop_images\/10.jpg",
              "image_2": "shopify:\/\/shop_images\/11.jpg",
              "image_3": "shopify:\/\/shop_images\/12.jpg"
            }
          },
          "2b4a1841-6d7a-468b-ba3b-a5fd307cf9aa": {
            "type": "information",
            "settings": {
              "collection": "learts",
              "logo": "shopify:\/\/shop_images\/5.png",
              "content": "<p>Developed by Goop founder, wellness advocate and - academy award-winner, Gwyneth Paltrow, this high performing skincare line is where luxury formulas meet pure organic ingredients and the results are skin-changing. <\/p><p>Goop is passionate about the idea that beauty comes from the inside out. So they use clinically proven and best-in-class ingredients at active levels to create skin care, skin-boosting ingestibles, and body essentials that are luxurious, deliver high-performance results, and enliven the senses with exquisite textures and beautiful scents.<\/p>",
              "image_1": "shopify:\/\/shop_images\/13.jpg",
              "image_2": "shopify:\/\/shop_images\/14.jpg",
              "image_3": "shopify:\/\/shop_images\/15.jpg"
            }
          },
          "b54aa75a-c232-474e-9d92-2027e31cd066": {
            "type": "information",
            "settings": {
              "collection": "vagabond",
              "logo": "shopify:\/\/shop_images\/6.png",
              "content": "<p>Developed by Goop founder, wellness advocate and - academy award-winner, Gwyneth Paltrow, this high performing skincare line is where luxury formulas meet pure organic ingredients and the results are skin-changing. <\/p><p>Goop is passionate about the idea that beauty comes from the inside out. So they use clinically proven and best-in-class ingredients at active levels to create skin care, skin-boosting ingestibles, and body essentials that are luxurious, deliver high-performance results, and enliven the senses with exquisite textures and beautiful scents.<\/p>",
              "image_1": "shopify:\/\/shop_images\/16.jpg",
              "image_2": "shopify:\/\/shop_images\/17.jpg",
              "image_3": "shopify:\/\/shop_images\/18.jpg"
            }
          }
        },
        "block_order": [
          "09dfe2e1-10c2-4cee-a033-a90b143c85f3",
          "c8ee188c-a84f-4cf2-a8af-aacb9bf78785",
          "e56a3991-3115-47d4-b7e6-43e962712fc6",
          "98bac8d0-393b-4f50-91b8-052a49e29dd0",
          "2b4a1841-6d7a-468b-ba3b-a5fd307cf9aa",
          "b54aa75a-c232-474e-9d92-2027e31cd066"
        ],
        "settings": {
        }
      },
      "collection-brand": {
        "type": "collection-brand",
        "settings": {
          "grid_layout": "grid",
          "pagination_limit": "12",
          "grid_columns": "3",
          "collection_paginate": "paginate",
          "show_filter": true,
          "sidebar": "leftColumn"
        }
      },
      "contact-information": {
        "type": "contact-information",
        "settings": {
        }
      },
      "maps": {
        "type": "maps",
        "settings": {
          "textx": "40.6700",
          "texty": "-73.9400",
          "zoom": "11",
          "text2": "New York"
        }
      },
      "contact-template": {
        "type": "contact-template",
        "blocks": {
          "458d6546-c5d0-4128-8fa6-162080bdf85f": {
            "type": "textblock",
            "settings": {
              "title": "Address",
              "content": "<p>7895 Piermont Dr NE Albuquerque, NM 198866, <a href=\"#\">See Our Stores<\/a><\/p>"
            }
          },
          "d2fd611c-a50a-4871-b401-b51dff320d34": {
            "type": "textblock",
            "settings": {
              "title": "Information",
              "content": "<p>+391 (0)35 2568 4593<\/p><p>hello@domain.com<\/p>"
            }
          },
          "159b3b43-a6d9-4cb9-b78d-04f5a5bae350": {
            "type": "socialmedia",
            "settings": {
              "title": "Social Media"
            }
          },
          "5c486a84-9bdd-4d24-8ac7-5c428593cf33": {
            "type": "textblock",
            "settings": {
              "title": "We're Open",
              "content": "<p>Our store has re-opened for shopping, exchanges<\/p><p>Every day 11am to 7pm<\/p>"
            }
          }
        },
        "block_order": [
          "458d6546-c5d0-4128-8fa6-162080bdf85f",
          "d2fd611c-a50a-4871-b401-b51dff320d34",
          "159b3b43-a6d9-4cb9-b78d-04f5a5bae350",
          "5c486a84-9bdd-4d24-8ac7-5c428593cf33"
        ],
        "settings": {
          "title": "We would love to hear from you.",
          "description": "<p>If you’ve got great products your making or looking to work with us then drop us a line.<\/p>"
        }
      },
      "162020268361a6865e": {
        "type": "image-with-text",
        "settings": {
          "heading": "",
          "subheading": "",
          "container": "container",
          "background_color": "rgba(0,0,0,0)",
          "item_gap": 100,
          "item_gap_mobile": 30,
          "layout": "left",
          "image_column_size": "6",
          "title": "<span class=\"leading-normal font-medium\">COME & EXPERIENCE <br>\nTHE MAGIC<\/span>",
          "sub_title": "ABOUT POLKALITA",
          "text": "<p>Polkalita, The Jewelry Store, has been committed to <br\/>providing our guests with stylish diamond, gemstone <br\/>and fashion jewelry along with extensive industry expertise <br\/>and exceptional customer service.<\/p>",
          "text_size": "medium",
          "content_alignment": "left",
          "button_label": "READ MORE",
          "button_link": "",
          "button_style": "sf__btn-primary",
          "button_size": "",
          "custom_class": "sf__index-img-with-text-3"
        }
      },
      "1620205876f70255fb": {
        "type": "featured-collection",
        "settings": {
          "heading": "BLOOM FLORALS",
          "subheading": "",
          "description": "",
          "header_alignment": "center",
          "container": "container-fluid",
          "background_color": "rgba(0,0,0,0)",
          "collection": "bloom-florals-jewelry",
          "product_to_show": 4,
          "items_per_row": 4,
          "item_gap": 32,
          "pcard_layout": "",
          "pcard_image_ratio": "",
          "show_vendor": false,
          "enable_slider": false,
          "show_pagination": false,
          "show_navigation": false,
          "button_type": "link",
          "button_text": "SHOP NOW",
          "button_style": "sf__btn-secondary",
          "button_size": "",
          "infinite_load": false,
          "max_page_load": 3,
          "use_scroll_mobile": true,
          "item_gap_mobile": 16,
          "custom_class": "sf__index-featured-collection"
        }
      },
      "1620209437cec2cd27": {
        "type": "featured-collection",
        "settings": {
          "heading": "BEST SELLERS",
          "subheading": "",
          "description": "",
          "header_alignment": "center",
          "container": "container-fluid",
          "background_color": "rgba(0,0,0,0)",
          "collection": "jewelry-2",
          "product_to_show": 4,
          "items_per_row": 4,
          "item_gap": 30,
          "pcard_layout": "",
          "pcard_image_ratio": "",
          "show_vendor": false,
          "enable_slider": false,
          "show_pagination": false,
          "show_navigation": false,
          "button_type": "link",
          "button_text": "SHOP NOW",
          "button_style": "sf__btn-secondary",
          "button_size": "",
          "infinite_load": false,
          "max_page_load": 3,
          "use_scroll_mobile": true,
          "item_gap_mobile": 16,
          "custom_class": "sf__index-featured-collection"
        }
      },
      "16202096349a3125a1": {
        "type": "instagram",
        "settings": {
          "heading": "#MINIMOG",
          "subheading": "",
          "description": "Tag <span class=\"text-black\">@minimog<\/span> in your Instagram photos for a chance to be featured here.<br>Find more inspiration on <span class=\"text-black underline\">our Instagram.<\/span>",
          "header_alignment": "center",
          "container": "w-full",
          "background_color": "rgba(0,0,0,0)",
          "layout": "grid",
          "images_count": 5,
          "grid_columns": 5,
          "gap": 10,
          "mobile_gap": 16,
          "profile": "https:\/\/www.instagram.com\/minimog.trendy\/",
          "button_label": "",
          "custom_class": "sf__index-instagram"
        }
      },
      "annoucement": {
        "type": "annoucement",
        "settings": {
          "show_announcement": true,
          "homepage_only": true,
          "show_close": true,
          "message": "Free Express Shipping on AU orders $200+",
          "message_link": "",
          "show_divider": false
        }
      },
      "1626742857eb865da7": {
        "type": "image-with-text-2",
        "settings": {
          "container": "w-full",
          "hero_size": "fullscreen",
          "show_overlay": false,
          "bg_position": "center",
          "parallax": false,
          "content_in_container": false,
          "content_position": "left bottom",
          "text_alignment": "left",
          "text_size": "large",
          "text_color": "dark",
          "title": "SHINE BRIGHT",
          "subtitle": "THE ORIGINAL",
          "text": "",
          "button_label": "SHOP COLLECTION",
          "button_link": "",
          "button_style": "sf__btn-secondary",
          "button_size": "",
          "custom_class": "sf__index-img-with-text"
        }
      },
      "1626745327180c6e26": {
        "type": "image-with-text-2",
        "settings": {
          "container": "w-full",
          "hero_size": "medium",
          "show_overlay": false,
          "bg_position": "top",
          "parallax": false,
          "content_in_container": true,
          "content_position": "right middle",
          "text_alignment": "left",
          "text_size": "large",
          "text_color": "dark",
          "title": "CHAIN CHOKER",
          "subtitle": "THE ORIGINAL",
          "text": "",
          "button_label": "SHOP NOW",
          "button_link": "",
          "button_style": "sf__btn-secondary",
          "button_size": "",
          "custom_class": "sf__index-img-with-text-2"
        }
      },
      "16267456214eea9c5f": {
        "type": "custom-content",
        "blocks": {
          "6dfc6c6b-e575-4b68-8e32-4214bcf8d7f7": {
            "type": "product_form",
            "settings": {
              "product": "twist-hoop-earrings",
              "show_quantity_selector": false,
              "show_vendor": true,
              "show_price": false,
              "show_add_to_cart": false,
              "show_product_review": false,
              "enable_payment_button": true,
              "width": "50%",
              "alignment": "center",
              "block_custom_class": ""
            }
          },
          "eff3d117-8c3d-4a82-86a7-4d3c18bd3501": {
            "type": "image",
            "settings": {
              "width": "50%",
              "alignment": "center",
              "block_custom_class": ""
            }
          }
        },
        "block_order": [
          "6dfc6c6b-e575-4b68-8e32-4214bcf8d7f7",
          "eff3d117-8c3d-4a82-86a7-4d3c18bd3501"
        ],
        "settings": {
          "heading": "",
          "subheading": "",
          "description": "",
          "header_alignment": "center",
          "container": "container",
          "background_color": "",
          "gap": 150,
          "use_scroll_mobile": false,
          "gap_mobile": 16,
          "custom_class": "sf__index-custom-content"
        }
      },
      "content-before-products": {
        "type": "content-before-products",
        "settings": {
          "container": "container-fluid",
          "background_color": "",
          "gap": 30,
          "gap_mobile": 16
        }
      },
      "content-after-products": {
        "type": "content-after-products",
        "settings": {
          "container": "container-fluid",
          "background_color": "",
          "gap": 30,
          "gap_mobile": 16
        }
      },
      "recent-viewed-products": {
        "type": "recent-viewed-products",
        "settings": {
          "heading": "Recently Viewed Products",
          "container": "container",
          "columns": 4,
          "column_gap": 30,
          "enable_slider": true,
          "show_product_page": true,
          "show_cart_page": true,
          "show_collection_page": false
        }
      },
      "product-details-accordion": {
        "type": "product-details-accordion",
        "settings": {
          "show_accordion": true,
          "use_container": false,
          "position": "bottom_info"
        }
      },
      "product-features": {
        "type": "product-features",
        "blocks": {
          "d11d1ae4-0ff0-4d60-944f-bfcd3c71034c": {
            "type": "feature",
            "settings": {
              "image": "shopify:\/\/shop_images\/Frame_1.png",
              "title": "Free Shipping",
              "description": "<p>Get complimentary ground shipping on every<br\/> order.Don’t love it? Send it back, on us.<\/p>",
              "link": ""
            }
          },
          "c552f90f-4023-4137-852f-08d1e225d4fd": {
            "type": "feature",
            "settings": {
              "image": "shopify:\/\/shop_images\/Frame_2.png",
              "title": "Earn Points",
              "description": "<p>Join Minimog Rewards to earn gift cards<br\/>and enjoy exclusive member benefits.<\/p>",
              "link": ""
            }
          },
          "616d440f-c964-4d89-85e1-6c425e1a0e2e": {
            "type": "feature",
            "settings": {
              "image": "shopify:\/\/shop_images\/Frame_3.png",
              "title": "Money Back Gurantee",
              "description": "<p>We believe getting dressed should be the<br\/> easiest part of your day.<\/p>",
              "link": ""
            }
          }
        },
        "block_order": [
          "d11d1ae4-0ff0-4d60-944f-bfcd3c71034c",
          "c552f90f-4023-4137-852f-08d1e225d4fd",
          "616d440f-c964-4d89-85e1-6c425e1a0e2e"
        ],
        "settings": {
          "show_featured": true,
          "container": "container",
          "heading": "Why Minimog ?",
          "item_per_row": 3,
          "card_style": "vertical",
          "image_max_width": "70px",
          "content_alignment": "center"
        }
      },
      "mobile-sticky-bar": {
        "type": "mobile-sticky-bar",
        "settings": {
          "show_mobile_sticky": true,
          "show_home_icon": true,
          "show_collection_icon": true,
          "show_cart_icon": true,
          "show_search_icon": true,
          "show_account_icon": false,
          "show_wishlist_icon": false
        }
      }
    },
    "content_for_index": [
      "1626742857eb865da7",
      "162020268361a6865e",
      "1620205876f70255fb",
      "1626745327180c6e26",
      "1620209437cec2cd27",
      "16267456214eea9c5f",
      "16202096349a3125a1"
    ]
  },
  "presets": {
    "Default": {
      "sections": {
        "featured-collection": {
          "type": "featured-collection",
          "settings": {
            "collection": "frontpage"
          }
        },
        "featured-product": {
          "type": "featured-product",
          "settings": {
          }
        }
      },
      "content_for_index": [
        "featured-collection",
        "featured-product"
      ]
    }
  }
}