{
  "current": {
    "favicon": "shopify:\/\/shop_images\/fav_icon_dark_1.png",
    "color_primary": "#000000",
    "color_body_text": "#000000",
    "color_heading_text": "#000000",
    "color_btn_bg_hover": "#000000",
    "prod_sale_price_color": "#666666",
    "prod_type_color": "#666666",
    "color_main_bg": "#ffffff",
    "color_field_bg": "#ffffff",
    "color_topbar_bg": "#35302e",
    "color_topbar_text": "#ffffff",
    "color_header_bg": "#ffffff",
    "color_header_link": "#000000",
    "color_header_transparent": "#000000",
    "color_menu_bar_bg": "#000000",
    "color_menu_bar_text": "#f8f8f8",
    "color_footer_bg": "#ffffff",
    "color_footer_text": "#000000",
    "color_footer_subtext": "#000000",
    "color_footer_link_hover": "#000000",
    "color_footer_bg_mb": "#ffffff",
    "color_footer_bottom_bg": "#ffffff",
    "color_footer_bottom_bg_mb": "#ffffff",
    "img_overlay_opacity": 20,
    "tooltip_background_color": "#000000",
    "type_base_font": "roboto_condensed_n4",
    "use_custom_font_body": true,
    "custom_body_font": "https:\/\/cdn.shopify.com\/s\/files\/1\/0561\/2742\/2636\/files\/Jost-Regular.ttf?v=1618297125@400\nhttps:\/\/cdn.shopify.com\/s\/files\/1\/0561\/2742\/2636\/files\/Jost-Medium.ttf?v=1618297125@500\nhttps:\/\/cdn.shopify.com\/s\/files\/1\/0561\/2742\/2636\/files\/Jost-SemiBold.ttf?v=1618297125@600",
    "custom_body_weight": "400",
    "type_header_font": "roboto_condensed_n7",
    "use_custom_font_heading": true,
    "custom_heading_font": "https:\/\/cdn.shopify.com\/s\/files\/1\/0561\/2742\/2636\/files\/Butler_Regular.otf?v=1622170679@400\nhttps:\/\/cdn.shopify.com\/s\/files\/1\/0561\/2742\/2636\/files\/Butler_Medium.otf?v=1622170679@500",
    "custom_heading_weight": "400",
    "type_header_base_size": 34,
    "pcard_layout": "1",
    "pcard_alignment": "left",
    "pcard_image_ratio": "3\/4",
    "show_vendor": false,
    "variant_option_design3": "color",
    "show_variant_swatch_image": true,
    "product_colors": "red: #FF6961,\nyellow: #FDDA76,\nblack: #000000,\nblue: #8DB4D2,\ngreen: #C1E1C1,\npurple: #B19CD9,\nsilver: #EEEEEF,\nwhite: #FFFFFF,\nbrown: #836953,\nlight-brown: #feb035,\ndark-turquoise: #23cddc,\norange: #FFB347,\ntan: #E9D1BF,\nviolet: #B490B0,\npink: #FFD1DC,\ngrey: #E0E0E0,\nsky: #96BDC6,\npale-leaf: #CCD4BF",
    "filter_color1": "",
    "share_facebook": true,
    "social_twitter_link": "https:\/\/twitter.com\/home",
    "social_facebook_link": "https:\/\/facebook.com\/",
    "social_pinterest_link": "https:\/\/pinterest.com\/",
    "social_instagram_link": "https:\/\/instagram.com\/",
    "wishlist_page": "whishlist",
    "product_compare_page": "",
    "gm_api": "",
    "instagram_token": "",
    "custom_css": ".font__weight-medium {\n  font-weight: 500;\n}\n.font-body {\n  font-family: Jost, sans-serif;\n}\n.font-size-34 {\n  font-size: 34px;\n  line-height: 44px;\n}\n.sf__pcard-image .sf__image-box {\n  border-radius: 10px;\n}\n.sf__pcard-name {\n  font-family: SF-Heading-font;\n  font-size: 18px;\n  font-weight: 400;\n}\n.sf__pcard-price {\n  font-weight: 500;\n}\n.sf__pcard-price .prod__price {\n  font-weight: 600;\n}\n.sf__pcard-price.price--on-sale .prod__price {\n  color: #b22234;\n}\n.sf__newsletter-block-desc {\n  margin-bottom: 30px;\n  color: #696969;\n}\n.sf__footer-block-menu .sf__footer-block-title {\n  font-size: 24px;\n  line-height: 32px;\n}\n.sf-search__form,\n.sf__footer-form-newsletter input.form-control {\n  background-color: #f5f5f5;\n}\n.collection-card__image {\n  border-radius: 10px;\n}\n.custom__html-block2 {\n  padding: 70px 80px;\n  background-image: url(https:\/\/cdn.shopify.com\/s\/files\/1\/0561\/2742\/2636\/files\/bg.jpg?v=1622194012);\n  background-size: no-repeat;\n  background-size: cover;\n  background-position: center;\n  border-radius: 8px;\n}\n.custom__html-block2 .block__content {\n  text-align: center;\n  display: inline-block;\n}\n.custom__html-block2 .block__content h3 {\n  color: #fff;\n  font-size: 48px;\n  line-height: 56px;\n  margin-bottom: 6px;\n}\n.custom__html-block2 .block__content p {\n  color: rgba(255, 255, 255, 0.7);\n}\n.custom__html-block2 .block__social {\n  margin-top: 50px;\n  text-align: center;\n}\n.custom__html-block2 .block__social ul {\n  margin: 0 -20px;\n}\n.custom__html-block2 .block__social ul li {\n  display: inline-block;\n  padding: 0 20px;\n}\n.custom__html-block2 .block__social ul li a {\n  display: flex;\n  align-items: center;\n  color: #fff;\n}\n.custom__html-block2 .block__social ul li a img {\n  height: 15px;\n  margin-right: 10px;\n}\n.custom__html-block1 {\n  padding: 0 70px;\n  position: relative;\n}\n.custom__html-block1::after {\n  position: absolute;\n  content: \"\";\n  top: 22px;\n  left: 0;\n  width: 100%;\n  height: calc(100% - 56px);\n  border-radius: 8px;\n  background: #e3ebec;\n  z-index: -1;\n}\n.custom__html-block1 img {\n  max-width: 300px;\n  margin-right: 70px;\n}\n.custom__html-block1 .block__content {\n  position: relative;\n  z-index: 1;\n}\n.custom__html-block1 .block__content-text {\n  display: flex;\n  align-items: center;\n  justify-content: space-between;\n  width: 100%;\n}\n.custom__html-block1 .block__content-text .block__heading h3 {\n  font-size: 40px;\n  line-height: 56px;\n  margin-bottom: 4px;\n}\n.custom__html-block1 .block__content-text .block__heading p {\n  color: #696969;\n}\n@media (min-width: 768px) {\n  .section-my {\n    margin-top: 100px !important;\n    margin-bottom: 100px !important;\n  }\n  .section-py {\n    padding-top: 100px !important;\n    padding-bottom: 100px !important;\n  }\n  .sf__footer-form-newsletter {\n    max-width: 80%;\n  }\n}\n@media (max-width: 767px) {\n  .custom__html-block1 {\n    padding: 0 20px 20px;\n  }\n  .custom__html-block1 .block__content,\n  .custom__html-block1 .block__content-text {\n    flex-direction: column;\n    text-align: center;\n  }\n  .custom__html-block1 img {\n    margin-right: 0;\n  }\n  .custom__html-block1 .block__content-text .block__heading h3 {\n    font-size: 24px;\n    line-height: 30px;\n    margin-top: 20px;\n  }\n  .custom__html-block1 .block__content-text .block__heading p {\n    margin-bottom: 20px;\n  }\n  .custom__html-block1::after {\n    height: 100%;\n  }\n  .custom__html-block2 {\n    padding: 50px 20px;\n    background-position: left;\n  }\n  .custom__html-block2 .block__content h3 {\n    font-size: 24px;\n    line-height: 30px;\n  }\n  .custom__html-block2 .block__social ul li {\n    margin-bottom: 15px;\n  }\n}\n\n.sf__index-custom-content-1 .sf__btn::before {\n  height: 1px;\n}\n.sf__index-custom-content-1 .sf__btn::after {\n  height: 1px;\n}\n\n.sf-header__desktop .sf-menu__banner .sf__btn::before {\n  height: 1px;\n}\n.sf-header__desktop .sf-menu__banner .sf__btn::after {\n  height: 1px;\n}\n\n.sf-header__desktop .sf-search-form button {\n  order: 1;\n  padding-right: 0;\n}\n.sf-header__desktop .sf-search-form span {\n  order: 2;\n}\n.sf-header__desktop .sf-search-form {\n  min-width: 487px;\n  background-color: #f5f5f5;\n}\n@media (max-width: 1560px) {\n  .sf-header__desktop .sf-search-form {\n    min-width: 287px;\n  }\n}\n@media(max-width: 767px) {\n    .sf-footer .sf__accordion-button.sf__footer-block-title {\n        font-size: calc(var(--font-base-size, 16)*1px);\n    }\n}",
    "use_theme_currencies": true,
    "theme_currencies": "USD | EUR | GBP | VND",
    "sections": {
      "header": {
        "type": "header",
        "blocks": {
          "5e153016-a9d7-46c9-a10e-30d16446793d": {
            "type": "topbar",
            "disabled": true,
            "settings": {
              "show_divider": true,
              "show_phone_numb": true,
              "show_email": true,
              "show_social_links": false,
              "show_stores_page": true,
              "show_currency_switcher": true,
              "show_language_switcher": true,
              "alert_message": ""
            }
          },
          "59224d28-d657-4624-8d17-55b1c4ce8d9c": {
            "type": "product-list",
            "settings": {
              "heading": "Product",
              "container": "container-fluid",
              "stretch_width": false,
              "collection": "books",
              "limit": 6,
              "columns": 2
            }
          },
          "5b9aec5f-b955-4765-9a87-1962d613e909": {
            "type": "custom_html",
            "settings": {
              "heading": "Home",
              "container": "inherit",
              "html": ""
            }
          },
          "795ac8fe-10ba-410f-a1d8-c92082707175": {
            "type": "banner",
            "settings": {
              "heading": "Shop",
              "container": "inherit",
              "banner_style": "outside",
              "banner_link": "",
              "banner_title": "Create aunique style with us",
              "banner_desc": "",
              "banner_button_text": "Shop now"
            }
          },
          "0c009b8c-374c-4dfe-a226-d92fd6fbf5b0": {
            "type": "custom_html",
            "settings": {
              "heading": "Features",
              "container": "inherit",
              "html": ""
            }
          }
        },
        "block_order": [
          "5e153016-a9d7-46c9-a10e-30d16446793d",
          "59224d28-d657-4624-8d17-55b1c4ce8d9c",
          "5b9aec5f-b955-4765-9a87-1962d613e909",
          "795ac8fe-10ba-410f-a1d8-c92082707175",
          "0c009b8c-374c-4dfe-a226-d92fd6fbf5b0"
        ],
        "settings": {
          "header_design": "logo-center-menu-left",
          "container": "container-fluid",
          "header_sticky": true,
          "transparent_on_top": false,
          "logo_text": "MINIMOG",
          "logo_max_width": 155,
          "sticky_logo_max_width": 105,
          "mobile_logo_max_width": 105,
          "main_menu": "main-menu",
          "secondary_menu": "",
          "uppercase_parent_level": false,
          "search": "show_full",
          "show_account_icon": true,
          "show_cart_icon": true,
          "show_wishlist_icon": true,
          "show_compare_icon": false,
          "show_currency_switcher": false,
          "show_language_switcher": false
        }
      },
      "footer": {
        "type": "footer",
        "blocks": {
          "f9f68495-d8c9-4920-baf5-fb7aaa818b27": {
            "type": "newsletter",
            "settings": {
              "title": "<span>Spend less - Read more.<br>  Real bookshop with real book people.<\/span>",
              "description": "Give your inbox some love with new products, tips, & more.",
              "email_placeholder": "Enter your email",
              "form_style": "bordered",
              "show_social": false,
              "width": "66%"
            }
          },
          "7be8d43e-ecc5-411e-90cd-e21b5dee4cfc": {
            "type": "spacing",
            "settings": {
              "width": "16%"
            }
          },
          "49e72833-c68f-4a7b-ab64-3ef0cae99bcb": {
            "type": "menu",
            "settings": {
              "menu": "main-menu",
              "title": "About",
              "width": "25%"
            }
          },
          "b58e37df-7e6d-4803-948b-1fe15535bedf": {
            "type": "menu",
            "settings": {
              "menu": "main-menu",
              "title": "Support",
              "width": "25%"
            }
          }
        },
        "block_order": [
          "f9f68495-d8c9-4920-baf5-fb7aaa818b27",
          "7be8d43e-ecc5-411e-90cd-e21b5dee4cfc",
          "49e72833-c68f-4a7b-ab64-3ef0cae99bcb",
          "b58e37df-7e6d-4803-948b-1fe15535bedf"
        ],
        "settings": {
          "design": "footer-3",
          "container": "container",
          "bordered": false,
          "copyright": "© MINIMOG 2021",
          "show_currency_selector": false,
          "show_language_selector": false,
          "show_social_links": true,
          "show_payment_icons": true
        }
      },
      "annoucement": {
        "type": "annoucement",
        "settings": {
          "show_announcement": true,
          "homepage_only": true,
          "show_close": false,
          "message": "Free shipping on all U.S. orders $500+",
          "message_link": "",
          "show_divider": false
        }
      },
      "mobile-sticky-bar": {
        "type": "mobile-sticky-bar",
        "settings": {
          "show_mobile_sticky": true,
          "show_home_icon": true,
          "show_collection_icon": true,
          "show_cart_icon": true,
          "show_search_icon": true,
          "show_account_icon": false,
          "show_wishlist_icon": false
        }
      }
    }
  },
  "presets": {
    "Default": {
      "sections": {
        "featured-collection": {
          "type": "featured-collection",
          "settings": {
            "collection": "frontpage"
          }
        },
        "featured-product": {
          "type": "featured-product",
          "settings": {
          }
        }
      },
      "content_for_index": [
        "featured-collection",
        "featured-product"
      ]
    }
  }
}