{
  "sections": {
    "162020268361a6865e": {
      "type": "image-with-text",
      "settings": {
        "heading": "",
        "subheading": "",
        "container": "container",
        "background_color": "rgba(0,0,0,0)",
        "item_gap": 100,
        "item_gap_mobile": 30,
        "layout": "left",
        "image_column_size": "6",
        "title": "<span class=\"leading-normal font-medium\">COME & EXPERIENCE <br>\nTHE MAGIC<\/span>",
        "sub_title": "ABOUT POLKALITA",
        "text": "<p>Polkalita, The Jewelry Store, has been committed to <br\/>providing our guests with stylish diamond, gemstone <br\/>and fashion jewelry along with extensive industry expertise <br\/>and exceptional customer service.<\/p>",
        "text_size": "medium",
        "content_alignment": "left",
        "button_label": "READ MORE",
        "button_link": "",
        "button_style": "sf__btn-primary",
        "button_size": "",
        "custom_class": "sf__index-img-with-text-3"
      }
    },
    "1620205876f70255fb": {
      "type": "featured-collection",
      "settings": {
        "heading": "BLOOM FLORALS",
        "subheading": "",
        "description": "",
        "header_alignment": "center",
        "container": "container-fluid",
        "background_color": "rgba(0,0,0,0)",
        "collection": "bloom-florals-jewelry",
        "product_to_show": 4,
        "items_per_row": 4,
        "item_gap": 32,
        "pcard_layout": "",
        "pcard_image_ratio": "",
        "show_vendor": false,
        "enable_slider": false,
        "show_pagination": false,
        "show_navigation": false,
        "button_type": "link",
        "button_text": "SHOP NOW",
        "button_style": "sf__btn-secondary",
        "button_size": "",
        "infinite_load": false,
        "max_page_load": 3,
        "use_scroll_mobile": true,
        "item_gap_mobile": 16,
        "custom_class": "sf__index-featured-collection"
      }
    },
    "1620209437cec2cd27": {
      "type": "featured-collection",
      "settings": {
        "heading": "BEST SELLERS",
        "subheading": "",
        "description": "",
        "header_alignment": "center",
        "container": "container-fluid",
        "background_color": "rgba(0,0,0,0)",
        "collection": "jewelry-2",
        "product_to_show": 4,
        "items_per_row": 4,
        "item_gap": 30,
        "pcard_layout": "",
        "pcard_image_ratio": "",
        "show_vendor": false,
        "enable_slider": false,
        "show_pagination": false,
        "show_navigation": false,
        "button_type": "link",
        "button_text": "SHOP NOW",
        "button_style": "sf__btn-secondary",
        "button_size": "",
        "infinite_load": false,
        "max_page_load": 3,
        "use_scroll_mobile": true,
        "item_gap_mobile": 16,
        "custom_class": "sf__index-featured-collection"
      }
    },
    "16202096349a3125a1": {
      "type": "instagram",
      "settings": {
        "heading": "#MINIMOG",
        "subheading": "",
        "description": "Tag <span class=\"text-black\">@minimog<\/span> in your Instagram photos for a chance to be featured here.<br>Find more inspiration on <span class=\"text-black underline\">our Instagram.<\/span>",
        "header_alignment": "center",
        "container": "w-full",
        "background_color": "rgba(0,0,0,0)",
        "layout": "grid",
        "images_count": 5,
        "grid_columns": 5,
        "gap": 10,
        "mobile_gap": 16,
        "profile": "https:\/\/www.instagram.com\/minimog.trendy\/",
        "button_label": "",
        "custom_class": "sf__index-instagram"
      }
    },
    "1626742857eb865da7": {
      "type": "image-with-text-2",
      "settings": {
        "container": "w-full",
        "hero_size": "fullscreen",
        "show_overlay": false,
        "bg_position": "center",
        "parallax": false,
        "content_in_container": false,
        "content_position": "left bottom",
        "text_alignment": "left",
        "text_size": "large",
        "text_color": "dark",
        "title": "SHINE BRIGHT",
        "subtitle": "THE ORIGINAL",
        "text": "",
        "button_label": "SHOP COLLECTION",
        "button_link": "",
        "button_style": "sf__btn-secondary",
        "button_size": "",
        "custom_class": "sf__index-img-with-text"
      }
    },
    "1626745327180c6e26": {
      "type": "image-with-text-2",
      "settings": {
        "container": "w-full",
        "hero_size": "medium",
        "show_overlay": false,
        "bg_position": "top",
        "parallax": false,
        "content_in_container": true,
        "content_position": "right middle",
        "text_alignment": "left",
        "text_size": "large",
        "text_color": "dark",
        "title": "CHAIN CHOKER",
        "subtitle": "THE ORIGINAL",
        "text": "",
        "button_label": "SHOP NOW",
        "button_link": "",
        "button_style": "sf__btn-secondary",
        "button_size": "",
        "custom_class": "sf__index-img-with-text-2"
      }
    },
    "16267456214eea9c5f": {
      "type": "custom-content",
      "blocks": {
        "6dfc6c6b-e575-4b68-8e32-4214bcf8d7f7": {
          "type": "product_form",
          "settings": {
            "product": "twist-hoop-earrings",
            "show_quantity_selector": false,
            "show_vendor": true,
            "show_price": false,
            "show_add_to_cart": false,
            "show_product_review": false,
            "enable_payment_button": true,
            "width": "50%",
            "alignment": "center",
            "block_custom_class": ""
          }
        },
        "eff3d117-8c3d-4a82-86a7-4d3c18bd3501": {
          "type": "image",
          "settings": {
            "width": "50%",
            "alignment": "center",
            "block_custom_class": ""
          }
        }
      },
      "block_order": [
        "6dfc6c6b-e575-4b68-8e32-4214bcf8d7f7",
        "eff3d117-8c3d-4a82-86a7-4d3c18bd3501"
      ],
      "settings": {
        "heading": "",
        "subheading": "",
        "description": "",
        "header_alignment": "center",
        "container": "container",
        "background_color": "",
        "gap": 150,
        "use_scroll_mobile": false,
        "gap_mobile": 16,
        "custom_class": "sf__index-custom-content"
      }
    }
  },
  "order": [
    "1626742857eb865da7",
    "162020268361a6865e",
    "1620205876f70255fb",
    "1626745327180c6e26",
    "1620209437cec2cd27",
    "16267456214eea9c5f",
    "16202096349a3125a1"
  ]
}