{
  "sections": {
    "16184552193b4706ec": {
      "type": "slider",
      "blocks": {
        "16184552193b4706ec-0": {
          "type": "slider_item",
          "settings": {
            "image_alignment": "center middle",
            "content_in_container": false,
            "content_position": "left bottom",
            "text_alignment": "left",
            "text_size": "large",
            "text_color": "black",
            "subheading": "",
            "title": "New<br>\nCollection",
            "description": "<p>Shop your outfit style.<\/p>",
            "button_text": "Shop now",
            "button_link": "shopify:\/\/collections\/braided-sandals",
            "button_style": "sf__btn-primary",
            "button_size": "",
            "show_footer": true,
            "footer_alignment": "end",
            "footer_text": "The ReCotton Tee",
            "footer_button": "Shop Now",
            "footer_link": "shopify:\/\/collections\/braided-sandals"
          }
        },
        "16184552193b4706ec-1": {
          "type": "slider_item",
          "settings": {
            "image_alignment": "center middle",
            "content_in_container": false,
            "content_position": "left bottom",
            "text_alignment": "left",
            "text_size": "large",
            "text_color": "black",
            "subheading": "",
            "title": "Everyday<br>Fashion",
            "description": "<p>Choose the best. Choose us.<\/p>",
            "button_text": "Shop now",
            "button_link": "shopify:\/\/collections\/leather-boots",
            "button_style": "sf__btn-primary",
            "button_size": "",
            "show_footer": true,
            "footer_alignment": "end",
            "footer_text": "The ReCotton Tee",
            "footer_button": "Shop Now",
            "footer_link": "shopify:\/\/collections\/leather-boots"
          }
        },
        "16184552193b4706ec-2": {
          "type": "slider_item",
          "settings": {
            "image_alignment": "center middle",
            "content_in_container": false,
            "content_position": "left bottom",
            "text_alignment": "left",
            "text_size": "large",
            "text_color": "black",
            "subheading": "",
            "title": "Hot<br>Trend",
            "description": "<p>Be Stylish, be our customer.<\/p>",
            "button_text": "Shop now",
            "button_link": "",
            "button_style": "sf__btn-primary",
            "button_size": "",
            "show_footer": true,
            "footer_alignment": "end",
            "footer_text": "The ReCotton Tee",
            "footer_button": "Shop Now",
            "footer_link": "shopify:\/\/collections\/accessories"
          }
        }
      },
      "block_order": [
        "16184552193b4706ec-0",
        "16184552193b4706ec-1",
        "16184552193b4706ec-2"
      ],
      "settings": {
        "container": "w-full",
        "slideshow_height": "fullscreen",
        "show_overlay": false,
        "dots_position": "right",
        "dots_color": "dark",
        "show_dots": true,
        "show_arrows": false,
        "autorotate": true,
        "autorotate_speed": 5,
        "custom_class": "sf__index-slideshow"
      }
    },
    "16184584660def4136": {
      "type": "collection-list",
      "blocks": {
        "16184584660def4136-0": {
          "type": "collection_block",
          "settings": {
            "collection": "jackets",
            "title": ""
          }
        },
        "16184584660def4136-2": {
          "type": "collection_block",
          "settings": {
            "collection": "glasses-2",
            "title": "Glasses"
          }
        },
        "16184584660def4136-1": {
          "type": "collection_block",
          "settings": {
            "collection": "tops",
            "title": ""
          }
        },
        "e82c4b3f-453c-4aef-be00-fa3c8bf221f5": {
          "type": "collection_block",
          "settings": {
            "collection": "new-arrivals",
            "title": "New arrivals"
          }
        }
      },
      "block_order": [
        "16184584660def4136-0",
        "16184584660def4136-2",
        "16184584660def4136-1",
        "e82c4b3f-453c-4aef-be00-fa3c8bf221f5"
      ],
      "settings": {
        "heading": "",
        "subheading": "",
        "description": "",
        "header_alignment": "center",
        "container": "container-fluid",
        "background_color": "rgba(0,0,0,0)",
        "layout": "grid",
        "card_style": "standard",
        "text_alignment": "left",
        "hover_effect": "scaling-down",
        "show_product_count": true,
        "count_inline_title": true,
        "image_rounded": false,
        "items_per_row": 4,
        "item_gap": 30,
        "enable_slider": false,
        "show_pagination": false,
        "show_navigation": false,
        "autorotate": false,
        "autorotate_speed": 5,
        "use_scroll_mobile": true,
        "mobile_gap": 16,
        "hidden_slide_control_mobile": false,
        "custom_class": "sf__index-collection-list"
      }
    },
    "1618459461b6f9a6ca": {
      "type": "featured-collection",
      "settings": {
        "heading": "This Week's Highlights",
        "subheading": "",
        "description": "",
        "header_alignment": "center",
        "container": "container",
        "background_color": "rgba(0,0,0,0)",
        "collection": "best-sellers",
        "product_to_show": 8,
        "items_per_row": 4,
        "item_gap": 30,
        "pcard_layout": "",
        "pcard_image_ratio": "",
        "show_vendor": false,
        "enable_slider": false,
        "show_pagination": false,
        "show_navigation": false,
        "button_type": "link",
        "button_text": "Shop Now",
        "button_style": "sf__btn-secondary",
        "button_size": "",
        "infinite_load": false,
        "max_page_load": 3,
        "use_scroll_mobile": true,
        "item_gap_mobile": 16,
        "custom_class": "sf__index-featured-collection"
      }
    },
    "162130168271c1c590": {
      "type": "testimonials",
      "blocks": {
        "162130168271c1c590-0": {
          "type": "testimonial",
          "settings": {
            "title": "Love it so much",
            "description": "<p>“ These are beautiful, well made & comfortable! I bought them to wear to work & casually. I wore them immediately walking in the city & has no problem. “<\/p>",
            "footer": "<p>Dean D. US<\/p>",
            "image_text": "",
            "product": ""
          }
        },
        "162130168271c1c590-1": {
          "type": "testimonial",
          "settings": {
            "title": "Love my new purchase",
            "description": "<p>“ Short dress in a printed viscose weave with a round neckline, opening with a button at the back of the Seams with small frill trims at the waist and on the sleeves and skirt.”<\/p>",
            "footer": "<p>Gloria T.<\/p>",
            "image_text": "",
            "product": ""
          }
        },
        "162130168271c1c590-2": {
          "type": "testimonial",
          "settings": {
            "title": "What a delight to find you",
            "description": "<p>“ Clothers are addicting! Love this brand and shoe. The arch support is wonderful and helps for long hours on your body. The narrow heel is wonderfully ! “<\/p>",
            "footer": "<p>Adelia C.<\/p>",
            "image_text": "",
            "product": ""
          }
        },
        "162130168271c1c590-3": {
          "type": "testimonial",
          "disabled": true,
          "settings": {
            "title": "Love it so much",
            "description": "<p>“ Short dress in a printed viscose weave with a round neckline, opening with a button at the back of the Seams with small frill trims at the waist and on the sleeves and skirt. Unlined.”<\/p>",
            "footer": "<p>Dean D. US<\/p>",
            "image_text": "",
            "product": ""
          }
        },
        "162130168271c1c590-4": {
          "type": "testimonial",
          "disabled": true,
          "settings": {
            "title": "Love it so much",
            "description": "<p>“ Clothers are addicting! Love this brand and shoe. The arch support is wonderful and helps for long hours on your body. The narrow heel is wonderfully ! “<\/p>",
            "footer": "<p>Dean D. US<\/p>",
            "image_text": "",
            "product": ""
          }
        },
        "162130168271c1c590-5": {
          "type": "testimonial",
          "disabled": true,
          "settings": {
            "title": "Love it so much",
            "description": "<p>Short, flared dress in jersey with a crinkled texture. V-neck with a sewn-in wrapover <\/p>",
            "footer": "<p>Dean D. US<\/p>",
            "image_text": "",
            "product": ""
          }
        }
      },
      "block_order": [
        "162130168271c1c590-0",
        "162130168271c1c590-1",
        "162130168271c1c590-2",
        "162130168271c1c590-3",
        "162130168271c1c590-4",
        "162130168271c1c590-5"
      ],
      "settings": {
        "heading": "What People Are Saying",
        "subheading": "",
        "description": "",
        "header_alignment": "center",
        "container": "container",
        "background_color": "#f9f8f7",
        "design": "testimonials-3",
        "show_stars": true,
        "autorotate": false,
        "show_navigation": true,
        "show_pagination": true,
        "star_color": "#000000",
        "custom_class": "sf__index-testimonial"
      }
    },
    "1626320896bef268a6": {
      "type": "blog-posts",
      "settings": {
        "heading": "Mix and Match",
        "subheading": "",
        "description": "",
        "header_alignment": "center",
        "container": "container",
        "background_color": "rgba(0,0,0,0)",
        "blog": "mix-and-match-ready-to-wear",
        "limit": 3,
        "column": 3,
        "column_gap": 30,
        "mobile_gap": 16,
        "article_image_aspect_ratio": "16\/9",
        "article_align_content": "text-left",
        "article_show_tags": true,
        "article_show_date": false,
        "article_show_excerpt": false,
        "article_show_button": false,
        "button_link": "",
        "button_text": "More Posts",
        "button_style": "sf__btn-secondary",
        "button_size": "",
        "use_scroll_mobile": false,
        "custom_class": "sf__index-blog-posts"
      }
    },
    "1626321811f956c963": {
      "type": "icon-box",
      "blocks": {
        "1626321811f956c963-0": {
          "type": "iconbox",
          "settings": {
            "title": "Free Shipping",
            "description": "<p>Free Shipping for orders over £130<\/p>",
            "link": "",
            "button_label": "",
            "button_link": "",
            "button_style": "sf__btn-link",
            "button_size": ""
          }
        },
        "1626321811f956c963-1": {
          "type": "iconbox",
          "settings": {
            "title": "Money Guarantee",
            "description": "<p>Within 30 days for an exchange.<\/p>",
            "link": "",
            "button_label": "",
            "button_link": "",
            "button_style": "sf__btn-link",
            "button_size": ""
          }
        },
        "1626321811f956c963-2": {
          "type": "iconbox",
          "settings": {
            "title": "Online Support",
            "description": "<p>24 hours a day, 7 days a week<\/p>",
            "link": "",
            "button_label": "",
            "button_link": "",
            "button_style": "sf__btn-link",
            "button_size": ""
          }
        },
        "51c43d7d-d336-4181-936e-136f2af5cdf6": {
          "type": "iconbox",
          "settings": {
            "title": "Flexible Payment",
            "description": "<p>Pay with Multiple Credit Cards<\/p>",
            "link": "",
            "button_label": "",
            "button_link": "",
            "button_style": "sf__btn-link",
            "button_size": ""
          }
        }
      },
      "block_order": [
        "1626321811f956c963-0",
        "1626321811f956c963-1",
        "1626321811f956c963-2",
        "51c43d7d-d336-4181-936e-136f2af5cdf6"
      ],
      "settings": {
        "heading": "",
        "subheading": "",
        "description": "",
        "header_alignment": "center",
        "container": "container",
        "background_color": "#ffffff",
        "item_per_row": 4,
        "item_gap": 30,
        "item_gap_mobile": 16,
        "card_style": "horizontal",
        "image_max_width": "30px",
        "content_alignment": "start",
        "hover_effect": "none",
        "enable_slider": false,
        "show_pagination": true,
        "show_navigation": false,
        "use_scroll_mobile": false,
        "use_grid_column_mb": false,
        "custom_class": "sf__index-icon-box"
      }
    }
  },
  "order": [
    "16184552193b4706ec",
    "16184584660def4136",
    "1618459461b6f9a6ca",
    "162130168271c1c590",
    "1626320896bef268a6",
    "1626321811f956c963"
  ]
}