{
  "current": {
    "favicon": "shopify:\/\/shop_images\/fav_icon_dark_1.png",
    "container_fluid_width": 1620,
    "color_primary": "#000000",
    "color_body_text": "#000000",
    "color_heading_text": "#000000",
    "color_sub_text": "#666666",
    "color_btn_bg_hover": "#000000",
    "prod_sale_price_color": "#666666",
    "prod_type_color": "#666666",
    "color_main_bg": "#ffffff",
    "color_field_bg": "#ffffff",
    "color_annoucement_bg": "#e7c5f8",
    "color_annoucement_text": "#000000",
    "color_topbar_bg": "#ffffff",
    "color_topbar_text": "#000000",
    "color_header_bg": "#ffffff",
    "color_header_link": "#000000",
    "color_header_transparent": "#000000",
    "color_menu_bar_bg": "#ffffff",
    "color_menu_bar_text": "#000000",
    "color_footer_bg": "#ffffff",
    "color_footer_text": "#000000",
    "color_footer_subtext": "#666666",
    "color_footer_link_hover": "#000000",
    "color_footer_bottom_bg": "#ffffff",
    "color_footer_bottom_text": "#666666",
    "color_border": "#dedede",
    "img_overlay_opacity": 20,
    "tooltip_background_color": "#000000",
    "type_base_font": "roboto_condensed_n4",
    "use_custom_font_body": true,
    "custom_body_font": "https:\/\/cdn.shopify.com\/s\/files\/1\/0561\/2742\/2636\/files\/Jost-Regular.ttf?v=1618297125@400\nhttps:\/\/cdn.shopify.com\/s\/files\/1\/0561\/2742\/2636\/files\/Jost-Medium.ttf?v=1618297125@500\nhttps:\/\/cdn.shopify.com\/s\/files\/1\/0561\/2742\/2636\/files\/Jost-SemiBold.ttf?v=1618297125@600",
    "custom_body_weight": "400",
    "type_header_font": "roboto_condensed_n7",
    "use_custom_font_heading": true,
    "custom_heading_font": "https:\/\/cdn.shopify.com\/s\/files\/1\/0561\/2742\/2636\/files\/Jost-Regular.ttf?v=1618297125@400\nhttps:\/\/cdn.shopify.com\/s\/files\/1\/0561\/2742\/2636\/files\/Jost-Medium.ttf?v=1618297125@500\nhttps:\/\/cdn.shopify.com\/s\/files\/1\/0561\/2742\/2636\/files\/Jost-SemiBold.ttf?v=1618297125@600",
    "custom_heading_weight": "400",
    "type_header_base_size": 40,
    "btn_weight": "500",
    "pcard_layout": "1",
    "pcard_alignment": "left",
    "pcard_image_ratio": "3\/4",
    "show_vendor": false,
    "variant_option_design1": "image",
    "variant_option_design3": "color",
    "show_variant_swatch_image": true,
    "product_colors": "red: #FF6961,\nyellow: #FDDA76,\nblack: #000000,\nblue: #8DB4D2,\ngreen: #C1E1C1,\npurple: #B19CD9,\nsilver: #EEEEEF,\nwhite: #FFFFFF,\nbrown: #836953,\nlight-brown: #feb035,\ndark-turquoise: #23cddc,\norange: #FFB347,\ntan: #E9D1BF,\nviolet: #B490B0,\npink: #FFD1DC,\ngrey: #E0E0E0,\nsky: #96BDC6,\npale-leaf: #CCD4BF",
    "filter_color1": "",
    "share_facebook": true,
    "share_pinterest": true,
    "social_twitter_link": "https:\/\/twitter.com\/home",
    "social_facebook_link": "https:\/\/facebook.com\/",
    "social_pinterest_link": "https:\/\/pinterest.com\/",
    "social_instagram_link": "https:\/\/instagram.com\/",
    "wishlist_page": "whishlist",
    "product_compare_page": "",
    "gm_api": "",
    "instagram_token": "",
    "custom_css": ".sf-header .sf-search-form {\n  width: 35%;\n  position: absolute;\n  left: 50%;\n  justify-content: space-between;\n  transform: translate(-50%, 0);\n  background: #f0f0f0;\n  border: none;\n}\n.sf__index-slideshow .slide__block-description p {\n  color: #000000;\n}\n.sf__newsletter-section {\n  background-image: url(https:\/\/cdn.shopify.com\/s\/files\/1\/0042\/0750\/9567\/files\/4_24d98319-1af4-4931-a427-66996cc259e3.jpg?v=1622780212);\n  background-repeat: no-repeat;\n  background-size: cover;\n}\na.sf__btn.sf__btn-link {\n  border-bottom-width: 1px;\n  border-bottom-color: rgba($color: #000000, $alpha: 0.25);\n  font-weight: 400;\n}\n.sf__index-icon-box-2 a.sf__btn {\n  margin-top: 0;\n}\n.sf-menu-wrapper__desktop {\n  justify-content: center;\n}\n.sf-header__desktop .sf__header-search-box {\n  display: flex;\n  flex: 1;\n  justify-content: center;\n  padding: 15px 0;\n}\n\n.sf-search__form:not(.mobile).full-width {\n  background-color: #f5f5f5;\n  border: none;\n  min-width: 650px;\n}\n.sf__newsletter-section .newsletter__input-st {\n  background-color: #fff;\n  border-color: #e5e5e5;\n}\n.sf__newsletter-section .newsletter-button {\n  border-color: #e5e5e5;\n}\n.sf__footer-bottom {\n  border-top: 1px solid #eeeeee;\n}\n\n.sf-header__desktop .sf-menu__banner .sf__btn::before {\n  height: 1px;\n}\n.sf-header__desktop .sf-menu__banner .sf__btn::after {\n  height: 1px;\n}\n.sf-header__desktop .sf-menu__banner a.sf__btn.sf__btn-link {\n  border-bottom-width: 0;\n}\n\n.sf-header__desktop .sf-menu-logo-bar {\n  min-height: 74px;\n}\n.sf__index-icon-box-1 .sf-icon-box__text h3 {\n  font-size: 20px;\n  font-weight: 500;\n  line-height: 29px;\n}\n.sf__index-icon-box-2 a.sf__btn-link {\n  border-bottom-width: 0;\n}\n.sf__index-icon-box-2 a.sf__btn-link:before {\n  height: 1px;\n}\n.sf__index-icon-box-2 a.sf__btn-link:after {\n  height: 1px;\n}\n.sf__newsletter-section .newsletter__form-heading h3 {\n  font-size: 2rem;\n}\n.sf__newsletter-section .sf__newsletter-form-group {\n  border: none;\n}\n.sf__newsletter-section .newsletter-button {\n  border: none;\n  background: #fff;\n}\n@media (max-width: 767px) {\n  .sf__index-icon-box-2 .sf-icon-box__text h3 {\n    font-size: 1.5rem;\n  }\n  .sf__index-icon-box-2 .sf__ms-wrapper {\n    flex-direction: column;\n  }\n  .sf__index-icon-box-2 .sf__ms-wrapper .sf-column {\n    width: 100% !important;\n  }\n  .sf__index-icon-box-2 .sf__ms {\n    padding-left: 0;\n  }\n  .sf__index-icon-box-2 .sf-icon-box__text {\n    text-align: center;\n  }\n  .sf__img-with-text .section-my {\n    margin-top: 0;\n  }\n}",
    "use_theme_currencies": true,
    "theme_currencies": "USD | EUR | GBP | VND",
    "sections": {
      "header": {
        "type": "header",
        "blocks": {
          "59224d28-d657-4624-8d17-55b1c4ce8d9c": {
            "type": "product-list",
            "settings": {
              "heading": "Product",
              "container": "container-fluid",
              "stretch_width": false,
              "collection": "featured-product-print",
              "limit": 6,
              "columns": 2
            }
          },
          "5b9aec5f-b955-4765-9a87-1962d613e909": {
            "type": "custom_html",
            "settings": {
              "heading": "Home",
              "container": "inherit",
              "html": ""
            }
          },
          "446befd7-125d-4110-9e0f-f76de515ce7f": {
            "type": "banner",
            "settings": {
              "heading": "Shop",
              "container": "inherit",
              "banner_style": "outside",
              "banner_link": "",
              "banner_title": "Commune pottery among the rainbow mug",
              "banner_desc": "",
              "banner_button_text": "Shop now"
            }
          },
          "d2e15001-598f-4902-8663-2b9999c0287f": {
            "type": "custom_html",
            "settings": {
              "heading": "Features",
              "container": "inherit",
              "html": ""
            }
          }
        },
        "block_order": [
          "59224d28-d657-4624-8d17-55b1c4ce8d9c",
          "5b9aec5f-b955-4765-9a87-1962d613e909",
          "446befd7-125d-4110-9e0f-f76de515ce7f",
          "d2e15001-598f-4902-8663-2b9999c0287f"
        ],
        "settings": {
          "header_design": "logo-left__2l",
          "container": "container-fluid",
          "header_sticky": true,
          "transparent_on_top": false,
          "logo_text": "MINIMOG",
          "logo_max_width": 120,
          "sticky_logo_max_width": 105,
          "mobile_logo_max_width": 105,
          "main_menu": "main-menu",
          "secondary_menu": "",
          "uppercase_parent_level": false,
          "search": "show_full",
          "show_account_icon": true,
          "show_cart_icon": true,
          "show_wishlist_icon": true,
          "show_compare_icon": false,
          "show_currency_switcher": true,
          "show_language_switcher": false
        }
      },
      "footer": {
        "type": "footer",
        "blocks": {
          "fc7ef199-f6e2-4434-acda-86412a59009a": {
            "type": "custom_text",
            "settings": {
              "title": "",
              "image_max": "120px",
              "description": "<p>Super class, cute, comfortable. You can wear them with just about anything.<\/p>",
              "width": "33%"
            }
          },
          "93571032-b171-4c66-8b3e-96cd91946363": {
            "type": "our_store",
            "settings": {
              "title": "Company",
              "description": "<p>184 Main Rd E, St Albans<br\/>VIC 3021, Australia<\/p>",
              "show_email": true,
              "show_phone": true,
              "show_socials_link": false,
              "width": "25%"
            }
          },
          "49e72833-c68f-4a7b-ab64-3ef0cae99bcb": {
            "type": "menu",
            "settings": {
              "menu": "main-menu",
              "title": "Information",
              "width": "25%"
            }
          },
          "7ebc2f78-975b-4a81-b874-103c3355a866": {
            "type": "menu",
            "settings": {
              "menu": "main-menu",
              "title": "Contact",
              "width": "25%"
            }
          },
          "a2de73e3-a179-455f-9181-d250dcf63693": {
            "type": "menu",
            "settings": {
              "menu": "main-menu",
              "title": "Services",
              "width": "25%"
            }
          }
        },
        "block_order": [
          "fc7ef199-f6e2-4434-acda-86412a59009a",
          "93571032-b171-4c66-8b3e-96cd91946363",
          "49e72833-c68f-4a7b-ab64-3ef0cae99bcb",
          "7ebc2f78-975b-4a81-b874-103c3355a866",
          "a2de73e3-a179-455f-9181-d250dcf63693"
        ],
        "settings": {
          "design": "footer-1",
          "container": "container-fluid",
          "bordered": false,
          "copyright": "<span style=\"font-size: 1rem;\">© Minimog 2021<\/span>",
          "show_currency_selector": false,
          "show_language_selector": false,
          "show_social_links": false,
          "show_payment_icons": true
        }
      },
      "annoucement": {
        "type": "annoucement",
        "settings": {
          "show_announcement": true,
          "homepage_only": true,
          "show_close": false,
          "message": "<p>Open Doors To A World Of Fashion  |  <span style=\"text-decoration:underline\">Discover More<\/span><\/p>",
          "message_link": "",
          "show_divider": false
        }
      },
      "mobile-sticky-bar": {
        "type": "mobile-sticky-bar",
        "settings": {
          "show_mobile_sticky": true,
          "show_home_icon": true,
          "show_collection_icon": true,
          "show_cart_icon": true,
          "show_search_icon": true,
          "show_account_icon": false,
          "show_wishlist_icon": false
        }
      }
    }
  },
  "presets": {
    "Default": {
      "sections": {
        "featured-collection": {
          "type": "featured-collection",
          "settings": {
            "collection": "frontpage"
          }
        },
        "featured-product": {
          "type": "featured-product",
          "settings": {
          }
        }
      },
      "content_for_index": [
        "featured-collection",
        "featured-product"
      ]
    }
  }
}