{
  "current": {
    "favicon": "shopify:\/\/shop_images\/favicon.png",
    "color_primary": "#000",
    "color_btn_bg_hover": "#000000",
    "prod_sale_price_color": "#666666",
    "prod_type_color": "#666666",
    "color_annoucement_bg": "#dec6eb",
    "color_annoucement_text": "#000000",
    "color_topbar_bg": "#dec6eb",
    "color_topbar_text": "#000000",
    "color_header_bg": "#ffffff",
    "color_header_link": "#000000",
    "color_header_transparent": "#ffffff",
    "color_menu_bar_bg": "#000000",
    "color_menu_bar_text": "#f8f8f8",
    "color_footer_bg": "#f2f2f2",
    "color_footer_text": "#000000",
    "color_footer_subtext": "#696969",
    "color_footer_link": "#696969",
    "color_footer_link_hover": "#000000",
    "color_footer_bottom_bg": "#f2f2f2",
    "color_footer_bottom_bg_mb": "#f2f2f2",
    "img_overlay_opacity": 20,
    "tooltip_background_color": "#000000",
    "type_base_font": "roboto_condensed_n4",
    "use_custom_font_body": true,
    "custom_body_font": "https:\/\/cdn.shopify.com\/s\/files\/1\/0042\/0750\/9567\/files\/ClashGrotesk-Medium.otf?v=1622425238@500\nhttps:\/\/cdn.shopify.com\/s\/files\/1\/0042\/0750\/9567\/files\/ClashGrotesk-Semibold.otf?v=1622425238@600",
    "custom_body_weight": "500",
    "type_header_font": "roboto_condensed_n7",
    "use_custom_font_heading": true,
    "custom_heading_font": "https:\/\/cdn.shopify.com\/s\/files\/1\/0042\/0750\/9567\/files\/ClashGrotesk-Medium.otf?v=1622425238@500\nhttps:\/\/cdn.shopify.com\/s\/files\/1\/0042\/0750\/9567\/files\/ClashGrotesk-Semibold.otf?v=1622425238@600",
    "custom_heading_weight": "500",
    "btn_border_radius": 0,
    "btn_line_height": 20,
    "pcard_layout": "1",
    "pcard_alignment": "left",
    "pcard_image_ratio": "1\/1",
    "show_second_img": true,
    "show_vendor": false,
    "variant_option_design3": "color",
    "show_variant_swatch_image": true,
    "product_colors": "red: #FF6961,\nyellow: #FDDA76,\nblack: #000000,\nblue: #8DB4D2,\ngreen: #C1E1C1,\npurple: #B19CD9,\nsilver: #EEEEEF,\nwhite: #FFFFFF,\nbrown: #836953,\nlight-brown: #feb035,\ndark-turquoise: #23cddc,\norange: #FFB347,\ntan: #E9D1BF,\nviolet: #B490B0,\npink: #FFD1DC,\ngrey: #E0E0E0,\nsky: #96BDC6,\npale-leaf: #CCD4BF",
    "filter_color1": "",
    "share_facebook": true,
    "social_twitter_link": "https:\/\/twitter.com\/home",
    "social_facebook_link": "https:\/\/facebook.com\/",
    "social_pinterest_link": "https:\/\/pinterest.com\/",
    "social_instagram_link": "https:\/\/instagram.com\/",
    "wishlist_page": "",
    "product_compare_page": "",
    "gm_api": "",
    "instagram_token": "",
    "custom_css": ".sf__index-slideshow .slide__block-description {\n  text-transform: uppercase;\n  letter-spacing: 0.1em;\n  line-height: 21px;\n  font-size: 14px;\n  margin-bottom: 36px;\n  color: var(--color-text-body);\n}\n.sf__index-slideshow .slide__block-title {\n  line-height: 1.167;\n  margin-bottom: 12px;\n}\n.sf__custom-html-block1 .m-scroll {\n  height: 56px;\n}\n.sf__index-press .rte p {\n  font-size: 24px;\n  line-height: 36px;\n}\n\n.sf__footer-block-newsletter .sf__footer-block-title {\n  font-size: 40px;\n  line-height: 1.3;\n  margin-bottom: 12px;\n}\n.sf__footer-form-newsletter .form-control {\n  border-color: #000;\n  border-radius: 0;\n}\n.sf-header .sf-search__form:not(.mobile).icon-left {\n  border-color: #fff;\n}\n.sf__footer-block-title {\n  font-size: 20px;\n  line-height: 32px;\n}\n.sf__pcard-name {\n  text-transform: uppercase;\n}\n.sf__pcard-price .prod__price {\n  font-weight: 600;\n}\n.sf__pcard-price.price--on-sale .prod__price {\n  color: #b22234;\n}\n.sf__scrolling-text .sf__scrolling-text-inner a em {\n  font-size: 14px;\n  letter-spacing: 2px;\n  font-weight: 500;\n}\n.sf-header .sf-search-form {\n  border: none;\n}\n.sf-header:not(.stuck) .sf-header__desktop .sf-logo {\n  padding-top: 20px;\n  padding-bottom: 20px;\n}\n\n.sf__index-custom-content a.sf__btn-link::after,\n.sf__index-custom-content a.sf__btn-link::before,\n.sf__index-custom-content-1 .image-card__inner .image-card__content a.sf__btn-link::after,\n.sf__index-custom-content-1 .image-card__inner .image-card__content a.sf__btn-link::before {\n  height: 1px;\n}\n.sf__index-custom-content-1 .image-card__inner .image-card__content .image__card-heading {\n  line-height: 1.3;\n}\n.sf__index-hero .sf-hero__subtitle {\n  text-transform: capitalize;\n  font-size: 20px;\n  line-height: 1.6;\n  margin-bottom: 20px;\n}\n.sf__index-hero .sf-hero__title {\n  line-height: 1.167;\n  margin-bottom: 12px;\n}\n.sf__index-hero .sf-hero__text,\n.sf__index-custom-content .rte p {\n  font-size: 14px;\n  line-height: 21px;\n  text-transform: uppercase;\n  letter-spacing: 0.1em;\n  margin-bottom: 36px;\n  color: var(--color-body-text);\n}\n.sf__newsletter-block-desc {\n  margin-bottom: 16px;\n  color: var(--color-body-text);\n  text-transform: uppercase;\n  letter-spacing: 0.1em;\n  font-size: 14px;\n  line-height: 1.5;\n}\n@media (min-width: 1280px) {\n  .sf__index-custom-content h3 {\n    font-size: 40px;\n    line-height: 1.3;\n    margin-bottom: 20px;\n  }\n}\n@media (min-width: 1536px) {\n  .sf__index-custom-content-1 .image-card__inner .image-card__content .image__card-heading {\n    font-size: 40px;\n    margin-bottom: 30px;\n  }\n}\n\n@media (max-width: 767px) {\n  .sf__index-custom-content-1 .image-card__content {\n    padding-left: 0;\n    padding-right: 0;\n  }\n  .sf__index-custom-content-1 .image-card__content .image-card__content-inner {\n    width: 100%;\n    text-align: left;\n  }\n  .sf__index-custom-content h3 br,\n  .sf__index-custom-content-1 .image-card__content .image__card-heading br {\n    display: none;\n  }\n  .sf__index-custom-content-1 .image-card__inner .image-card__content .image__card-heading {\n    margin-bottom: 5px;\n  }\n  .sf__index-custom-content .sf-custom__block {\n    width: 100%;\n  }\n  .sf__index-custom-content .rte p {\n    margin-bottom: 0;\n  }\n  .sf__index-custom-content .sf-custom__text-cta {\n    margin-top: 10px;\n  }\n  .sf__index-custom-content .sf-custom__block--text {\n    margin-top: -30px;\n  }\n  .sf__index-slideshow .sf__mobile-button,\n  .sf__index-hero .sf-hero__btn,\n  .sf__index-hero .sf-hero__btn a.sf__btn {\n    width: 100%;\n  }\n}",
    "use_theme_currencies": true,
    "theme_currencies": "USD | EUR | GBP | VND",
    "sections": {
      "page-faqs": {
        "type": "page-faqs",
        "blocks": {
          "2802736b-f08f-4510-a4f7-4ad7d748992d": {
            "type": "content",
            "settings": {
              "content": "<div class=\"mb-10\"><img src=\"https:\/\/cdn.shopify.com\/s\/files\/1\/0561\/2742\/2636\/files\/faqs.jpg?v=1620784288\"><\/div>\n<h3 class=\"font-medium text-xl mb-4\">Awkwardness gives me great comfort. I’ve never been cool, but I’ve felt cool. I’ve been in the cool place, but I wasn’t really cool – I was trying to pass for hip or cool.<\/h3>\n<p>A girl should be two things: classy and fabulous. I am convinced that there can be luxury in simplicity. I wanted to dress the woman who lives and works, not the woman in a painting. It’s hard to balance everything. It’s always challenging. My relationships with producers or photographers – these are relationships that took years. I can’t get sucked into that celebrity thing, because I think it’s just crass. My aim is to make the poor look rich.<\/p>"
            }
          },
          "4e151238-4480-4122-b893-7f4a19886e4c": {
            "type": "accordion",
            "settings": {
              "title": "What shipping methods are availbale?",
              "content": "<p>Lorem ipsum dolor sit amet conse ctetur adipisicing elit, sed do eiusmod tempor incididunt ut labore et dolore magna aliqua. Ut enim ad minim veniam, quis nostrud exercitation ullamco laboris nisi ut aliquip ex ea commodo consequat. Duis aute irure dolor in reprehenderit in voluptate velit esse cillum dolore eu fugiat.<br\/><br\/>Ut enim ad minim veniam, quis nostrud exercitation ullamco laboris nisi ut aliquip ex ea commodo consequat. Duis aute irure dolor in reprehenderit.<\/p>",
              "open": true
            }
          },
          "c5d4d04d-f6c1-4d1e-99f0-3c221393a3cf": {
            "type": "accordion",
            "settings": {
              "title": "How long will it take to get my package?",
              "content": "<p>Lorem ipsum dolor sit amet conse ctetur adipisicing elit, sed do eiusmod tempor incididunt ut labore et dolore magna aliqua. Ut enim ad minim veniam, quis nostrud exercitation ullamco laboris nisi ut aliquip.<\/p>",
              "open": false
            }
          },
          "0131747b-8b40-432f-b634-b1289ec41911": {
            "type": "accordion",
            "settings": {
              "title": "Do you ship internationally?",
              "content": "<p>Lorem ipsum dolor sit amet conse ctetur adipisicing elit, sed do eiusmod tempor incididunt ut labore et dolore magna aliqua. Ut enim ad minim veniam, quis nostrud exercitation ullamco laboris nisi ut aliquip.<\/p>",
              "open": false
            }
          },
          "5d7206e9-5375-4da6-9a1f-24e1c46230b0": {
            "type": "accordion",
            "settings": {
              "title": "What payment methods are accepted?",
              "content": "<p>Lorem ipsum dolor sit amet conse ctetur adipisicing elit, sed do eiusmod tempor incididunt ut labore et dolore magna aliqua. Ut enim ad minim veniam, quis nostrud exercitation ullamco laboris nisi ut aliquip ex ea commodo consequat. Duis aute irure dolor in reprehenderit in voluptate velit esse cillum dolore eu fugiat.<\/p>",
              "open": false
            }
          },
          "4008f61e-055e-42ba-8969-cb3715c0aece": {
            "type": "accordion",
            "settings": {
              "title": "Is buying on-line safe?",
              "content": "<p>Lorem ipsum dolor sit amet conse ctetur adipisicing elit, sed do eiusmod tempor incididunt ut labore et dolore magna aliqua. Ut enim ad minim veniam, quis nostrud exercitation ullamco laboris nisi ut aliquip.<\/p>",
              "open": false
            }
          }
        },
        "block_order": [
          "2802736b-f08f-4510-a4f7-4ad7d748992d",
          "4e151238-4480-4122-b893-7f4a19886e4c",
          "c5d4d04d-f6c1-4d1e-99f0-3c221393a3cf",
          "0131747b-8b40-432f-b634-b1289ec41911",
          "5d7206e9-5375-4da6-9a1f-24e1c46230b0",
          "4008f61e-055e-42ba-8969-cb3715c0aece"
        ],
        "settings": {
          "menu": "faqs-menu"
        }
      },
      "collection-list": {
        "type": "collection-list",
        "settings": {
        }
      },
      "featured-collection": {
        "type": "featured-collection",
        "settings": {
          "collection": "frontpage"
        }
      },
      "featured-product": {
        "type": "featured-product",
        "settings": {
        }
      },
      "slider": {
        "type": "slider",
        "settings": {
        }
      },
      "header": {
        "type": "header",
        "blocks": {
          "4592f09a-769b-4f72-9df7-74a9866fb2e6": {
            "type": "banner",
            "settings": {
              "heading": "Shop",
              "container": "inherit",
              "banner_style": "outside",
              "banner_link": "",
              "banner_title": "New collection",
              "banner_desc": "",
              "banner_button_text": "Shop now"
            }
          },
          "8ab75373-e572-4f6f-811a-045a39b12cd7": {
            "type": "product-list",
            "settings": {
              "heading": "Product",
              "container": "inherit",
              "stretch_width": false,
              "collection": "socks",
              "limit": 6,
              "columns": 2
            }
          },
          "d3bfeeac-0c03-420b-a1fe-504fdf918bb0": {
            "type": "custom_html",
            "settings": {
              "heading": "Features",
              "container": "inherit",
              "html": ""
            }
          }
        },
        "block_order": [
          "4592f09a-769b-4f72-9df7-74a9866fb2e6",
          "8ab75373-e572-4f6f-811a-045a39b12cd7",
          "d3bfeeac-0c03-420b-a1fe-504fdf918bb0"
        ],
        "settings": {
          "header_design": "both-center",
          "container": "container-fluid",
          "header_sticky": true,
          "transparent_on_top": false,
          "logo_text": "MINIMOG",
          "logo_max_width": 135,
          "sticky_logo_max_width": 115,
          "mobile_logo_max_width": 105,
          "main_menu": "main-menu",
          "secondary_menu": "",
          "uppercase_parent_level": false,
          "search": "show_full",
          "show_account_icon": true,
          "show_cart_icon": true,
          "show_wishlist_icon": true,
          "show_compare_icon": false,
          "show_currency_switcher": false,
          "show_language_switcher": false
        }
      },
      "footer": {
        "type": "footer",
        "blocks": {
          "494c911f-7281-40a1-85fa-a596a6431858": {
            "type": "newsletter",
            "settings": {
              "title": "Don’t miss a thing",
              "description": "Enter your email below to be the first to know about new collections and product launches.",
              "email_placeholder": "Enter your email",
              "form_style": "bordered",
              "show_social": false,
              "width": "50%"
            }
          },
          "2bd3b7d0-e898-4720-82ab-227b7e3815b4": {
            "type": "spacing",
            "settings": {
              "width": "16%"
            }
          },
          "c85629c7-7aae-4666-b5f0-150990439c91": {
            "type": "menu",
            "settings": {
              "menu": "main-menu",
              "title": "Services",
              "width": "25%"
            }
          },
          "9b51f31f-1f1a-491e-ba38-3a2e098e73eb": {
            "type": "custom_text",
            "settings": {
              "title": "Company",
              "image_max": "200px",
              "description": "<p>Find a location nearest<br\/>you. <a href=\"#\" title=\"#\"><span style=\"text-decoration:underline\">See Our Stores<\/span><\/a><span style=\"text-decoration:underline\"><br\/><br\/><\/span>Find a location nearest<br\/>you. See Our Stores<\/p>",
              "width": "25%"
            }
          },
          "d4a8b403-287a-4d46-959f-869031e55936": {
            "type": "our_store",
            "settings": {
              "title": "Social Media",
              "description": "",
              "show_email": false,
              "show_phone": false,
              "show_socials_link": true,
              "width": "25%"
            }
          }
        },
        "block_order": [
          "494c911f-7281-40a1-85fa-a596a6431858",
          "2bd3b7d0-e898-4720-82ab-227b7e3815b4",
          "c85629c7-7aae-4666-b5f0-150990439c91",
          "9b51f31f-1f1a-491e-ba38-3a2e098e73eb",
          "d4a8b403-287a-4d46-959f-869031e55936"
        ],
        "settings": {
          "design": "footer-1",
          "container": "container-fluid",
          "bordered": false,
          "copyright": "<span class=\"text-base\">© Calzini 2021<\/span>",
          "show_currency_selector": false,
          "show_language_selector": false,
          "show_social_links": false,
          "show_payment_icons": true
        }
      },
      "collection-page-header": {
        "type": "collection-page-header",
        "settings": {
          "layout": "inside",
          "header_height": "small",
          "text_alignment": "center",
          "vertical_alignment": "center",
          "bg_color": "#ffffff",
          "enable_parallax": true,
          "show_breadcrumb": true,
          "upper_title": false
        }
      },
      "product-template": {
        "type": "product-template",
        "settings": {
          "container": "container",
          "layout": "layout-6",
          "show_tags": false,
          "show_vendor": false,
          "show_sku": false,
          "show_categories": false,
          "show_reviews_count": true,
          "show_quantity_selector": true,
          "enable_dynamic_checkout": true,
          "hide_atc_button": false,
          "show_atwl": true,
          "show_atcp": true,
          "show_ask_a_question": true,
          "show_social": true,
          "show_live_views": true,
          "live_views_text": "<p><strong>{{count_number}}<\/strong> <strong>people<\/strong> are viewing this right now<\/p>",
          "live_views_range": "20-30",
          "live_view_duration": "10",
          "live_view_icon_blinks": true,
          "show_delivery_times": true,
          "deliver_text": "Estimated Delivery:",
          "deliver_days": "3",
          "show_shipping_text": true,
          "shipping_text": "<p><strong>Free Shipping & Returns: <\/strong>On all orders over $75<\/p>",
          "show_trust_badges": true,
          "trust_badges_text": "<p>Guarantee safe & secure checkout<\/p>",
          "trust_badges_image": "shopify:\/\/shop_images\/trustbag.png",
          "trust_badges_image_width": "320px",
          "use_sticky_atc": true,
          "sticky_atc_wishtlist": false,
          "sticky_atc_compare": false
        }
      },
      "product-details-tabs": {
        "type": "product-details-tabs",
        "blocks": {
          "4db8ad16-886f-47f7-9b57-fc68b39fb2d4": {
            "type": "description",
            "settings": {
              "header": "Product description"
            }
          },
          "fba23c59-88c3-4e39-85a1-b46ccaeb2df4": {
            "type": "tab",
            "settings": {
              "header": "Shipping & Return",
              "content": "<p>So beautiful you’ll want to show it off, so comfortable you’ll forget it’s there. Our 24\/7™ Lace Contour Plunge Bra combines gorgeous floral lace with sheer overlay straps that hold you in and eliminates gaping. Removable pads let you customize you<\/p>"
            }
          },
          "d1cbe2b9-6863-4c9f-94ec-cb8f59bb775c": {
            "type": "reviews",
            "settings": {
              "header": "Product reviews"
            }
          }
        },
        "block_order": [
          "4db8ad16-886f-47f7-9b57-fc68b39fb2d4",
          "fba23c59-88c3-4e39-85a1-b46ccaeb2df4",
          "d1cbe2b9-6863-4c9f-94ec-cb8f59bb775c"
        ],
        "settings": {
          "show_product_tabs": true,
          "container": "container",
          "bg_color": ""
        }
      },
      "product-reviews": {
        "type": "product-reviews",
        "settings": {
          "show_product_reviews": false,
          "container": "container-narrow",
          "heading": "Ratings and Reviews"
        }
      },
      "product-recommendations": {
        "type": "product-recommendations",
        "settings": {
          "show_product_recommendations": true,
          "container": "container",
          "heading": "You Might Also Like",
          "limit": 8,
          "columns": 4,
          "column_gap": 30,
          "enable_slider": true
        }
      },
      "brand-page-header": {
        "type": "brand-page-header",
        "blocks": {
          "09dfe2e1-10c2-4cee-a033-a90b143c85f3": {
            "type": "information",
            "settings": {
              "collection": "retrolie",
              "logo": "shopify:\/\/shop_images\/1.png",
              "content": "<p>Developed by Goop founder, wellness advocate and - academy award-winner, Gwyneth Paltrow, this high performing skincare line is where luxury formulas meet pure organic ingredients and the results are skin-changing. <\/p><p>Goop is passionate about the idea that beauty comes from the inside out. So they use clinically proven and best-in-class ingredients at active levels to create skin care, skin-boosting ingestibles, and body essentials that are luxurious, deliver high-performance results, and enliven the senses with exquisite textures and beautiful scents.<\/p>",
              "image_1": "shopify:\/\/shop_images\/1_8e8151b6-3555-4abf-8dd6-5347182bbcd0.jpg",
              "image_2": "shopify:\/\/shop_images\/2_9a1b3099-775a-4093-9ece-6cfaa04a06fe.jpg",
              "image_3": "shopify:\/\/shop_images\/3_7b9fc65c-8202-4449-a828-d03ac03c6d38.jpg"
            }
          },
          "c8ee188c-a84f-4cf2-a8af-aacb9bf78785": {
            "type": "information",
            "settings": {
              "collection": "abby",
              "logo": "shopify:\/\/shop_images\/2.png",
              "content": "<p>Developed by Goop founder, wellness advocate and - academy award-winner, Gwyneth Paltrow, this high performing skincare line is where luxury formulas meet pure organic ingredients and the results are skin-changing. <\/p><p>Goop is passionate about the idea that beauty comes from the inside out. So they use clinically proven and best-in-class ingredients at active levels to create skin care, skin-boosting ingestibles, and body essentials that are luxurious, deliver high-performance results, and enliven the senses with exquisite textures and beautiful scents.<\/p>",
              "image_1": "shopify:\/\/shop_images\/4.jpg",
              "image_2": "shopify:\/\/shop_images\/5.jpg",
              "image_3": "shopify:\/\/shop_images\/6.jpg"
            }
          },
          "e56a3991-3115-47d4-b7e6-43e962712fc6": {
            "type": "information",
            "settings": {
              "collection": "minimog",
              "logo": "shopify:\/\/shop_images\/3.png",
              "content": "<p>Developed by Goop founder, wellness advocate and - academy award-winner, Gwyneth Paltrow, this high performing skincare line is where luxury formulas meet pure organic ingredients and the results are skin-changing. <\/p><p>Goop is passionate about the idea that beauty comes from the inside out. So they use clinically proven and best-in-class ingredients at active levels to create skin care, skin-boosting ingestibles, and body essentials that are luxurious, deliver high-performance results, and enliven the senses with exquisite textures and beautiful scents.<\/p>",
              "image_1": "shopify:\/\/shop_images\/7.jpg",
              "image_2": "shopify:\/\/shop_images\/8.jpg",
              "image_3": "shopify:\/\/shop_images\/9.jpg"
            }
          },
          "98bac8d0-393b-4f50-91b8-052a49e29dd0": {
            "type": "information",
            "settings": {
              "collection": "brook",
              "logo": "shopify:\/\/shop_images\/4.png",
              "content": "<p>Developed by Goop founder, wellness advocate and - academy award-winner, Gwyneth Paltrow, this high performing skincare line is where luxury formulas meet pure organic ingredients and the results are skin-changing. <\/p><p>Goop is passionate about the idea that beauty comes from the inside out. So they use clinically proven and best-in-class ingredients at active levels to create skin care, skin-boosting ingestibles, and body essentials that are luxurious, deliver high-performance results, and enliven the senses with exquisite textures and beautiful scents.<\/p>",
              "image_1": "shopify:\/\/shop_images\/10.jpg",
              "image_2": "shopify:\/\/shop_images\/11.jpg",
              "image_3": "shopify:\/\/shop_images\/12.jpg"
            }
          },
          "2b4a1841-6d7a-468b-ba3b-a5fd307cf9aa": {
            "type": "information",
            "settings": {
              "collection": "learts",
              "logo": "shopify:\/\/shop_images\/5.png",
              "content": "<p>Developed by Goop founder, wellness advocate and - academy award-winner, Gwyneth Paltrow, this high performing skincare line is where luxury formulas meet pure organic ingredients and the results are skin-changing. <\/p><p>Goop is passionate about the idea that beauty comes from the inside out. So they use clinically proven and best-in-class ingredients at active levels to create skin care, skin-boosting ingestibles, and body essentials that are luxurious, deliver high-performance results, and enliven the senses with exquisite textures and beautiful scents.<\/p>",
              "image_1": "shopify:\/\/shop_images\/13.jpg",
              "image_2": "shopify:\/\/shop_images\/14.jpg",
              "image_3": "shopify:\/\/shop_images\/15.jpg"
            }
          },
          "b54aa75a-c232-474e-9d92-2027e31cd066": {
            "type": "information",
            "settings": {
              "collection": "vagabond",
              "logo": "shopify:\/\/shop_images\/6.png",
              "content": "<p>Developed by Goop founder, wellness advocate and - academy award-winner, Gwyneth Paltrow, this high performing skincare line is where luxury formulas meet pure organic ingredients and the results are skin-changing. <\/p><p>Goop is passionate about the idea that beauty comes from the inside out. So they use clinically proven and best-in-class ingredients at active levels to create skin care, skin-boosting ingestibles, and body essentials that are luxurious, deliver high-performance results, and enliven the senses with exquisite textures and beautiful scents.<\/p>",
              "image_1": "shopify:\/\/shop_images\/16.jpg",
              "image_2": "shopify:\/\/shop_images\/17.jpg",
              "image_3": "shopify:\/\/shop_images\/18.jpg"
            }
          }
        },
        "block_order": [
          "09dfe2e1-10c2-4cee-a033-a90b143c85f3",
          "c8ee188c-a84f-4cf2-a8af-aacb9bf78785",
          "e56a3991-3115-47d4-b7e6-43e962712fc6",
          "98bac8d0-393b-4f50-91b8-052a49e29dd0",
          "2b4a1841-6d7a-468b-ba3b-a5fd307cf9aa",
          "b54aa75a-c232-474e-9d92-2027e31cd066"
        ],
        "settings": {
        }
      },
      "collection-brand": {
        "type": "collection-brand",
        "settings": {
          "grid_layout": "grid",
          "pagination_limit": "12",
          "grid_columns": "3",
          "collection_paginate": "paginate",
          "show_filter": true,
          "sidebar": "leftColumn"
        }
      },
      "contact-information": {
        "type": "contact-information",
        "settings": {
        }
      },
      "maps": {
        "type": "maps",
        "settings": {
          "textx": "40.6700",
          "texty": "-73.9400",
          "zoom": "11",
          "text2": "New York"
        }
      },
      "contact-template": {
        "type": "contact-template",
        "blocks": {
          "458d6546-c5d0-4128-8fa6-162080bdf85f": {
            "type": "textblock",
            "settings": {
              "title": "Address",
              "content": "<p>7895 Piermont Dr NE Albuquerque, NM 198866, <a href=\"#\">See Our Stores<\/a><\/p>"
            }
          },
          "d2fd611c-a50a-4871-b401-b51dff320d34": {
            "type": "textblock",
            "settings": {
              "title": "Information",
              "content": "<p>+391 (0)35 2568 4593<\/p><p>hello@domain.com<\/p>"
            }
          },
          "159b3b43-a6d9-4cb9-b78d-04f5a5bae350": {
            "type": "socialmedia",
            "settings": {
              "title": "Social Media"
            }
          },
          "5c486a84-9bdd-4d24-8ac7-5c428593cf33": {
            "type": "textblock",
            "settings": {
              "title": "We're Open",
              "content": "<p>Our store has re-opened for shopping, exchanges<\/p><p>Every day 11am to 7pm<\/p>"
            }
          }
        },
        "block_order": [
          "458d6546-c5d0-4128-8fa6-162080bdf85f",
          "d2fd611c-a50a-4871-b401-b51dff320d34",
          "159b3b43-a6d9-4cb9-b78d-04f5a5bae350",
          "5c486a84-9bdd-4d24-8ac7-5c428593cf33"
        ],
        "settings": {
          "title": "We would love to hear from you.",
          "description": "<p>If you’ve got great products your making or looking to work with us then drop us a line.<\/p>"
        }
      },
      "1620813069167db316": {
        "type": "slider",
        "blocks": {
          "1620813069167db316-0": {
            "type": "slider_item",
            "settings": {
              "image_alignment": "center middle",
              "content_in_container": false,
              "content_position": "left bottom",
              "text_alignment": "left",
              "text_size": "medium",
              "text_color": "black",
              "subheading": "",
              "title": "Get ready to go<br> anywhere.",
              "description": "<p>t’s a magical moving spotlight and – most of <br\/>all. Your feet will feel better.<\/p>",
              "button_text": "Shop Now",
              "button_link": "",
              "button_style": "sf__btn-primary",
              "button_size": "",
              "show_footer": false,
              "footer_alignment": "end",
              "footer_text": "New Collection",
              "footer_button": "Shop Now",
              "footer_link": ""
            }
          },
          "27403af4-f4e3-4833-9189-9868705845f7": {
            "type": "slider_item",
            "settings": {
              "image_alignment": "center middle",
              "content_in_container": false,
              "content_position": "left bottom",
              "text_alignment": "left",
              "text_size": "medium",
              "text_color": "black",
              "subheading": "",
              "title": "The possibilities <br>are endless.",
              "description": "<p>t’s a magical moving spotlight and – most of <br\/>all. Your feet will feel better.<\/p>",
              "button_text": "Shop Now",
              "button_link": "",
              "button_style": "sf__btn-primary",
              "button_size": "",
              "show_footer": false,
              "footer_alignment": "end",
              "footer_text": "New Collection",
              "footer_button": "Shop Now",
              "footer_link": ""
            }
          },
          "c0ce169f-1329-47fc-9e42-915e4961aa32": {
            "type": "slider_item",
            "settings": {
              "image_alignment": "center middle",
              "content_in_container": false,
              "content_position": "left bottom",
              "text_alignment": "left",
              "text_size": "medium",
              "text_color": "black",
              "subheading": "",
              "title": "Quality never <br>goes out of style.",
              "description": "<p>t’s a magical moving spotlight and – most of <br\/>all. Your feet will feel better.<\/p>",
              "button_text": "Shop Now",
              "button_link": "",
              "button_style": "sf__btn-primary",
              "button_size": "",
              "show_footer": false,
              "footer_alignment": "end",
              "footer_text": "New Collection",
              "footer_button": "Shop Now",
              "footer_link": ""
            }
          }
        },
        "block_order": [
          "1620813069167db316-0",
          "27403af4-f4e3-4833-9189-9868705845f7",
          "c0ce169f-1329-47fc-9e42-915e4961aa32"
        ],
        "settings": {
          "container": "w-full",
          "slideshow_height": "large",
          "show_overlay": false,
          "dots_position": "bottom",
          "dots_color": "dark",
          "show_dots": true,
          "show_arrows": false,
          "autorotate": false,
          "autorotate_speed": 5,
          "custom_class": "sf__index-slideshow"
        }
      },
      "162081317833a6e943": {
        "type": "featured-collection",
        "settings": {
          "heading": "Popular this week",
          "subheading": "",
          "description": "",
          "header_alignment": "center",
          "container": "container-fluid",
          "background_color": "rgba(0,0,0,0)",
          "collection": "socks",
          "product_to_show": 5,
          "items_per_row": 5,
          "item_gap": 30,
          "pcard_layout": "2",
          "pcard_image_ratio": "",
          "show_vendor": false,
          "enable_slider": false,
          "show_pagination": false,
          "show_navigation": false,
          "button_type": "link",
          "button_text": "",
          "button_style": "sf__btn-primary",
          "button_size": "",
          "infinite_load": false,
          "max_page_load": 3,
          "use_scroll_mobile": true,
          "item_gap_mobile": 10,
          "custom_class": ""
        }
      },
      "1620889733b8bebef8": {
        "type": "custom-content",
        "blocks": {
          "302f4255-280e-48a3-9f00-b9e6fd50230a": {
            "type": "image_card",
            "settings": {
              "width": "50%",
              "content_position": "bottom_left",
              "content_alignment": "left",
              "text_size": "medium",
              "text_color": "black",
              "link": "",
              "title": "Sneaker <br>Socks",
              "subtitle": "",
              "button_label": "Shop Now",
              "button_style": "sf__btn-link",
              "button_size": "",
              "block_custom_class": ""
            }
          },
          "190cefb9-e7ca-4316-8e55-b3b82656701b": {
            "type": "image_card",
            "settings": {
              "width": "50%",
              "content_position": "bottom_left",
              "content_alignment": "left",
              "text_size": "medium",
              "text_color": "black",
              "link": "",
              "title": "Box<br>  Set 6-pack",
              "subtitle": "",
              "button_label": "Shop Now",
              "button_style": "sf__btn-link",
              "button_size": "",
              "block_custom_class": ""
            }
          }
        },
        "block_order": [
          "302f4255-280e-48a3-9f00-b9e6fd50230a",
          "190cefb9-e7ca-4316-8e55-b3b82656701b"
        ],
        "settings": {
          "heading": "",
          "subheading": "",
          "description": "",
          "header_alignment": "center",
          "container": "container-fluid",
          "background_color": "",
          "gap": 20,
          "use_scroll_mobile": true,
          "gap_mobile": 16,
          "custom_class": "sf__index-custom-content-1"
        }
      },
      "162098050586305bd8": {
        "type": "custom-content",
        "blocks": {
          "e165b9f6-b00e-4698-9310-422404897180": {
            "type": "html",
            "settings": {
              "code": "<div class=\"sf__custom-html-block1\">\n<div class=\"m-scroll\">\n  <div class=\"m-scroll__title\">\n    <div>\n      <span class=\"sf__text-scroll px-12\">THE CORE COLLECTION<\/span>\n      <span class=\"sf__text-stroke text-stroke-1 px-12\">Comfort in socks<\/span>\n      <span class=\"sf__text-scroll px-12\">THE CORE COLLECTION<\/span>\n      <span class=\"sf__text-stroke text-stroke-1 px-12\">Comfort in socks<\/span>\n    <\/div>\n  <\/div>\n<\/div>\n<\/div>",
              "width": "100%",
              "block_custom_class": ""
            }
          }
        },
        "block_order": [
          "e165b9f6-b00e-4698-9310-422404897180"
        ],
        "settings": {
          "heading": "",
          "subheading": "",
          "description": "",
          "header_alignment": "center",
          "container": "w-full",
          "background_color": "",
          "gap": 30,
          "use_scroll_mobile": false,
          "gap_mobile": 16,
          "custom_class": ""
        }
      },
      "content-before-products": {
        "type": "content-before-products",
        "settings": {
          "container": "container-fluid",
          "background_color": "",
          "gap": 30,
          "gap_mobile": 16
        }
      },
      "collection-template": {
        "type": "collection-template",
        "settings": {
          "container": "container",
          "grid_layout": "grid",
          "grid_columns": "4",
          "pagination_limit": "12",
          "collection_paginate": "paginate",
          "show_filter": true,
          "sidebar": "leftColumn"
        }
      },
      "content-after-products": {
        "type": "content-after-products",
        "settings": {
          "container": "container-fluid",
          "background_color": "",
          "gap": 30,
          "gap_mobile": 16
        }
      },
      "recent-viewed-products": {
        "type": "recent-viewed-products",
        "settings": {
          "heading": "Recently Viewed Products",
          "container": "container",
          "columns": 4,
          "column_gap": 30,
          "enable_slider": true,
          "show_product_page": true,
          "show_cart_page": true,
          "show_collection_page": false
        }
      },
      "1622430211caf90a8a": {
        "type": "press",
        "blocks": {
          "1622430211caf90a8a-0": {
            "type": "news",
            "settings": {
              "title": "<p>“Millions of combinations, meaning you get a totally unique<br\/> piece of furniture exactly the way you want it.”<\/p>",
              "image": "shopify:\/\/shop_images\/1.png",
              "image_width": "150px",
              "url": ""
            }
          },
          "1622430211caf90a8a-1": {
            "type": "news",
            "settings": {
              "title": "<p>“Millions of combinations, meaning you get a totally unique<br\/> piece of furniture exactly the way you want it.”<\/p>",
              "image": "shopify:\/\/shop_images\/2.png",
              "image_width": "150px",
              "url": ""
            }
          },
          "1622430211caf90a8a-2": {
            "type": "news",
            "settings": {
              "title": "<p>“Millions of combinations, meaning you get a totally unique<br\/> piece of furniture exactly the way you want it.”<\/p>",
              "image": "shopify:\/\/shop_images\/3.png",
              "image_width": "150px",
              "url": ""
            }
          },
          "1622430211caf90a8a-3": {
            "type": "news",
            "settings": {
              "title": "<p>“Millions of combinations, meaning you get a totally unique<br\/> piece of furniture exactly the way you want it.”<\/p>",
              "image": "shopify:\/\/shop_images\/4.png",
              "image_width": "150px",
              "url": ""
            }
          },
          "1622430211caf90a8a-4": {
            "type": "news",
            "settings": {
              "title": "<p>“Millions of combinations, meaning you get a totally unique<br\/> piece of furniture exactly the way you want it.”<\/p>",
              "image_width": "150px",
              "url": ""
            }
          },
          "1622430211caf90a8a-5": {
            "type": "news",
            "settings": {
              "title": "<p>“Millions of combinations, meaning you get a totally unique<br\/> piece of furniture exactly the way you want it.”<\/p>",
              "image_width": "150px",
              "url": ""
            }
          }
        },
        "block_order": [
          "1622430211caf90a8a-0",
          "1622430211caf90a8a-1",
          "1622430211caf90a8a-2",
          "1622430211caf90a8a-3",
          "1622430211caf90a8a-4",
          "1622430211caf90a8a-5"
        ],
        "settings": {
          "heading": "",
          "subheading": "",
          "description": "",
          "header_alignment": "center",
          "container": "container",
          "background_color": "",
          "show_divider": false,
          "autoplay": true,
          "custom_class": "sf__index-press"
        }
      },
      "162243112070c9a4c8": {
        "type": "instagram",
        "settings": {
          "heading": "Shop our Instagram",
          "subheading": "",
          "description": "",
          "header_alignment": "left",
          "container": "container-fluid",
          "background_color": "rgba(0,0,0,0)",
          "layout": "grid",
          "images_count": 5,
          "grid_columns": 5,
          "gap": 30,
          "mobile_gap": 16,
          "profile": "https:\/\/www.instagram.com\/minimog.trendy\/",
          "button_label": "",
          "custom_class": ""
        }
      },
      "16224315285b0ef561": {
        "type": "image-with-text-2",
        "settings": {
          "container": "w-full",
          "hero_size": "medium",
          "show_overlay": false,
          "bg_position": "center",
          "parallax": false,
          "content_in_container": true,
          "content_position": "left middle",
          "text_alignment": "center",
          "text_size": "medium",
          "text_color": "dark",
          "title": "More fun with our fun<br> colourful socks",
          "subtitle": "Cover Crew Socks",
          "text": "<p>Making the world a more colourful place with<br\/> our everyday essentials.<\/p>",
          "button_label": "Shop now",
          "button_link": "",
          "button_style": "sf__btn-primary",
          "button_size": "",
          "custom_class": "sf__index-hero"
        }
      },
      "1622432538ce004ae6": {
        "type": "custom-content",
        "blocks": {
          "6de8505c-c179-4a7c-9bf0-b21848dcf25d": {
            "type": "image",
            "settings": {
              "image": "shopify:\/\/shop_images\/7.jpg",
              "width": "25%",
              "alignment": "center",
              "block_custom_class": ""
            }
          },
          "1e18a6ad-53a3-4822-99bd-f7829676d363": {
            "type": "text",
            "settings": {
              "title": "Speciality<br> socks",
              "subheading": "",
              "text": "<p>Making the world a more colourful place with our everyday essentials.<\/p>",
              "width": "25%",
              "alignment": "center",
              "align_text": "left",
              "text_size": "medium",
              "text_color": "black",
              "button_label": "Shop Now",
              "button_link": "",
              "button_style": "sf__btn-link",
              "button_size": "",
              "block_custom_class": ""
            }
          },
          "8d645b93-3db1-4fb0-8565-10bb66125ee5": {
            "type": "image",
            "settings": {
              "width": "25%",
              "alignment": "center",
              "block_custom_class": ""
            }
          },
          "8978f103-649b-4677-af35-1b431a703ffd": {
            "type": "text",
            "settings": {
              "title": "Fun, fresh & eye<br> popping designs.",
              "subheading": "",
              "text": "<p>Making the world a more colourful place with our everyday essentials.<\/p>",
              "width": "25%",
              "alignment": "center",
              "align_text": "left",
              "text_size": "medium",
              "text_color": "black",
              "button_label": "Shop Now",
              "button_link": "",
              "button_style": "sf__btn-link",
              "button_size": "",
              "block_custom_class": ""
            }
          }
        },
        "block_order": [
          "6de8505c-c179-4a7c-9bf0-b21848dcf25d",
          "1e18a6ad-53a3-4822-99bd-f7829676d363",
          "8d645b93-3db1-4fb0-8565-10bb66125ee5",
          "8978f103-649b-4677-af35-1b431a703ffd"
        ],
        "settings": {
          "heading": "",
          "subheading": "",
          "description": "",
          "header_alignment": "center",
          "container": "container-fluid",
          "background_color": "",
          "gap": 30,
          "use_scroll_mobile": false,
          "gap_mobile": 40,
          "custom_class": "sf__index-custom-content"
        }
      },
      "annoucement": {
        "type": "annoucement",
        "settings": {
          "show_announcement": true,
          "homepage_only": true,
          "show_close": true,
          "message": "<div class=\"sf__scrolling-text text-base\" data-s-speed=\"lowest\" data-outline-thickness=\"thin\" data-s-dir=\"ltr\">\n    <div class=\"sf__scrolling-text-inner\">\n      <p><a href=\"#\"><em>LIGHT UP YOUR MOMENTS<span class=\"custom\" data-scale=\"large\"><\/span>BRIGHT YOUR EVERY<span class=\"custom\" data-scale=\"large\"><\/span>DAY FREE SHIPPING OVER $50!<span class=\"custom\" data-scale=\"large\"><\/span><\/em><\/a><\/p>\n      <p><a href=\"#\"><em>LIGHT UP YOUR MOMENTS<span class=\"custom\" data-scale=\"large\"><\/span> BRIGHT YOUR EVERY<span class=\"custom\" data-scale=\"large\"><\/span> DAY FREE SHIPPING OVER $50!<span class=\"custom\" data-scale=\"large\"><\/span><\/em><\/a><\/p>\n      <p><a href=\"#\"><em>LIGHT UP YOUR MOMENTS<span class=\"custom\" data-scale=\"large\"><span> BRIGHT YOUR EVERY<span class=\"custom\" data-scale=\"large\"><\/span> DAY FREE SHIPPING OVER $50!<span class=\"custom\" data-scale=\"large\"><\/span><\/span><\/span><\/em><\/a><\/p>\n        <p><a href=\"#\"><em>LIGHT UP YOUR MOMENTS<span class=\"custom\" data-scale=\"large\"><\/span> BRIGHT YOUR EVERY<span class=\"custom\" data-scale=\"large\"><\/span> DAY FREE SHIPPING OVER $50!<span class=\"custom\" data-scale=\"large\"><\/span><\/em><\/a><\/p>\n        <p><a href=\"#\"><em>LIGHT UP YOUR MOMENTS <span class=\"custom\" data-scale=\"large\"><\/span>BRIGHT YOUR EVERY<span class=\"custom\" data-scale=\"large\"><\/span> DAY FREE SHIPPING OVER $50!<span class=\"custom\" data-scale=\"large\"><\/span><\/em><\/a><\/p>\n    <\/div>\n  <\/div>",
          "message_link": "",
          "show_divider": false
        }
      },
      "product-details-accordion": {
        "type": "product-details-accordion",
        "settings": {
          "show_accordion": true,
          "use_container": false,
          "position": "bottom_info"
        }
      },
      "product-features": {
        "type": "product-features",
        "blocks": {
          "44de190d-9518-4416-a023-1d9913621de1": {
            "type": "feature",
            "settings": {
              "image": "shopify:\/\/shop_images\/Frame_1.png",
              "title": "Free Shipping",
              "description": "<p>Get complimentary ground shipping on every <br\/>order.Don’t love it? Send it back, on us.<\/p>",
              "link": ""
            }
          },
          "9d195b67-31da-4dce-89a9-72381913f881": {
            "type": "feature",
            "settings": {
              "image": "shopify:\/\/shop_images\/Frame_2.png",
              "title": "Earn Points",
              "description": "<p>Join Minimog Rewards to earn gift cards<br\/>and enjoy exclusive member benefits.<\/p>",
              "link": ""
            }
          },
          "402d169b-dbb2-4c2f-be88-3c76bd390b21": {
            "type": "feature",
            "settings": {
              "image": "shopify:\/\/shop_images\/Frame_3.png",
              "title": "Money Back Gurantee",
              "description": "<p>We believe getting dressed should be the <br\/>easiest part of your day.<\/p>",
              "link": ""
            }
          }
        },
        "block_order": [
          "44de190d-9518-4416-a023-1d9913621de1",
          "9d195b67-31da-4dce-89a9-72381913f881",
          "402d169b-dbb2-4c2f-be88-3c76bd390b21"
        ],
        "settings": {
          "show_featured": false,
          "container": "container",
          "heading": "Why choose us?",
          "item_per_row": 3,
          "card_style": "vertical",
          "image_max_width": "70px",
          "content_alignment": "center"
        }
      },
      "mobile-sticky-bar": {
        "type": "mobile-sticky-bar",
        "settings": {
          "show_mobile_sticky": true,
          "show_home_icon": true,
          "show_collection_icon": true,
          "show_cart_icon": true,
          "show_search_icon": true,
          "show_account_icon": false,
          "show_wishlist_icon": false
        }
      }
    },
    "content_for_index": [
      "1620813069167db316",
      "162081317833a6e943",
      "162098050586305bd8",
      "1620889733b8bebef8",
      "1622430211caf90a8a",
      "16224315285b0ef561",
      "1622432538ce004ae6",
      "162243112070c9a4c8"
    ]
  },
  "presets": {
    "Default": {
      "sections": {
        "featured-collection": {
          "type": "featured-collection",
          "settings": {
            "collection": "frontpage"
          }
        },
        "featured-product": {
          "type": "featured-product",
          "settings": {
          }
        }
      },
      "content_for_index": [
        "featured-collection",
        "featured-product"
      ]
    }
  }
}