{
  "current": {
    "favicon": "shopify:\/\/shop_images\/favicon.png",
    "container_width": 1170,
    "container_fluid_offset": 65,
    "color_primary": "#cd783e",
    "color_body_text": "#000000",
    "color_heading_text": "#000000",
    "color_sub_text": "#666666",
    "color_btn_bg": "#cd783e",
    "color_btn_bg_hover": "#cd783e",
    "prod_sale_price_color": "#666666",
    "prod_type_color": "#666666",
    "color_annoucement_bg": "#c67d4e",
    "color_topbar_bg": "#e0e7e4",
    "color_topbar_text": "#000000",
    "color_header_bg": "#ffffff",
    "color_header_link": "#000000",
    "color_header_transparent": "#ffffff",
    "bg_cart_wishlist_count": "#cd783e",
    "color_menu_bar_bg": "#000000",
    "color_menu_bar_text": "#f8f8f8",
    "color_footer_bg": "#fbf5ef",
    "color_footer_text": "#000000",
    "color_footer_subtext": "#696969",
    "color_footer_link_hover": "#000000",
    "color_footer_bottom_bg": "#fbf5ef",
    "color_footer_bottom_text": "#666666",
    "color_footer_bottom_bg_mb": "#fbf5ef",
    "color_border": "#eeeee0",
    "img_overlay_opacity": 20,
    "tooltip_background_color": "#cd783e",
    "type_base_font": "roboto_condensed_n4",
    "use_custom_font_body": true,
    "custom_body_font": "https:\/\/cdn.shopify.com\/s\/files\/1\/0042\/0750\/9567\/files\/Sofia_Pro_Semi_Bold_Az.otf?v=1622707627@600\nhttps:\/\/cdn.shopify.com\/s\/files\/1\/0042\/0750\/9567\/files\/Sofia_Pro_Regular_Az.otf?v=1622707627@400",
    "custom_body_weight": "400",
    "type_base_size": 16,
    "type_header_font": "roboto_condensed_n7",
    "use_custom_font_heading": true,
    "custom_heading_font": "https:\/\/cdn.shopify.com\/s\/files\/1\/0042\/0750\/9567\/files\/Sofia_Pro_Semi_Bold_Az.otf?v=1622707627@600\nhttps:\/\/cdn.shopify.com\/s\/files\/1\/0042\/0750\/9567\/files\/Sofia_Pro_Regular_Az.otf?v=1622707627@400",
    "custom_heading_weight": "400",
    "type_header_base_size": 48,
    "btn_base_size": 18,
    "btn_weight": "600",
    "pcard_layout": "1",
    "pcard_alignment": "center",
    "pcard_image_ratio": "1\/1",
    "show_vendor": false,
    "variant_option_design3": "color",
    "show_variant_swatch_image": true,
    "product_colors": "red: #FF6961,\nyellow: #FDDA76,\nblack: #000000,\nblack band: #000000,\nblue: #8DB4D2,\ngreen: #C1E1C1,\npurple: #B19CD9,\nsilver: #EEEEEF,\nwhite: #FFFFFF,\nbrown: #836953,\nlight brown: #B5651D,\ndark turquoise: #23cddc,\norange: #FFB347,\ntan: #E9D1BF,\nviolet: #B490B0,\npink: #FFD1DC,\ngrey: #E0E0E0,\nsky: #96BDC6,\npale leaf: #CCD4BF,\nlight blue: #b1c5d4,\ndark grey: #aca69f,\nbeige: #EBE6DB,\nbeige band: #EED9C4,\ndark blue: #063e66,\ncream: #e1d3bc,\nlight pink: #FBCFCD,\nmint: #bedce3,\ndark gray: #3A3B3C,\nrosy brown: #c4a287,\nlight grey:#D3D3D3,\ncopper: #B87333,\nrose gold: #ECC5C0,\nnight blue: #151B54,\ncoral: #FF7F50,\nlight purple: #C6AEC7,\nterracotta: #e2725b",
    "filter_color1": "",
    "share_facebook": true,
    "social_twitter_link": "https:\/\/twitter.com\/home",
    "social_facebook_link": "https:\/\/facebook.com\/",
    "social_pinterest_link": "https:\/\/pinterest.com\/",
    "social_instagram_link": "https:\/\/instagram.com\/",
    "wishlist_page": "",
    "product_compare_page": "",
    "gm_api": "",
    "instagram_token": "",
    "custom_css": ".sf__custom-heading-hero,\n.sf_custom-heading-content {\n  line-height: 1.25;\n}\n.sf_custom-heading-content {\n  font-weight: 400;\n}\n.sf__custom-subheading {\n  font-size: 18px;\n  margin-bottom: 30px;\n  font-weight: 600;\n  letter-spacing: 0;\n}\n\n.tag-label {\n  padding: 5px 15px;\n  background: #c67d4e;\n  color: #fff;\n  border-radius: 20px;\n  line-height: 1;\n  font-weight: 600;\n}\n.image__with-text:first-child .section-my {\n  margin-top: 70px;\n}\n.text-color-primary {\n  color: var(--color-primary);\n}\n\n.sf__footer-block-newsletter .sf__footer-block-title {\n  font-size: 36px;\n  line-height: 68px;\n  margin: 0;\n}\n.sf__footer-form-newsletter input.form-control {\n  background: #fff;\n  border-color: #fff;\n  border-radius: 0;\n}\n.sf__footer-block-title {\n  font-size: 18px;\n  font-weight: 600;\n}\n\n.sf__pcard-name {\n  font-weight: 600;\n}\n.sf-tab-header {\n  font-size: 18px;\n  opacity: 1;\n  font-weight: 600;\n}\n.sf__footer-block-our_store .social-media-links {\n  margin: 0 -20px;\n  margin-top: 20px;\n}\n.sf__footer-block-our_store .social-media-links a {\n  padding: 0 15px;\n}\n@media (min-width: 1280px) {\n  .sf_custom-heading-content {\n    font-size: 50px;\n  }\n}\n@media (min-width: 1920px) {\n  [data-section-type=\"custom-content\"]:last-child .section__heading,\n  .image__with-text:first-child\n    .content__box-1622448086a90b8c2f\n    .content__box\n    h3 {\n    font-size: 80px;\n  }\n}\n@media (max-width: 1023px) {\n  .image__with-text:first-child .section-my {\n    margin-top: 0;\n  }\n}\n@media (max-width: 767px) {\n  .sf__custom-subheading {\n    margin-bottom: 10px;\n    font-size: 14px;\n  }\n  .image__with-text:first-child .content__box,\n  .image__with-text:last-child .content__box {\n    text-align: center;\n  }\n  .image__with-text:last-child .content__box a.sf__btn {\n    width: 100%;\n  }\n  .image__with-text:first-child .sf__custom-heading-hero {\n    font-size: 34px;\n  }\n  .content__subheading {\n    margin-bottom: 5px;\n  }\n  [data-section-type=\"custom-content\"]:first-child .sf_custom-heading-content {\n    font-size: 24px;\n  }\n  [class^=\"spr-icon-\"]:before,\n  [class*=\" spr-icon-\"]:before {\n    font-size: 100% !important;\n  }\n  [data-section-type=\"custom-content\"]:first-child h3 a {\n    text-transform: capitalize;\n    font-size: 14px;\n  }\n  [data-section-type=\"custom-content\"]:last-child .section__heading {\n    font-size: 34px !important;\n  }\n}",
    "use_theme_currencies": true,
    "theme_currencies": "USD | EUR | GBP | VND",
    "container_offset_x": 0,
    "sections": {
      "page-faqs": {
        "type": "page-faqs",
        "blocks": {
          "2802736b-f08f-4510-a4f7-4ad7d748992d": {
            "type": "content",
            "settings": {
              "content": "<div class=\"mb-10\"><img src=\"https:\/\/cdn.shopify.com\/s\/files\/1\/0561\/2742\/2636\/files\/faqs.jpg?v=1620784288\"><\/div>\n<h3 class=\"font-medium text-xl mb-4\">Awkwardness gives me great comfort. I’ve never been cool, but I’ve felt cool. I’ve been in the cool place, but I wasn’t really cool – I was trying to pass for hip or cool.<\/h3>\n<p>A girl should be two things: classy and fabulous. I am convinced that there can be luxury in simplicity. I wanted to dress the woman who lives and works, not the woman in a painting. It’s hard to balance everything. It’s always challenging. My relationships with producers or photographers – these are relationships that took years. I can’t get sucked into that celebrity thing, because I think it’s just crass. My aim is to make the poor look rich.<\/p>"
            }
          },
          "4e151238-4480-4122-b893-7f4a19886e4c": {
            "type": "accordion",
            "settings": {
              "title": "What shipping methods are availbale?",
              "content": "<p>Lorem ipsum dolor sit amet conse ctetur adipisicing elit, sed do eiusmod tempor incididunt ut labore et dolore magna aliqua. Ut enim ad minim veniam, quis nostrud exercitation ullamco laboris nisi ut aliquip ex ea commodo consequat. Duis aute irure dolor in reprehenderit in voluptate velit esse cillum dolore eu fugiat.<br\/><br\/>Ut enim ad minim veniam, quis nostrud exercitation ullamco laboris nisi ut aliquip ex ea commodo consequat. Duis aute irure dolor in reprehenderit.<\/p>",
              "open": true
            }
          },
          "c5d4d04d-f6c1-4d1e-99f0-3c221393a3cf": {
            "type": "accordion",
            "settings": {
              "title": "How long will it take to get my package?",
              "content": "<p>Lorem ipsum dolor sit amet conse ctetur adipisicing elit, sed do eiusmod tempor incididunt ut labore et dolore magna aliqua. Ut enim ad minim veniam, quis nostrud exercitation ullamco laboris nisi ut aliquip.<\/p>",
              "open": false
            }
          },
          "0131747b-8b40-432f-b634-b1289ec41911": {
            "type": "accordion",
            "settings": {
              "title": "Do you ship internationally?",
              "content": "<p>Lorem ipsum dolor sit amet conse ctetur adipisicing elit, sed do eiusmod tempor incididunt ut labore et dolore magna aliqua. Ut enim ad minim veniam, quis nostrud exercitation ullamco laboris nisi ut aliquip.<\/p>",
              "open": false
            }
          },
          "5d7206e9-5375-4da6-9a1f-24e1c46230b0": {
            "type": "accordion",
            "settings": {
              "title": "What payment methods are accepted?",
              "content": "<p>Lorem ipsum dolor sit amet conse ctetur adipisicing elit, sed do eiusmod tempor incididunt ut labore et dolore magna aliqua. Ut enim ad minim veniam, quis nostrud exercitation ullamco laboris nisi ut aliquip ex ea commodo consequat. Duis aute irure dolor in reprehenderit in voluptate velit esse cillum dolore eu fugiat.<\/p>",
              "open": false
            }
          },
          "4008f61e-055e-42ba-8969-cb3715c0aece": {
            "type": "accordion",
            "settings": {
              "title": "Is buying on-line safe?",
              "content": "<p>Lorem ipsum dolor sit amet conse ctetur adipisicing elit, sed do eiusmod tempor incididunt ut labore et dolore magna aliqua. Ut enim ad minim veniam, quis nostrud exercitation ullamco laboris nisi ut aliquip.<\/p>",
              "open": false
            }
          }
        },
        "block_order": [
          "2802736b-f08f-4510-a4f7-4ad7d748992d",
          "4e151238-4480-4122-b893-7f4a19886e4c",
          "c5d4d04d-f6c1-4d1e-99f0-3c221393a3cf",
          "0131747b-8b40-432f-b634-b1289ec41911",
          "5d7206e9-5375-4da6-9a1f-24e1c46230b0",
          "4008f61e-055e-42ba-8969-cb3715c0aece"
        ],
        "settings": {
          "menu": "faqs-menu"
        }
      },
      "collection-list": {
        "type": "collection-list",
        "settings": {
        }
      },
      "featured-collection": {
        "type": "featured-collection",
        "settings": {
          "collection": "frontpage"
        }
      },
      "featured-product": {
        "type": "featured-product",
        "settings": {
        }
      },
      "slider": {
        "type": "slider",
        "settings": {
        }
      },
      "header": {
        "type": "header",
        "blocks": {
          "340633e8-84f4-45b0-8743-0cc52cf1b653": {
            "type": "banner",
            "settings": {
              "heading": "Shop",
              "container": "inherit",
              "banner_style": "outside",
              "banner_link": "",
              "banner_title": "New collection",
              "banner_desc": "",
              "banner_button_text": "Shop now"
            }
          },
          "9f298413-49e3-4063-9214-4bf1a6f46454": {
            "type": "product-list",
            "settings": {
              "heading": "Product",
              "container": "inherit",
              "stretch_width": false,
              "collection": "plants",
              "limit": 6,
              "columns": 2
            }
          },
          "72f21170-5245-4556-9565-5c7691f35261": {
            "type": "custom_html",
            "settings": {
              "heading": "Features",
              "container": "inherit",
              "html": ""
            }
          }
        },
        "block_order": [
          "340633e8-84f4-45b0-8743-0cc52cf1b653",
          "9f298413-49e3-4063-9214-4bf1a6f46454",
          "72f21170-5245-4556-9565-5c7691f35261"
        ],
        "settings": {
          "header_design": "logo-left-menu-center",
          "container": "container-fluid",
          "header_sticky": true,
          "transparent_on_top": false,
          "logo_text": "MINIMOG",
          "logo_max_width": 105,
          "sticky_logo_max_width": 105,
          "mobile_logo_max_width": 90,
          "main_menu": "main-menu",
          "secondary_menu": "",
          "uppercase_parent_level": false,
          "search": "show_icon",
          "show_account_icon": true,
          "show_cart_icon": true,
          "show_wishlist_icon": true,
          "show_compare_icon": false,
          "show_currency_switcher": false,
          "show_language_switcher": false
        }
      },
      "footer": {
        "type": "footer",
        "blocks": {
          "494c911f-7281-40a1-85fa-a596a6431858": {
            "type": "newsletter",
            "settings": {
              "title": "<span class=\"font-normal\">Don’t miss a thing<\/span>",
              "description": "Enter your email below to be the first to know about new collections and product launches.",
              "email_placeholder": "Enter your email",
              "form_style": "bordered",
              "show_social": false,
              "width": "50%"
            }
          },
          "2bd3b7d0-e898-4720-82ab-227b7e3815b4": {
            "type": "spacing",
            "settings": {
              "width": "25%"
            }
          },
          "7527ffa4-1a31-4e5c-b642-96aa834daf84": {
            "type": "menu",
            "settings": {
              "menu": "main-menu",
              "title": "About",
              "width": "33%"
            }
          },
          "c85629c7-7aae-4666-b5f0-150990439c91": {
            "type": "menu",
            "settings": {
              "menu": "main-menu",
              "title": "Information",
              "width": "33%"
            }
          },
          "dd73fb47-5257-4df5-a2b4-89add321bcf6": {
            "type": "our_store",
            "settings": {
              "title": "Our store",
              "description": "",
              "show_email": false,
              "show_phone": false,
              "show_socials_link": true,
              "width": "25%"
            }
          }
        },
        "block_order": [
          "494c911f-7281-40a1-85fa-a596a6431858",
          "2bd3b7d0-e898-4720-82ab-227b7e3815b4",
          "7527ffa4-1a31-4e5c-b642-96aa834daf84",
          "c85629c7-7aae-4666-b5f0-150990439c91",
          "dd73fb47-5257-4df5-a2b4-89add321bcf6"
        ],
        "settings": {
          "design": "footer-1",
          "container": "container-fluid",
          "bordered": false,
          "copyright": "© MINIMOG 2021",
          "show_currency_selector": false,
          "show_language_selector": false,
          "show_social_links": false,
          "show_payment_icons": true
        }
      },
      "collection-page-header": {
        "type": "collection-page-header",
        "settings": {
          "layout": "inside",
          "header_height": "small",
          "text_alignment": "center",
          "vertical_alignment": "center",
          "bg_color": "#ffffff",
          "enable_parallax": true,
          "show_breadcrumb": true,
          "upper_title": false
        }
      },
      "product-template": {
        "type": "product-template",
        "settings": {
          "container": "container",
          "layout": "layout-6",
          "show_tags": false,
          "show_vendor": false,
          "show_sku": false,
          "show_categories": false,
          "show_reviews_count": true,
          "show_quantity_selector": true,
          "enable_dynamic_checkout": true,
          "hide_atc_button": false,
          "show_atwl": true,
          "show_atcp": true,
          "show_ask_a_question": true,
          "show_social": true,
          "show_live_views": true,
          "live_views_text": "<p><strong>{{count_number}}<\/strong> <strong>people<\/strong> are viewing this right now<\/p>",
          "live_views_range": "20-30",
          "live_view_duration": "10",
          "live_view_icon_blinks": true,
          "show_delivery_times": true,
          "deliver_text": "Estimated Delivery:",
          "deliver_days": "3",
          "show_shipping_text": true,
          "shipping_text": "<p><strong>Free Shipping & Returns: <\/strong>On all orders over $75<\/p>",
          "show_trust_badges": true,
          "trust_badges_text": "<p>Guarantee safe & secure checkout<\/p>",
          "trust_badges_image": "shopify:\/\/shop_images\/trustbag.png",
          "trust_badges_image_width": "320px",
          "use_sticky_atc": true,
          "sticky_atc_wishtlist": false,
          "sticky_atc_compare": false
        }
      },
      "product-details-tabs": {
        "type": "product-details-tabs",
        "blocks": {
          "4db8ad16-886f-47f7-9b57-fc68b39fb2d4": {
            "type": "description",
            "settings": {
              "header": "Product description"
            }
          },
          "4c5e8fa6-d31a-4d9f-af45-5cb52f35505a": {
            "type": "tab",
            "settings": {
              "header": "Shipping & Return",
              "content": "<p>So beautiful you’ll want to show it off, so comfortable you’ll forget it’s there. Our 24\/7™ Lace Contour Plunge Bra combines gorgeous floral lace with sheer overlay straps that hold you in and eliminates gaping. Removable pads let you customize you<\/p>"
            }
          },
          "681ef870-b3e3-4cdc-bd3d-2e7877f3bd2d": {
            "type": "reviews",
            "settings": {
              "header": "Product reviews"
            }
          }
        },
        "block_order": [
          "4db8ad16-886f-47f7-9b57-fc68b39fb2d4",
          "4c5e8fa6-d31a-4d9f-af45-5cb52f35505a",
          "681ef870-b3e3-4cdc-bd3d-2e7877f3bd2d"
        ],
        "settings": {
          "show_product_tabs": true,
          "container": "container",
          "bg_color": ""
        }
      },
      "product-reviews": {
        "type": "product-reviews",
        "settings": {
          "show_product_reviews": false,
          "container": "container-narrow",
          "heading": "Ratings and Reviews"
        }
      },
      "product-recommendations": {
        "type": "product-recommendations",
        "settings": {
          "show_product_recommendations": true,
          "container": "container",
          "heading": "You Might Also Like",
          "limit": 8,
          "columns": 4,
          "column_gap": 30,
          "enable_slider": true
        }
      },
      "brand-page-header": {
        "type": "brand-page-header",
        "blocks": {
          "09dfe2e1-10c2-4cee-a033-a90b143c85f3": {
            "type": "information",
            "settings": {
              "collection": "retrolie",
              "logo": "shopify:\/\/shop_images\/1.png",
              "content": "<p>Developed by Goop founder, wellness advocate and - academy award-winner, Gwyneth Paltrow, this high performing skincare line is where luxury formulas meet pure organic ingredients and the results are skin-changing. <\/p><p>Goop is passionate about the idea that beauty comes from the inside out. So they use clinically proven and best-in-class ingredients at active levels to create skin care, skin-boosting ingestibles, and body essentials that are luxurious, deliver high-performance results, and enliven the senses with exquisite textures and beautiful scents.<\/p>",
              "image_1": "shopify:\/\/shop_images\/1_8e8151b6-3555-4abf-8dd6-5347182bbcd0.jpg",
              "image_2": "shopify:\/\/shop_images\/2_9a1b3099-775a-4093-9ece-6cfaa04a06fe.jpg",
              "image_3": "shopify:\/\/shop_images\/3_7b9fc65c-8202-4449-a828-d03ac03c6d38.jpg"
            }
          },
          "c8ee188c-a84f-4cf2-a8af-aacb9bf78785": {
            "type": "information",
            "settings": {
              "collection": "abby",
              "logo": "shopify:\/\/shop_images\/2.png",
              "content": "<p>Developed by Goop founder, wellness advocate and - academy award-winner, Gwyneth Paltrow, this high performing skincare line is where luxury formulas meet pure organic ingredients and the results are skin-changing. <\/p><p>Goop is passionate about the idea that beauty comes from the inside out. So they use clinically proven and best-in-class ingredients at active levels to create skin care, skin-boosting ingestibles, and body essentials that are luxurious, deliver high-performance results, and enliven the senses with exquisite textures and beautiful scents.<\/p>",
              "image_1": "shopify:\/\/shop_images\/4.jpg",
              "image_2": "shopify:\/\/shop_images\/5.jpg",
              "image_3": "shopify:\/\/shop_images\/6.jpg"
            }
          },
          "e56a3991-3115-47d4-b7e6-43e962712fc6": {
            "type": "information",
            "settings": {
              "collection": "minimog",
              "logo": "shopify:\/\/shop_images\/3.png",
              "content": "<p>Developed by Goop founder, wellness advocate and - academy award-winner, Gwyneth Paltrow, this high performing skincare line is where luxury formulas meet pure organic ingredients and the results are skin-changing. <\/p><p>Goop is passionate about the idea that beauty comes from the inside out. So they use clinically proven and best-in-class ingredients at active levels to create skin care, skin-boosting ingestibles, and body essentials that are luxurious, deliver high-performance results, and enliven the senses with exquisite textures and beautiful scents.<\/p>",
              "image_1": "shopify:\/\/shop_images\/7.jpg",
              "image_2": "shopify:\/\/shop_images\/8.jpg",
              "image_3": "shopify:\/\/shop_images\/9.jpg"
            }
          },
          "98bac8d0-393b-4f50-91b8-052a49e29dd0": {
            "type": "information",
            "settings": {
              "collection": "brook",
              "logo": "shopify:\/\/shop_images\/4.png",
              "content": "<p>Developed by Goop founder, wellness advocate and - academy award-winner, Gwyneth Paltrow, this high performing skincare line is where luxury formulas meet pure organic ingredients and the results are skin-changing. <\/p><p>Goop is passionate about the idea that beauty comes from the inside out. So they use clinically proven and best-in-class ingredients at active levels to create skin care, skin-boosting ingestibles, and body essentials that are luxurious, deliver high-performance results, and enliven the senses with exquisite textures and beautiful scents.<\/p>",
              "image_1": "shopify:\/\/shop_images\/10.jpg",
              "image_2": "shopify:\/\/shop_images\/11.jpg",
              "image_3": "shopify:\/\/shop_images\/12.jpg"
            }
          },
          "2b4a1841-6d7a-468b-ba3b-a5fd307cf9aa": {
            "type": "information",
            "settings": {
              "collection": "learts",
              "logo": "shopify:\/\/shop_images\/5.png",
              "content": "<p>Developed by Goop founder, wellness advocate and - academy award-winner, Gwyneth Paltrow, this high performing skincare line is where luxury formulas meet pure organic ingredients and the results are skin-changing. <\/p><p>Goop is passionate about the idea that beauty comes from the inside out. So they use clinically proven and best-in-class ingredients at active levels to create skin care, skin-boosting ingestibles, and body essentials that are luxurious, deliver high-performance results, and enliven the senses with exquisite textures and beautiful scents.<\/p>",
              "image_1": "shopify:\/\/shop_images\/13.jpg",
              "image_2": "shopify:\/\/shop_images\/14.jpg",
              "image_3": "shopify:\/\/shop_images\/15.jpg"
            }
          },
          "b54aa75a-c232-474e-9d92-2027e31cd066": {
            "type": "information",
            "settings": {
              "collection": "vagabond",
              "logo": "shopify:\/\/shop_images\/6.png",
              "content": "<p>Developed by Goop founder, wellness advocate and - academy award-winner, Gwyneth Paltrow, this high performing skincare line is where luxury formulas meet pure organic ingredients and the results are skin-changing. <\/p><p>Goop is passionate about the idea that beauty comes from the inside out. So they use clinically proven and best-in-class ingredients at active levels to create skin care, skin-boosting ingestibles, and body essentials that are luxurious, deliver high-performance results, and enliven the senses with exquisite textures and beautiful scents.<\/p>",
              "image_1": "shopify:\/\/shop_images\/16.jpg",
              "image_2": "shopify:\/\/shop_images\/17.jpg",
              "image_3": "shopify:\/\/shop_images\/18.jpg"
            }
          }
        },
        "block_order": [
          "09dfe2e1-10c2-4cee-a033-a90b143c85f3",
          "c8ee188c-a84f-4cf2-a8af-aacb9bf78785",
          "e56a3991-3115-47d4-b7e6-43e962712fc6",
          "98bac8d0-393b-4f50-91b8-052a49e29dd0",
          "2b4a1841-6d7a-468b-ba3b-a5fd307cf9aa",
          "b54aa75a-c232-474e-9d92-2027e31cd066"
        ],
        "settings": {
        }
      },
      "collection-brand": {
        "type": "collection-brand",
        "settings": {
          "grid_layout": "grid",
          "pagination_limit": "12",
          "grid_columns": "3",
          "collection_paginate": "paginate",
          "show_filter": true,
          "sidebar": "leftColumn"
        }
      },
      "contact-information": {
        "type": "contact-information",
        "settings": {
        }
      },
      "maps": {
        "type": "maps",
        "settings": {
          "textx": "40.6700",
          "texty": "-73.9400",
          "zoom": "11",
          "text2": "New York"
        }
      },
      "contact-template": {
        "type": "contact-template",
        "blocks": {
          "458d6546-c5d0-4128-8fa6-162080bdf85f": {
            "type": "textblock",
            "settings": {
              "title": "Address",
              "content": "<p>7895 Piermont Dr NE Albuquerque, NM 198866, <a href=\"#\">See Our Stores<\/a><\/p>"
            }
          },
          "d2fd611c-a50a-4871-b401-b51dff320d34": {
            "type": "textblock",
            "settings": {
              "title": "Information",
              "content": "<p>+391 (0)35 2568 4593<\/p><p>hello@domain.com<\/p>"
            }
          },
          "159b3b43-a6d9-4cb9-b78d-04f5a5bae350": {
            "type": "socialmedia",
            "settings": {
              "title": "Social Media"
            }
          },
          "5c486a84-9bdd-4d24-8ac7-5c428593cf33": {
            "type": "textblock",
            "settings": {
              "title": "We're Open",
              "content": "<p>Our store has re-opened for shopping, exchanges<\/p><p>Every day 11am to 7pm<\/p>"
            }
          }
        },
        "block_order": [
          "458d6546-c5d0-4128-8fa6-162080bdf85f",
          "d2fd611c-a50a-4871-b401-b51dff320d34",
          "159b3b43-a6d9-4cb9-b78d-04f5a5bae350",
          "5c486a84-9bdd-4d24-8ac7-5c428593cf33"
        ],
        "settings": {
          "title": "We would love to hear from you.",
          "description": "<p>If you’ve got great products your making or looking to work with us then drop us a line.<\/p>"
        }
      },
      "content-before-products": {
        "type": "content-before-products",
        "settings": {
          "container": "container-fluid",
          "background_color": "",
          "gap": 30,
          "gap_mobile": 16
        }
      },
      "collection-template": {
        "type": "collection-template",
        "settings": {
          "container": "container",
          "grid_layout": "grid",
          "grid_columns": "4",
          "pagination_limit": "12",
          "collection_paginate": "paginate",
          "show_filter": true,
          "sidebar": "leftColumn"
        }
      },
      "content-after-products": {
        "type": "content-after-products",
        "settings": {
          "container": "container-fluid",
          "background_color": "",
          "gap": 30,
          "gap_mobile": 16
        }
      },
      "recent-viewed-products": {
        "type": "recent-viewed-products",
        "settings": {
          "heading": "Recently Viewed Products",
          "container": "container",
          "columns": 4,
          "column_gap": 30,
          "enable_slider": true,
          "show_product_page": true,
          "show_cart_page": true,
          "show_collection_page": false
        }
      },
      "1622448086a90b8c2f": {
        "type": "image-with-text",
        "settings": {
          "heading": "",
          "subheading": "",
          "container": "container-fluid",
          "background_color": "rgba(0,0,0,0)",
          "item_gap": 100,
          "item_gap_mobile": 30,
          "layout": "right",
          "image_column_size": "7",
          "title": "<span class=\"sf__custom-heading-hero\">Why plants<br>\nmake you happy<\/span>",
          "sub_title": "<span class=\"sf__custom-subheading\"><span class=\"tag-label\" style=\"margin-right: 10px;\">Hot<\/span>25% off everything (yes, everything!) 🔥<\/span>",
          "text": "",
          "text_size": "large",
          "content_alignment": "left",
          "button_label": "Shop Collection",
          "button_link": "",
          "button_style": "sf__btn-link",
          "button_size": "sf__btn-large",
          "custom_class": ""
        }
      },
      "annoucement": {
        "type": "annoucement",
        "settings": {
          "show_announcement": true,
          "homepage_only": true,
          "show_close": true,
          "message": "Order by phone: (310) 839-9009 | Shop our Spring Bounty Sale 🌟",
          "message_link": "",
          "show_divider": false
        }
      },
      "1622709925b4ab6f0c": {
        "type": "image-with-text",
        "settings": {
          "heading": "",
          "subheading": "",
          "container": "container",
          "background_color": "rgba(0,0,0,0)",
          "item_gap": 100,
          "item_gap_mobile": 30,
          "layout": "left",
          "image_column_size": "6",
          "title": "<span class=\"sf_custom-heading-content\">Deck Out Your \nPatio This Summer<\/span>",
          "sub_title": "<span class=\"sf__custom-subheading text-color-primary font-semibold\">Fresh Finds<\/span>",
          "text": "<p>With eye-catching annual flowers and foliage you won’t find<br\/>anywhere else, you can mix and match our vibrant container<br\/>gardens to create beautiful gardens of any size.<\/p>",
          "text_size": "medium",
          "content_alignment": "left",
          "button_label": "Shop Indoor",
          "button_link": "",
          "button_style": "sf__btn-primary",
          "button_size": "",
          "custom_class": ""
        }
      },
      "1622710586e17c9ecc": {
        "type": "product-tabs",
        "blocks": {
          "1622710586e17c9ecc-0": {
            "type": "tab",
            "settings": {
              "title": "Indoor Plants",
              "collection": "plants"
            }
          },
          "1622710586e17c9ecc-1": {
            "type": "tab",
            "settings": {
              "title": "Outdoor Plants",
              "collection": "outdoor-plants"
            }
          },
          "62abc623-1aa9-4668-b2b9-483f79a5b2aa": {
            "type": "tab",
            "settings": {
              "title": "Herbs + Veggies",
              "collection": "herbs-veggies-plants"
            }
          }
        },
        "block_order": [
          "1622710586e17c9ecc-0",
          "1622710586e17c9ecc-1",
          "62abc623-1aa9-4668-b2b9-483f79a5b2aa"
        ],
        "settings": {
          "heading": "Perfect Plants",
          "subheading": "",
          "description": "",
          "header_alignment": "center",
          "container": "container-fluid",
          "background_color": "rgba(0,0,0,0)",
          "tab_header": "horizontal",
          "limit": 8,
          "show_button": false,
          "button_type": "link",
          "button_label": "Shop Now",
          "button_style": "sf__btn-primary",
          "button_size": "",
          "pcard_layout": "",
          "pcard_image_ratio": "",
          "show_vendor": false,
          "items_per_row": 4,
          "item_gap": 30,
          "item_gap_mobile": 16,
          "enable_slider": true,
          "show_pagination": true,
          "show_navigation": true,
          "custom_class": ""
        }
      },
      "1622711555416bfb63": {
        "type": "custom-content",
        "blocks": {
          "8e62aec0-c2bb-4e9b-8950-255185a9abd6": {
            "type": "product_bundles",
            "settings": {
              "width": "50%",
              "alignment": "center",
              "title": "<span class=\"sf_custom-heading-content\">Build Your Own<br> Basket From $100<\/span>",
              "subheading": "<span class=\"text-color-primary sf__custom-subheading\">Bundle & Save<\/span>",
              "product_1": "peperomia-obtusifolia",
              "product_2": "ficus-tineke",
              "product_3": "",
              "product_4": "",
              "product_5": "",
              "block_custom_class": ""
            }
          },
          "bb719b44-bf63-4698-86bf-1dcf8f77c148": {
            "type": "lookbook",
            "settings": {
              "width": "50%",
              "top_1": 25,
              "left_1": 80,
              "product_1": "snake-plant-laurenti",
              "top_2": 77,
              "left_2": 68,
              "product_2": "sleep-plant",
              "top_3": 61,
              "left_3": 48,
              "product_3": "",
              "top_4": 0,
              "left_4": 0,
              "product_4": "",
              "top_5": 20,
              "left_5": 0,
              "product_5": "",
              "block_custom_class": ""
            }
          }
        },
        "block_order": [
          "8e62aec0-c2bb-4e9b-8950-255185a9abd6",
          "bb719b44-bf63-4698-86bf-1dcf8f77c148"
        ],
        "settings": {
          "heading": "",
          "subheading": "",
          "description": "",
          "header_alignment": "center",
          "container": "container",
          "background_color": "",
          "gap": 30,
          "use_scroll_mobile": false,
          "gap_mobile": 16,
          "custom_class": ""
        }
      },
      "1622712658d5b3e674": {
        "type": "custom-content",
        "blocks": {
          "1622712658d5b3e674-1": {
            "type": "image",
            "settings": {
              "width": "100%",
              "alignment": "center",
              "block_custom_class": ""
            }
          }
        },
        "block_order": [
          "1622712658d5b3e674-1"
        ],
        "settings": {
          "heading": "The Pruning Scissors",
          "subheading": "",
          "description": "<a class=\"sf__btn sf__btn-link\" style=\"text-decoration: none;\"><span class=\"flex\">Shop Collection <\/span><\/a>",
          "header_alignment": "center",
          "container": "container-fluid",
          "background_color": "",
          "gap": 0,
          "use_scroll_mobile": false,
          "gap_mobile": 16,
          "custom_class": ""
        }
      },
      "product-details-accordion": {
        "type": "product-details-accordion",
        "settings": {
          "show_accordion": true,
          "use_container": false,
          "position": "bottom_info"
        }
      },
      "product-features": {
        "type": "product-features",
        "blocks": {
          "cab6fe73-717d-4faf-bb22-ed52489005c1": {
            "type": "feature",
            "settings": {
              "image": "shopify:\/\/shop_images\/Frame_1.png",
              "title": "Free Shipping",
              "description": "<p>Get complimentary ground shipping on every <br\/>order.Don’t love it? Send it back, on us.<\/p>",
              "link": ""
            }
          },
          "8333e2ca-0599-4497-b4a8-f8a3b346b41b": {
            "type": "feature",
            "settings": {
              "image": "shopify:\/\/shop_images\/Frame_2.png",
              "title": "Earn Points",
              "description": "<p>Join Minimog Rewards to earn gift cards<br\/>and enjoy exclusive member benefits.<\/p>",
              "link": ""
            }
          },
          "f5ebc37a-a6bf-4f8f-9d4b-e2a9cc58f798": {
            "type": "feature",
            "settings": {
              "image": "shopify:\/\/shop_images\/Frame_3.png",
              "title": "Money Back Gurantee",
              "description": "<p>We believe getting dressed should be the <br\/>easiest part of your day.<\/p>",
              "link": ""
            }
          }
        },
        "block_order": [
          "cab6fe73-717d-4faf-bb22-ed52489005c1",
          "8333e2ca-0599-4497-b4a8-f8a3b346b41b",
          "f5ebc37a-a6bf-4f8f-9d4b-e2a9cc58f798"
        ],
        "settings": {
          "show_featured": false,
          "container": "container",
          "heading": "Why choose us?",
          "item_per_row": 3,
          "card_style": "vertical",
          "image_max_width": "70px",
          "content_alignment": "center"
        }
      },
      "mobile-sticky-bar": {
        "type": "mobile-sticky-bar",
        "settings": {
          "show_mobile_sticky": true,
          "show_home_icon": true,
          "show_collection_icon": true,
          "show_cart_icon": true,
          "show_search_icon": true,
          "show_account_icon": false,
          "show_wishlist_icon": false
        }
      }
    },
    "content_for_index": [
      "1622448086a90b8c2f",
      "1622709925b4ab6f0c",
      "1622710586e17c9ecc",
      "1622711555416bfb63",
      "1622712658d5b3e674"
    ]
  },
  "presets": {
    "Default": {
      "sections": {
        "featured-collection": {
          "type": "featured-collection",
          "settings": {
            "collection": "frontpage"
          }
        },
        "featured-product": {
          "type": "featured-product",
          "settings": {
          }
        }
      },
      "content_for_index": [
        "featured-collection",
        "featured-product"
      ]
    }
  }
}