{
  "sections": {
    "1621243260e1af0c20": {
      "type": "slider",
      "blocks": {
        "1621243260e1af0c20-0": {
          "type": "slider_item",
          "settings": {
            "image_alignment": "center middle",
            "content_in_container": true,
            "content_position": "left middle",
            "text_alignment": "center",
            "text_size": "medium",
            "text_color": "black",
            "subheading": "<span class=\"font__weight-medium\">For Booklovers<\/span>",
            "title": "<span class=\"font__weight-medium\">A World of Books for<br> Young and Old.<\/span>",
            "description": "",
            "button_text": "Shop now",
            "button_link": "",
            "button_style": "sf__btn-primary",
            "button_size": "sf__btn-small",
            "show_footer": false,
            "footer_alignment": "end",
            "footer_text": "New Collection",
            "footer_button": "Shop Now",
            "footer_link": ""
          }
        },
        "1621243260e1af0c20-1": {
          "type": "slider_item",
          "settings": {
            "image_alignment": "center middle",
            "content_in_container": true,
            "content_position": "left middle",
            "text_alignment": "center",
            "text_size": "medium",
            "text_color": "black",
            "subheading": "<span class=\"font__weight-medium\">For Booklovers.<\/span>",
            "title": "<span class=\"font__weight-medium\">A World of Books for<br> Young and Old.<\/span>",
            "description": "",
            "button_text": "Shop now",
            "button_link": "",
            "button_style": "sf__btn-primary",
            "button_size": "sf__btn-small",
            "show_footer": false,
            "footer_alignment": "end",
            "footer_text": "New Collection",
            "footer_button": "Shop Now",
            "footer_link": ""
          }
        },
        "1621243260e1af0c20-2": {
          "type": "slider_item",
          "settings": {
            "image_alignment": "center middle",
            "content_in_container": true,
            "content_position": "left middle",
            "text_alignment": "center",
            "text_size": "medium",
            "text_color": "black",
            "subheading": "<span class=\"font__weight-medium\">For Booklovers.<\/span>",
            "title": "<span class=\"font__weight-medium\">A World of Books for<br> Young and Old.<\/span>",
            "description": "",
            "button_text": "Shop now",
            "button_link": "",
            "button_style": "sf__btn-primary",
            "button_size": "sf__btn-small",
            "show_footer": false,
            "footer_alignment": "end",
            "footer_text": "New Collection",
            "footer_button": "Shop Now",
            "footer_link": ""
          }
        }
      },
      "block_order": [
        "1621243260e1af0c20-0",
        "1621243260e1af0c20-1",
        "1621243260e1af0c20-2"
      ],
      "settings": {
        "container": "w-full",
        "slideshow_height": "fullscreen",
        "show_overlay": false,
        "dots_position": "bottom",
        "dots_color": "dark",
        "show_dots": true,
        "show_arrows": false,
        "autorotate": true,
        "autorotate_speed": 5,
        "custom_class": ""
      }
    },
    "162209953296371dbc": {
      "type": "icon-box",
      "blocks": {
        "162209953296371dbc-2": {
          "type": "iconbox",
          "settings": {
            "title": "<span class=\"font-body capitalize\">recommended books<\/span>",
            "description": "<p>Turn organization into decor with a multi-use, three-tier rack that’s beautiful in any room<\/p>",
            "link": "",
            "button_label": "",
            "button_link": "",
            "button_style": "sf__btn-link",
            "button_size": ""
          }
        },
        "162209953296371dbc-1": {
          "type": "iconbox",
          "settings": {
            "title": "<span class=\"font-body capitalize\">comming soon<\/span>",
            "description": "<p>Turn organization into decor with a multi-use, three-tier rack that’s beautiful in any room<\/p>",
            "link": "",
            "button_label": "",
            "button_link": "",
            "button_style": "sf__btn-link",
            "button_size": ""
          }
        },
        "162209953296371dbc-0": {
          "type": "iconbox",
          "settings": {
            "title": "<span class=\"font-body capitalize\">Featured people<\/span>",
            "description": "<p>Turn organization into decor with a multi-use, three-tier rack that’s beautiful in any room<\/p>",
            "link": "",
            "button_label": "",
            "button_link": "",
            "button_style": "sf__btn-secondary",
            "button_size": ""
          }
        }
      },
      "block_order": [
        "162209953296371dbc-2",
        "162209953296371dbc-1",
        "162209953296371dbc-0"
      ],
      "settings": {
        "heading": "Member Favorites",
        "subheading": "",
        "description": "",
        "header_alignment": "left",
        "container": "container",
        "background_color": "rgba(0,0,0,0)",
        "item_per_row": 3,
        "item_gap": 30,
        "item_gap_mobile": 10,
        "card_style": "vertical",
        "image_max_width": "",
        "content_alignment": "center",
        "hover_effect": "none",
        "enable_slider": true,
        "show_pagination": true,
        "show_navigation": false,
        "use_scroll_mobile": true,
        "use_grid_column_mb": false,
        "custom_class": ""
      }
    },
    "1622102101fd8de171": {
      "type": "featured-collection",
      "settings": {
        "heading": "Bestsellers",
        "subheading": "",
        "description": "",
        "header_alignment": "left",
        "container": "container",
        "background_color": "rgba(0,0,0,0)",
        "collection": "books",
        "product_to_show": 4,
        "items_per_row": 4,
        "item_gap": 30,
        "pcard_layout": "",
        "pcard_image_ratio": "",
        "show_vendor": false,
        "enable_slider": false,
        "show_pagination": false,
        "show_navigation": false,
        "button_type": "link",
        "button_text": "",
        "button_style": "sf__btn-primary",
        "button_size": "",
        "infinite_load": false,
        "max_page_load": 3,
        "use_scroll_mobile": true,
        "item_gap_mobile": 10,
        "custom_class": ""
      }
    },
    "1622189076591a7637": {
      "type": "image-with-text",
      "settings": {
        "heading": "",
        "subheading": "",
        "container": "container",
        "background_color": "rgba(0,0,0,0)",
        "item_gap": 100,
        "item_gap_mobile": 30,
        "layout": "left",
        "image_column_size": "6",
        "title": "Inspiration for<br> Every Age.",
        "sub_title": "",
        "text": "<p>81% of students whom traditionally used bound books to conduct research are now using digital devices.<\/p>",
        "text_size": "medium",
        "content_alignment": "left",
        "button_label": "Shop Now",
        "button_link": "",
        "button_style": "sf__btn-primary",
        "button_size": "",
        "custom_class": ""
      }
    },
    "16221893455845f8d5": {
      "type": "featured-collection",
      "settings": {
        "heading": "Just Released",
        "subheading": "",
        "description": "",
        "header_alignment": "left",
        "container": "container",
        "background_color": "rgba(0,0,0,0)",
        "collection": "just-realease-book",
        "product_to_show": 5,
        "items_per_row": 5,
        "item_gap": 30,
        "pcard_layout": "",
        "pcard_image_ratio": "",
        "show_vendor": false,
        "enable_slider": false,
        "show_pagination": false,
        "show_navigation": false,
        "button_type": "link",
        "button_text": "",
        "button_style": "sf__btn-primary",
        "button_size": "",
        "infinite_load": false,
        "max_page_load": 3,
        "use_scroll_mobile": true,
        "item_gap_mobile": 10,
        "custom_class": ""
      }
    },
    "1622189507ee6bfe14": {
      "type": "custom-content",
      "blocks": {
        "33849c4b-a883-440c-befb-40afc37629fe": {
          "type": "image_card",
          "settings": {
            "width": "50%",
            "content_position": "center_left",
            "content_alignment": "center",
            "text_size": "medium",
            "text_color": "black",
            "link": "",
            "title": "Feature Book<br> of The Month",
            "subtitle": "",
            "button_label": "Discover now",
            "button_style": "sf__btn-link",
            "button_size": "sf__btn-small",
            "block_custom_class": ""
          }
        },
        "2a990eee-7285-4608-88ca-63bc3948ce0a": {
          "type": "image_card",
          "settings": {
            "width": "50%",
            "content_position": "center_left",
            "content_alignment": "center",
            "text_size": "medium",
            "text_color": "black",
            "link": "",
            "title": "Meat your next<br> favorite book",
            "subtitle": "",
            "button_label": "Shop now",
            "button_style": "sf__btn-link",
            "button_size": "sf__btn-small",
            "block_custom_class": ""
          }
        }
      },
      "block_order": [
        "33849c4b-a883-440c-befb-40afc37629fe",
        "2a990eee-7285-4608-88ca-63bc3948ce0a"
      ],
      "settings": {
        "heading": "",
        "subheading": "",
        "description": "",
        "header_alignment": "center",
        "container": "container",
        "background_color": "",
        "gap": 30,
        "use_scroll_mobile": false,
        "gap_mobile": 16,
        "custom_class": "sf__index-custom-content-1"
      }
    },
    "16221897825fc7d563": {
      "type": "collection-list",
      "blocks": {
        "16221897825fc7d563-0": {
          "type": "collection_block",
          "settings": {
            "collection": "livings-book",
            "title": ""
          }
        },
        "16221897825fc7d563-1": {
          "type": "collection_block",
          "settings": {
            "collection": "for-kids-books",
            "title": ""
          }
        },
        "16221897825fc7d563-2": {
          "type": "collection_block",
          "settings": {
            "collection": "life-style-book",
            "title": ""
          }
        },
        "9212999b-c293-42d0-99b8-4f2a076e87ad": {
          "type": "collection_block",
          "settings": {
            "collection": "cooking-book",
            "title": ""
          }
        },
        "df6b1871-a6c9-4f6b-8ff7-b114cf85311f": {
          "type": "collection_block",
          "settings": {
            "collection": "zodiac-book",
            "title": ""
          }
        }
      },
      "block_order": [
        "16221897825fc7d563-0",
        "16221897825fc7d563-1",
        "16221897825fc7d563-2",
        "9212999b-c293-42d0-99b8-4f2a076e87ad",
        "df6b1871-a6c9-4f6b-8ff7-b114cf85311f"
      ],
      "settings": {
        "heading": "Shop by Categories",
        "subheading": "",
        "description": "81% of students whom traditionally used bound books to conduct research<br> are now using digital devices.",
        "header_alignment": "center",
        "container": "container",
        "background_color": "",
        "layout": "grid",
        "card_style": "standard",
        "text_alignment": "center",
        "hover_effect": "scaling-down",
        "show_product_count": true,
        "count_inline_title": true,
        "image_rounded": false,
        "items_per_row": 5,
        "item_gap": 30,
        "enable_slider": false,
        "show_pagination": false,
        "show_navigation": false,
        "autorotate": false,
        "autorotate_speed": 5,
        "use_scroll_mobile": true,
        "mobile_gap": 10,
        "hidden_slide_control_mobile": false,
        "custom_class": ""
      }
    },
    "1622194006727ec921": {
      "type": "custom-content",
      "blocks": {
        "2574140b-157e-4d1e-998f-f40bb18fdb07": {
          "type": "html",
          "settings": {
            "code": "<div class=\"custom__html-block2\">\n<div class=\"block__content rte\">\n<h3>Join the Community<\/h3>\n<p>81% of students whom traditionally used bound books to<br> conduct research are now using digital devices.<\/p>\n<div class=\"block__social\">\n<ul>\n<li><a href=\"#\"><img src=\"https:\/\/cdn.shopify.com\/s\/files\/1\/0561\/2742\/2636\/files\/fb.png?v=1622194623\">137k Followers<\/a><\/li>\n<li><a href=\"#\"><img src=\"https:\/\/cdn.shopify.com\/s\/files\/1\/0561\/2742\/2636\/files\/ins.png?v=1622194623\">21k Followers<\/a><\/li>\n<li><a href=\"#\"><img src=\"https:\/\/cdn.shopify.com\/s\/files\/1\/0561\/2742\/2636\/files\/twt.png?v=1622194623\">21k Followers<\/a><\/li>\n<\/ul>\n<\/div>\n<\/div>\n<\/div>",
            "width": "100%",
            "block_custom_class": ""
          }
        }
      },
      "block_order": [
        "2574140b-157e-4d1e-998f-f40bb18fdb07"
      ],
      "settings": {
        "heading": "",
        "subheading": "",
        "description": "",
        "header_alignment": "center",
        "container": "container",
        "background_color": "",
        "gap": 30,
        "use_scroll_mobile": false,
        "gap_mobile": 16,
        "custom_class": ""
      }
    },
    "1622195298f9850c12": {
      "type": "custom-content",
      "blocks": {
        "2896ff1d-b246-4d01-bde5-d993aa527afb": {
          "type": "html",
          "settings": {
            "code": "<div class=\"custom__html-block1\">\n<div class=\"block__content flex items-center\">\n<img src=\"https:\/\/cdn.shopify.com\/s\/files\/1\/0561\/2742\/2636\/files\/12.png?v=1622195418\">\n<div class=\"block__content-text\">\n<div class=\"block__heading\">\n<h3>Summer’s Most Anticipated Reads<\/h3>\n<p>The biggist books oth the season!<\/p>\n<\/div>\n<div class=\"block__action\">\n<a href=\"#\" class=\"sf__btn sf__btn-primary\">Shop Now<\/a>\n<\/div>\n<\/div>\n<\/div>\n<\/div>",
            "width": "100%",
            "block_custom_class": ""
          }
        }
      },
      "block_order": [
        "2896ff1d-b246-4d01-bde5-d993aa527afb"
      ],
      "settings": {
        "heading": "",
        "subheading": "",
        "description": "",
        "header_alignment": "center",
        "container": "container",
        "background_color": "",
        "gap": 30,
        "use_scroll_mobile": false,
        "gap_mobile": 16,
        "custom_class": ""
      }
    }
  },
  "order": [
    "1621243260e1af0c20",
    "162209953296371dbc",
    "1622195298f9850c12",
    "1622102101fd8de171",
    "1622189076591a7637",
    "16221893455845f8d5",
    "1622189507ee6bfe14",
    "16221897825fc7d563",
    "1622194006727ec921"
  ]
}