{
  "current": {
    "favicon": "shopify:\/\/shop_images\/fav_icon_dark_1.png",
    "container_fluid_width": 1620,
    "color_primary": "#000000",
    "color_body_text": "#000000",
    "color_heading_text": "#000000",
    "color_sub_text": "#666666",
    "color_btn_bg_hover": "#000000",
    "prod_sale_price_color": "#666666",
    "prod_type_color": "#666666",
    "color_main_bg": "#ffffff",
    "color_field_bg": "#ffffff",
    "color_annoucement_bg": "#e7c5f8",
    "color_annoucement_text": "#000000",
    "color_topbar_bg": "#ffffff",
    "color_topbar_text": "#000000",
    "color_header_bg": "#ffffff",
    "color_header_link": "#000000",
    "color_header_transparent": "#000000",
    "color_menu_bar_bg": "#ffffff",
    "color_menu_bar_text": "#000000",
    "color_footer_bg": "#ffffff",
    "color_footer_text": "#000000",
    "color_footer_subtext": "#666666",
    "color_footer_link_hover": "#000000",
    "color_footer_bottom_bg": "#ffffff",
    "color_footer_bottom_text": "#666666",
    "color_border": "#dedede",
    "img_overlay_opacity": 20,
    "tooltip_background_color": "#000000",
    "type_base_font": "roboto_condensed_n4",
    "use_custom_font_body": true,
    "custom_body_font": "https:\/\/cdn.shopify.com\/s\/files\/1\/0561\/2742\/2636\/files\/Jost-Regular.ttf?v=1618297125@400\nhttps:\/\/cdn.shopify.com\/s\/files\/1\/0561\/2742\/2636\/files\/Jost-Medium.ttf?v=1618297125@500\nhttps:\/\/cdn.shopify.com\/s\/files\/1\/0561\/2742\/2636\/files\/Jost-SemiBold.ttf?v=1618297125@600",
    "custom_body_weight": "400",
    "type_header_font": "roboto_condensed_n7",
    "use_custom_font_heading": true,
    "custom_heading_font": "https:\/\/cdn.shopify.com\/s\/files\/1\/0561\/2742\/2636\/files\/Jost-Regular.ttf?v=1618297125@400\nhttps:\/\/cdn.shopify.com\/s\/files\/1\/0561\/2742\/2636\/files\/Jost-Medium.ttf?v=1618297125@500\nhttps:\/\/cdn.shopify.com\/s\/files\/1\/0561\/2742\/2636\/files\/Jost-SemiBold.ttf?v=1618297125@600",
    "custom_heading_weight": "400",
    "type_header_base_size": 40,
    "btn_weight": "500",
    "pcard_layout": "1",
    "pcard_alignment": "left",
    "pcard_image_ratio": "3\/4",
    "show_vendor": false,
    "variant_option_design1": "image",
    "variant_option_design3": "color",
    "show_variant_swatch_image": true,
    "product_colors": "red: #FF6961,\nyellow: #FDDA76,\nblack: #000000,\nblue: #8DB4D2,\ngreen: #C1E1C1,\npurple: #B19CD9,\nsilver: #EEEEEF,\nwhite: #FFFFFF,\nbrown: #836953,\nlight-brown: #feb035,\ndark-turquoise: #23cddc,\norange: #FFB347,\ntan: #E9D1BF,\nviolet: #B490B0,\npink: #FFD1DC,\ngrey: #E0E0E0,\nsky: #96BDC6,\npale-leaf: #CCD4BF",
    "filter_color1": "",
    "share_facebook": true,
    "share_pinterest": true,
    "social_twitter_link": "https:\/\/twitter.com\/home",
    "social_facebook_link": "https:\/\/facebook.com\/",
    "social_pinterest_link": "https:\/\/pinterest.com\/",
    "social_instagram_link": "https:\/\/instagram.com\/",
    "wishlist_page": "whishlist",
    "product_compare_page": "",
    "gm_api": "",
    "instagram_token": "",
    "custom_css": ".sf-header .sf-search-form {\n  width: 35%;\n  position: absolute;\n  left: 50%;\n  justify-content: space-between;\n  transform: translate(-50%, 0);\n  background: #f0f0f0;\n  border: none;\n}\n.sf__index-slideshow .slide__block-description p {\n  color: #000000;\n}\n.sf__newsletter-section {\n  background-image: url(https:\/\/cdn.shopify.com\/s\/files\/1\/0042\/0750\/9567\/files\/4_24d98319-1af4-4931-a427-66996cc259e3.jpg?v=1622780212);\n  background-repeat: no-repeat;\n  background-size: cover;\n}\na.sf__btn.sf__btn-link {\n  border-bottom-width: 1px;\n  border-bottom-color: rgba($color: #000000, $alpha: 0.25);\n  font-weight: 400;\n}\n.sf__index-icon-box-2 a.sf__btn {\n  margin-top: 0;\n}\n.sf-menu-wrapper__desktop {\n  justify-content: center;\n}\n.sf-header__desktop .sf__header-search-box {\n  display: flex;\n  flex: 1;\n  justify-content: center;\n  padding: 15px 0;\n}\n\n.sf-search__form:not(.mobile).full-width {\n  background-color: #f5f5f5;\n  border: none;\n  min-width: 650px;\n}\n.sf__newsletter-section .newsletter__input-st {\n  background-color: #fff;\n  border-color: #e5e5e5;\n}\n.sf__newsletter-section .newsletter-button {\n  border-color: #e5e5e5;\n}\n.sf__footer-bottom {\n  border-top: 1px solid #eeeeee;\n}\n\n.sf-header__desktop .sf-menu__banner .sf__btn::before {\n  height: 1px;\n}\n.sf-header__desktop .sf-menu__banner .sf__btn::after {\n  height: 1px;\n}\n.sf-header__desktop .sf-menu__banner a.sf__btn.sf__btn-link {\n  border-bottom-width: 0;\n}\n\n.sf-header__desktop .sf-menu-logo-bar {\n  min-height: 74px;\n}\n.sf__index-icon-box-1 .sf-icon-box__text h3 {\n  font-size: 20px;\n  font-weight: 500;\n  line-height: 29px;\n}\n.sf__index-icon-box-2 a.sf__btn-link {\n  border-bottom-width: 0;\n}\n.sf__index-icon-box-2 a.sf__btn-link:before {\n  height: 1px;\n}\n.sf__index-icon-box-2 a.sf__btn-link:after {\n  height: 1px;\n}\n.sf__newsletter-section .newsletter__form-heading h3 {\n  font-size: 2rem;\n}\n.sf__newsletter-section .sf__newsletter-form-group {\n  border: none;\n}\n.sf__newsletter-section .newsletter-button {\n  border: none;\n  background: #fff;\n}\n@media (max-width: 767px) {\n  .sf__index-icon-box-2 .sf-icon-box__text h3 {\n    font-size: 1.5rem;\n  }\n  .sf__index-icon-box-2 .sf__ms-wrapper {\n    flex-direction: column;\n  }\n  .sf__index-icon-box-2 .sf__ms-wrapper .sf-column {\n    width: 100% !important;\n  }\n  .sf__index-icon-box-2 .sf__ms {\n    padding-left: 0;\n  }\n  .sf__index-icon-box-2 .sf-icon-box__text {\n    text-align: center;\n  }\n  .sf__img-with-text .section-my {\n    margin-top: 0;\n  }\n}",
    "use_theme_currencies": true,
    "theme_currencies": "USD | EUR | GBP | VND",
    "sections": {
      "page-faqs": {
        "type": "page-faqs",
        "blocks": {
          "2802736b-f08f-4510-a4f7-4ad7d748992d": {
            "type": "content",
            "settings": {
              "content": "<div class=\"mb-10\"><img src=\"https:\/\/cdn.shopify.com\/s\/files\/1\/0561\/2742\/2636\/files\/faqs.jpg?v=1620784288\"><\/div>\n<h3 class=\"font-medium text-xl mb-4\">Awkwardness gives me great comfort. I’ve never been cool, but I’ve felt cool. I’ve been in the cool place, but I wasn’t really cool – I was trying to pass for hip or cool.<\/h3>\n<p>A girl should be two things: classy and fabulous. I am convinced that there can be luxury in simplicity. I wanted to dress the woman who lives and works, not the woman in a painting. It’s hard to balance everything. It’s always challenging. My relationships with producers or photographers – these are relationships that took years. I can’t get sucked into that celebrity thing, because I think it’s just crass. My aim is to make the poor look rich.<\/p>"
            }
          },
          "4e151238-4480-4122-b893-7f4a19886e4c": {
            "type": "accordion",
            "settings": {
              "title": "What shipping methods are availbale?",
              "content": "<p>Lorem ipsum dolor sit amet conse ctetur adipisicing elit, sed do eiusmod tempor incididunt ut labore et dolore magna aliqua. Ut enim ad minim veniam, quis nostrud exercitation ullamco laboris nisi ut aliquip ex ea commodo consequat. Duis aute irure dolor in reprehenderit in voluptate velit esse cillum dolore eu fugiat.<br\/><br\/>Ut enim ad minim veniam, quis nostrud exercitation ullamco laboris nisi ut aliquip ex ea commodo consequat. Duis aute irure dolor in reprehenderit.<\/p>",
              "open": true
            }
          },
          "c5d4d04d-f6c1-4d1e-99f0-3c221393a3cf": {
            "type": "accordion",
            "settings": {
              "title": "How long will it take to get my package?",
              "content": "<p>Lorem ipsum dolor sit amet conse ctetur adipisicing elit, sed do eiusmod tempor incididunt ut labore et dolore magna aliqua. Ut enim ad minim veniam, quis nostrud exercitation ullamco laboris nisi ut aliquip.<\/p>",
              "open": false
            }
          },
          "0131747b-8b40-432f-b634-b1289ec41911": {
            "type": "accordion",
            "settings": {
              "title": "Do you ship internationally?",
              "content": "<p>Lorem ipsum dolor sit amet conse ctetur adipisicing elit, sed do eiusmod tempor incididunt ut labore et dolore magna aliqua. Ut enim ad minim veniam, quis nostrud exercitation ullamco laboris nisi ut aliquip.<\/p>",
              "open": false
            }
          },
          "5d7206e9-5375-4da6-9a1f-24e1c46230b0": {
            "type": "accordion",
            "settings": {
              "title": "What payment methods are accepted?",
              "content": "<p>Lorem ipsum dolor sit amet conse ctetur adipisicing elit, sed do eiusmod tempor incididunt ut labore et dolore magna aliqua. Ut enim ad minim veniam, quis nostrud exercitation ullamco laboris nisi ut aliquip ex ea commodo consequat. Duis aute irure dolor in reprehenderit in voluptate velit esse cillum dolore eu fugiat.<\/p>",
              "open": false
            }
          },
          "4008f61e-055e-42ba-8969-cb3715c0aece": {
            "type": "accordion",
            "settings": {
              "title": "Is buying on-line safe?",
              "content": "<p>Lorem ipsum dolor sit amet conse ctetur adipisicing elit, sed do eiusmod tempor incididunt ut labore et dolore magna aliqua. Ut enim ad minim veniam, quis nostrud exercitation ullamco laboris nisi ut aliquip.<\/p>",
              "open": false
            }
          }
        },
        "block_order": [
          "2802736b-f08f-4510-a4f7-4ad7d748992d",
          "4e151238-4480-4122-b893-7f4a19886e4c",
          "c5d4d04d-f6c1-4d1e-99f0-3c221393a3cf",
          "0131747b-8b40-432f-b634-b1289ec41911",
          "5d7206e9-5375-4da6-9a1f-24e1c46230b0",
          "4008f61e-055e-42ba-8969-cb3715c0aece"
        ],
        "settings": {
          "menu": "faqs-menu"
        }
      },
      "collection-list": {
        "type": "collection-list",
        "settings": {
        }
      },
      "featured-collection": {
        "type": "featured-collection",
        "settings": {
          "collection": "frontpage"
        }
      },
      "featured-product": {
        "type": "featured-product",
        "settings": {
        }
      },
      "slider": {
        "type": "slider",
        "settings": {
        }
      },
      "header": {
        "type": "header",
        "blocks": {
          "59224d28-d657-4624-8d17-55b1c4ce8d9c": {
            "type": "product-list",
            "settings": {
              "heading": "Product",
              "container": "container-fluid",
              "stretch_width": false,
              "collection": "featured-product-print",
              "limit": 6,
              "columns": 2
            }
          },
          "5b9aec5f-b955-4765-9a87-1962d613e909": {
            "type": "custom_html",
            "settings": {
              "heading": "Home",
              "container": "inherit",
              "html": ""
            }
          },
          "446befd7-125d-4110-9e0f-f76de515ce7f": {
            "type": "banner",
            "settings": {
              "heading": "Shop",
              "container": "inherit",
              "banner_style": "outside",
              "banner_link": "",
              "banner_title": "Commune pottery among the rainbow mug",
              "banner_desc": "",
              "banner_button_text": "Shop now"
            }
          },
          "d2e15001-598f-4902-8663-2b9999c0287f": {
            "type": "custom_html",
            "settings": {
              "heading": "Features",
              "container": "inherit",
              "html": ""
            }
          }
        },
        "block_order": [
          "59224d28-d657-4624-8d17-55b1c4ce8d9c",
          "5b9aec5f-b955-4765-9a87-1962d613e909",
          "446befd7-125d-4110-9e0f-f76de515ce7f",
          "d2e15001-598f-4902-8663-2b9999c0287f"
        ],
        "settings": {
          "header_design": "logo-left__2l",
          "container": "container-fluid",
          "header_sticky": true,
          "transparent_on_top": false,
          "logo_text": "MINIMOG",
          "logo_max_width": 120,
          "sticky_logo_max_width": 105,
          "mobile_logo_max_width": 105,
          "main_menu": "main-menu",
          "secondary_menu": "",
          "uppercase_parent_level": false,
          "search": "show_full",
          "show_account_icon": true,
          "show_cart_icon": true,
          "show_wishlist_icon": true,
          "show_compare_icon": false,
          "show_currency_switcher": true,
          "show_language_switcher": false
        }
      },
      "footer": {
        "type": "footer",
        "blocks": {
          "fc7ef199-f6e2-4434-acda-86412a59009a": {
            "type": "custom_text",
            "settings": {
              "title": "",
              "image_max": "120px",
              "description": "<p>Super class, cute, comfortable. You can wear them with just about anything.<\/p>",
              "width": "33%"
            }
          },
          "93571032-b171-4c66-8b3e-96cd91946363": {
            "type": "our_store",
            "settings": {
              "title": "Company",
              "description": "<p>184 Main Rd E, St Albans<br\/>VIC 3021, Australia<\/p>",
              "show_email": true,
              "show_phone": true,
              "show_socials_link": false,
              "width": "25%"
            }
          },
          "49e72833-c68f-4a7b-ab64-3ef0cae99bcb": {
            "type": "menu",
            "settings": {
              "menu": "main-menu",
              "title": "Information",
              "width": "25%"
            }
          },
          "7ebc2f78-975b-4a81-b874-103c3355a866": {
            "type": "menu",
            "settings": {
              "menu": "main-menu",
              "title": "Contact",
              "width": "25%"
            }
          },
          "a2de73e3-a179-455f-9181-d250dcf63693": {
            "type": "menu",
            "settings": {
              "menu": "main-menu",
              "title": "Services",
              "width": "25%"
            }
          }
        },
        "block_order": [
          "fc7ef199-f6e2-4434-acda-86412a59009a",
          "93571032-b171-4c66-8b3e-96cd91946363",
          "49e72833-c68f-4a7b-ab64-3ef0cae99bcb",
          "7ebc2f78-975b-4a81-b874-103c3355a866",
          "a2de73e3-a179-455f-9181-d250dcf63693"
        ],
        "settings": {
          "design": "footer-1",
          "container": "container-fluid",
          "bordered": false,
          "copyright": "<span style=\"font-size: 1rem;\">© Minimog 2021<\/span>",
          "show_currency_selector": false,
          "show_language_selector": false,
          "show_social_links": false,
          "show_payment_icons": true
        }
      },
      "collection-page-header": {
        "type": "collection-page-header",
        "blocks": {
          "63b52546-ccd0-4c50-84ff-57d203edba75": {
            "type": "banner",
            "settings": {
              "collection": ""
            }
          }
        },
        "block_order": [
          "63b52546-ccd0-4c50-84ff-57d203edba75"
        ],
        "settings": {
          "layout": "inside",
          "header_height": "medium",
          "text_alignment": "left",
          "vertical_alignment": "center",
          "bg_color": "#f5f1ed",
          "enable_parallax": true,
          "show_breadcrumb": true,
          "upper_title": false
        }
      },
      "product-template": {
        "type": "product-template",
        "settings": {
          "container": "container",
          "layout": "layout-6",
          "show_tags": false,
          "show_vendor": false,
          "show_sku": false,
          "show_categories": false,
          "show_reviews_count": true,
          "show_quantity_selector": true,
          "enable_dynamic_checkout": true,
          "hide_atc_button": false,
          "show_atwl": true,
          "show_atcp": true,
          "show_ask_a_question": true,
          "show_social": true,
          "show_live_views": true,
          "live_views_text": "<p><strong>{{count_number}}<\/strong> <strong>people<\/strong> are viewing this right now<\/p>",
          "live_views_range": "20-30",
          "live_view_duration": "10",
          "live_view_icon_blinks": false,
          "show_delivery_times": true,
          "deliver_text": "<p><strong>Estimated Delivery:<\/strong><\/p>",
          "deliver_days": "3",
          "show_shipping_text": true,
          "shipping_text": "<p><strong>Free Shipping & Returns: <\/strong>On all orders over $75<\/p>",
          "show_trust_badges": true,
          "trust_badges_text": "<p>Guarantee safe & secure checkout<\/p>",
          "trust_badges_image": "shopify:\/\/shop_images\/trustbag_256x256_54bce3ff-a3d8-45ea-a570-24ce661296b8.png",
          "trust_badges_image_width": "320px",
          "use_sticky_atc": true,
          "sticky_atc_wishtlist": false,
          "sticky_atc_compare": false
        }
      },
      "product-details-tabs": {
        "type": "product-details-tabs",
        "blocks": {
          "4db8ad16-886f-47f7-9b57-fc68b39fb2d4": {
            "type": "description",
            "settings": {
              "header": "Product description"
            }
          },
          "0d2e2099-a1bd-494f-9a5c-6863a299b105": {
            "type": "tab",
            "settings": {
              "header": "Shipping & Return",
              "content": "<p>Shipping cost is based on weight. Just add products to your cart and use the Shipping Calculator to see the shipping price.<\/p><p>We want you to be 100% satisfied with your purchase. Items can be returned or exchanged within 30 days of delivery.<\/p>"
            }
          },
          "ce28ade8-847a-4fac-858d-236d0e95b985": {
            "type": "reviews",
            "settings": {
              "header": "Product reviews"
            }
          }
        },
        "block_order": [
          "4db8ad16-886f-47f7-9b57-fc68b39fb2d4",
          "0d2e2099-a1bd-494f-9a5c-6863a299b105",
          "ce28ade8-847a-4fac-858d-236d0e95b985"
        ],
        "settings": {
          "show_product_tabs": true,
          "container": "container",
          "bg_color": ""
        }
      },
      "product-reviews": {
        "type": "product-reviews",
        "settings": {
          "show_product_reviews": false,
          "container": "container-narrow",
          "heading": "Ratings and Reviews"
        }
      },
      "product-recommendations": {
        "type": "product-recommendations",
        "settings": {
          "show_product_recommendations": true,
          "container": "container",
          "heading": "You Might Also Like",
          "limit": 8,
          "columns": 4,
          "column_gap": 30,
          "enable_slider": true
        }
      },
      "brand-page-header": {
        "type": "brand-page-header",
        "blocks": {
          "09dfe2e1-10c2-4cee-a033-a90b143c85f3": {
            "type": "information",
            "settings": {
              "collection": "retrolie",
              "logo": "shopify:\/\/shop_images\/1.png",
              "content": "<p>Developed by Goop founder, wellness advocate and - academy award-winner, Gwyneth Paltrow, this high performing skincare line is where luxury formulas meet pure organic ingredients and the results are skin-changing. <\/p><p>Goop is passionate about the idea that beauty comes from the inside out. So they use clinically proven and best-in-class ingredients at active levels to create skin care, skin-boosting ingestibles, and body essentials that are luxurious, deliver high-performance results, and enliven the senses with exquisite textures and beautiful scents.<\/p>",
              "image_1": "shopify:\/\/shop_images\/1_8e8151b6-3555-4abf-8dd6-5347182bbcd0.jpg",
              "image_2": "shopify:\/\/shop_images\/2_9a1b3099-775a-4093-9ece-6cfaa04a06fe.jpg",
              "image_3": "shopify:\/\/shop_images\/3_7b9fc65c-8202-4449-a828-d03ac03c6d38.jpg"
            }
          },
          "c8ee188c-a84f-4cf2-a8af-aacb9bf78785": {
            "type": "information",
            "settings": {
              "collection": "abby",
              "logo": "shopify:\/\/shop_images\/2.png",
              "content": "<p>Developed by Goop founder, wellness advocate and - academy award-winner, Gwyneth Paltrow, this high performing skincare line is where luxury formulas meet pure organic ingredients and the results are skin-changing. <\/p><p>Goop is passionate about the idea that beauty comes from the inside out. So they use clinically proven and best-in-class ingredients at active levels to create skin care, skin-boosting ingestibles, and body essentials that are luxurious, deliver high-performance results, and enliven the senses with exquisite textures and beautiful scents.<\/p>",
              "image_1": "shopify:\/\/shop_images\/4.jpg",
              "image_2": "shopify:\/\/shop_images\/5.jpg",
              "image_3": "shopify:\/\/shop_images\/6.jpg"
            }
          },
          "e56a3991-3115-47d4-b7e6-43e962712fc6": {
            "type": "information",
            "settings": {
              "collection": "minimog",
              "logo": "shopify:\/\/shop_images\/3.png",
              "content": "<p>Developed by Goop founder, wellness advocate and - academy award-winner, Gwyneth Paltrow, this high performing skincare line is where luxury formulas meet pure organic ingredients and the results are skin-changing. <\/p><p>Goop is passionate about the idea that beauty comes from the inside out. So they use clinically proven and best-in-class ingredients at active levels to create skin care, skin-boosting ingestibles, and body essentials that are luxurious, deliver high-performance results, and enliven the senses with exquisite textures and beautiful scents.<\/p>",
              "image_1": "shopify:\/\/shop_images\/7.jpg",
              "image_2": "shopify:\/\/shop_images\/8.jpg",
              "image_3": "shopify:\/\/shop_images\/9.jpg"
            }
          },
          "98bac8d0-393b-4f50-91b8-052a49e29dd0": {
            "type": "information",
            "settings": {
              "collection": "brook",
              "logo": "shopify:\/\/shop_images\/4.png",
              "content": "<p>Developed by Goop founder, wellness advocate and - academy award-winner, Gwyneth Paltrow, this high performing skincare line is where luxury formulas meet pure organic ingredients and the results are skin-changing. <\/p><p>Goop is passionate about the idea that beauty comes from the inside out. So they use clinically proven and best-in-class ingredients at active levels to create skin care, skin-boosting ingestibles, and body essentials that are luxurious, deliver high-performance results, and enliven the senses with exquisite textures and beautiful scents.<\/p>",
              "image_1": "shopify:\/\/shop_images\/10.jpg",
              "image_2": "shopify:\/\/shop_images\/11.jpg",
              "image_3": "shopify:\/\/shop_images\/12.jpg"
            }
          },
          "2b4a1841-6d7a-468b-ba3b-a5fd307cf9aa": {
            "type": "information",
            "settings": {
              "collection": "learts",
              "logo": "shopify:\/\/shop_images\/5.png",
              "content": "<p>Developed by Goop founder, wellness advocate and - academy award-winner, Gwyneth Paltrow, this high performing skincare line is where luxury formulas meet pure organic ingredients and the results are skin-changing. <\/p><p>Goop is passionate about the idea that beauty comes from the inside out. So they use clinically proven and best-in-class ingredients at active levels to create skin care, skin-boosting ingestibles, and body essentials that are luxurious, deliver high-performance results, and enliven the senses with exquisite textures and beautiful scents.<\/p>",
              "image_1": "shopify:\/\/shop_images\/13.jpg",
              "image_2": "shopify:\/\/shop_images\/14.jpg",
              "image_3": "shopify:\/\/shop_images\/15.jpg"
            }
          },
          "b54aa75a-c232-474e-9d92-2027e31cd066": {
            "type": "information",
            "settings": {
              "collection": "vagabond",
              "logo": "shopify:\/\/shop_images\/6.png",
              "content": "<p>Developed by Goop founder, wellness advocate and - academy award-winner, Gwyneth Paltrow, this high performing skincare line is where luxury formulas meet pure organic ingredients and the results are skin-changing. <\/p><p>Goop is passionate about the idea that beauty comes from the inside out. So they use clinically proven and best-in-class ingredients at active levels to create skin care, skin-boosting ingestibles, and body essentials that are luxurious, deliver high-performance results, and enliven the senses with exquisite textures and beautiful scents.<\/p>",
              "image_1": "shopify:\/\/shop_images\/16.jpg",
              "image_2": "shopify:\/\/shop_images\/17.jpg",
              "image_3": "shopify:\/\/shop_images\/18.jpg"
            }
          }
        },
        "block_order": [
          "09dfe2e1-10c2-4cee-a033-a90b143c85f3",
          "c8ee188c-a84f-4cf2-a8af-aacb9bf78785",
          "e56a3991-3115-47d4-b7e6-43e962712fc6",
          "98bac8d0-393b-4f50-91b8-052a49e29dd0",
          "2b4a1841-6d7a-468b-ba3b-a5fd307cf9aa",
          "b54aa75a-c232-474e-9d92-2027e31cd066"
        ],
        "settings": {
        }
      },
      "collection-brand": {
        "type": "collection-brand",
        "settings": {
          "grid_layout": "grid",
          "pagination_limit": "12",
          "grid_columns": "3",
          "collection_paginate": "paginate",
          "show_filter": true,
          "sidebar": "leftColumn"
        }
      },
      "contact-information": {
        "type": "contact-information",
        "settings": {
        }
      },
      "maps": {
        "type": "maps",
        "settings": {
          "textx": "40.6700",
          "texty": "-73.9400",
          "zoom": "11",
          "text2": "New York"
        }
      },
      "contact-template": {
        "type": "contact-template",
        "blocks": {
          "458d6546-c5d0-4128-8fa6-162080bdf85f": {
            "type": "textblock",
            "settings": {
              "title": "Address",
              "content": "<p>7895 Piermont Dr NE Albuquerque, NM 198866, <a href=\"#\">See Our Stores<\/a><\/p>"
            }
          },
          "d2fd611c-a50a-4871-b401-b51dff320d34": {
            "type": "textblock",
            "settings": {
              "title": "Information",
              "content": "<p>+391 (0)35 2568 4593<\/p><p>hello@domain.com<\/p>"
            }
          },
          "159b3b43-a6d9-4cb9-b78d-04f5a5bae350": {
            "type": "socialmedia",
            "settings": {
              "title": "Social Media"
            }
          },
          "5c486a84-9bdd-4d24-8ac7-5c428593cf33": {
            "type": "textblock",
            "settings": {
              "title": "We're Open",
              "content": "<p>Our store has re-opened for shopping, exchanges<\/p><p>Every day 11am to 7pm<\/p>"
            }
          }
        },
        "block_order": [
          "458d6546-c5d0-4128-8fa6-162080bdf85f",
          "d2fd611c-a50a-4871-b401-b51dff320d34",
          "159b3b43-a6d9-4cb9-b78d-04f5a5bae350",
          "5c486a84-9bdd-4d24-8ac7-5c428593cf33"
        ],
        "settings": {
          "title": "We would love to hear from you.",
          "description": "<p>If you’ve got great products your making or looking to work with us then drop us a line.<\/p>"
        }
      },
      "product-details-accordion": {
        "type": "product-details-accordion",
        "settings": {
          "show_accordion": true,
          "use_container": false,
          "position": "bottom_info"
        }
      },
      "recent-viewed-products": {
        "type": "recent-viewed-products",
        "settings": {
          "heading": "Recently Viewed Products",
          "container": "container",
          "columns": 4,
          "column_gap": 30,
          "enable_slider": true,
          "show_product_page": true,
          "show_cart_page": true,
          "show_collection_page": false
        }
      },
      "product-features": {
        "type": "product-features",
        "blocks": {
          "e8e8f5a6-1154-4eae-925e-7f3a701de46b": {
            "type": "feature",
            "settings": {
              "image": "shopify:\/\/shop_images\/promo1.png",
              "title": "Free Shipping",
              "description": "<p>Get complimentary ground shipping on every <br\/>order.Don’t love it? Send it back, on us.<\/p>",
              "link": ""
            }
          },
          "cc3fe1a1-5b36-4a05-88be-762a3717ae22": {
            "type": "feature",
            "settings": {
              "image": "shopify:\/\/shop_images\/promo2.png",
              "title": "Earn Points",
              "description": "<p>Join Minimog Rewards to earn gift cards<br\/>and enjoy exclusive member benefits.<\/p>",
              "link": ""
            }
          },
          "698dfa16-43fc-4177-ade7-b973724a8e6b": {
            "type": "feature",
            "settings": {
              "image": "shopify:\/\/shop_images\/promo3.png",
              "title": "Money Back Gurantee",
              "description": "<p>We believe getting dressed should be the <br\/>easiest part of your day.<\/p>",
              "link": ""
            }
          }
        },
        "block_order": [
          "e8e8f5a6-1154-4eae-925e-7f3a701de46b",
          "cc3fe1a1-5b36-4a05-88be-762a3717ae22",
          "698dfa16-43fc-4177-ade7-b973724a8e6b"
        ],
        "settings": {
          "show_featured": true,
          "container": "container",
          "heading": "Why choose us?",
          "item_per_row": 3,
          "card_style": "vertical",
          "image_max_width": "70px",
          "content_alignment": "center"
        }
      },
      "1621243260e1af0c20": {
        "type": "slider",
        "blocks": {
          "1621243260e1af0c20-0": {
            "type": "slider_item",
            "settings": {
              "background": "shopify:\/\/shop_images\/2.jpg",
              "image_alignment": "center top",
              "content_in_container": false,
              "content_position": "left middle",
              "text_alignment": "left",
              "text_size": "large",
              "text_color": "black",
              "subheading": "",
              "title": "<span class=\"sf__font-normal\">Print on Pillow<\/span>",
              "description": "<p>From millions of things designed and sold by artists.<\/p>",
              "button_text": "Shop Now",
              "button_link": "",
              "button_style": "sf__btn-secondary",
              "button_size": "",
              "show_footer": false,
              "footer_alignment": "end",
              "footer_text": "The ReCotton Tee",
              "footer_button": "Shop Now",
              "footer_link": "shopify:\/\/collections"
            }
          },
          "1621243260e1af0c20-1": {
            "type": "slider_item",
            "settings": {
              "background": "shopify:\/\/shop_images\/1.jpg",
              "image_alignment": "center top",
              "content_in_container": false,
              "content_position": "left middle",
              "text_alignment": "left",
              "text_size": "large",
              "text_color": "black",
              "subheading": "",
              "title": "<span class=\"sf__font-normal\">Shine from head to toe<\/span>",
              "description": "<p>From millions of things designed and sold by artists.<\/p>",
              "button_text": "Shop Now",
              "button_link": "",
              "button_style": "sf__btn-secondary",
              "button_size": "",
              "show_footer": false,
              "footer_alignment": "end",
              "footer_text": "The ReCotton Tee",
              "footer_button": "Shop Now",
              "footer_link": "shopify:\/\/collections"
            }
          },
          "1621243260e1af0c20-2": {
            "type": "slider_item",
            "settings": {
              "background": "shopify:\/\/shop_images\/3.jpg",
              "image_alignment": "center top",
              "content_in_container": false,
              "content_position": "left middle",
              "text_alignment": "left",
              "text_size": "large",
              "text_color": "black",
              "subheading": "",
              "title": "<span class=\"sf__font-normal\">Name on Bottle<\/span>",
              "description": "<p>From millions of things designed and sold by artists.<\/p>",
              "button_text": "Shop Now",
              "button_link": "",
              "button_style": "sf__btn-secondary",
              "button_size": "",
              "show_footer": false,
              "footer_alignment": "end",
              "footer_text": "The ReCotton Tee",
              "footer_button": "Shop Now",
              "footer_link": "shopify:\/\/collections"
            }
          }
        },
        "block_order": [
          "1621243260e1af0c20-0",
          "1621243260e1af0c20-1",
          "1621243260e1af0c20-2"
        ],
        "settings": {
          "container": "w-full",
          "slideshow_height": "fullscreen",
          "show_overlay": false,
          "dots_position": "right",
          "dots_color": "dark",
          "show_dots": true,
          "show_arrows": false,
          "autorotate": true,
          "autorotate_speed": 5,
          "custom_class": "sf__index-slideshow"
        }
      },
      "content-before-products": {
        "type": "content-before-products",
        "settings": {
          "container": "container-fluid",
          "background_color": "",
          "gap": 30
        }
      },
      "collection-template": {
        "type": "collection-template",
        "settings": {
          "grid_layout": "grid",
          "grid_columns": "4",
          "pagination_limit": "12",
          "collection_paginate": "paginate",
          "show_filter": true,
          "sidebar": "fixed"
        }
      },
      "content-after-products": {
        "type": "content-after-products",
        "settings": {
          "container": "container-fluid",
          "background_color": "",
          "gap": 30
        }
      },
      "annoucement": {
        "type": "annoucement",
        "settings": {
          "show_announcement": true,
          "homepage_only": true,
          "show_close": false,
          "message": "<p>Open Doors To A World Of Fashion  |  <span style=\"text-decoration:underline\">Discover More<\/span><\/p>",
          "message_link": "",
          "show_divider": false
        }
      },
      "16233844755a3e2b6e": {
        "type": "image-with-text-1",
        "blocks": {
          "16233844755a3e2b6e-0": {
            "type": "item",
            "settings": {
              "content_position": "bottom_center",
              "content_alignment": "left",
              "text_size": "medium",
              "text_color": "black",
              "image": "shopify:\/\/shop_images\/4.jpg",
              "link": "",
              "title": "",
              "subtitle": "",
              "button_label": "Shop Gifts",
              "button_style": "sf__btn-white",
              "button_size": ""
            }
          },
          "16233844755a3e2b6e-1": {
            "type": "item",
            "settings": {
              "content_position": "bottom_center",
              "content_alignment": "left",
              "text_size": "medium",
              "text_color": "black",
              "link": "",
              "title": "",
              "subtitle": "",
              "button_label": "Shop T-shirts",
              "button_style": "sf__btn-white",
              "button_size": ""
            }
          },
          "16233844755a3e2b6e-2": {
            "type": "item",
            "settings": {
              "content_position": "bottom_center",
              "content_alignment": "left",
              "text_size": "medium",
              "text_color": "black",
              "image": "shopify:\/\/shop_images\/6.jpg",
              "link": "",
              "title": "",
              "subtitle": "",
              "button_label": "Shop Masks",
              "button_style": "sf__btn-white",
              "button_size": ""
            }
          },
          "16233844755a3e2b6e-3": {
            "type": "item",
            "settings": {
              "content_position": "bottom_center",
              "content_alignment": "left",
              "text_size": "medium",
              "text_color": "black",
              "image": "shopify:\/\/shop_images\/9.jpg",
              "link": "",
              "title": "",
              "subtitle": "",
              "button_label": "Shop Home",
              "button_style": "sf__btn-white",
              "button_size": ""
            }
          }
        },
        "block_order": [
          "16233844755a3e2b6e-0",
          "16233844755a3e2b6e-1",
          "16233844755a3e2b6e-2",
          "16233844755a3e2b6e-3"
        ],
        "settings": {
          "heading": "Shop by Categories",
          "subheading": "",
          "description": "",
          "header_alignment": "center",
          "container": "container-fluid",
          "background_color": "rgba(0,0,0,0)",
          "layout": "layout_5",
          "gap": 30,
          "use_scroll_mobile": true,
          "mobile_gap": 10,
          "custom_class": ""
        }
      },
      "1623385764229402af": {
        "type": "featured-collection",
        "settings": {
          "heading": "Featured Products",
          "subheading": "",
          "description": "",
          "header_alignment": "center",
          "container": "container-fluid",
          "background_color": "rgba(0,0,0,0)",
          "collection": "featured-product-print",
          "product_to_show": 12,
          "items_per_row": 5,
          "item_gap": 30,
          "pcard_layout": "",
          "pcard_image_ratio": "",
          "show_vendor": false,
          "enable_slider": true,
          "show_pagination": true,
          "show_navigation": true,
          "button_type": "link",
          "button_text": "",
          "button_style": "sf__btn-primary",
          "button_size": "",
          "infinite_load": false,
          "max_page_load": 3,
          "use_scroll_mobile": true,
          "item_gap_mobile": 10,
          "custom_class": ""
        }
      },
      "1623386507ac36f85a": {
        "type": "icon-box",
        "blocks": {
          "162338650728d30d45-0": {
            "type": "iconbox",
            "settings": {
              "title": "Free Shipping",
              "description": "<p>Get complimentary ground shipping on every<br\/> order.Don’t love it? Send it back, on us.<\/p>",
              "link": "",
              "button_label": "",
              "button_link": "",
              "button_style": "sf__btn-link",
              "button_size": ""
            }
          },
          "162338650728d30d45-1": {
            "type": "iconbox",
            "settings": {
              "title": "Earn Points",
              "description": "<p>Join Minimog Rewards to earn gift cards<br\/>and enjoy exclusive member benefits.<\/p>",
              "link": "",
              "button_label": "",
              "button_link": "",
              "button_style": "sf__btn-link",
              "button_size": ""
            }
          },
          "162338650728d30d45-2": {
            "type": "iconbox",
            "settings": {
              "title": "Money Back Gurantee",
              "description": "<p>We believe getting dressed should be the<br\/> easiest part of your day.<\/p>",
              "link": "",
              "button_label": "",
              "button_link": "",
              "button_style": "sf__btn-link",
              "button_size": ""
            }
          }
        },
        "block_order": [
          "162338650728d30d45-0",
          "162338650728d30d45-1",
          "162338650728d30d45-2"
        ],
        "settings": {
          "heading": "",
          "subheading": "",
          "description": "",
          "header_alignment": "center",
          "container": "container",
          "background_color": "#f5f5f5",
          "item_per_row": 3,
          "item_gap": 30,
          "item_gap_mobile": 10,
          "card_style": "vertical",
          "image_max_width": "50px",
          "content_alignment": "center",
          "hover_effect": "none",
          "enable_slider": false,
          "show_pagination": false,
          "show_navigation": false,
          "use_scroll_mobile": true,
          "use_grid_column_mb": false,
          "custom_class": "sf__index-icon-box-1"
        }
      },
      "1623387047db34459c": {
        "type": "featured-collection",
        "settings": {
          "heading": "Explore designs picked for you",
          "subheading": "",
          "description": "",
          "header_alignment": "center",
          "container": "container-fluid",
          "background_color": "rgba(0,0,0,0)",
          "collection": "pick-for-you-print",
          "product_to_show": 12,
          "items_per_row": 5,
          "item_gap": 30,
          "pcard_layout": "",
          "pcard_image_ratio": "",
          "show_vendor": false,
          "enable_slider": true,
          "show_pagination": true,
          "show_navigation": true,
          "button_type": "link",
          "button_text": "",
          "button_style": "sf__btn-primary",
          "button_size": "",
          "infinite_load": false,
          "max_page_load": 3,
          "use_scroll_mobile": true,
          "item_gap_mobile": 10,
          "custom_class": ""
        }
      },
      "1623387123640eb119": {
        "type": "icon-box",
        "blocks": {
          "1623387123640eb119-0": {
            "type": "iconbox",
            "settings": {
              "image": "shopify:\/\/shop_images\/7.jpg",
              "title": "Bloom Your Own Way Pillow collection",
              "description": "",
              "link": "",
              "button_label": "Shop Now",
              "button_link": "",
              "button_style": "sf__btn-link",
              "button_size": ""
            }
          },
          "1623387123640eb119-1": {
            "type": "iconbox",
            "settings": {
              "image": "shopify:\/\/shop_images\/8.jpg",
              "title": "Commune Pottery Among The Rainbow Mug",
              "description": "",
              "link": "",
              "button_label": "Shop Now",
              "button_link": "",
              "button_style": "sf__btn-link",
              "button_size": ""
            }
          }
        },
        "block_order": [
          "1623387123640eb119-0",
          "1623387123640eb119-1"
        ],
        "settings": {
          "heading": "",
          "subheading": "",
          "description": "",
          "header_alignment": "center",
          "container": "container-fluid",
          "background_color": "rgba(0,0,0,0)",
          "item_per_row": 2,
          "item_gap": 30,
          "item_gap_mobile": 10,
          "card_style": "vertical",
          "image_max_width": "",
          "content_alignment": "start",
          "hover_effect": "none",
          "enable_slider": false,
          "show_pagination": false,
          "show_navigation": false,
          "use_scroll_mobile": true,
          "use_grid_column_mb": false,
          "custom_class": "sf__index-icon-box-2"
        }
      },
      "1623387287fec9c78a": {
        "type": "newsletter",
        "settings": {
          "container": "w-full",
          "background_color": "#ffffff",
          "form_layout": "vertical",
          "form_design": "1",
          "heading": "10% Off & The Best Indie Art Ever!",
          "description": "",
          "email_placeholder": "Enter your email",
          "submit_button": "Subscribe",
          "text_color": "black",
          "show_icon": false,
          "icon_img_width": "30",
          "show_agreement": true,
          "term_condition_text": "<p>I agree to the Terms and Conditions.<\/p>"
        }
      },
      "mobile-sticky-bar": {
        "type": "mobile-sticky-bar",
        "settings": {
          "show_mobile_sticky": true,
          "show_home_icon": true,
          "show_collection_icon": true,
          "show_cart_icon": true,
          "show_search_icon": true,
          "show_account_icon": false,
          "show_wishlist_icon": false
        }
      }
    },
    "content_for_index": [
      "1621243260e1af0c20",
      "16233844755a3e2b6e",
      "1623385764229402af",
      "1623386507ac36f85a",
      "1623387047db34459c",
      "1623387123640eb119",
      "1623387287fec9c78a"
    ]
  },
  "presets": {
    "Default": {
      "sections": {
        "featured-collection": {
          "type": "featured-collection",
          "settings": {
            "collection": "frontpage"
          }
        },
        "featured-product": {
          "type": "featured-product",
          "settings": {
          }
        }
      },
      "content_for_index": [
        "featured-collection",
        "featured-product"
      ]
    }
  }
}