{
  "current": {
    "favicon": "shopify:\/\/shop_images\/fav_icon_dark_1.png",
    "container_fluid_width": 1620,
    "container_fluid_offset": 65,
    "color_primary": "#5ea274",
    "color_body_text": "#000000",
    "color_heading_text": "#0f4226",
    "color_sub_text": "#666666",
    "color_btn_bg": "#5ea274",
    "color_btn_bg_hover": "#5ea274",
    "prod_sale_price_color": "#666666",
    "prod_type_color": "#666666",
    "color_main_bg": "rgba(0,0,0,0)",
    "color_field_bg": "#ffffff",
    "color_annoucement_bg": "#eeed6b",
    "color_annoucement_text": "#0f4226",
    "color_topbar_bg": "#ffffff",
    "color_topbar_text": "#000000",
    "color_header_bg": "#ffffff",
    "color_header_link": "#000000",
    "color_header_transparent": "#000000",
    "bg_cart_wishlist_count": "#5ea274",
    "color_menu_bar_bg": "#000000",
    "color_menu_bar_text": "#f8f8f8",
    "color_footer_bg": "#0f4226",
    "color_footer_text": "#ffffff",
    "color_footer_subtext": "#ffffff",
    "color_footer_link": "#ffffff",
    "color_footer_link_hover": "#ffffff",
    "color_footer_bg_mb": "#0f4226",
    "color_footer_bottom_bg": "#0f4226",
    "color_footer_bottom_text": "#ffffff",
    "color_footer_bottom_bg_mb": "#0f4226",
    "color_border": "#dedede",
    "img_overlay_opacity": 20,
    "tooltip_background_color": "#5ea274",
    "type_base_font": "roboto_condensed_n4",
    "use_custom_font_body": true,
    "custom_body_font": "https:\/\/cdn.shopify.com\/s\/files\/1\/0595\/7291\/2305\/files\/OpenSans-SemiBold.ttf?v=1630655795@600\nhttps:\/\/cdn.shopify.com\/s\/files\/1\/0595\/7291\/2305\/files\/OpenSans-Regular.ttf?v=1630655795@400\nhttps:\/\/cdn.shopify.com\/s\/files\/1\/0595\/7291\/2305\/files\/OpenSans-Bold.ttf?v=1630655795@700",
    "custom_body_weight": "400",
    "type_base_line_height": 28,
    "type_header_font": "roboto_condensed_n7",
    "use_custom_font_heading": true,
    "custom_heading_font": "https:\/\/cdn.shopify.com\/s\/files\/1\/0595\/7291\/2305\/files\/Jellee-Roman.ttf?v=1630655658@700",
    "custom_heading_weight": "700",
    "type_header_base_size": 38,
    "btn_border_radius": 50,
    "btn_line_height": 22,
    "btn_weight": "700",
    "pcard_layout": "2",
    "pcard_alignment": "center",
    "pcard_image_ratio": "1\/1",
    "show_vendor": false,
    "show_review_badge": false,
    "variant_option_design2": "color",
    "variant_option_design3": "color",
    "show_variant_swatch_image": true,
    "product_colors": "red: #FF6961,\nyellow: #FDDA76,\nblack: #000000,\nblack band: #000000,\nblue: #8DB4D2,\ngreen: #C1E1C1,\npurple: #B19CD9,\nsilver: #EEEEEF,\nwhite: #FFFFFF,\nbrown: #836953,\nlight brown: #B5651D,\ndark turquoise: #23cddc,\norange: #FFB347,\ntan: #E9D1BF,\nviolet: #B490B0,\npink: #FFD1DC,\ngrey: #E0E0E0,\nsky: #96BDC6,\npale leaf: #CCD4BF,\nlight blue: #b1c5d4,\ndark grey: #aca69f,\nbeige: #EBE6DB,\nbeige band: #EED9C4,\ndark blue: #063e66,\ncream: #FFFFCC,\nlight pink: #FBCFCD,\nmint: #bedce3,\ndark gray: #3A3B3C,\nrosy brown: #c4a287,\nlight grey:#D3D3D3,\ncopper: #B87333,\nrose gold: #ECC5C0,\nnight blue: #151B54,\ncoral: #FF7F50,\nlight purple: #C6AEC7",
    "filter_color1": "gingham",
    "filter_color2": "flannel",
    "share_facebook": true,
    "share_pinterest": true,
    "social_twitter_link": "https:\/\/twitter.com\/",
    "social_twitter_label": "",
    "social_facebook_link": "https:\/\/facebook.com\/",
    "social_facebook_label": "300k Followers",
    "social_pinterest_link": "https:\/\/pinterest.com\/",
    "social_pinterest_label": "",
    "social_instagram_link": "https:\/\/instagram.com\/",
    "social_instagram_label": "100k Followers",
    "wishlist_page": "wishlist",
    "product_compare_page": "product-compare",
    "gm_api": "",
    "instagram_token": "IGQVJXZAVpPVEE1V2VnelFhajBVUHdHd1Vlb2lvRUxvd3VoUkZAuWFByX2g0MGl2RUtRMFcyQkpKYzlaRzl0TzBpd2hTelJMUlRuYWRpLVhwajZANWURZAdXRhOURQYnVDd0t6NXBveG9KV0FlbnFROTlkWgZDZD",
    "custom_css": "\/* Custom Css *\/\n.sf-nav li.sf-menu-item-parent a.sf__parent-item {\n  font-weight: 700;\n}\n.home-banner__slideshow[id$=\"1621243260e1af0c20\"] .sf__slide-content .slide__block-title {\n  line-height: 1.28;\n  color: #0F4226;\n  margin-bottom: 16px;\n}\n.home-banner__slideshow[id$=\"1621243260e1af0c20\"] .sf__slide-content .slide__block-description {\n  color: #0F4226;\n  font-size: 20px;\n  margin-bottom: 38px;\n  font-weight: 600;\n}\n.home-banner__slideshow .swiper-pagination.sf__dot-dark .sf__dot:before {\n  background-color: #0F4226;\n}\n.home-banner__slideshow .swiper-pagination.sf__dot-dark .sf__dot svg circle {\n  stroke: #0F4226;\n}\n.image__with-text .content__box .content__heading {\n  line-height: 1.5;\n  font-size: 40px;\n  margin-bottom: 15px;\n}\n.image__with-text .content__box .rte {\n  margin-bottom: 20px;\n}\n.sf-icon-box[id$=\"1630658749b620aaca\"] .sf-icon-box__inner h3 {\n  font-size: 20px;\n  line-height: 1.2;\n  color: #000;\n  margin-bottom: 15px;\n}\n.sf__pcard .sf__pcard-content {\n  padding-bottom: 25px;\n}\n.sf__pcard .sf__pcard-name,\n.sf__pcard .sf__pcard-price .prod__price {\n  font-family: 'SF-Heading-font';\n  font-weight: 700;\n}\n.sf__pcard .sf__pcard-price .prod__price {\n  color: var(--color-primary);\n}\n.sf__pcard .sf__pcard-name {\n  font-size: 18px;\n}\n.collection-list .collection-card .collection-card__info a {\n  color: #000;\n}\n.collection-list .collection-card .collection-card__info a sup {\n  top: -10px;\n  left: 3px;\n}\n.collection-list .collection-card:hover .collection-card__info a {\n  color: var(--color-primary);\n}\n.sf-testimonials[id$=\"16306608556b47daf7\"] .section__header {\n  margin-bottom: 55px;\n}\n.sf-testimonials[id$=\"16306608556b47daf7\"] .section__header .section__heading {\n  font-size: 20px;\n  line-height: 1.2;\n}\n.sf-testimonials[id$=\"16306608556b47daf7\"] .sf-testimonials-description {\n  font-family: 'SF-Heading-font';\n  font-size: 34px;\n  margin-bottom: 34px;\n  line-height: 1.5;\n  color: #0F4226;\n}\n.collection-list .collection-card .collection-card__info a sup,\n.sf-testimonials[id$=\"16306608556b47daf7\"] .sf-testimonials-footer,\n.sf-testimonials[id$=\"16306608556b47daf7\"] .indexes {\n  font-weight: 700;\n}\n.sf-instagram-description__button {\n  margin-top: 40px;\n}\n.sf-instagram-description__button a {\n  text-decoration: none;\n  font-weight: 700;\n  display: inline-flex;\n  align-items: center;\n}\n.sf-instagram-description__button a img {\n  width: 16px;\n  height: 16px;\n  margin-right: 8px;\n}\n.sf__footer-block-title {\n  font-size: 18px;\n}\n.sf-footer form.sf__footer-form-newsletter .sf__newletter__form-input {\n  border-radius: 50px;\n  color: var(--color-body-text);\n}\n.sf-footer form.sf__footer-form-newsletter svg path {\n  fill: #0F4226;\n}\n.sf-footer .sf-footer__block ul li {\n  line-height: 2.25;\n}\n.sf-footer .social-media-links a svg path {\n  fill: var(--color-footer-text);\n}\n.sf-footer .sf__accordion-item .sf__accordion-button:after {\n  background-image: var(--arrow-down-white-url);\n}\n@media(min-width: 1024px) {\n  .sf__footer-block-newsletter .sf__footer-block-title {\n    font-size: 34px;\n    line-height: 1.5;\n    margin-bottom: 10px;\n  }\n  .sf__footer-block-newsletter .sf__newsletter-block-desc {\n    margin-bottom: 25px;\n  }\n}\n\n@media(min-width: 1680px) {\n  .home-banner__slideshow[id$=\"__1621243260e1af0c20\"] .sf__slide-content .slide__block-title {\n  \tfont-size: 70px;\n  }\n}\n\n@media(max-width: 1680px) {\n  .sf-testimonials[id$=\"16306608556b47daf7\"] .sf-testimonials-description br {\n    display: none;\n  }\t\n}\n\n\n@media(max-width: 1535px) {\n  .sf-footer .sf__footer-middle .sf-footer__block.sf__footer-block-spacing {\n    width: 33%;\n  }\n}\n\n@media(max-width: 767px) {\n  .sf__pcard .sf__pcard-name {\n    font-size: 16px;\n  }\n  .image__with-text .content__box .sf__btn,\n  .home-banner__slideshow[id$=\"1621243260e1af0c20\"] .sf__slide-content .sf__mobile-button {\n    width: 100%;\n  }\n  .image__with-text .content__box {\n  \ttext-align: center;\n  } \n  .image__with-text .content__box .content__heading,\n  .sf-testimonials[id$=\"16306608556b47daf7\"] .sf-testimonials-description { \n    font-size: 24px;\n  }\n  .sf-testimonials[id$=\"16306608556b47daf7\"] .section__header {\n    margin-bottom: 40px;\n  }\n  .sf-instagram-description__button {\n    margin-top: 30px;\n  }\n}",
    "use_theme_currencies": true,
    "theme_currencies": "USD | EUR | GBP | VND",
    "bg_cart_count": "#da3f3f",
    "sections": {
      "header": {
        "type": "header",
        "settings": {
          "header_design": "logo-left-menu-center",
          "container": "container",
          "header_sticky": true,
          "transparent_on_top": false,
          "logo_text": "MINIMOG",
          "logo": "shopify:\/\/shop_images\/logo_a8e03e72-f73a-4025-90e1-8a9aca786749.png",
          "logo_max_width": 175,
          "sticky_logo_max_width": 175,
          "mobile_logo_max_width": 165,
          "main_menu": "main-menu",
          "secondary_menu": "main-menu",
          "uppercase_parent_level": false,
          "search": "show_icon",
          "show_account_icon": true,
          "show_cart_icon": true,
          "show_wishlist_icon": true,
          "show_compare_icon": false,
          "show_currency_switcher": false,
          "show_language_switcher": false
        }
      },
      "footer": {
        "type": "footer",
        "blocks": {
          "97208c25-7bb6-4901-9682-45773b40f66d": {
            "type": "newsletter",
            "settings": {
              "title": "Don’t miss a thing",
              "description": "Enter your email below to be the first to know about new collections & product launches.",
              "email_placeholder": "Enter your email",
              "form_style": "bordered",
              "show_social": false,
              "width": "33%"
            }
          },
          "ad8e582a-48e9-4618-8fef-aa65b166cc36": {
            "type": "spacing",
            "settings": {
              "width": "33%"
            }
          },
          "7ebc2f78-975b-4a81-b874-103c3355a866": {
            "type": "menu",
            "settings": {
              "menu": "our-store",
              "title": "About",
              "width": "16%"
            }
          },
          "2a62708f-84a9-49cc-8c73-d5afbfd3bc1b": {
            "type": "menu",
            "settings": {
              "menu": "quick-links",
              "title": "Information",
              "width": "16%"
            }
          }
        },
        "block_order": [
          "97208c25-7bb6-4901-9682-45773b40f66d",
          "ad8e582a-48e9-4618-8fef-aa65b166cc36",
          "7ebc2f78-975b-4a81-b874-103c3355a866",
          "2a62708f-84a9-49cc-8c73-d5afbfd3bc1b"
        ],
        "settings": {
          "design": "footer-3",
          "container": "container",
          "bordered": false,
          "copyright": "<span style=\"font-size: 15px;font-weight:600;\">© Petbowl 2021<\/span>",
          "show_currency_selector": false,
          "show_language_selector": false,
          "show_social_links": true,
          "show_payment_icons": true
        }
      },
      "annoucement": {
        "type": "annoucement",
        "settings": {
          "show_announcement": true,
          "homepage_only": true,
          "show_close": true,
          "message": "<p style=\"font-size: 15px; font-weight: 600;\">Pre order our Harmless Hunt Mouse Treats for Cats!<\/p>",
          "message_link": "",
          "show_divider": false
        }
      },
      "mobile-sticky-bar": {
        "type": "mobile-sticky-bar",
        "settings": {
          "show_mobile_sticky": true,
          "show_home_icon": true,
          "show_collection_icon": true,
          "show_cart_icon": true,
          "show_search_icon": true,
          "show_account_icon": false,
          "show_wishlist_icon": false
        }
      }
    },
    "content_for_index": [

    ]
  },
  "presets": {
    "Default": {
      "sections": {
        "featured-collection": {
          "type": "featured-collection",
          "settings": {
            "collection": "frontpage"
          }
        },
        "featured-product": {
          "type": "featured-product",
          "settings": {
          }
        }
      },
      "content_for_index": [
        "featured-collection",
        "featured-product"
      ]
    }
  }
}