{
  "sections": {
    "16184552193b4706ec": {
      "type": "slider",
      "blocks": {
        "16184552193b4706ec-2": {
          "type": "slider_item",
          "settings": {
            "image_alignment": "center top",
            "content_in_container": false,
            "content_position": "center middle",
            "text_alignment": "center",
            "text_size": "medium",
            "text_color": "black",
            "subheading": "",
            "title": "Waffle Hooded Coat",
            "description": "",
            "button_text": "Shop now",
            "button_link": "",
            "button_style": "sf__btn-primary",
            "button_size": "",
            "show_footer": true,
            "footer_alignment": "center",
            "footer_text": "* Sign up for 10% off your first order. Valid within two days of signup.",
            "footer_button": "Show Now",
            "footer_link": ""
          }
        }
      },
      "block_order": [
        "16184552193b4706ec-2"
      ],
      "settings": {
        "container": "container-fluid",
        "slideshow_height": "medium",
        "show_overlay": false,
        "dots_position": "bottom",
        "dots_color": "#000",
        "show_dots": false,
        "show_arrows": false,
        "autorotate": false,
        "autorotate_speed": 5,
        "custom_class": "sf__index-slideshow"
      }
    },
    "1618459225636aa0a1": {
      "type": "instagram",
      "settings": {
        "heading": "#minimog",
        "subheading": "",
        "description": "Tag <span class=\"text-black font-medium\">@minimog<\/span> in your Instagram photos for a chance to be featured here.<br>\nFind more inspiration on <span class=\"text-black underline font-medium\">our Instagram.<\/span>",
        "header_alignment": "center",
        "container": "container-fluid",
        "background_color": "rgba(0,0,0,0)",
        "layout": "grid",
        "images_count": 5,
        "grid_columns": 5,
        "gap": 10,
        "mobile_gap": 16,
        "profile": "https:\/\/www.instagram.com\/minimog.trendy\/",
        "button_label": "",
        "custom_class": "sf__index-instagram"
      }
    },
    "16184838446680fa72": {
      "type": "custom-content",
      "blocks": {
        "bd79e52b-89c3-4552-9929-b2577182c691": {
          "type": "image_card",
          "settings": {
            "width": "33%",
            "content_position": "bottom_center",
            "content_alignment": "center",
            "text_size": "medium",
            "text_color": "white",
            "link": "shopify:\/\/collections\/glasses",
            "title": "",
            "subtitle": "",
            "button_label": "Glasses",
            "button_style": "sf__btn-white",
            "button_size": "",
            "block_custom_class": ""
          }
        },
        "53209273-dcc5-4a20-bb0d-8c24c8eee990": {
          "type": "image_card",
          "settings": {
            "width": "33%",
            "content_position": "bottom_center",
            "content_alignment": "center",
            "text_size": "medium",
            "text_color": "black",
            "link": "shopify:\/\/collections\/sneakers",
            "title": "",
            "subtitle": "",
            "button_label": "Sneakers",
            "button_style": "sf__btn-white",
            "button_size": "",
            "block_custom_class": ""
          }
        },
        "e3087e38-cca2-446d-b2d9-148d452a1c40": {
          "type": "image_card",
          "settings": {
            "width": "33%",
            "content_position": "bottom_center",
            "content_alignment": "center",
            "text_size": "medium",
            "text_color": "black",
            "link": "shopify:\/\/collections\/leather-bag",
            "title": "",
            "subtitle": "",
            "button_label": "Handbags",
            "button_style": "sf__btn-white",
            "button_size": "",
            "block_custom_class": ""
          }
        }
      },
      "block_order": [
        "bd79e52b-89c3-4552-9929-b2577182c691",
        "53209273-dcc5-4a20-bb0d-8c24c8eee990",
        "e3087e38-cca2-446d-b2d9-148d452a1c40"
      ],
      "settings": {
        "heading": "This Season Collection",
        "subheading": "",
        "description": "",
        "header_alignment": "center",
        "container": "container-fluid",
        "background_color": "",
        "gap": 30,
        "use_scroll_mobile": true,
        "gap_mobile": 16,
        "custom_class": "sf__index-custom-content-2"
      }
    },
    "1626487173b943c108": {
      "type": "product-tabs",
      "blocks": {
        "1626487173b943c108-0": {
          "type": "tab",
          "settings": {
            "title": "Hot Items",
            "collection": "accessories"
          }
        },
        "1626487173b943c108-1": {
          "type": "tab",
          "settings": {
            "title": "Best Sellers",
            "collection": "best-sellers"
          }
        },
        "1fcf9bc0-5d2b-410c-a6bd-fdafd2b25a0f": {
          "type": "tab",
          "settings": {
            "title": "On Sale",
            "collection": "on-sale"
          }
        },
        "21fbb268-20b4-49b4-b494-54acca9a4974": {
          "type": "tab",
          "settings": {
            "title": "New Arrivals",
            "collection": "new-arrivals"
          }
        }
      },
      "block_order": [
        "1626487173b943c108-0",
        "1626487173b943c108-1",
        "1fcf9bc0-5d2b-410c-a6bd-fdafd2b25a0f",
        "21fbb268-20b4-49b4-b494-54acca9a4974"
      ],
      "settings": {
        "heading": "This Week's Highlights",
        "subheading": "",
        "description": "",
        "header_alignment": "center",
        "container": "container",
        "background_color": "rgba(0,0,0,0)",
        "tab_header": "horizontal",
        "limit": 8,
        "show_button": true,
        "button_type": "load",
        "button_label": "Shop Now",
        "button_style": "sf__btn-secondary",
        "button_size": "",
        "pcard_layout": "",
        "pcard_image_ratio": "",
        "show_vendor": false,
        "items_per_row": 4,
        "item_gap": 30,
        "item_gap_mobile": 16,
        "enable_slider": false,
        "show_pagination": false,
        "show_navigation": false,
        "custom_class": "sf__index-product-tab"
      }
    },
    "162648812285ec372a": {
      "type": "custom-content",
      "blocks": {
        "8fd0e966-040f-4b4c-b3ca-f6b71427a69d": {
          "type": "image_card",
          "settings": {
            "width": "50%",
            "content_position": "center_left",
            "content_alignment": "left",
            "text_size": "medium",
            "text_color": "black",
            "link": "shopify:\/\/collections\/sandals",
            "title": "Black Mules",
            "subtitle": "New Arrivals",
            "button_label": "Shop Now",
            "button_style": "sf__btn-link",
            "button_size": "",
            "block_custom_class": ""
          }
        },
        "37c80e87-ae0a-4395-addd-33cc4b387b6c": {
          "type": "image_card",
          "settings": {
            "width": "50%",
            "content_position": "center_left",
            "content_alignment": "left",
            "text_size": "medium",
            "text_color": "black",
            "link": "shopify:\/\/collections\/leather-bag",
            "title": "Chain Bucket",
            "subtitle": "New Arrivals",
            "button_label": "Shop Now",
            "button_style": "sf__btn-link",
            "button_size": "",
            "block_custom_class": ""
          }
        }
      },
      "block_order": [
        "8fd0e966-040f-4b4c-b3ca-f6b71427a69d",
        "37c80e87-ae0a-4395-addd-33cc4b387b6c"
      ],
      "settings": {
        "heading": "",
        "subheading": "",
        "description": "",
        "header_alignment": "center",
        "container": "container",
        "background_color": "",
        "gap": 30,
        "use_scroll_mobile": false,
        "gap_mobile": 16,
        "custom_class": "sf__index-custom-content-1"
      }
    }
  },
  "order": [
    "16184552193b4706ec",
    "16184838446680fa72",
    "1626487173b943c108",
    "162648812285ec372a",
    "1618459225636aa0a1"
  ]
}