{"current":{"google_font_name":"Raleway, Tinos, Roboto, Roboto Condensed","general_font_default":"normal 12px\/20px Roboto, Arial","general_font_h1":"700 24px\/30px Raleway, Arial","general_font_h2":"700 20px\/25px Raleway, Arial","general_font_h3":"700 16px\/20px Raleway, Arial","general_font_h4":"700 14px\/20px Raleway, Arial","general_font_h5":"400 12px\/20px Raleway, Arial","general_font_h6":"400 12px\/22px Tinos, Arial","body_color":"#505050","bg_body_img":"none","bg_body_color":"rgba(0,0,0,0)","bg_body_position_x":"left","bg_body_position_y":"top","bg_body_repeat":"repeat","bg_body_attachment":"scroll","btn_border_color-1":"#1e1e1e","btn_bg_color-1":"#1e1e1e","btn_text_color-1":"#ffffff","btn_hover_border_color-1":"#ec1f1f","btn_hover_bg_color-1":"#ec1f1f","btn_hover_text_color-1":"#ffffff","btn_border_color-2":"#ffffff","btn_bg_color-2":"","btn_text_color-2":"#ffffff","btn_hover_border_color-2":"#ec1f1f","btn_hover_bg_color-2":"#ec1f1f","btn_hover_text_color-2":"#ffffff","btn_border_color-3":"#ec1f1f","btn_bg_color-3":"#ffffff","btn_text_color-3":"#ec1f1f","btn_hover_border_color-3":"#ec1f1f","btn_hover_bg_color-3":"#ec1f1f","btn_hover_text_color-3":"#ffffff","btn_border_color-4":"","btn_bg_color-4":"#ffffff","btn_text_color-4":"#232323","btn_hover_border_color-4":"","btn_hover_bg_color-4":"#232323","btn_hover_text_color-4":"#ffffff","btn_border_color-5":"#ec1f1f","btn_bg_color-5":"#ec1f1f","btn_text_color-5":"#ffffff","btn_hover_border_color-5":"#000000","btn_hover_bg_color-5":"#000000","btn_hover_text_color-5":"#ffffff","display_breadcrumb":true,"breadcrumb_color":"#787878","breadcrumb_border_color":"#e9e9e9","breadcrumb_text_transform":"capitalize","page_title_color":"#000000","enable_hover_image":true,"product_name_text_transform":"none","enable_multilang":true,"lange_1":"English","lange_2":"German","brand_type":"image","brand_text":"295px x 40px","enable_retina":true,"display_header_top_text":false,"header_top_text":"Mid-Season Sale Up to 70% OFF. Use Code: “SALE70”. | Mid-Season Sale bis zu 70% Rabatt. Rabatt-Code: \"SALE70\".","header_top_link_text":"Shop Now | Jetzt Einkaufen","header_top_link":"\/collections","bg_header_top_color":"#ffe8e8","text_header_top_color":"#b05d5d","bg_header_bottom_color":"rgba(0,0,0,0)","display_header_text_order":true,"header_text_order":"Customer Service","header_text_order_link":"\/pages\/customer-services","header_link_color":"#787878","saleoff_text_1":"20% OFF all indoor seating | 20% OFF all indoor seating lang 2","saleoff_text_2":"End 18th, SEP 2014 | End 18th, SEP 2014 lang 2","show_header_search":true,"bg_search_color":"#f8f8f8","border_search_color":"#ececec","display_header_free_shipping":true,"header_free_shipping":"Free Shipping On All orders. No Minimum Purchase Required.*","header_free_shipping_link":"\/pages\/free-shipping","header_free_shipping_link_text":"Loremous de comospolis","header_free_shipping_text_color":"#ffffff","bg_cart_color":"#fd3905","dropdowncart_type":"hover","footer_bg_color":"#1e1e1e","enable_footer_bg_image":false,"footer_bg_position_x":"left","footer_bg_position_y":"top","footer_bg_repeat":"repeat","footer_bg_attachment":"scroll","footer_line_color":"#3f3f3f","footer_title_color":"#ffffff","footer_link_color":"#cccccc","display_footer_top":true,"footer_top_bg":"#232323","footer_top_color":"#ffffff","footer_top_text":"Need help? We're available at 1800-000-DECORTICA -  Email us at service@domain.com or | Need help? We're available at 1800-000-DECORTICA -  Email us at service@domain.com or","footer_top_link":"\/pages\/about-us","footer_top_link_text":"Ask the expert | Ask the expert","footer_column_1_title":"Shops | Geschäfte","footer_column_1_linklist":"main-menu","footer_column_2_title":"About Store | About Store","footer_column_2_linklist":"","footer_column_3_title":"Customer Service | Kundendienst","footer_column_3_linklist":"","display_social":true,"footer_column_4_title":"Stay Connected | bleiben Sie in Verbindung","footer_social_link_1":"http:\/\/facebook.com\/shopify","footer_social_link_2":"http:\/\/twitter.com\/shopify","footer_social_link_3":"http:\/\/plus.google.com\/+shopify","footer_social_link_4":"http:\/\/instagram.com\/shopify","footer_social_link_5":"http:\/\/twitter.com\/shopify","footer_social_link_6":"","fb_like_code":"","footer_display_newsletter":true,"footer_newsletter_title":"Join Our Mailing List | Newsletter Anmeldung","footer_newsletter_des":"Connect with us to get the latest news & special promotions","mailing_list_form_action":"\/\/myshopify.us9.list-manage.com\/subscribe\/post?u=f03cabb421b3912425cda25cc&amp;id=2b084b0139","display_footer_address":true,"footer_address_code":"© 2014 Decortica. eCommerce Software by Shopify. Shopify Themes by <a href=\"http:\/\/halothemes.com\/\" title=\"HaloThemes.com\">HaloThemes.com<\/a>","display_payment_methods":true,"display_payment_method-1":true,"payment_method_title-1":"Visa","payment_method_link-1":"https:\/\/en.wikipedia.org\/wiki\/Credit_card","display_payment_method-2":true,"payment_method_title-2":"Visa Electron","payment_method_link-2":"","display_payment_method-3":true,"payment_method_title-3":"MasterCard","payment_method_link-3":"","display_payment_method-4":true,"payment_method_title-4":"Maestro","payment_method_link-4":"","display_payment_method-5":true,"payment_method_title-5":"American Express","payment_method_link-5":"","display_payment_method-6":true,"payment_method_title-6":"Solo","payment_method_link-6":"","display_payment_method-7":true,"payment_method_title-7":"PayPal","payment_method_link-7":"","display_payment_method-8":false,"payment_method_title-8":"","payment_method_link-8":"","display_payment_method-9":false,"payment_method_title-9":"","payment_method_link-9":"","display_payment_method-10":false,"payment_method_title-10":"","payment_method_link-10":"","display_fixtop_menu":true,"bg_cart_color_fixed_top":"#f02121","border_color_fixed_top":"#e6e6e6","nav_alignment":"center","nav_bg_color":"#ffffff","nav_link_top_color":"#000000","nav_link_top_hover_color":"#000000","nav_link_top_hover_border_color":"#ec1f1f","show_dropdown_arrow":false,"nav_dropdown_border_style":"solid","nav_dropdown_border_color":"#b2b2b2","nav_dropdown_bg_color":"#ffffff","nav_dropdown_link_color":"#505050","nav_dropdown_link_color_hover":"#000000","display_megamenu":true,"enable_new":false,"megamenu_item-1":"","show_featured_product_menu-1":true,"menu_featured_product_title-1":"Featured Products","menu_featured_product_collection-1":"","show_megamenu_image-1":true,"megamenu_link_image-1":"","megamenu_item-2":"","show_featured_product_menu-2":false,"menu_featured_product_title-2":"Featured Products 2","menu_featured_product_collection-2":"","show_megamenu_image-2":false,"megamenu_link_image-2":"","megamenu_item-3":"","show_featured_product_menu-3":false,"menu_featured_product_title-3":"Featured Products 3","menu_featured_product_collection-3":"","show_megamenu_image-3":false,"megamenu_link_image-3":"","megamenu_item-4":"","show_featured_product_menu-4":false,"menu_featured_product_title-4":"Featured Products","menu_featured_product_collection-4":"","show_megamenu_image-4":false,"megamenu_link_image-4":"","megamenu_item-5":"","show_featured_product_menu-5":false,"menu_featured_product_title-5":"Featured Products","menu_featured_product_collection-5":"","show_megamenu_image-5":false,"megamenu_link_image-5":"","megamenu_item-6":"","show_featured_product_menu-6":false,"menu_featured_product_title-6":"Featured Products","menu_featured_product_collection-6":"","show_megamenu_image-6":false,"megamenu_link_image-6":"","megamenu_item-7":"","show_featured_product_menu-7":false,"menu_featured_product_title-7":"Featured Products","menu_featured_product_collection-7":"","show_megamenu_image-7":false,"megamenu_link_image-7":"","megamenu_item-8":"","show_featured_product_menu-8":false,"menu_featured_product_title-8":"Featured Products","menu_featured_product_collection-8":"","show_megamenu_image-8":false,"megamenu_link_image-8":"","megamenu_item-9":"","show_featured_product_menu-9":false,"menu_featured_product_title-9":"Featured Products","menu_featured_product_collection-9":"","show_megamenu_image-9":false,"megamenu_link_image-9":"","megamenu_item-10":"","show_featured_product_menu-10":false,"menu_featured_product_title-10":"Featured Products","menu_featured_product_collection-10":"","show_megamenu_image-10":false,"megamenu_link_image-10":"","display_slideshow":true,"slideshow_speed":"5000","slideshow_transition":"fade","slideshow_heading_color":"#fff","slideshow_heading_size":"100","slideshow_description_color":"#ffffff","slideshow_description_size":"16","display_slideitem-1":true,"slideitem_image_alt-1":"natibus magoz","slideitem_link-1":"\/collections\/all","display_slideitem_text-1":true,"slideitem_text_position-1":"center","slideitem_text_alignment-1":"center","slideitem_heading_text-1":"natibus magoz | natibus magoz","slideitem_heading_color-1":"","slideitem_heading_size-1":"","enalbe_slideitem_heading_image-1":false,"slideitem_heading_image_height-1":"100","slideitem_description_text-1":"Nulla ornare dictum mauris dan meleifend nulla lacinias | Nulla ornare dictum mauris dan meleifend nulla lacinias","slideitem_description_color-1":"","slideitem_description_size-1":"","slideitem_button_text-1":"Shop The Collection | Shop The Collection","display_slideitem-2":false,"slideitem_image_alt-2":"summer sale","slideitem_link-2":"\/collections\/all","display_slideitem_text-2":true,"slideitem_text_position-2":"center","slideitem_text_alignment-2":"center","slideitem_heading_text-2":"summer sale","slideitem_heading_color-2":"","slideitem_heading_size-2":"","enalbe_slideitem_heading_image-2":false,"slideitem_heading_image_height-2":"100","slideitem_description_text-2":"Save up to 40% off Outdoor Furniture items. | Save up to 40% off Outdoor Furniture items.","slideitem_description_color-2":"","slideitem_description_size-2":"","slideitem_button_text-2":"Shop Now | Shop Now","display_slideitem-3":false,"slideitem_image_alt-3":"Input ALT text for Slide 3 Image","slideitem_link-3":"","display_slideitem_text-3":true,"slideitem_text_position-3":"center","slideitem_text_alignment-3":"center","slideitem_heading_text-3":"natibus magoz | natibus magoz","slideitem_heading_color-3":"","slideitem_heading_size-3":"","enalbe_slideitem_heading_image-3":false,"slideitem_heading_image_height-3":"100","slideitem_description_text-3":"Nulla ornare dictum mauris dan meleifend nulla lacinias | Nulla ornare dictum mauris dan meleifend nulla lacinias","slideitem_description_color-3":"","slideitem_description_size-3":"","slideitem_button_text-3":"Shop The Collection | Shop The Collection","display_slideitem-4":false,"slideitem_image_alt-4":"Input ALT text for Slide 4 Image","slideitem_link-4":"","display_slideitem_text-4":true,"slideitem_text_position-4":"center","slideitem_text_alignment-4":"center","slideitem_heading_text-4":"natibus magoz","slideitem_heading_color-4":"","slideitem_heading_size-4":"","enalbe_slideitem_heading_image-4":false,"slideitem_heading_image_height-4":"100","slideitem_description_text-4":"Nulla ornare dictum mauris dan meleifend nulla lacinias","slideitem_description_color-4":"","slideitem_description_size-4":"","slideitem_button_text-4":"Shop The Collection","display_slideitem-5":false,"slideitem_image_alt-5":"Input ALT text for Slide 5 Image","slideitem_link-5":"","display_slideitem_text-5":true,"slideitem_text_position-5":"center","slideitem_text_alignment-5":"center","slideitem_heading_text-5":"natibus magoz","slideitem_heading_color-5":"","slideitem_heading_size-5":"","enalbe_slideitem_heading_image-5":false,"slideitem_heading_image_height-5":"100","slideitem_description_text-5":"Nulla ornare dictum mauris dan meleifend nulla lacinias","slideitem_description_color-5":"","slideitem_description_size-5":"","slideitem_button_text-5":"Shop The Collection","display_slideitem-6":false,"slideitem_image_alt-6":"Input ALT text for Slide 6 Image","slideitem_link-6":"","display_slideitem_text-6":true,"slideitem_text_position-6":"center","slideitem_text_alignment-6":"center","slideitem_heading_text-6":"natibus magoz","slideitem_heading_color-6":"","slideitem_heading_size-6":"","enalbe_slideitem_heading_image-6":false,"slideitem_heading_image_height-6":"100","slideitem_description_text-6":"Nulla ornare dictum mauris dan meleifend nulla lacinias","slideitem_description_color-6":"","slideitem_description_size-6":"","slideitem_button_text-6":"Shop The Collection","display_slideitem-7":false,"slideitem_image_alt-7":"Input ALT text for Slide 7 Image","slideitem_link-7":"","display_slideitem_text-7":true,"slideitem_text_position-7":"center","slideitem_text_alignment-7":"center","slideitem_heading_text-7":"natibus magoz","slideitem_heading_color-7":"","slideitem_heading_size-7":"","enalbe_slideitem_heading_image-7":false,"slideitem_heading_image_height-7":"100","slideitem_description_text-7":"Nulla ornare dictum mauris dan meleifend nulla lacinias","slideitem_description_color-7":"","slideitem_description_size-7":"","slideitem_button_text-7":"Shop The Collection","display_slideitem-8":false,"slideitem_image_alt-8":"Input ALT text for Slide 8 Image","slideitem_link-8":"","display_slideitem_text-8":true,"slideitem_text_position-8":"center","slideitem_text_alignment-8":"center","slideitem_heading_text-8":"natibus magoz","slideitem_heading_color-8":"","slideitem_heading_size-8":"","enalbe_slideitem_heading_image-8":false,"slideitem_heading_image_height-8":"100","slideitem_description_text-8":"Nulla ornare dictum mauris dan meleifend nulla lacinias","slideitem_description_color-8":"","slideitem_description_size-8":"","slideitem_button_text-8":"Shop The Collection","display_slideitem-9":false,"slideitem_image_alt-9":"Input ALT text for Slide 9 Image","slideitem_link-9":"","display_slideitem_text-9":true,"slideitem_text_position-9":"center","slideitem_text_alignment-9":"center","slideitem_heading_text-9":"natibus magoz","slideitem_heading_color-9":"","slideitem_heading_size-9":"","enalbe_slideitem_heading_image-9":false,"slideitem_heading_image_height-9":"100","slideitem_description_text-9":"Nulla ornare dictum mauris dan meleifend nulla lacinias","slideitem_description_color-9":"","slideitem_description_size-9":"","slideitem_button_text-9":"Shop The Collection","display_slideitem-10":false,"slideitem_image_alt-10":"Input ALT text for Slide 10 Image","slideitem_link-10":"","display_slideitem_text-10":true,"slideitem_text_position-10":"center","slideitem_text_alignment-10":"center","slideitem_heading_text-10":"natibus magoz","slideitem_heading_color-10":"","slideitem_heading_size-10":"","enalbe_slideitem_heading_image-10":false,"slideitem_heading_image_height-10":"100","slideitem_description_text-10":"Nulla ornare dictum mauris dan meleifend nulla lacinias","slideitem_description_color-10":"","slideitem_description_size-10":"","slideitem_button_text-10":"Shop The Collection","display_block_three_collections":true,"block_three_collections_title_text":"FEATURED COLLECTIONS","block_three_collections_title_size":"20","block_three_collections_title_color":"#000","block_three_collections_collection_1":"","block_three_collections_collection_2":"","block_three_collections_collection_3":"","display_block_two_collection_tab":true,"block_two_collection_tab_1_title":"New Products","block_two_collection_tab_1":"","block_two_collection_tab_2_title":"Best Sellers","block_two_collection_tab_2":"","block_two_collection_tab_number_show":"6","block_two_collection_tab_results_per_row":"5","show_slider_trending":true,"slider_trending_title":"Featured Product | Featured Product","show_slider_trending_collection":"","slider_trending_limit_all":"6","trending_collection_results_per_row":"5","display_block_four_banner_bottom":true,"display_block_four_banner_bottom_1":true,"block_four_banner_bottom_1_title":"Laminate","block_four_banner_bottom_1_description":"Cras porta purus eu gravida facilisis. Donec blandit ligula eu neque dapibus at eleifend nunc sagittis","block_four_banner_bottom_1_link":"\/collections\/laminate","block_four_banner_bottom_1_link_text":"Shop now","display_block_four_banner_bottom_2":true,"block_four_banner_bottom_2_title":"Hardwood","block_four_banner_bottom_2_description":"Cras porta purus eu gravida facilisis. Donec blandit ligula eu neque dapibus at eleifend nunc sagittis","block_four_banner_bottom_2_link":"\/collections\/hardwood","block_four_banner_bottom_2_link_text":"Shop now","display_block_four_banner_bottom_3":true,"block_four_banner_bottom_3_title":"Tile & Vinyl","block_four_banner_bottom_3_description":"Cras porta purus eu gravida facilisis. Donec blandit ligula eu neque dapibus at eleifend nunc sagittis","block_four_banner_bottom_3_link":"\/collections\/tile-vinyl","block_four_banner_bottom_3_link_text":"Shop now","display_block_four_banner_bottom_4":true,"block_four_banner_bottom_4_title":"Carpet","block_four_banner_bottom_4_description":"Cras porta purus eu gravida facilisis. Donec blandit ligula eu neque dapibus at eleifend nunc sagittis","block_four_banner_bottom_4_link":"\/collections\/carpet","block_four_banner_bottom_4_link_text":"Shop now","display_block_home_intro":true,"block_home_intro_text":"DECORTICA RESPONSIVE Furniture Shopify Template - Pellentesque at libero vehicula, consectetur justo lorem luctus libero. Aenean eu viverra mauris, eu pulvinar tellus. Divamus ut massa a libero commodo imperdiet in danos amet arcu. Duis vestibulum lorem ac tortor commodo blandit. Nulla ante leo, sollicitudin at pulvinar multrices pulvinar a dodiom. Sed lacus enim gravida an cosmopolis luctus mattis aliquet lacus imperdiet danos mulputate finibus an lectus.","display_featured_brand":true,"featured_brand_title":"Featured Brands","featured_brand_link_text":"Shop all our Big Brands","featured_brand_link":"","featured_brand_title_1":"loremous","featured_brand_link_1":"","featured_brand_title_2":"rbq","featured_brand_link_2":"","featured_brand_title_3":"mogcor","featured_brand_link_3":"","featured_brand_title_4":"nouveau","featured_brand_link_4":"","featured_brand_title_5":"avenves","featured_brand_link_5":"","display_custom_block_categories":true,"custom_block_categories_item_1_title":"Twin Beds","custom_block_categories_item_1_link":"","custom_block_categories_item_2_title":"Desks","custom_block_categories_item_2_link":"","custom_block_categories_item_3_title":"King Beds","custom_block_categories_item_3_link":"","custom_block_categories_item_4_title":"Chairs","custom_block_categories_item_4_link":"","custom_block_categories_item_5_title":"Dressers","custom_block_categories_item_5_link":"","custom_block_categories_item_6_title":"Loveseats","custom_block_categories_item_6_link":"","custom_block_categories_item_7_title":"Coffee Tables","custom_block_categories_item_7_link":"","custom_block_categories_item_8_title":"Nightstands","custom_block_categories_item_8_link":"","custom_block_categories_item_9_title":"Familyseats","custom_block_categories_item_9_link":"","custom_block_categories_item_10_title":"Fermends","custom_block_categories_item_10_link":"","custom_block_categories_item_11_title":"Conseqaur","custom_block_categories_item_11_link":"","custom_block_categories_item_12_title":"Beds","custom_block_categories_item_12_link":"","custom_block_categories_item_13_title":"","custom_block_categories_item_13_link":"","custom_block_categories_item_14_title":"","custom_block_categories_item_14_link":"","custom_block_categories_item_15_title":"","custom_block_categories_item_15_link":"","display_popup_newsletter":true,"popup_newsletter_title":"Join Our Mailing List | Newsletter abonnieren","popup_newsletter_sub_title":"Connect with us to get the latest news & special promotions","popup_newsletter_message":"Quisque consectetur augue ac commodo convallis","display_popup_social":true,"display_popup_social_1":true,"popup_social_1_link":"http:\/\/www.facebook.com\/Shopify","display_popup_social_2":true,"popup_social_2_link":"http:\/\/www.twitter.com\/shopify","display_popup_social_3":true,"popup_social_3_link":"https:\/\/plus.google.com\/+shopify","display_popup_social_4":true,"popup_social_4_link":"http:\/\/instagram.com\/shopify","display_popup_social_5":true,"popup_social_5_link":"http:\/\/instagram.com\/shopify","display_sidebar_list_cat_page":true,"display_sidebar_cat_page":true,"display_sidebar_detail_page":true,"sidebar_position":"left","display_sidebar_list_categories":true,"display_sidebar_categories":false,"display_sidebar_categories_detail":true,"sidebar_categories_title":"Product Categories | Product Kategorien","sidebar_categories_detail_title":"Categories","style_categories":"style_little","categories_items":"Facilisis Magna, Dictumos, Loremous Cosmo, Honcus Mauris, Curabitur Tempors, Cosmopolis, Loremous","sidebar_accordion_link_color":"#000000","enable_sidebar_multiple_choice":true,"enable_shop_by_categories":true,"shop_by_categories_title":"By Categories","enable_shop_by_tags_1":true,"shop_by_tags_1_title":"By Colors | Farbe","shop_by_color_text_1":"Beige","shop_by_color_text_2":"Red","shop_by_color_text_3":"White","shop_by_color_text_4":"Yellow","shop_by_color_text_5":"Silver","shop_by_color_text_6":"Blue","shop_by_color_text_7":"Black","shop_by_color_text_8":"Gray","shop_by_color_text_9":"Green","shop_by_color_text_10":"","shop_by_color_text_11":"","shop_by_color_text_12":"","shop_by_color_text_13":"","shop_by_color_text_14":"","shop_by_color_text_15":"","shop_by_color_text_16":"","shop_by_color_text_17":"","shop_by_color_text_18":"","shop_by_color_text_19":"","shop_by_color_text_20":"","enable_shop_by_tags_3":true,"shop_by_tags_3_title":"By Price | Preis","shop_by_tags_3_list_tags":"Under $50, $50 - $100, Above $100","enable_shop_by_tags_4":true,"shop_by_tags_4_title":"By Brands | Marke","shop_by_tags_4_list_tags":"Sollicitudin, Diam de Selementum, Loremous Cosmo, Medou Boutique, Integer Jermentus, Cosmopolitan, Parturient Montes, Nullas Hollicitudinos","show_featured_product":true,"show_featured_product_detail":true,"featured_product_list_collection":"","featured_product_title":"Featured Products | Ausgewählte Artikel","featured_product_limit_all":"8","display_banner_sidebar":true,"display_banner_sidebar_detail":true,"banner_sidebar_link":"#","display_sidebar_custom":true,"display_sidebar_custom_detail":true,"custom_cms_title":"Custom CMS Block | Benutzerdefinierte CMS-Block","custom_cms_text":"<p>Custom CMS block displayed at the left sidebar on the Catalog Page. Put your own content here: text, html, images, media... whatever you like.<\/p><p>There are many similar sample content placeholders across the store. All editable from admin panel.<\/p> | <p>Benutzerdefinierte CMS-Block in der linken Seitenleiste auf der Katalogseite angezeigt. Fügen Sie hier Ihren eigenen Inhalt: Text, HTML, Bilder, Medien ..., was Sie wollen <\/p> <p> Es gibt viele ähnliche Probe Inhaltsplatzhalter in den Laden.. Alle editierbar von Admin-Panel.<\/p>","display_sidebar_blog_flickr":true,"sidebar_flickr_title":"Flickr | Flickr","sidebar_flickr_id":"28777117@N03","enable_wishlist":true,"product_image_border":false,"product_image_border_color":"#c3c3c3","product_image_resize":false,"product_image_crop":false,"product_image_ratio_width":"1","product_image_ratio_height":"1.35","enable_opacity_product":true,"collections_page_des":"Decortica Responsive Furniture Shopify Template - Pellentesque at libero vehicula consectetur justo lorem luctus libero. Aenean eu viverra mauris enos pulvinar tellus. Divamus ut massa a libero commodo imperdiet in danos amet arcu. Duis vestibulum lorem ac tortor commodo blandit. Nulla ante leo, sollicitudin at pulvinar danos multrices pulvinar a dodiom. Sed lacus enim gravida an cosmopolis luctus mattis aliquet lacus imperdiet danos mulputate finibus an lectus.|Decortica Responsive Furniture Shopify Template - Pellentesque at libero vehicula consectetur justo lorem luctus libero. Aenean eu viverra mauris enos pulvinar tellus. Divamus ut massa a libero commodo imperdiet in danos amet arcu. Duis vestibulum lorem ac tortor commodo blandit. Nulla ante leo, sollicitudin at pulvinar danos multrices pulvinar a dodiom. Sed lacus enim gravida an cosmopolis luctus mattis aliquet lacus imperdiet danos mulputate finibus an lectus.","collection_results_per_page":"24","collection_results_per_row":"4","collection_infinite_scrolling":false,"style_moreview":"horizontal","display_prev_next_product":true,"display_sample_vendor":true,"display_availability":false,"text_availability":"Availability | Verfügbarkeit","display_product_type":false,"text_product_type":"Product Type | Produkttyp","display_vendor":false,"text_vendor":"Vendor | Verkäufer","text_countdown":"Limited-Time Offers, End in: | Nur kurze Zeit Angebote, End in:","show_desc":"short","use_color_swatch":true,"display_subtotal":true,"display_product_detail_tag":false,"display_product_detail_share":true,"addthis_code":"<script type=\"text\/javascript\" src=\"\/\/s7.addthis.com\/js\/300\/addthis_widget.js#pubid=ra-50af50243e5dddce\"><\/script>\r\n<div class=\"addthis_native_toolbox\"><\/div>","social_title_1":"Email","social_link_1":"mailto:support@halothemes.com","social_title_2":"Share Facebook","social_link_2":"https:\/\/www.facebook.com\/sharer\/sharer.php?u=","social_title_3":"Twitter","social_link_3":"http:\/\/twitter.com\/share?url=","social_title_4":"Pinterest","social_link_4":"http:\/\/pinterest.com\/pin\/create\/button\/?url=","social_title_5":"Google+","social_link_5":"https:\/\/plus.google.com\/share?url=","social_title_6":"Instagram","social_link_6":"#","show_tab":"vertical","display_product_detail_description":true,"product_description_title":"Product Description | Einzelheiten","display_custom_tab":true,"custom_tab_title":"Shipping & Returns | Liefer- und Versandkosten","custom_tab_content":"<h4>Returns Policy<\/h4><p>You may return most new, unopened items within 30 days of delivery for a full refund. We'll also pay the return shipping costs if the return is a result of our error (you received an incorrect or defective item, etc.).<\/p><p>You should expect to receive your refund within four weeks of giving your package to the return shipper, however, in many cases you will receive a refund more quickly. This time period includes the transit time for us to receive your return from the shipper (5 to 10 business days), the time it takes us to process your return once we receive it (3 to 5 business days), and the time it takes your bank to process our refund request (5 to 10 business days).<\/p><p>If you need to return an item, simply login to your account, view the order using the 'Complete Orders' link under the My Account menu and click the Return Item(s) button. We'll notify you via e-mail of your refund once we've received and processed the returned item.<\/p><h4>Shipping<\/h4><p>We can ship to virtually any address in the world. Note that there are restrictions on some products, and some products cannot be shipped to international destinations.<\/p><p>When you place an order, we will estimate shipping and delivery dates for you based on the availability of your items and the shipping options you choose. Depending on the shipping provider you choose, shipping date estimates may appear on the shipping quotes page.<\/p><p>Please also note that the shipping rates for many items we sell are weight-based. The weight of any such item can be found on its detail page. To reflect the policies of the shipping companies we use, all weights will be rounded up to the next full pound.<\/p>","display_size_chart":true,"custom_size_chart_title":"Size Chart | Größentabelle","display_product_reviews":true,"product_review_title":"Customer Reviews | Kundenbewertungen","display_related_products":true,"related_products_title":"Related Products | Ähnliche Produkte","number_of_related_products":"8","related_products_type":"collection","display_recently_viewed_products":true,"recently_viewed_products_title":"Recently Viewed Products | Zuletzt angesehene Produkte","number_of_recently_viewed_products":"8","enable_quick_view":true,"display_quickview_availability":false,"display_quickview_product_type":false,"display_quickview_vendor":true,"display_quickview_subtotal":true,"display_quickview_short_desc":true,"display_cart_text":true,"cart_text_1":"Excluding tax & shipping","cart_text_2":"Orders will be processed in USD.","cart_notes":true,"ajax_cart":true,"show_shipping_calculator":true,"shipping_calculator_heading":"Get shipping estimates | Holen Versand Schätzungen","shipping_calculator_default_country":"United States","shipping_calculator_submit_button_label":"Calculate Shipping | Berechnen Versandkosten","shipping_calculator_submit_button_label_disabled":"Calculating...","register_text_desc":"Sign up for a free account at Decortica. | Melden Sie sich für ein kostenloses Konto bei Decortica","enable_multiple_currencies":true,"currency_1_unit":"AUD","currency_2_unit":"EUR","currency_3_unit":"GBP","currency_4_unit":"USD","display_google_map":true,"google_map_code":"<iframe src=\"https:\/\/www.google.com\/maps\/embed?pb=!1m18!1m12!1m3!1d3919.2544872090557!2d106.70244199999999!3d10.7918106!2m3!1f0!2f0!3f0!3m2!1i1024!2i768!4f13.1!3m3!1m2!1s0x317528b5a9b8da65%3A0x5b54e5d89087b920!2zNCBOZ3V54buFbiDEkMOsbmggQ2hp4buDdSwgxJBhIEthbywgUXXhuq1uIDEsIEjhu5MgQ2jDrSBNaW5oLCBWaeG7h3QgTmFt!5e0!3m2!1svi!2s!4v1441591524759\" width=\"100%\" height=\"350\" frameborder=\"0\" style=\"border:0\" allowfullscreen><\/iframe>","contact_title":"Drop Us A Line | Schreiben Sie uns","contact_text_desc":"","contact_your_name":"","contact_phone_number":"","contact_your_email":"","contact_your_comment":"","display_location":true,"location_code":"<h4>Please do get in touch!<\/h4>\r\n<p>\r\n\tWe'd love to hear from you - please use the form to send us your message or ideas.\r\n<\/p>\r\n<p>\r\n\tOr simply pop in for a cup of fresh tea and a cookie:<\/p>\r\n\t<p>\r\n\t\t9087S Divamus Faucibus Str.,\r\n\t\t<br>City name,\r\n\t\t<br>Postal Code,\r\n\t\t<br>CA 90896 \r\n\t\t<br>United States\r\n\t<\/p>\r\n<p>\r\nTel: (1800) 000 DeCORTICA<br>\r\n\tEmail: stores@domain.com<\/p>","enable_lazy_loading_pc":true,"enable_lazy_loading_mobile":false,"time_lazy_load":"300","checkout_use_header_image":false,"checkout_logo":"checkout_logo.png","checkout_logo_position":"left","checkout_logo_size":"medium","checkout_use_body_background_image":false,"checkout_body_background_color":"#fff","checkout_input_background_color_mode":"white","checkout_use_sidebar_background_image":false,"checkout_sidebar_background_color":"#fafafa","checkout_heading_font":"Helvetica Neue","checkout_body_font":"Helvetica Neue","checkout_accent_color":"#f7766a","checkout_button_color":"#e42815","checkout_error_color":"#ff6d6d","checkout_banner_background_color":"#f9f9f9","checkout_headline":"","checkout_call_to_action_color":"#000000","display_lb_slideshow":true,"lb_slideshow_speed":"5000","lb_slideshow_transition":"fade","display_lb_slideshow_1":true,"lb_image_1_link":"","lb_image_1_alt":"Cosmopolis","lb_text_sample_1":"The","lb_text_sample_color_1":"#000000","lb_text_sample_size_1":"13","lb_slide_heading_1":"Cosmopolis","lb_slide_heading_color_1":"#000000","lb_slide_heading_size_1":"40","lb_slide_text_1":"Aenean pulvinar vulputate enim et tempus","lb_slide_text_color_1":"#000000","lb_slide_text_size_1":"14","display_lb_slideshow_2":true,"lb_image_2_link":"","lb_image_2_alt":"","lb_text_sample_2":"The","lb_text_sample_color_2":"#000000","lb_text_sample_size_2":"13","lb_slide_heading_2":"Lorem Mauris","lb_slide_heading_color_2":"#000000","lb_slide_heading_size_2":"40","lb_slide_text_2":"Pellentesque dignissim aliquet nisi non semper cosmo.","lb_slide_text_color_2":"#000000","lb_slide_text_size_2":"14","display_lb_slideshow_3":true,"lb_image_3_link":"","lb_image_3_alt":"","lb_text_sample_3":"Milancelos","lb_text_sample_color_3":"#000000","lb_text_sample_size_3":"13","lb_slide_heading_3":"Cursus Ornare","lb_slide_heading_color_3":"#000000","lb_slide_heading_size_3":"40","lb_slide_text_3":"Vivamus sed varius lectus deu bibendum metus","lb_slide_text_color_3":"#000000","lb_slide_text_size_3":"14","display_lb_slideshow_4":false,"lb_image_4_link":"","lb_image_4_alt":"","lb_text_sample_4":"","lb_text_sample_color_4":"#000000","lb_text_sample_size_4":"13","lb_slide_heading_4":"","lb_slide_heading_color_4":"#000000","lb_slide_heading_size_4":"40","lb_slide_text_4":"","lb_slide_text_color_4":"#000000","lb_slide_text_size_4":"14","display_lb_slideshow_5":false,"lb_image_5_link":"","lb_image_5_alt":"","lb_text_sample_5":"","lb_text_sample_color_5":"#000000","lb_text_sample_size_5":"13","lb_slide_heading_5":"","lb_slide_heading_color_5":"#000000","lb_slide_heading_size_5":"40","lb_slide_text_5":"","lb_slide_text_color_5":"#000000","lb_slide_text_size_5":"14","display_lb_slideshow_6":false,"lb_image_6_link":"","lb_image_6_alt":"","lb_text_sample_6":"","lb_text_sample_color_6":"#000000","lb_text_sample_size_6":"13","lb_slide_heading_6":"","lb_slide_heading_color_6":"#000000","lb_slide_heading_size_6":"40","lb_slide_text_6":"","lb_slide_text_color_6":"#000000","lb_slide_text_size_6":"14","display_lb_slideshow_7":false,"lb_image_7_link":"","lb_image_7_alt":"","lb_text_sample_7":"","lb_text_sample_color_7":"#000000","lb_text_sample_size_7":"13","lb_slide_heading_7":"","lb_slide_heading_color_7":"#000000","lb_slide_heading_size_7":"40","lb_slide_text_7":"","lb_slide_text_color_7":"#000000","lb_slide_text_size_7":"14","display_lb_slideshow_8":false,"lb_image_8_link":"","lb_image_8_alt":"","lb_text_sample_8":"","lb_text_sample_color_8":"#000000","lb_text_sample_size_8":"13","lb_slide_heading_8":"","lb_slide_heading_color_8":"#000000","lb_slide_heading_size_8":"40","lb_slide_text_8":"","lb_slide_text_color_8":"#000000","lb_slide_text_size_8":"14","display_lb_slideshow_9":false,"lb_image_9_link":"","lb_image_9_alt":"","lb_text_sample_9":"","lb_text_sample_color_9":"#000000","lb_text_sample_size_9":"13","lb_slide_heading_9":"","lb_slide_heading_color_9":"#000000","lb_slide_heading_size_9":"40","lb_slide_text_9":"","lb_slide_text_color_9":"#000000","lb_slide_text_size_9":"14","display_lb_slideshow_10":false,"lb_image_10_link":"","lb_image_10_alt":"","lb_text_sample_10":"","lb_text_sample_color_10":"#000000","lb_text_sample_size_10":"13","lb_slide_heading_10":"","lb_slide_heading_color_10":"#000000","lb_slide_heading_size_10":"40","lb_slide_text_10":"","lb_slide_text_color_10":"#000000","lb_slide_text_size_10":"14","display_lb_social":true,"lb_social_link_1":"http:\/\/facebook.com\/shopify","lb_social_link_2":"https:\/\/plus.google.com\/+shopify","lb_social_link_3":"http:\/\/www.twitter.com\/shopify","lb_social_link_4":"http:\/\/instagram.com\/shopify","display_lb_button":true,"lb_button_text":"Kaufen Sie es | Shop it","lb_button_link":"#","min_height_logo":"53","display_block_three_collections_title":true,"page_title_text_align":"left","lang_1_short_text":"EN","lang_2_short_text":"DE","payment_methods_display_visa?":true,"payment_methods_display_american-express?":true,"payment_methods_display_mastercard?":true,"payment_methods_display_discover?":false,"payment_methods_display_paypal?":true,"payment_methods_display_google-checkout?":false,"payment_methods_display_maestro?":true,"payment_methods_display_cirrus?":false,"enable_shop_by_tags_2":false,"shop_by_tags_2_title":"Size | Größe","shop_by_tags_2_list_tags":"XS, S, M, L, XL","text_share":"<strong>Share:<\/strong> Get $20 for every friend who join us & makes a purchase! | <strong>Aktie:<\/strong> Holen Sie sich $ 20 für jeden Freund, der sich uns anzuschließen und einen Kauf!","enable_accordion_menu":true,"shop_by_categories_text":"By Categories","display_sidebar_blog_page":true,"show_sidebar":"left","display_banner_sidebar_blog":true,"display_sidebar_custom_blog":true,"display_image_cat":true,"display_brands_slider":true,"brands_slider_image_1_title":"Twin Beds","brands_slider_image_1_link":"http:\/\/twitter.com\/shopify","brands_slider_image_2_title":"Desks","brands_slider_image_2_link":"http:\/\/twitter.com\/shopify","brands_slider_image_3_title":"King Beds","brands_slider_image_3_link":"http:\/\/twitter.com\/shopify","brands_slider_image_4_title":"Chairs","brands_slider_image_4_link":"http:\/\/twitter.com\/shopify","brands_slider_image_5_title":"Dressers","brands_slider_image_5_link":"http:\/\/twitter.com\/shopify","brands_slider_image_6_title":"Loveseats","brands_slider_image_6_link":"http:\/\/twitter.com\/shopify","brands_slider_image_7_title":"Coffee Tables","brands_slider_image_7_link":"http:\/\/twitter.com\/shopify","brands_slider_image_8_title":"Nightstands","brands_slider_image_8_link":"http:\/\/twitter.com\/shopify","brands_slider_image_9_title":"Fermends","brands_slider_image_9_link":"http:\/\/twitter.com\/shopify","brands_slider_image_10_title":"Conseqaur","brands_slider_image_10_link":"http:\/\/twitter.com\/shopify","show_instagram":true,"instagram_bg_color":"#fff8ee","instagram_title":"#Ella On Instagram | #Ella Auf Instagram","instagram_des":"Phasellus lorem malesuada ligula pulvinar commodo maecenas suscipit auctom.","display_instagram_button":true,"instagram_button_text":"View Gallery | Ansicht-Galerie","instagram_button_link":"http:\/\/instagram.com\/shopify","instagram_get":"user","client-id":"c6e4c736e82345a3898a0e299daa00fb","instagram_tag":"","instagram_locationId":"","user-id":"1599696966","accessToken":"1599696966.1677ed0.d8e0b901804b4f14ac17fd985681098e","limit":"10","images_per_row":"5","resolution_images":"low_resolution","display_three_block_banner":false,"three_block_banner_color":"#ffffff","three_block_banner_size":"13","display_banner_text_1":true,"three_block_banner_text_1":"Editor’s Pick | Unser Tip","three_block_banner_link_1":"http:\/\/www.shopify.com\/","three_block_banner_color_1":"#ffffff","three_block_banner_size_1":"13","display_banner_text_2":true,"three_block_banner_text_2":"Shoes | Schuhe","three_block_banner_link_2":"http:\/\/www.shopify.com\/","three_block_banner_color_2":"#000000","three_block_banner_size_2":"13","display_banner_text_3":true,"three_block_banner_text_3":"Accessories | Zubehör","three_block_banner_link_3":"http:\/\/www.shopify.com\/","three_block_banner_color_3":"#ffffff","three_block_banner_size_3":"13","show_product_list_home_page":false,"product_list_collection":"","product_list_title":"New Arrivals | Neu eingetroffen","product_list_limit_all":"30","display_infinite_scrolling_homepage":true,"product_list_limit":"10","collection_results_per_row1":"5","display_banner":false,"banner_text_title":"Milancelos","banner_text_title_color":"#000000","banner_text_description":"Pellentesque posuere orci lobortis scelerisque blandit. Donec id tellus lacinia an, tincidunt risus ac, consequat velit. Quisquemos sodales suscipit tortor ditaemcos condimentum lacus meleifend menean viverra auctor blanditos comodous.","banner_text_description_color":"#2d2d2d","banner_button_text":"Shop The Collection | Unsere Kollektion","banner_button_link":"\/collections\/","display_three_banner_bottom":true,"banner_home_bottom_title":"#Featured On Ella | #Featured Auf Ella","three_banner_bottom_title_color":"#000000","three_banner_bottom_title_size":"20","three_banner_bottom_description_color":"#2d2d2d","three_banner_bottom_description_size":"12","display_banner_title_1":true,"three_banner_bottom_title_1":"Lorem Et Dorus","three_banner_bottom_title_color_1":"#000000","three_banner_bottom_title_size_1":"20","display_banner_description_1":true,"three_banner_bottom_description_1":"Nullam aliquet vestibulum augue non varius. Cras nec congue elitos. Duis tristique del ante nec aliquam. Praesent urna tellus laoreet an tellus ullamcorper fermentum facilisis eratum.","three_banner_bottom_description_color_1":"#2d2d2d","three_banner_bottom_description_size_1":"12","display_banner_button_1":true,"three_banner_bottom_button_text_1":"Shop Now | Jetzt Einkaufen","three_banner_bottom_link_1":"\/collections","display_banner_title_2":true,"three_banner_bottom_title_2":"Milancelos A Lanos","three_banner_bottom_title_color_2":"#000000","three_banner_bottom_title_size_2":"20","display_banner_description_2":true,"three_banner_bottom_description_2":"Nullam aliquet vestibulum augue non varius. Cras nec congue elitos. Duis tristique del ante nec aliquam. Praesent urna tellus laoreet an tellus ullamcorper fermentum facilisis eratum.","three_banner_bottom_description_color_2":"#2d2d2d","three_banner_bottom_description_size_2":"12","display_banner_button_2":true,"three_banner_bottom_button_text_2":"Shop Now | Jetzt Einkaufen","three_banner_bottom_link_2":"\/collections","display_banner_title_3":true,"three_banner_bottom_title_3":"Comos De Milano","three_banner_bottom_title_color_3":"#000000","three_banner_bottom_title_size_3":"20","display_banner_description_3":true,"three_banner_bottom_description_3":"Nullam aliquet vestibulum augue non varius. Cras nec congue elitos. Duis tristique del ante nec aliquam. Praesent urna tellus laoreet an tellus ullamcorper fermentum facilisis eratum.","three_banner_bottom_description_color_3":"#2d2d2d","three_banner_bottom_description_size_3":"12","display_banner_button_3":true,"three_banner_bottom_button_text_3":"Shop Now | Jetzt Einkaufen","three_banner_bottom_link_3":"\/collections","bg_footer_img":"none","bg_footer_color":"#141414","bg_footer_position_x":"left","bg_footer_position_y":"top","bg_footer_repeat":"no-repeat","bg_footer_attachment":"scroll","bg_footer_line_color":"#282828","display_header_text_order_link":"1","menu_link_image-1":"\/Collections","menu_link_image-2":"","menu_link_image-3":"","menu_link_image-4":"","menu_link_image-5":"","menu_link_image-6":"","menu_link_image-7":"","menu_link_image-8":"","menu_link_image-9":"","menu_link_image-10":"","primary_button_bg_color":"#000000","primary_button_border_color":"#000000","primary_button_text_color":"#ffffff","primary_button_bg_color_hover":"#ffffff","primary_button_border_color_hover":"#000000","primary_button_text_color_hover":"#000000","second_button_bg_color":"#ffffff","second_button_border_color":"#7d7d7d","second_button_text_color":"#000000","second_button_bg_color_hover":"#e95144","second_button_border_color_hover":"#e95144","second_button_text_color_hover":"#ffffff","show_featured_product_menu_1":true,"menu_featured_product_list_collection_1":"featured-products","menu_featured_product_title_1":"Featured Products","menu_link_image_1":"\/collections","show_featured_product_menu_2":true,"menu_featured_product_list_collection_2":"featured-products","menu_featured_product_title_2":"Featured Products","menu_link_image_2":"","show_featured_product_menu_3":true,"menu_featured_product_list_collection_3":"","menu_featured_product_title_3":"Featured Products | Ausgewählte Artikel","menu_link_image_3":"","show_featured_product_menu_4":true,"menu_featured_product_list_collection_4":"","menu_featured_product_title_4":"Featured Products","menu_link_image_4":"","show_featured_product_menu_5":true,"menu_featured_product_list_collection_5":"","menu_featured_product_title_5":"Featured Products","menu_link_image_5":"","show_featured_product_menu_6":true,"menu_featured_product_list_collection_6":"","menu_featured_product_title_6":"Featured Products","menu_link_image_6":"","show_featured_product_menu_7":true,"menu_featured_product_list_collection_7":"","menu_featured_product_title_7":"Featured Products","menu_link_image_7":"","show_featured_product_menu_8":true,"menu_featured_product_list_collection_8":"","menu_featured_product_title_8":"Featured Products","menu_link_image_8":"","show_featured_product_menu_9":true,"menu_featured_product_list_collection_9":"","menu_featured_product_title_9":"Featured Products","menu_link_image_9":"","show_featured_product_menu_10":true,"menu_featured_product_list_collection_10":"","menu_featured_product_title_10":"Featured Products","menu_link_image_10":"","megamenu_items":"living | living, Dining | Dining","slide_heading_color":"#000000","slide_heading_size":"100","slide_text_color":"#ffffff","slide_text_size":"16","display_slideshow_1":true,"image_1_link":"http:\/\/twitter.com\/shopify","image_1_alt":"natibus magoz","slide-heading_1":"natibus magoz","slide_heading_color_1":"#000000","slide_heading_size_1":"100","slide-text_1":"Pellentesque posuere orci lobortis scelerisque blandit. Donec id tellus lacinia an,<br\/>tincidunt risus ac, consequat velit. Quisquemos sodales suscipit tortor ditaemcos<br\/>condimentum lacus meleifend menean viverra auctor blanditos comodous.","slide_text_color_1":"#2d2d2d","slide_text_size_1":"12","button-text_1":"Shop The Collection | Unsere Kollektion anschauen","text_align_slide_1":"center","display_slideshow_2":true,"image_2_link":"http:\/\/twitter.com\/shopify","image_2_alt":"","slide-heading_2":"","slide_heading_color_2":"#ffffff","slide_heading_size_2":"50","slide-text_2":"","slide_text_color_2":"#ffffff","slide_text_size_2":"11","button-text_2":"Shop Now | Jetzt Einkaufen","text_align_slide_2":"center","display_slideshow_3":true,"image_3_link":"http:\/\/twitter.com\/shopify","image_3_alt":"Loremous","slide-heading_3":"Loremous","slide_heading_color_3":"#000000","slide_heading_size_3":"40","slide-text_3":"Pellentesque posuere orci lobortis scelerisque blandit. Donec id tellus lacinia an,<br\/>tincidunt risus ac, consequat velit. Quisquemos sodales suscipit tortor ditaemcos<br\/>condimentum lacus meleifend menean viverra auctor blanditos comodous.","slide_text_color_3":"#2d2d2d","slide_text_size_3":"12","button-text_3":"Shop The Collection | Unsere Kollektion anschauen","text_align_slide_3":"left","display_slideshow_4":false,"image_4_link":"","image_4_alt":"","slide-heading_4":"","slide_heading_color_4":"#ffffff","slide_heading_size_4":"64","slide-text_4":"","slide_text_color_4":"#ffffff","slide_text_size_4":"14","button-text_4":"","text_align_slide_4":"center","display_slideshow_5":false,"image_5_link":"","image_5_alt":"","slide-heading_5":"","slide_heading_color_5":"#ffffff","slide_heading_size_5":"64","slide-text_5":"","slide_text_color_5":"#ffffff","slide_text_size_5":"14","button-text_5":"","text_align_slide_5":"center","display_slideshow_6":false,"image_6_link":"","image_6_alt":"","slide-heading_6":"","slide_heading_color_6":"#ffffff","slide_heading_size_6":"64","slide-text_6":"","slide_text_color_6":"#ffffff","slide_text_size_6":"14","button-text_6":"","text_align_slide_6":"center","display_slideshow_7":false,"image_7_link":"","image_7_alt":"","slide-heading_7":"","slide_heading_color_7":"#ffffff","slide_heading_size_7":"64","slide-text_7":"","slide_text_color_7":"#ffffff","slide_text_size_7":"14","button-text_7":"","text_align_slide_7":"center","display_slideshow_8":false,"image_8_link":"","image_8_alt":"","slide-heading_8":"","slide_heading_color_8":"#ffffff","slide_heading_size_8":"64","slide-text_8":"","slide_text_color_8":"#ffffff","slide_text_size_8":"14","button-text_8":"","text_align_slide_8":"center","display_slideshow_9":false,"image_9_link":"","image_9_alt":"","slide-heading_9":"","slide_heading_color_9":"#ffffff","slide_heading_size_9":"64","slide-text_9":"","slide_text_color_9":"#ffffff","slide_text_size_9":"14","button-text_9":"","text_align_slide_9":"center","display_slideshow_10":false,"image_10_link":"","image_10_alt":"","slide-heading_10":"","slide_heading_color_10":"#ffffff","slide_heading_size_10":"64","slide-text_10":"","slide_text_color_10":"#ffffff","slide_text_size_10":"14","button-text_10":"","text_align_slide_10":"center","display_popup_social_6":true,"popup_social_6_link":"http:\/\/instagram.com\/shopify","customer_layout":"theme","header_text_order_text_color":"#141414","header_link_text_color":"#323232","search_placeholder":"Suche | search","product_list_infinite_scrolling_text":"Mehr anzeigen | Show More","product_list_no_more_product_text":"Keine weiteren Produkt | No More Product","fonts_name_1":"Raleway","fonts_name_2":"Roboto","fonts_name_3":"Roboto Condensed","fonts_name_4":"Georgia","font_1":"google_fonts","font_2":"google_fonts","font_3":"google_fonts","font_4":"normal_fonts","menu_link_image":"\/collections","menu_featured_product_title":"Featured Products","text_refined_by":"Eingeschränkt nach | Refined By","collection_infinite_scrolling_text":"Mehr anzeigen | Show More","collection_infinite_scrolling_no_more_product_text":"Keine weiteren Produkt | No More Product","show_featured_product_menu":true,"body_font_size":"12","menu_featured_product_list_collection":"top-brands","tag-name":"","using_parallax":"true","facebook_link":"http:\/\/facebook.com\/shopify","twitter_link":"http:\/\/twitter.com\/shopify","google_link":"http:\/\/twitter.com\/shopify","instagram_link":"http:\/\/twitter.com\/shopify","rss_link":"http:\/\/twitter.com\/shopify","share_email_title":"Email","share_email_link":"mailto:support@halothemes.com","share_fb_title":"Share Facebook","share_fb_link":"#","share_tw_title":"Twitter","share_tw_link":"#","share_pin_title":"Pinterest","share_pin_link":"#","share_google_title":"Google+","share_google_link":"#","share_ins_title":"Instagram","share_ins_link":"#","display_new":"true","display_icon_new":"true","product_item_no_hover":"false","contact_field_code":"<h2>Drop Us A Line<\/h2>\r\n            <label for=\"contactFormName\">Your Name<\/label>\r\n            <input type=\"text\" id=\"contactFormName\" name=\"contact[name]\" placeholder=\"Your Name\" autocapitalize=\"words\">\r\n                     \r\n  \r\n            <label for=\"contactFormEmail\">Email<em>*<\/em><\/label>\r\n            <input type=\"email\" name=\"contact[email]\" placeholder=\"you@email.com\" id=\"contactFormEmail\" autocorrect=\"off\" autocapitalize=\"off\">\r\n  \r\n            <label for=\"contactFormPhone\">Phone Number<\/label>\r\n            <input type=\"tel\" name=\"contact[phone]\" id=\"contactFormPhone\" placeholder=\"Phone Number\" pattern=\"[0-9]*\">\r\n  \r\n            <label for=\"contactFormMessage\">Your Comment <em>*<\/em><\/label>\r\n            <textarea rows=\"10\" name=\"contact[body]\" placeholder=\"Your Message\" id=\"contactFormMessage\"><\/textarea>\r\n  \r\n            <input type=\"submit\" class=\"btn left\" value=\"Submit Contact\">","display_two_banner_bottom":"true","two_banner_bottom_title_color":"#ffffff","two_banner_bottom_title_size":"32","two_banner_bottom_description_color":"#ffffff","two_banner_bottom_description_size":"14","two_banner_bottom_title_1":"bags &amp; Purses","two_banner_bottom_title_color_1":"#ffffff","two_banner_bottom_title_size_1":"32","two_banner_bottom_description_1":"Cras porta purus eu gravida facilisis. Donec blandit ligula eu neque dapibus at eleifend nunc sagittis","two_banner_bottom_description_color_1":"#ffffff","two_banner_bottom_description_size_1":"14","two_banner_bottom_button_text_1":"Browse the Feature","two_banner_bottom_link_1":"http:\/\/www.shopify.com\/","two_banner_bottom_title_2":"Look of the day","two_banner_bottom_title_color_2":"#ffffff","two_banner_bottom_title_size_2":"32","two_banner_bottom_description_2":"Cras porta purus eu gravida facilisis. Donec blandit ligula eu neque dapibus at eleifend nunc sagittis","two_banner_bottom_description_color_2":"#ffffff","two_banner_bottom_description_size_2":"14","two_banner_bottom_button_text_2":"Browse the Feature","two_banner_bottom_link_2":"http:\/\/www.shopify.com\/","menu_instagram_link":"http:\/\/instagram.com\/shopify","display_aboutus_home":"true","aboutus_home_text_title":"Avenue De Boutique","aboutus_home_text_title_color":"#404e53","aboutus_home_text_description":"Phasellus fringilla malesuada ligula pulvinar commodo maecenas suscipit auctor sodales an comodous. Divamus consectetur nisl vel ante consectetur sodales. Class aptent tacitis litora torquent lorem an conubia der inceptos himenaeos. Avenue - Responsive Online Fashion Store for Shopify.","aboutus_home_text_description_color":"#404e53","aboutus_border_color":"#c4cdcd","aboutus_border_style":"solid","footer_address_color":"#5d9494","instagram_link_footer":"http:\/\/instagram.com\/shopify","display_footer_column_1_link_1":"true","footer_column_1_text_1":"About Us","footer_column_1_link_1":"\/pages\/about-us","display_footer_column_1_link_2":"true","footer_column_1_text_2":"Avenue Blog","footer_column_1_link_2":"\/blogs\/blog","display_footer_column_1_link_3":"true","footer_column_1_text_3":"Partners","footer_column_1_link_3":"http:\/\/twitter.com\/shopify","display_footer_column_1_link_4":"true","footer_column_1_text_4":"Press Release","footer_column_1_link_4":"http:\/\/twitter.com\/shopify","display_footer_column_1_link_5":"false","footer_column_1_text_5":"","footer_column_1_link_5":"","display_footer_column_1_link_6":"false","footer_column_1_text_6":"","footer_column_1_link_6":"","display_footer_column_2_link_1":"true","footer_column_2_text_1":"Contact Us","footer_column_2_link_1":"\/pages\/contact-us","display_footer_column_2_link_2":"true","footer_column_2_text_2":"Help & FAQs","footer_column_2_link_2":"http:\/\/twitter.com\/shopify","display_footer_column_2_link_3":"true","footer_column_2_text_3":"Shipping Info & Returns","footer_column_2_link_3":"http:\/\/twitter.com\/shopify","display_footer_column_2_link_4":"true","footer_column_2_text_4":"Consultant","footer_column_2_link_4":"http:\/\/twitter.com\/shopify","display_footer_column_2_link_5":"false","footer_column_2_text_5":"","footer_column_2_link_5":"","display_footer_column_2_link_6":"false","footer_column_2_text_6":"","footer_column_2_link_6":"","display_footer_column_3_link_1":"true","footer_column_3_text_1":"Cookies","footer_column_3_link_1":"http:\/\/twitter.com\/shopify","display_footer_column_3_link_2":"true","footer_column_3_text_2":"Terms & Conditions","footer_column_3_link_2":"http:\/\/twitter.com\/shopify","footer_column_3_text_3":"Returns Policy","footer_column_3_link_3":"http:\/\/twitter.com\/shopify","display_footer_column_3_link_4":"true","footer_column_3_text_4":"Other Information","footer_column_3_link_4":"http:\/\/twitter.com\/shopify","display_footer_column_3_link_5":"false","footer_column_3_text_5":"","footer_column_3_link_5":"","display_footer_column_3_link_6":"false","footer_column_3_text_6":"","footer_column_3_link_6":"","payment_methods_accepted_text":"","payment_text_color":"","display_text_free_shipping":"1","free_shipping_text":"Free Shipping Worldwide. No Minimum Ourchase required.","cart_text_color":"#66787f","cart_text_color_hover":"#090939","nav_border_style":"solid","nav_border_color":"#d2d8db","nav_border_top_color":"#00a6ff","nav_border_bottom_color":"#ff0000","height":"","display_product_detail_tab":"false","enable_lazy_loading":"true","infinite_scrolling_text":"Show More","infinite_scrolling":"true","use_logo":"true","enable_opengraph":"false","enable_twittercards":"false","footer_display_contact":"true","footer_contact_title":"Contact Us","footer_display_social":"true","footer_social_title":"Follow Us","ajax_cart_method":"Drawer","currency_format":"money_format","show_multiple_currencies":"true","twittercard_handle":"","blog_tag_background_color":"","blog_tag_background_hover_color":"","blog_tag_font_color":"","blog_tag_font_hover_color":"","display_blog_tags":"true","text_color":"#333333","link_color":"#333333","menu_color":"#333333","menu_bg_color":"#000000","footer_heading_color":"#e2e2e2","special_color":"#cc003e","second_special_color":"#ff2d6d","selection_color":"#cc003e","image_overlay_color":"#cc003e","product_display_related":"true","collection_sale_sticker_color":"","collection_display_browse?":"false","collection_display_vendor?":"false","collection_display_price?":"false","collection_display_sale?":"false","hide_view_collection_link":"false","display_feature_prouduct_home_page":"true","slide-des_1_slide-heading":"abc","slider_auto_advance":"5000","slider_item_1_link":"","slider_item_1_title":"","slider_item_2_link":"","slider_item_2_title":"","slider_item_3_link":"","slider_item_3_title":"","slider_item_4_link":"","slider_item_4_title":"","slider_item_5_link":"","slider_item_5_title":"","slider_item_6_link":"","slider_item_6_title":"","slider_item_1_text":"","slider_item_2_text":"","slider_item_3_text":"","slider_item_4_text":"","slider_item_5_text":"","slider_item_6_text":"","show_homepage_slider":"true","show_slider_item_1":"true","show_slider_item_2":"true","show_slider_item_3":"false","show_slider_item_4":"false","show_slider_item_5":"false","show_slider_item_6":"false","display_blog_dropdown":"true","display_collection_dropdown":"false","display_nav_search":"false","nav_link_color":"#333333","nav_link_hover_color":"#ffffff","selected_nav_link_color":"#ffffff","nav_becomes_fixed":"false","footer_contact_text":"","bg_x_position":"0","bg_y_position":"0","bg_color":"#ffffff","bg_repeat":"repeat","bg_overlay_color":"#0ef56b","show_bg_overlay":"true","bg_x_pos":"0","bg_y_pos":"0","supported_currencies":"AUD EUR GBP USD JPY BHD","product_related_title":"Related products","featured_products":"frontpage","display_footer_column_3_link_3":"true","border_color_product_item":"#ff0000","product_item_border":"true","product_main_height":"500"},"presets":{"Default":{"enable_retina":true,"brand_type":"image","brand_text":"","min_height_logo":"53","display_header_top_text":true,"header_top_text":"Mid-Season Sale Up to 70% OFF. Use Code: “SALE70”.","header_top_link":"Shop Now","bg_header_top_color":"#ffe8e8","text_header_top_color":"#b05d5d","show_header_search":true,"search_placeholder":"search","display_header_text_order":true,"header_text_order":"Order online or call us (1800) 000 8808","header_text_order_text_color":"#141414","header_link_text_color":"#323232","display_header_free_shipping":true,"header_free_shipping":"Free shipping on All Orders. No Minimum Purchase.","header_free_shipping_text_color":"#000000","dropdowncart_type":"hover","bg_footer_img":"none","bg_footer_color":"#141414","bg_footer_position_x":"left","bg_footer_position_y":"top","bg_footer_repeat":"no-repeat","bg_footer_attachment":"scroll","bg_footer_line_color":"#3f3f3f","footer_title_color":"#ffffff","footer_link_color":"#cccccc","footer_column_1_title":"Shops","footer_column_2_title":"Information","footer_column_3_title":"Customer Service","display_social":true,"footer_column_4_title":"Stay Connected","footer_social_link_1":"http:\/\/facebook.com\/shopify","footer_social_link_2":"http:\/\/twitter.com\/shopify","footer_social_link_3":"http:\/\/twitter.com\/shopify","footer_social_link_4":"http:\/\/twitter.com\/shopify","footer_social_link_5":"http:\/\/twitter.com\/shopify","footer_display_newsletter":true,"footer_newsletter_title":"Newsletter Sign Up","mailing_list_form_action":"\/\/halothemes.us3.list-manage.com\/subscribe\/post?u=0bf85dc81d846feb53a235178&amp;id=89ea28643a","display_footer_address":true,"footer_address_code":"© 2014 ELLA Fashion Store Shopify. All Rights Reserved. Ecommerce Software by Shopify.<br>Designed by <a href=\"http:\/\/halothemes.com\/\" title='HaloThemes.com'>HaloThemes.com<\/a>.","payment_methods_display_visa?":true,"payment_methods_display_american-express?":true,"payment_methods_display_mastercard?":true,"payment_methods_display_discover?":false,"payment_methods_display_paypal?":true,"payment_methods_display_google-checkout?":false,"payment_methods_display_maestro?":false,"payment_methods_display_cirrus?":false,"bg_body_img":"none","bg_body_color":"#ffffff","bg_body_position_x":"left","bg_body_position_y":"top","bg_body_repeat":"repeat","bg_body_attachment":"scroll","body_font_size":"12","body_color":"#2d2d2d","display_breadcrumb":true,"breadcrumb_color":"#848484","breadcrumb_text_transform":"lowercase","page_title_color":"#000000","page_title_text_align":"left","display_megamenu":true,"megamenu_items":"Shop","enable_new":false,"menu_link_image":"\/collections","display_fixtop_menu":true,"show_featured_product_menu":true,"menu_featured_product_title":"Featured Products","nav_bg_color":"#141414","nav_link_top_color":"#ffffff","nav_link_top_hover_color":"#ffffff","show_dropdown_arrow":true,"nav_dropdown_border_style":"solid","nav_dropdown_border_color":"#c5cacb","nav_dropdown_bg_color":"#ffffff","nav_dropdown_link_color":"#000000","nav_dropdown_link_color_hover":"#000000","primary_button_bg_color":"#000000","primary_button_border_color":"#000000","primary_button_text_color":"#ffffff","primary_button_bg_color_hover":"#ffffff","primary_button_border_color_hover":"#000000","primary_button_text_color_hover":"#000000","second_button_bg_color":"#ffffff","second_button_border_color":"#7d7d7d","second_button_text_color":"#000000","second_button_bg_color_hover":"#e95144","second_button_border_color_hover":"#e95144","second_button_text_color_hover":"#ffffff","display_three_block_banner":true,"three_block_banner_color":"#ffffff","three_block_banner_size":"13","display_banner_text_1":true,"three_block_banner_text_1":"Editor’s Pick","three_block_banner_link_1":"http:\/\/www.shopify.com\/","three_block_banner_color_1":"#ffffff","three_block_banner_size_1":"13","display_banner_text_2":true,"three_block_banner_text_2":"Shoes","three_block_banner_link_2":"http:\/\/www.shopify.com\/","three_block_banner_color_2":"#000000","three_block_banner_size_2":"13","display_banner_text_3":true,"three_block_banner_text_3":"Accessories","three_block_banner_link_3":"http:\/\/www.shopify.com\/","three_block_banner_color_3":"#ffffff","three_block_banner_size_3":"13","show_product_list_home_page":true,"product_list_title":"New Arrivals","product_list_limit_all":"30","display_infinite_scrolling_homepage":true,"product_list_infinite_scrolling_text":"Show More","product_list_no_more_product_text":"No More Product","product_list_limit":"10","collection_results_per_row1":"5","display_banner":true,"banner_text_title":"Milancelos","banner_text_title_color":"#000000","banner_text_description":"Pellentesque posuere orci lobortis scelerisque blandit. Donec id tellus lacinia an, tincidunt risus ac, consequat velit. Quisquemos sodales suscipit tortor ditaemcos condimentum lacus meleifend menean viverra auctor blanditos comodous.","banner_text_description_color":"#2d2d2d","banner_button_text":"Shop The Collection","show_slider_trending":true,"slider_trending_title":"Trending Now","slider_trending_limit_all":"10","trending_collection_results_per_row":"5","display_three_banner_bottom":true,"banner_home_bottom_title":"#Featured On Ella","three_banner_bottom_title_color":"#000000","three_banner_bottom_title_size":"20","three_banner_bottom_description_color":"#2d2d2d","three_banner_bottom_description_size":"12","display_banner_title_1":true,"three_banner_bottom_title_1":"Lorem Et Dorus","three_banner_bottom_title_color_1":"#000000","three_banner_bottom_title_size_1":"20","display_banner_description_1":true,"three_banner_bottom_description_1":"Nullam aliquet vestibulum augue non varius. Cras nec congue elitos. Duis tristique del ante nec aliquam. Praesent urna tellus laoreet an tellus ullamcorper fermentum facilisis eratum.","three_banner_bottom_description_color_1":"#2d2d2d","three_banner_bottom_description_size_1":"12","display_banner_button_1":true,"three_banner_bottom_button_text_1":"Shop Now","three_banner_bottom_link_1":"\/collections","display_banner_title_2":true,"three_banner_bottom_title_2":"Milancelos A Lanos","three_banner_bottom_title_color_2":"#000000","three_banner_bottom_title_size_2":"20","display_banner_description_2":true,"three_banner_bottom_description_2":"Nullam aliquet vestibulum augue non varius. Cras nec congue elitos. Duis tristique del ante nec aliquam. Praesent urna tellus laoreet an tellus ullamcorper fermentum facilisis eratum.","three_banner_bottom_description_color_2":"#2d2d2d","three_banner_bottom_description_size_2":"12","display_banner_button_2":true,"three_banner_bottom_button_text_2":"Shop Now","three_banner_bottom_link_2":"\/collections","display_banner_title_3":true,"three_banner_bottom_title_3":"Comos De Milano","three_banner_bottom_title_color_3":"#000000","three_banner_bottom_title_size_3":"20","display_banner_description_3":true,"three_banner_bottom_description_3":"Nullam aliquet vestibulum augue non varius. Cras nec congue elitos. Duis tristique del ante nec aliquam. Praesent urna tellus laoreet an tellus ullamcorper fermentum facilisis eratum.","three_banner_bottom_description_color_3":"#2d2d2d","three_banner_bottom_description_size_3":"12","display_banner_button_3":true,"three_banner_bottom_button_text_3":"Shop Now","three_banner_bottom_link_3":"\/collections","display_brands_slider":true,"brands_slider_image_1_title":"Loremous","brands_slider_image_1_link":"http:\/\/twitter.com\/shopify","brands_slider_image_2_title":"Isabella","brands_slider_image_2_link":"http:\/\/twitter.com\/shopify","brands_slider_image_3_title":"Magcor","brands_slider_image_3_link":"http:\/\/twitter.com\/shopify","brands_slider_image_4_title":"Fermends","brands_slider_image_4_link":"http:\/\/twitter.com\/shopify","brands_slider_image_5_title":"Conseqaur","brands_slider_image_5_link":"http:\/\/twitter.com\/shopify","brands_slider_image_6_title":"Loremous","brands_slider_image_6_link":"http:\/\/twitter.com\/shopify","brands_slider_image_7_title":"Isabella","brands_slider_image_7_link":"http:\/\/twitter.com\/shopify","brands_slider_image_8_title":"Magcor","brands_slider_image_8_link":"http:\/\/twitter.com\/shopify","brands_slider_image_9_title":"Fermends","brands_slider_image_9_link":"http:\/\/twitter.com\/shopify","brands_slider_image_10_title":"Conseqaur","brands_slider_image_10_link":"http:\/\/twitter.com\/shopify","show_instagram":true,"instagram_title":"#Ella On Instagram","instagram_des":"Phasellus lorem malesuada ligula pulvinar commodo maecenas suscipit auctom.","display_instagram_button":true,"instagram_button_text":"View Gallery","tag-name":"nycbicycle","client-id":"bf36974dab61492aa26bd3ea2c92cefe","limit":"10","display_slideshow":true,"slideshow_speed":"5000","slideshow_transition":"fade","slide_heading_color":"#000000","slide_heading_size":"40","slide_text_color":"#ffffff","slide_text_size":"12","display_slideshow_1":true,"image_1_link":"http:\/\/twitter.com\/shopify","image_1_alt":"Lorem a Cosmo","slide-heading_1":"Lorem a Cosmo","slide_heading_color_1":"#000000","slide_heading_size_1":"40","slide-text_1":"Pellentesque posuere orci lobortis scelerisque blandit. Donec id tellus lacinia an, tincidunt risus ac, consequat velit. Quisquemos sodales suscipit tortor ditaemcos condimentum lacus meleifend menean viverra auctor blanditos comodous.","slide_text_color_1":"#2d2d2d","slide_text_size_1":"12","button-text_1":"Shop The Collection","display_slideshow_2":true,"image_2_link":"http:\/\/twitter.com\/shopify","image_2_alt":"","slide-heading_2":"","slide_heading_color_2":"#ffffff","slide_heading_size_2":"50","slide-text_2":"","slide_text_color_2":"#ffffff","slide_text_size_2":"11","button-text_2":"Shop Now","display_slideshow_3":true,"image_3_link":"http:\/\/twitter.com\/shopify","image_3_alt":"Loremous","slide-heading_3":"Loremous","slide_heading_color_3":"#000000","slide_heading_size_3":"40","slide-text_3":"Pellentesque posuere orci lobortis scelerisque blandit. Donec id tellus lacinia an, tincidunt risus ac, consequat velit. Quisquemos sodales suscipit tortor ditaemcos condimentum lacus meleifend menean viverra auctor blanditos comodous.","slide_text_color_3":"#2d2d2d","slide_text_size_3":"12","button-text_3":"Shop The Collection","display_slideshow_4":false,"image_4_link":"","image_4_alt":"","slide-heading_4":"","slide_heading_color_4":"#ffffff","slide_heading_size_4":"64","slide-text_4":"","slide_text_color_4":"#ffffff","slide_text_size_4":"14","button-text_4":"","display_slideshow_5":false,"image_5_link":"","image_5_alt":"","slide-heading_5":"","slide_heading_color_5":"#ffffff","slide_heading_size_5":"64","slide-text_5":"","slide_text_color_5":"#ffffff","slide_text_size_5":"14","button-text_5":"","display_slideshow_6":false,"image_6_link":"","image_6_alt":"","slide-heading_6":"","slide_heading_color_6":"#ffffff","slide_heading_size_6":"64","slide-text_6":"","slide_text_color_6":"#ffffff","slide_text_size_6":"14","button-text_6":"","display_slideshow_7":false,"image_7_link":"","image_7_alt":"","slide-heading_7":"","slide_heading_color_7":"#ffffff","slide_heading_size_7":"64","slide-text_7":"","slide_text_color_7":"#ffffff","slide_text_size_7":"14","button-text_7":"","display_slideshow_8":false,"image_8_link":"","image_8_alt":"","slide-heading_8":"","slide_heading_color_8":"#ffffff","slide_heading_size_8":"64","slide-text_8":"","slide_text_color_8":"#ffffff","slide_text_size_8":"14","button-text_8":"","display_slideshow_9":false,"image_9_link":"","image_9_alt":"","slide-heading_9":"","slide_heading_color_9":"#ffffff","slide_heading_size_9":"64","slide-text_9":"","slide_text_color_9":"#ffffff","slide_text_size_9":"14","button-text_9":"","display_slideshow_10":false,"image_10_link":"","image_10_alt":"","slide-heading_10":"","slide_heading_color_10":"#ffffff","slide_heading_size_10":"64","slide-text_10":"","slide_text_color_10":"#ffffff","slide_text_size_10":"14","button-text_10":"","display_popup_newsletter":true,"popup_newsletter_title":"Join Our Mailing List","popup_newsletter_sub_title":"Pellentesque de fermentum mollis comodous an loremous","popup_newsletter_message":"Sign Up for exclusive updates, new arrivals <br>and insider-only discounts","display_popup_social":true,"display_popup_social_1":true,"popup_social_1_link":"http:\/\/www.facebook.com\/Shopify","display_popup_social_2":true,"popup_social_2_link":"http:\/\/www.twitter.com\/shopify","display_popup_social_3":true,"popup_social_3_link":"https:\/\/plus.google.com\/+shopify","display_popup_social_4":true,"popup_social_4_link":"http:\/\/instagram.com\/shopify","display_popup_social_5":true,"popup_social_5_link":"http:\/\/instagram.com\/shopify","display_popup_social_6":true,"popup_social_6_link":"http:\/\/instagram.com\/shopify","display_sidebar_categories":true,"sidebar_categories_title":"Categories","enable_shop_by_tags_1":true,"shop_by_tags_1_title":"Color","shop_by_color_text_1":"Beige","shop_by_color_text_2":"Red","shop_by_color_text_3":"White","shop_by_color_text_4":"Pink","shop_by_color_text_5":"Silver","shop_by_color_text_6":"Blue","shop_by_color_text_7":"Gray","shop_by_color_text_8":"Black","shop_by_color_text_9":"Green","shop_by_color_text_10":"","enable_shop_by_tags_2":true,"shop_by_tags_2_title":"Size","shop_by_tags_2_list_tags":"XS, S, M, L, XL","enable_shop_by_tags_3":true,"shop_by_tags_3_title":"Price","shop_by_tags_3_list_tags":"Under $100, $100 - $200, Above $200","enable_shop_by_tags_4":true,"shop_by_tags_4_title":"Brand","shop_by_tags_4_list_tags":"Chanel, Dior, Gap","show_featured_product":true,"featured_product_title":"Featured Products","featured_product_limit_all":"8","display_banner_sidebar":true,"banner_sidebar_link":"#","display_sidebar_custom":true,"custom_cms_title":"Custom CMS Block","custom_cms_text":"<p>Custom CMS block displayed at the left sidebar on the Catalog Page. Put your own content here: text, html, images, media... whatever you like.<\/p><p>There are many similar sample content placeholders across the store. All editable from admin panel.<\/p>","enable_wishlist":true,"product_image_border":false,"product_image_border_color":"#c3c3c3","product_image_crop":true,"product_image_ratio_width":"1","product_image_ratio_height":"1.35","display_image_cat":true,"collection_results_per_page":"12","collection_results_per_row":"4","collection_infinite_scrolling":false,"collection_infinite_scrolling_text":"Show More","collection_infinite_scrolling_no_more_product_text":"No more product","style_moreview":"horizontal","display_prev_next_product":true,"display_availability":true,"display_product_type":true,"display_vendor":true,"use_color_swatch":true,"display_subtotal":true,"display_product_detail_tag":false,"display_product_detail_share":true,"text_share":"<strong>Share:<\/strong> Get $20 for every friend who join us & makes a purchase!","social_title_1":"Email","social_link_1":"mailto:support@halothemes.com","social_title_2":"Share Facebook","social_link_2":"#","social_title_3":"Twitter","social_link_3":"#","social_title_4":"Pinterest","social_link_4":"#","social_title_5":"Google+","social_link_5":"#","social_title_6":"Instagram","social_link_6":"#","display_product_detail_description":true,"product_description_title":"Product Description","display_custom_tab":true,"custom_tab_title":"Shipping & Returns","custom_tab_content":"<h4>Returns Policy<\/h4><p>You may return most new, unopened items within 30 days of delivery for a full refund. We'll also pay the return shipping costs if the return is a result of our error (you received an incorrect or defective item, etc.).<\/p><p>You should expect to receive your refund within four weeks of giving your package to the return shipper, however, in many cases you will receive a refund more quickly. This time period includes the transit time for us to receive your return from the shipper (5 to 10 business days), the time it takes us to process your return once we receive it (3 to 5 business days), and the time it takes your bank to process our refund request (5 to 10 business days).<\/p><p>If you need to return an item, simply login to your account, view the order using the 'Complete Orders' link under the My Account menu and click the Return Item(s) button. We'll notify you via e-mail of your refund once we've received and processed the returned item.<\/p><h4>Shipping<\/h4><p>We can ship to virtually any address in the world. Note that there are restrictions on some products, and some products cannot be shipped to international destinations.<\/p><p>When you place an order, we will estimate shipping and delivery dates for you based on the availability of your items and the shipping options you choose. Depending on the shipping provider you choose, shipping date estimates may appear on the shipping quotes page.<\/p><p>Please also note that the shipping rates for many items we sell are weight-based. The weight of any such item can be found on its detail page. To reflect the policies of the shipping companies we use, all weights will be rounded up to the next full pound.<\/p>","display_size_chart":true,"custom_size_chart_title":"Size Chart","display_product_reviews":true,"product_review_title":"Customer Reviews","display_related_products":true,"related_products_title":"Related Products","number_of_related_products":"8","related_products_type":"tags","display_recently_viewed_products":true,"recently_viewed_products_title":"Recently Viewed Products","number_of_recently_viewed_products":"8","enable_quick_view":true,"display_quickview_availability":true,"display_quickview_product_type":true,"display_quickview_vendor":true,"display_quickview_subtotal":true,"cart_notes":true,"ajax_cart":true,"show_shipping_calculator":true,"shipping_calculator_heading":"Get shipping estimates","shipping_calculator_default_country":"United States","shipping_calculator_submit_button_label":"Calculate Shipping","shipping_calculator_submit_button_label_disabled":"Calculating...","enable_multiple_currencies":true,"currency_1_unit":"AUD","currency_2_unit":"EUR","currency_3_unit":"GBP","currency_4_unit":"USD","display_google_map":true,"google_map_code":"<iframe src='https:\/\/maps.google.com\/maps?f=q&amp;source=s_q&amp;hl=vi&amp;geocode=&amp;q=4+Nguy%E1%BB%85n+%C4%90%C3%ACnh+chi%E1%BB%83u,+%C4%90a+Kao,+Qu%E1%BA%ADn+1&amp;aq=&amp;sll=37.0625,-95.677068&amp;sspn=41.903538,86.572266&amp;ie=UTF8&amp;hq=&amp;hnear=4+Nguy%E1%BB%85n+%C4%90%C3%ACnh+Chi%E1%BB%83u,+%C4%90a+Kao,+Qu%E1%BA%ADn+1,+H%E1%BB%93+Ch%C3%AD+Minh,+Vi%E1%BB%87t+Nam&amp;t=m&amp;ll=10.797518,106.700377&amp;spn=0.014754,0.071197&amp;z=15&amp;iwloc=A&amp;output=embed' frameborder='0' marginwidth='0' marginheight='0' scrolling='no' width='100%'' height='350'><\/iframe>","contact_your_name":"","contact_phone_number":"","contact_your_email":"","contact_your_comment":"","display_location":true,"location_code":"<h4>Please do get in touch!<\/h4><p class=\"line\"><\/p><p>We'd love to hear from you - please use the form to send us your message or ideas. Or simply pop in for a cup of fresh tea and a cookie:<\/p><p>8808 Ave Dermentum, Onsectetur Adipiscing<br>Tortor Sagittis, CA 880986,<br>United States<\/p><p>9087S Divamus Faucibus Str., <br> City name,<br> Postal Code,<br>CA 90896 <br>United States<\/p><p>Email: stores@domain.com<br>Toll-free: (1800) 000 8808<\/p><p class=\"open-hours\">Opening Hours:<br>Monday to Saturday: 9am - 10pm<br>Sundays: 10am - 6pm<\/p>","enable_lazy_loading_pc":true,"enable_lazy_loading_mobile":false,"font_1":"google_fonts","font_2":"google_fonts","font_3":"google_fonts","checkout_use_header_image":true,"checkout_banner_background_color":"#ffffff","checkout_logo":"checkout_logo.png","checkout_headline":"","checkout_accent_color":"#2d2d2d","checkout_button_color":"#000000","checkout_call_to_action_color":"#000000","customer_layout":"theme","facebook_link":"http:\/\/facebook.com\/shopify","twitter_link":"http:\/\/twitter.com\/shopify","google_link":"http:\/\/twitter.com\/shopify","instagram_link":"http:\/\/twitter.com\/shopify","rss_link":"http:\/\/twitter.com\/shopify","share_email_title":"Email","share_email_link":"mailto:support@halothemes.com","share_fb_title":"Share Facebook","share_fb_link":"#","share_tw_title":"Twitter","share_tw_link":"#","share_pin_title":"Pinterest","share_pin_link":"#","share_google_title":"Google+","share_google_link":"#","share_ins_title":"Instagram","share_ins_link":"#","display_new":"true","display_icon_new":"true","product_item_no_hover":"false","contact_field_code":"<h2>Drop Us A Line<\/h2>\r\n            <label for=\"contactFormName\">Your Name<\/label>\r\n            <input type=\"text\" id=\"contactFormName\" name=\"contact[name]\" placeholder=\"Your Name\" autocapitalize=\"words\">\r\n                     \r\n  \r\n            <label for=\"contactFormEmail\">Email<em>*<\/em><\/label>\r\n            <input type=\"email\" name=\"contact[email]\" placeholder=\"you@email.com\" id=\"contactFormEmail\" autocorrect=\"off\" autocapitalize=\"off\">\r\n  \r\n            <label for=\"contactFormPhone\">Phone Number<\/label>\r\n            <input type=\"tel\" name=\"contact[phone]\" id=\"contactFormPhone\" placeholder=\"Phone Number\" pattern=\"[0-9]*\">\r\n  \r\n            <label for=\"contactFormMessage\">Your Comment <em>*<\/em><\/label>\r\n            <textarea rows=\"10\" name=\"contact[body]\" placeholder=\"Your Message\" id=\"contactFormMessage\"><\/textarea>\r\n  \r\n            <input type=\"submit\" class=\"btn left\" value=\"Submit Contact\">","display_two_banner_bottom":"true","two_banner_bottom_title_color":"#ffffff","two_banner_bottom_title_size":"32","two_banner_bottom_description_color":"#ffffff","two_banner_bottom_description_size":"14","two_banner_bottom_title_1":"bags &amp; Purses","two_banner_bottom_title_color_1":"#ffffff","two_banner_bottom_title_size_1":"32","two_banner_bottom_description_1":"Cras porta purus eu gravida facilisis. Donec blandit ligula eu neque dapibus at eleifend nunc sagittis","two_banner_bottom_description_color_1":"#ffffff","two_banner_bottom_description_size_1":"14","two_banner_bottom_button_text_1":"Browse the Feature","two_banner_bottom_link_1":"http:\/\/www.shopify.com\/","two_banner_bottom_title_2":"Look of the day","two_banner_bottom_title_color_2":"#ffffff","two_banner_bottom_title_size_2":"32","two_banner_bottom_description_2":"Cras porta purus eu gravida facilisis. Donec blandit ligula eu neque dapibus at eleifend nunc sagittis","two_banner_bottom_description_color_2":"#ffffff","two_banner_bottom_description_size_2":"14","two_banner_bottom_button_text_2":"Browse the Feature","two_banner_bottom_link_2":"http:\/\/www.shopify.com\/","menu_instagram_link":"http:\/\/instagram.com\/shopify","display_aboutus_home":"true","aboutus_home_text_title":"Avenue De Boutique","aboutus_home_text_title_color":"#404e53","aboutus_home_text_description":"Phasellus fringilla malesuada ligula pulvinar commodo maecenas suscipit auctor sodales an comodous. Divamus consectetur nisl vel ante consectetur sodales. Class aptent tacitis litora torquent lorem an conubia der inceptos himenaeos. Avenue - Responsive Online Fashion Store for Shopify.","aboutus_home_text_description_color":"#404e53","aboutus_border_color":"#c4cdcd","aboutus_border_style":"solid","footer_address_color":"#5d9494","instagram_link_footer":"http:\/\/instagram.com\/shopify","display_footer_column_1_link_1":"true","footer_column_1_text_1":"About Us","footer_column_1_link_1":"\/pages\/about-us","display_footer_column_1_link_2":"true","footer_column_1_text_2":"Avenue Blog","footer_column_1_link_2":"\/blogs\/blog","display_footer_column_1_link_3":"true","footer_column_1_text_3":"Partners","footer_column_1_link_3":"http:\/\/twitter.com\/shopify","display_footer_column_1_link_4":"true","footer_column_1_text_4":"Press Release","footer_column_1_link_4":"http:\/\/twitter.com\/shopify","display_footer_column_1_link_5":"false","footer_column_1_text_5":"","footer_column_1_link_5":"","display_footer_column_1_link_6":"false","footer_column_1_text_6":"","footer_column_1_link_6":"","display_footer_column_2_link_1":"true","footer_column_2_text_1":"Contact Us","footer_column_2_link_1":"\/pages\/contact-us","display_footer_column_2_link_2":"true","footer_column_2_text_2":"Help & FAQs","footer_column_2_link_2":"http:\/\/twitter.com\/shopify","display_footer_column_2_link_3":"true","footer_column_2_text_3":"Shipping Info & Returns","footer_column_2_link_3":"http:\/\/twitter.com\/shopify","display_footer_column_2_link_4":"true","footer_column_2_text_4":"Consultant","footer_column_2_link_4":"http:\/\/twitter.com\/shopify","display_footer_column_2_link_5":"false","footer_column_2_text_5":"","footer_column_2_link_5":"","display_footer_column_2_link_6":"false","footer_column_2_text_6":"","footer_column_2_link_6":"","display_footer_column_3_link_1":"true","footer_column_3_text_1":"Cookies","footer_column_3_link_1":"http:\/\/twitter.com\/shopify","display_footer_column_3_link_2":"true","footer_column_3_text_2":"Terms & Conditions","footer_column_3_link_2":"http:\/\/twitter.com\/shopify","footer_column_3_text_3":"Returns Policy","footer_column_3_link_3":"http:\/\/twitter.com\/shopify","display_footer_column_3_link_4":"true","footer_column_3_text_4":"Other Information","footer_column_3_link_4":"http:\/\/twitter.com\/shopify","display_footer_column_3_link_5":"false","footer_column_3_text_5":"","footer_column_3_link_5":"","display_footer_column_3_link_6":"false","footer_column_3_text_6":"","footer_column_3_link_6":"","payment_methods_accepted_text":"","payment_text_color":"","display_text_free_shipping":"1","free_shipping_text":"Free Shipping Worldwide. No Minimum Ourchase required.","cart_text_color":"#66787f","cart_text_color_hover":"#090939","nav_border_style":"solid","nav_border_color":"#d2d8db","nav_border_top_color":"#00a6ff","nav_border_bottom_color":"#ff0000","height":"","display_product_detail_tab":"false","enable_lazy_loading":"true","infinite_scrolling_text":"Show More","infinite_scrolling":"true","use_logo":"true","enable_opengraph":"false","enable_twittercards":"false","footer_display_contact":"true","footer_contact_title":"Contact Us","footer_display_social":"true","footer_social_title":"Follow Us","ajax_cart_method":"Drawer","currency_format":"money_format","show_multiple_currencies":"true","twittercard_handle":"","blog_tag_background_color":"","blog_tag_background_hover_color":"","blog_tag_font_color":"","blog_tag_font_hover_color":"","display_blog_tags":"true","text_color":"#333333","link_color":"#333333","menu_color":"#333333","menu_bg_color":"#000000","footer_heading_color":"#e2e2e2","special_color":"#cc003e","second_special_color":"#ff2d6d","selection_color":"#cc003e","image_overlay_color":"#cc003e","product_display_related":"true","collection_sale_sticker_color":"","collection_display_browse?":"false","collection_display_vendor?":"false","collection_display_price?":"false","collection_display_sale?":"false","hide_view_collection_link":"false","display_feature_prouduct_home_page":"true","slide-des_1_slide-heading":"abc","slider_auto_advance":"5000","slider_item_1_link":"","slider_item_1_title":"","slider_item_2_link":"","slider_item_2_title":"","slider_item_3_link":"","slider_item_3_title":"","slider_item_4_link":"","slider_item_4_title":"","slider_item_5_link":"","slider_item_5_title":"","slider_item_6_link":"","slider_item_6_title":"","slider_item_1_text":"","slider_item_2_text":"","slider_item_3_text":"","slider_item_4_text":"","slider_item_5_text":"","slider_item_6_text":"","show_homepage_slider":"true","show_slider_item_1":"true","show_slider_item_2":"true","show_slider_item_3":"false","show_slider_item_4":"false","show_slider_item_5":"false","show_slider_item_6":"false","display_blog_dropdown":"true","display_collection_dropdown":"false","display_nav_search":"false","nav_link_color":"#333333","nav_link_hover_color":"#ffffff","selected_nav_link_color":"#ffffff","nav_becomes_fixed":"false","footer_contact_text":"","bg_x_position":"0","bg_y_position":"0","bg_color":"#ffffff","bg_repeat":"repeat","bg_overlay_color":"#0ef56b","show_bg_overlay":"true","bg_x_pos":"0","bg_y_pos":"0","supported_currencies":"AUD EUR GBP USD JPY BHD","product_related_title":"Related products","featured_products":"frontpage","display_footer_column_3_link_3":"true","border_color_product_item":"#ff0000","product_item_border":"true","product_main_height":"500"}}}