[{"name":"Welcome","settings":[{"type":"paragraph","content":"Theme settings allow designers to provide an easy way for any user to customize the look and feel of their shop without having to delve into HTML or CSS code. Please see our [help page on theme settings](http:\/\/docs.shopify.com\/themes\/theme-templates\/settings) to learn more about how you can make your theme customizable."}]},{"name":"General","settings":[{"type":"header","content":"Import Google Fonts"},{"type":"paragraph","content":"[Where do I find Google Fonts?](http:\/\/www.google.com\/fonts)"},{"type":"textarea","id":"google_font_name","label":"Google Font Name","default":"Raleway, Roboto, Roboto Condensed","info":"Use \",\" to separate fonts name if you have multiple fonts. For ex: Roboto, Montserrat, Roboto Condensed,..."},{"type":"text","id":"general_font_default","label":"General Font","default":"normal 12px\/20px Roboto, Arial","info":"Default: normal 12px\/20px Roboto, Arial"},{"type":"text","id":"general_font_h1","label":"H1 Font","default":"700 24px\/30px Raleway, Arial"},{"type":"text","id":"general_font_h2","label":"H2 Font","default":"700 20px\/25px Raleway, Arial"},{"type":"text","id":"general_font_h3","label":"H3 Font","default":"700 16px\/20px Raleway, Arial"},{"type":"text","id":"general_font_h4","label":"H4 Font","default":"400 14px\/20px Raleway, Arial"},{"type":"text","id":"general_font_h5","label":"H5 Font","default":"400 12px\/20px Raleway, Arial"},{"type":"text","id":"general_font_h6","label":"H6 Font","default":"400 11px\/20px Raleway, Arial"},{"type":"color","id":"body_color","label":"General Text Color","default":"#505050","info":"Default Value: #505050"},{"type":"header","content":"Background"},{"type":"radio","id":"bg_body_img","label":"Background image","options":[{"value":"bg-body.png","label":"Uploaded image"},{"value":"none","label":"Solid color (no image)"}]},{"type":"color","id":"bg_body_color","label":"Background color","default":"#fff"},{"type":"radio","id":"bg_body_position_x","label":"Horizontal position","options":[{"value":"left","label":"Left"},{"value":"center","label":"Center"},{"value":"right","label":"Right"}]},{"type":"radio","id":"bg_body_position_y","label":"Vertical position","options":[{"value":"top","label":"Top"},{"value":"center","label":"Center"},{"value":"bottom","label":"Bottom"}]},{"type":"select","id":"bg_body_repeat","label":"Repeat","options":[{"value":"repeat","label":"Horizontally and vertically"},{"value":"repeat-x","label":"Horizontally only"},{"value":"repeat-y","label":"Vertically only"},{"value":"no-repeat","label":"Don't repeat"}]},{"type":"select","id":"bg_body_attachment","label":"Attachment","options":[{"value":"scroll","label":"Scroll"},{"value":"fixed","label":"Fixed"}]},{"type":"image","id":"bg-body.png","label":"Upload a new image","max-width":2000,"max-height":2000},{"type":"header","content":"Buttons"},{"type":"paragraph","content":"Button 1"},{"type":"color","id":"btn_border_color-1","label":"Border Color"},{"type":"color","id":"btn_bg_color-1","label":"Background Color"},{"type":"color","id":"btn_text_color-1","label":"Text Color"},{"type":"color","id":"btn_hover_border_color-1","label":"Border Color on Hover"},{"type":"color","id":"btn_hover_bg_color-1","label":"Background Color on Hover"},{"type":"color","id":"btn_hover_text_color-1","label":"Text Color on Hover"},{"type":"paragraph","content":"Button 2"},{"type":"color","id":"btn_border_color-2","label":"Border Color"},{"type":"color","id":"btn_bg_color-2","label":"Background Color"},{"type":"color","id":"btn_text_color-2","label":"Text Color"},{"type":"color","id":"btn_hover_border_color-2","label":"Border Color on Hover"},{"type":"color","id":"btn_hover_bg_color-2","label":"Background Color on Hover"},{"type":"color","id":"btn_hover_text_color-2","label":"Text Color on Hover"},{"type":"paragraph","content":"Button 3"},{"type":"color","id":"btn_border_color-3","label":"Border Color"},{"type":"color","id":"btn_bg_color-3","label":"Background Color"},{"type":"color","id":"btn_text_color-3","label":"Text Color"},{"type":"color","id":"btn_hover_border_color-3","label":"Border Color on Hover"},{"type":"color","id":"btn_hover_bg_color-3","label":"Background Color on Hover"},{"type":"color","id":"btn_hover_text_color-3","label":"Text Color on Hover"},{"type":"paragraph","content":"Button 4"},{"type":"color","id":"btn_border_color-4","label":"Border Color"},{"type":"color","id":"btn_bg_color-4","label":"Background Color"},{"type":"color","id":"btn_text_color-4","label":"Text Color"},{"type":"color","id":"btn_hover_border_color-4","label":"Border Color on Hover"},{"type":"color","id":"btn_hover_bg_color-4","label":"Background Color on Hover"},{"type":"color","id":"btn_hover_text_color-4","label":"Text Color on Hover"},{"type":"paragraph","content":"Button 5"},{"type":"color","id":"btn_border_color-5","label":"Border Color"},{"type":"color","id":"btn_bg_color-5","label":"Background Color"},{"type":"color","id":"btn_text_color-5","label":"Text Color"},{"type":"color","id":"btn_hover_border_color-5","label":"Border Color on Hover"},{"type":"color","id":"btn_hover_bg_color-5","label":"Background Color on Hover"},{"type":"color","id":"btn_hover_text_color-5","label":"Text Color on Hover"},{"type":"header","content":"Breadcrumb"},{"type":"checkbox","id":"display_breadcrumb","label":"Display Breadcrumb?","default":true},{"type":"color","id":"breadcrumb_color","label":"Breadcrumb Color","default":"#787878","info":"Default Value: #787878"},{"type":"color","id":"breadcrumb_border_color","label":"Breadcrumb Border Bottom Color","default":"#e9e9e9","info":"Default Value: #e9e9e9"},{"type":"select","id":"breadcrumb_text_transform","label":"Breadcrumb Text Transform","options":[{"value":"uppercase","label":"Uppercase"},{"value":"capitalize","label":"Capitalize"},{"value":"lowercase","label":"Lowercase"}],"default":"lowercase","info":"Default Value: Lowercase"},{"type":"header","content":"Page Title"},{"type":"color","id":"page_title_color","label":"Page Title Color","default":"#000","info":"Default Value: #000"},{"type":"header","content":"Image"},{"type":"checkbox","id":"enable_hover_image","label":"Enable blur effect (opacity) when hover over banners\/images","default":true},{"type":"header","content":"Product Name"},{"type":"select","id":"product_name_text_transform","label":"Product Name Text Transform","options":[{"value":"none","label":"None"},{"value":"uppercase","label":"Uppercase"},{"value":"capitalize","label":"Capitalize"},{"value":"lowercase","label":"Lowercase"},{"value":"full-width","label":"Full-width"}],"default":"none","info":"Default Value: Lowercase"}]},{"name":"Multi Languages","settings":[{"type":"checkbox","id":"enable_multilang","label":"Enable","default":true},{"type":"text","id":"lange_1","label":"Language 1","default":"German"},{"type":"image","id":"i-lang-1.png","label":"Language 1 Icon","max-width":16,"max-height":11,"info":"16px x 11px .png"},{"type":"text","id":"lange_2","label":"Language 2","default":"English"},{"type":"image","id":"i-lang-2.png","label":"Language 2 Icon","max-width":16,"max-height":11,"info":"16px x 11px .png"}]},{"name":"Header and Logo","settings":[{"type":"radio","id":"brand_type","label":"Use image or text for logo?","options":[{"value":"text","label":"Text"},{"value":"image","label":"Image"}],"default":"image"},{"type":"text","id":"brand_text","label":"Logo text"},{"type":"image","id":"logo.png","label":"Logo image","max-width":500,"max-height":200,"info":"295px x 40px recommended"},{"type":"checkbox","id":"enable_retina","label":"Use Retina Logo","default":true},{"type":"image","id":"logo_2x.png","label":"Logo image is used when using Retina","max-width":500,"max-height":200},{"type":"image","id":"logo_fix.png","label":"Logo image when enable Fixed Top Menu","max-width":150,"max-height":20,"info":"Maximum logo dimensions are 150px wide by 20px high."},{"type":"image","id":"favicon.png","label":"Favicon","max-width":16,"max-height":16,"info":"16px x 16px .png"},{"type":"paragraph","content":"Maximum logo dimensions are 500px wide by 200px high.Your uploaded file will be resized to fit within those constraints."},{"type":"header","content":"Header Top"},{"type":"checkbox","id":"display_header_top_text","label":"Display Header Top?","default":true},{"type":"text","id":"header_top_text","label":"Header Top Text","default":"Mid-Season Sale Up to 70% OFF. Use Code: “SALE70”."},{"type":"text","id":"header_top_link_text","label":"Header Top Link Text","default":"Shop Now"},{"type":"text","id":"header_top_link","label":"Header Top Link"},{"type":"color","id":"bg_header_top_color","label":"Background Color","default":"#ffe8e8"},{"type":"color","id":"text_header_top_color","label":"Text Color","default":"#b05d5d"},{"type":"header","content":"Header Bottom"},{"type":"color","id":"bg_header_bottom_color","label":"Background Color","default":"#fff"},{"type":"checkbox","id":"display_header_text_order","label":"Display Header Customize?","default":true},{"type":"text","id":"header_text_order","label":"Header Customize Text","default":"Customer Service"},{"type":"text","id":"header_text_order_link","label":"Header Customize Link"},{"type":"color","id":"header_link_color","label":"Header Link Color","default":"#787878"},{"type":"text","id":"saleoff_text_1","label":"Sale Off Content"},{"type":"text","id":"saleoff_text_2","label":"Sale Off Enddate"},{"type":"header","content":"Search"},{"type":"checkbox","id":"show_header_search","label":"Show search form?","default":true},{"type":"color","id":"bg_search_color","label":"Background Color","default":"#fafafa"},{"type":"color","id":"border_search_color","label":"Border Bottom Color","default":"#e7e7e7"},{"type":"header","content":"Header Free Shipping"},{"type":"checkbox","id":"display_header_free_shipping","label":"Display Header Free Shipping?","default":true},{"type":"text","id":"header_free_shipping","label":"Header Free Shipping","default":"Free shipping on All Orders. No Minimum Purchase."},{"type":"text","id":"header_free_shipping_link","label":"Header Free Shipping Link"},{"type":"text","id":"header_free_shipping_link_text","label":"Header Free Shipping Link Text","default":"Loremous de comospolis"},{"type":"color","id":"header_free_shipping_text_color","label":"Header Free Shipping Text Color","default":"#fff"},{"type":"header","content":"Cart Header"},{"type":"color","id":"bg_cart_color","label":"Background Color Items Cart","default":"#fd3905"},{"type":"radio","id":"dropdowncart_type","label":"When to show dropdown cart","options":[{"value":"click","label":"Click on the cart"},{"value":"hover","label":"Hover on the cart"}]}]},{"name":"Footer","settings":[{"type":"header","content":"Footer's Background"},{"type":"color","id":"footer_bg_color","label":"Background color","default":"#1e1e1e"},{"type":"checkbox","id":"enable_footer_bg_image","label":"Using Background Image"},{"type":"image","id":"bg-footer.png","label":"Upload Background Image","max-width":2000,"max-height":2000},{"type":"select","id":"footer_bg_position_x","label":"Horizontal position","options":[{"value":"left","label":"Left"},{"value":"center","label":"Center"},{"value":"right","label":"Right"}]},{"type":"select","id":"footer_bg_position_y","label":"Vertical position","options":[{"value":"top","label":"Top"},{"value":"center","label":"Center"},{"value":"bottom","label":"Bottom"}]},{"type":"select","id":"footer_bg_repeat","label":"Repeat","options":[{"value":"repeat","label":"Horizontally and vertically"},{"value":"repeat-x","label":"Horizontally only"},{"value":"repeat-y","label":"Vertically only"},{"value":"no-repeat","label":"Don't repeat"}]},{"type":"select","id":"footer_bg_attachment","label":"Attachment","options":[{"value":"scroll","label":"Scroll"},{"value":"fixed","label":"Fixed"}]},{"type":"header","content":"Footer's Color"},{"type":"color","id":"footer_line_color","label":"Footer Line Color","default":"#3f3f3f"},{"type":"color","id":"footer_title_color","label":"Footer Title Color","default":"#fff"},{"type":"color","id":"footer_link_color","label":"Footer Text Color","default":"#cccccc"},{"type":"header","content":"Footer Top"},{"type":"checkbox","id":"display_footer_top","label":"Display Footer Top","default":true},{"type":"color","id":"footer_top_bg","label":"Footer Top Background","default":"#232323"},{"type":"color","id":"footer_top_color","label":"Footer Top Color","default":"#fff"},{"type":"text","id":"footer_top_text","label":"Footer Top Text"},{"type":"text","id":"footer_top_link","label":"Footer Top Link To"},{"type":"text","id":"footer_top_link_text","label":"Footer Top Link Text"},{"type":"header","content":"Footer Column"},{"type":"text","id":"footer_column_1_title","label":"Footer Column 1 Title"},{"type":"link_list","id":"footer_column_1_linklist","label":"Links list for column 1"},{"type":"text","id":"footer_column_2_title","label":"Footer Column 2 Title"},{"type":"link_list","id":"footer_column_2_linklist","label":"Links list for column 2"},{"type":"text","id":"footer_column_3_title","label":"Footer Column 3 Title"},{"type":"link_list","id":"footer_column_3_linklist","label":"Links list for column 3"},{"type":"header","content":"Social"},{"type":"checkbox","id":"display_social","label":"Show social media links?"},{"type":"text","id":"footer_column_4_title","label":"Social Title"},{"type":"text","id":"footer_social_link_1","label":"Social Facebook link"},{"type":"text","id":"footer_social_link_2","label":"Social Twitter link"},{"type":"text","id":"footer_social_link_3","label":"Social Google+ link"},{"type":"text","id":"footer_social_link_4","label":"Social Instagram link"},{"type":"text","id":"footer_social_link_5","label":"Social Rss link"},{"type":"text","id":"footer_social_link_6","label":"Social Pinterest link"},{"type":"textarea","id":"fb_like_code","label":"Facebook Like Code"},{"type":"header","content":"Newsletter"},{"type":"checkbox","id":"footer_display_newsletter","label":"Show newsletter?","default":true},{"type":"text","id":"footer_newsletter_title","label":"Newsletter title","default":"Newsletter Sign Up"},{"type":"text","id":"footer_newsletter_des","label":"Newsletter brief","default":"Connect with us to get the latest news & special promotions"},{"type":"text","id":"mailing_list_form_action","label":"MailChimp form action URL","info":"[Where do I find my MailChimp form action URL?](http:\/\/docs.shopify.com\/support\/configuration\/store-customization\/where-do-i-get-my-mailchimp-form-action)"},{"type":"header","content":"Footer Address"},{"type":"checkbox","id":"display_footer_address","label":"Show Footer Address?"},{"type":"textarea","id":"footer_address_code","label":"Footer Address Code"},{"type":"header","content":"Footer Payment"},{"type":"checkbox","id":"display_payment_methods","label":"Display payment methods?"},{"type":"paragraph","content":"Payment Method 1"},{"type":"checkbox","id":"display_payment_method-1","label":"Display payment method 1?"},{"type":"image","id":"payment_method_image-1.png","label":"Image's Payment Method 1","max-width":40,"max-height":25},{"type":"text","id":"payment_method_title-1","label":"Name's Payment Method 1"},{"type":"text","id":"payment_method_link-1","label":"Link's Payment Method 1"},{"type":"paragraph","content":"Payment Method 2"},{"type":"checkbox","id":"display_payment_method-2","label":"Display payment method 2?"},{"type":"image","id":"payment_method_image-2.png","label":"Image's Payment Method 2","max-width":40,"max-height":25},{"type":"text","id":"payment_method_title-2","label":"Name's Payment Method 2"},{"type":"text","id":"payment_method_link-2","label":"Link's Payment Method 2"},{"type":"paragraph","content":"Payment Method 3"},{"type":"checkbox","id":"display_payment_method-3","label":"Display payment method 3?"},{"type":"image","id":"payment_method_image-3.png","label":"Image's Payment Method 3","max-width":40,"max-height":25},{"type":"text","id":"payment_method_title-3","label":"Name's Payment Method 3"},{"type":"text","id":"payment_method_link-3","label":"Link's Payment Method 3"},{"type":"paragraph","content":"Payment Method 4"},{"type":"checkbox","id":"display_payment_method-4","label":"Display payment method 4?"},{"type":"image","id":"payment_method_image-4.png","label":"Image's Payment Method 4","max-width":40,"max-height":25},{"type":"text","id":"payment_method_title-4","label":"Name's Payment Method 4"},{"type":"text","id":"payment_method_link-4","label":"Link's Payment Method 4"},{"type":"paragraph","content":"Payment Method 5"},{"type":"checkbox","id":"display_payment_method-5","label":"Display payment method 5?"},{"type":"image","id":"payment_method_image-5.png","label":"Image's Payment Method 5","max-width":40,"max-height":25},{"type":"text","id":"payment_method_title-5","label":"Name's Payment Method 5"},{"type":"text","id":"payment_method_link-5","label":"Link's Payment Method 5"},{"type":"paragraph","content":"Payment Method 6"},{"type":"checkbox","id":"display_payment_method-6","label":"Display payment method 6?"},{"type":"image","id":"payment_method_image-6.png","label":"Image's Payment Method 6","max-width":40,"max-height":25},{"type":"text","id":"payment_method_title-6","label":"Name's Payment Method 6"},{"type":"text","id":"payment_method_link-6","label":"Link's Payment Method 6"},{"type":"paragraph","content":"Payment Method 7"},{"type":"checkbox","id":"display_payment_method-7","label":"Display payment method 7?"},{"type":"image","id":"payment_method_image-7.png","label":"Image's Payment Method 7","max-width":40,"max-height":25},{"type":"text","id":"payment_method_title-7","label":"Name's Payment Method 7"},{"type":"text","id":"payment_method_link-7","label":"Link's Payment Method 7"},{"type":"paragraph","content":"Payment Method 8"},{"type":"checkbox","id":"display_payment_method-8","label":"Display payment method 8?"},{"type":"image","id":"payment_method_image-8.png","label":"Image's Payment Method 8","max-width":40,"max-height":25},{"type":"text","id":"payment_method_title-8","label":"Name's Payment Method 8"},{"type":"text","id":"payment_method_link-8","label":"Link's Payment Method 8"},{"type":"paragraph","content":"Payment Method 9"},{"type":"checkbox","id":"display_payment_method-9","label":"Display payment method 9?"},{"type":"image","id":"payment_method_image-9.png","label":"Image's Payment Method 9","max-width":40,"max-height":25},{"type":"text","id":"payment_method_title-9","label":"Name's Payment Method 9"},{"type":"text","id":"payment_method_link-9","label":"Link's Payment Method 9"},{"type":"paragraph","content":"Payment Method 10"},{"type":"checkbox","id":"display_payment_method-10","label":"Display payment method 10?"},{"type":"image","id":"payment_method_image-10.png","label":"Image's Payment Method 10","max-width":40,"max-height":25},{"type":"text","id":"payment_method_title-10","label":"Name's Payment Method 10"},{"type":"text","id":"payment_method_link-10","label":"Link's Payment Method 10"}]},{"name":"Navigation","settings":[{"type":"header","content":"Fixed Top Menu"},{"type":"checkbox","id":"display_fixtop_menu","label":"Display Fix Top Menu?","default":true},{"type":"color","id":"bg_cart_color_fixed_top","label":"Background Items Cart","default":"#f02121"},{"type":"color","id":"border_color_fixed_top","label":"Border color of Search and Cart","default":"#4d4d4d"},{"type":"header","content":"Level Top"},{"type":"select","id":"nav_alignment","label":"Nav Alignment","options":[{"value":"left","label":"Left"},{"value":"center","label":"Center"},{"value":"right","label":"Right"}],"default":"center"},{"type":"color","id":"nav_bg_color","label":"Nav Background Color","default":"#fff"},{"type":"color","id":"nav_link_top_color","label":"Nav Link Top Color","default":"#000"},{"type":"color","id":"nav_link_top_hover_color","label":"Nav Link Top Hover Color","default":"#000"},{"type":"color","id":"nav_link_top_hover_border_color","label":"Nav Link Top Hover Border Color","default":"#ec1f1f"},{"type":"header","content":"Dropdown Menu"},{"type":"checkbox","id":"show_dropdown_arrow","label":"Show dropdown arrow icon?"},{"type":"select","id":"nav_dropdown_border_style","label":"Border Dropdown Menu Style","options":[{"value":"solid","label":"Solid"},{"value":"dashed","label":"Dashed"},{"value":"dotted","label":"Dotted"}],"default":"solid"},{"type":"color","id":"nav_dropdown_border_color","label":"Border Dropdown Menu Color","default":"#c5cacb"},{"type":"color","id":"nav_dropdown_bg_color","label":"Dropdown Menu Background Color","default":"#fff"},{"type":"color","id":"nav_dropdown_link_color","label":"Dropdown Menu Link Color","default":"#000"},{"type":"color","id":"nav_dropdown_link_color_hover","label":"Dropdown Menu Link Color Hover","default":"#000"},{"type":"header","content":"DROPDOWN MEGA MENU"},{"type":"checkbox","id":"display_megamenu","label":"Display Mega Menu?","default":true},{"type":"checkbox","id":"enable_new","label":"Display icon New at Mega Menu Items?","default":true},{"type":"header","content":"Dropdown Mega Menu 1"},{"type":"link_list","id":"megamenu_item-1","label":"Choose Mega Menu Item 1"},{"type":"paragraph","content":"Featured Product of Mega Menu 1"},{"type":"checkbox","id":"show_featured_product_menu-1","label":"Enable"},{"type":"text","id":"menu_featured_product_title-1","label":"Title","default":"Featured Products"},{"type":"collection","id":"menu_featured_product_collection-1","label":"Collection to use"},{"type":"paragraph","content":"Block Image of Mega Menu 1"},{"type":"checkbox","id":"show_megamenu_image-1","label":"Enable"},{"type":"image","id":"megamenu_image-1.jpg","label":"Upload a new image","max-width":220,"max-height":410,"info":"Size recommended: 220px x 410px"},{"type":"text","id":"megamenu_link_image-1","label":"Link image"},{"type":"header","content":"Dropdown Mega Menu 2"},{"type":"link_list","id":"megamenu_item-2","label":"Choose Mega Menu Item 2"},{"type":"paragraph","content":"Featured Product of Mega Menu 2"},{"type":"checkbox","id":"show_featured_product_menu-2","label":"Enable"},{"type":"text","id":"menu_featured_product_title-2","label":"Title","default":"Featured Products"},{"type":"collection","id":"menu_featured_product_collection-2","label":"Collection to use"},{"type":"paragraph","content":"Block Image of Mega Menu 2"},{"type":"checkbox","id":"show_megamenu_image-2","label":"Enable"},{"type":"image","id":"megamenu_image-2.jpg","label":"Upload a new image","max-width":2000,"max-height":2000,"info":"Size recommended: 220px x 412px"},{"type":"text","id":"megamenu_link_image-2","label":"Link image"},{"type":"header","content":"Dropdown Mega Menu 3"},{"type":"link_list","id":"megamenu_item-3","label":"Choose Mega Menu Item 3"},{"type":"paragraph","content":"Featured Product of Mega Menu 3"},{"type":"checkbox","id":"show_featured_product_menu-3","label":"Enable"},{"type":"text","id":"menu_featured_product_title-3","label":"Title","default":"Featured Products"},{"type":"collection","id":"menu_featured_product_collection-3","label":"Collection to use"},{"type":"paragraph","content":"Block Image of Mega Menu 3"},{"type":"checkbox","id":"show_megamenu_image-3","label":"Enable"},{"type":"image","id":"megamenu_image-3.jpg","label":"Upload a new image","max-width":2000,"max-height":2000,"info":"Size recommended: 220px x 412px"},{"type":"text","id":"megamenu_link_image-3","label":"Link image"},{"type":"header","content":"Dropdown Mega Menu 4"},{"type":"link_list","id":"megamenu_item-4","label":"Choose Mega Menu Item 4"},{"type":"paragraph","content":"Featured Product of Mega Menu 4"},{"type":"checkbox","id":"show_featured_product_menu-4","label":"Enable"},{"type":"text","id":"menu_featured_product_title-4","label":"Title","default":"Featured Products"},{"type":"collection","id":"menu_featured_product_collection-4","label":"Collection to use"},{"type":"paragraph","content":"Block Image of Mega Menu 4"},{"type":"checkbox","id":"show_megamenu_image-4","label":"Enable"},{"type":"image","id":"megamenu_image-4.jpg","label":"Upload a new image","max-width":2000,"max-height":2000,"info":"Size recommended: 220px x 412px"},{"type":"text","id":"megamenu_link_image-4","label":"Link image"},{"type":"header","content":"Dropdown Mega Menu 5"},{"type":"link_list","id":"megamenu_item-5","label":"Choose Mega Menu Item 5"},{"type":"paragraph","content":"Featured Product of Mega Menu 5"},{"type":"checkbox","id":"show_featured_product_menu-5","label":"Enable"},{"type":"text","id":"menu_featured_product_title-5","label":"Title","default":"Featured Products"},{"type":"collection","id":"menu_featured_product_collection-5","label":"Collection to use"},{"type":"paragraph","content":"Block Image of Mega Menu 5"},{"type":"checkbox","id":"show_megamenu_image-5","label":"Enable"},{"type":"image","id":"megamenu_image-5.jpg","label":"Upload a new image","max-width":2000,"max-height":2000,"info":"Size recommended: 220px x 412px"},{"type":"text","id":"megamenu_link_image-5","label":"Link image"},{"type":"header","content":"Dropdown Mega Menu 6"},{"type":"link_list","id":"megamenu_item-6","label":"Choose Mega Menu Item 6"},{"type":"paragraph","content":"Featured Product of Mega Menu 6"},{"type":"checkbox","id":"show_featured_product_menu-6","label":"Enable"},{"type":"text","id":"menu_featured_product_title-6","label":"Title","default":"Featured Products"},{"type":"collection","id":"menu_featured_product_collection-6","label":"Collection to use"},{"type":"paragraph","content":"Block Image of Mega Menu 6"},{"type":"checkbox","id":"show_megamenu_image-6","label":"Enable"},{"type":"image","id":"megamenu_image-6.jpg","label":"Upload a new image","max-width":2000,"max-height":2000,"info":"Size recommended: 220px x 412px"},{"type":"text","id":"megamenu_link_image-6","label":"Link image"},{"type":"header","content":"Dropdown Mega Menu 7"},{"type":"link_list","id":"megamenu_item-7","label":"Choose Mega Menu Item 7"},{"type":"paragraph","content":"Featured Product of Mega Menu 7"},{"type":"checkbox","id":"show_featured_product_menu-7","label":"Enable"},{"type":"text","id":"menu_featured_product_title-7","label":"Title","default":"Featured Products"},{"type":"collection","id":"menu_featured_product_collection-7","label":"Collection to use"},{"type":"paragraph","content":"Block Image of Mega Menu 7"},{"type":"checkbox","id":"show_megamenu_image-7","label":"Enable"},{"type":"image","id":"megamenu_image-7.jpg","label":"Upload a new image","max-width":2000,"max-height":2000,"info":"Size recommended: 220px x 412px"},{"type":"text","id":"megamenu_link_image-7","label":"Link image"},{"type":"header","content":"Dropdown Mega Menu 8"},{"type":"link_list","id":"megamenu_item-8","label":"Choose Mega Menu Item 8"},{"type":"paragraph","content":"Featured Product of Mega Menu 8"},{"type":"checkbox","id":"show_featured_product_menu-8","label":"Enable"},{"type":"text","id":"menu_featured_product_title-8","label":"Title","default":"Featured Products"},{"type":"collection","id":"menu_featured_product_collection-8","label":"Collection to use"},{"type":"paragraph","content":"Block Image of Mega Menu 8"},{"type":"checkbox","id":"show_megamenu_image-8","label":"Enable"},{"type":"image","id":"megamenu_image-8.jpg","label":"Upload a new image","max-width":2000,"max-height":2000,"info":"Size recommended: 220px x 412px"},{"type":"text","id":"megamenu_link_image-8","label":"Link image"},{"type":"header","content":"Dropdown Mega Menu 9"},{"type":"link_list","id":"megamenu_item-9","label":"Choose Mega Menu Item 9"},{"type":"paragraph","content":"Featured Product of Mega Menu 9"},{"type":"checkbox","id":"show_featured_product_menu-9","label":"Enable"},{"type":"text","id":"menu_featured_product_title-9","label":"Title","default":"Featured Products"},{"type":"collection","id":"menu_featured_product_collection-9","label":"Collection to use"},{"type":"paragraph","content":"Block Image of Mega Menu 9"},{"type":"checkbox","id":"show_megamenu_image-9","label":"Enable"},{"type":"image","id":"megamenu_image-9.jpg","label":"Upload a new image","max-width":2000,"max-height":2000,"info":"Size recommended: 220px x 412px"},{"type":"text","id":"megamenu_link_image-9","label":"Link image"},{"type":"header","content":"Dropdown Mega Menu 10"},{"type":"link_list","id":"megamenu_item-10","label":"Choose Mega Menu Item 10"},{"type":"paragraph","content":"Featured Product of Mega Menu 10"},{"type":"checkbox","id":"show_featured_product_menu-10","label":"Enable"},{"type":"text","id":"menu_featured_product_title-10","label":"Title","default":"Featured Products"},{"type":"collection","id":"menu_featured_product_collection-10","label":"Collection to use"},{"type":"paragraph","content":"Block Image of Mega Menu 10"},{"type":"checkbox","id":"show_megamenu_image-10","label":"Enable"},{"type":"image","id":"megamenu_image-10.jpg","label":"Upload a new image","max-width":2000,"max-height":2000,"info":"Size recommended: 220px x 412px"},{"type":"text","id":"megamenu_link_image-10","label":"Link image"}]},{"name":"Home — Slideshow","settings":[{"type":"paragraph","content":"IMPORTANT: For best results, upload images that are at least 1920px wide. Try to keep your slideshow images the same size."},{"type":"checkbox","id":"display_slideshow","label":"Enable slideshow?","default":true},{"type":"select","id":"slideshow_speed","label":"Show slideshow images for","options":[{"value":"8000","label":"8 seconds"},{"value":"7000","label":"7 seconds"},{"value":"6000","label":"6 seconds"},{"value":"5000","label":"5 seconds"},{"value":"4000","label":"4 seconds"},{"value":"3000","label":"3 seconds"},{"value":"2000","label":"2 seconds"},{"value":"1000","label":"1 seconds"}],"default":"5000"},{"type":"select","id":"slideshow_transition","label":"Slideshow transition effect:","options":[{"value":"slide","label":"Slide"},{"value":"fade","label":"Fade"}],"default":"fade"},{"type":"color","id":"slideshow_heading_color","label":"Heading color for all Slide","default":"#fff","info":"Default Value: #fff"},{"type":"text","id":"slideshow_heading_size","label":"Heading size for all Slide","default":"100","info":"Default Value: 100"},{"type":"color","id":"slideshow_description_color","label":"Description color for all Slide","default":"#fff","info":"Default Value: #fff"},{"type":"text","id":"slideshow_description_size","label":"Description size for all Slide","default":"16","info":"Default Value: 16"},{"type":"header","content":"Slide 1"},{"type":"checkbox","id":"display_slideitem-1","label":"Display Slide 1?"},{"type":"image","id":"slideitem_image-1.jpg","label":"Slide 1 Image","max-width":2048},{"type":"image","id":"slideitem_image_mb-1.jpg","label":"Slide 1 Image for phone","info":"Recommended max width: 480px","max-width":480},{"type":"text","id":"slideitem_image_alt-1","label":"ALT text for Slide 1 Image"},{"type":"text","id":"slideitem_link-1","label":"Link to for Slide 1 click"},{"type":"checkbox","id":"display_slideitem_text-1","label":"Display Slide 1 Text?","default":true},{"type":"select","id":"slideitem_text_position-1","label":"Slide 1 text position","options":[{"value":"center","label":"Center"},{"value":"left","label":"Left"},{"value":"right","label":"Right"}],"default":"center","info":"Default Value: Center"},{"type":"select","id":"slideitem_text_alignment-1","label":"Slide text 1 alignment","options":[{"value":"center","label":"Center"},{"value":"left","label":"Left"},{"value":"right","label":"Right"}],"default":"center","info":"Default Value: Center"},{"type":"text","id":"slideitem_heading_text-1","label":"Slide 1 Heading Text","default":"natibus magoz"},{"type":"color","id":"slideitem_heading_color-1","label":"Slide 1 Heading Color","info":"Default Value: transparent"},{"type":"text","id":"slideitem_heading_size-1","label":"Slide 1 Heading size"},{"type":"checkbox","id":"enalbe_slideitem_heading_image-1","label":"Using image for Slide 1 Heading?","default":false},{"type":"image","id":"slideitem_heading_image-1.png"},{"type":"text","id":"slideitem_heading_image_height-1","label":"Max-height of Slide 1 Heading image","default":"100"},{"type":"text","id":"slideitem_description_text-1","label":"Slide 1 description text","default":"Nulla ornare dictum mauris dan meleifend nulla lacinias"},{"type":"color","id":"slideitem_description_color-1","label":"Slide 1 description Color","info":"Default Value: transparent"},{"type":"text","id":"slideitem_description_size-1","label":"Slide 1 description Size"},{"type":"text","id":"slideitem_button_text-1","label":"Slide 1 Button Text","default":"Shop The Collection"},{"type":"header","content":"Slide 2"},{"type":"checkbox","id":"display_slideitem-2","label":"Display Slide 2?"},{"type":"image","id":"slideitem_image-2.jpg","label":"Slide 2 Image","max-width":2048},{"type":"image","id":"slideitem_image_mb-2.jpg","label":"Slide 2 Image for phone","info":"Recommended max width: 480px","max-width":480},{"type":"text","id":"slideitem_image_alt-2","label":"ALT text for Slide 2 Image"},{"type":"text","id":"slideitem_link-2","label":"Link to for Slide 2 click"},{"type":"checkbox","id":"display_slideitem_text-2","label":"Display Slide 2 Text?","default":true},{"type":"select","id":"slideitem_text_position-2","label":"Slide 2 text position","options":[{"value":"center","label":"Center"},{"value":"left","label":"Left"},{"value":"right","label":"Right"}],"default":"center","info":"Default Value: Center"},{"type":"select","id":"slideitem_text_alignment-2","label":"Slide text 2 alignment","options":[{"value":"center","label":"Center"},{"value":"left","label":"Left"},{"value":"right","label":"Right"}],"default":"center","info":"Default Value: Center"},{"type":"text","id":"slideitem_heading_text-2","label":"Slide 2 Heading Text","default":"natibus magoz"},{"type":"color","id":"slideitem_heading_color-2","label":"Slide 2 Heading Color","info":"Default Value: transparent"},{"type":"text","id":"slideitem_heading_size-2","label":"Slide 2 Heading size"},{"type":"checkbox","id":"enalbe_slideitem_heading_image-2","label":"Using image for Slide 2 Heading?","default":false},{"type":"image","id":"slideitem_heading_image-2.png"},{"type":"text","id":"slideitem_heading_image_height-2","label":"Max-height of Slide 2 Heading image","default":"100"},{"type":"text","id":"slideitem_description_text-2","label":"Slide 2 description text","default":"Nulla ornare dictum mauris dan meleifend nulla lacinias"},{"type":"color","id":"slideitem_description_color-2","label":"Slide 2 description Color","info":"Default Value: transparent"},{"type":"text","id":"slideitem_description_size-2","label":"Slide 2 description Size"},{"type":"text","id":"slideitem_button_text-2","label":"Slide 2 Button Text","default":"Shop The Collection"},{"type":"header","content":"Slide 3"},{"type":"checkbox","id":"display_slideitem-3","label":"Display Slide 3?"},{"type":"image","id":"slideitem_image-3.jpg","label":"Slide 3 Image","max-width":2048},{"type":"image","id":"slideitem_image_mb-3.jpg","label":"Slide 3 Image for phone","info":"Recommended max width: 480px","max-width":480},{"type":"text","id":"slideitem_image_alt-3","label":"ALT text for Slide 3 Image"},{"type":"text","id":"slideitem_link-3","label":"Link to for Slide 3 click"},{"type":"checkbox","id":"display_slideitem_text-3","label":"Display Slide 3 Text?","default":true},{"type":"select","id":"slideitem_text_position-3","label":"Slide 3 text position","options":[{"value":"center","label":"Center"},{"value":"left","label":"Left"},{"value":"right","label":"Right"}],"default":"center","info":"Default Value: Center"},{"type":"select","id":"slideitem_text_alignment-3","label":"Slide text 3 alignment","options":[{"value":"center","label":"Center"},{"value":"left","label":"Left"},{"value":"right","label":"Right"}],"default":"center","info":"Default Value: Center"},{"type":"text","id":"slideitem_heading_text-3","label":"Slide 3 Heading Text","default":"natibus magoz"},{"type":"color","id":"slideitem_heading_color-3","label":"Slide 3 Heading Color","info":"Default Value: transparent"},{"type":"text","id":"slideitem_heading_size-3","label":"Slide 3 Heading size"},{"type":"checkbox","id":"enalbe_slideitem_heading_image-3","label":"Using image for Slide 3 Heading?","default":false},{"type":"image","id":"slideitem_heading_image-3.png"},{"type":"text","id":"slideitem_heading_image_height-3","label":"Max-height of Slide 3 Heading image","default":"100"},{"type":"text","id":"slideitem_description_text-3","label":"Slide 3 description text","default":"Nulla ornare dictum mauris dan meleifend nulla lacinias"},{"type":"color","id":"slideitem_description_color-3","label":"Slide 3 description Color","info":"Default Value: transparent"},{"type":"text","id":"slideitem_description_size-3","label":"Slide 3 description Size"},{"type":"text","id":"slideitem_button_text-3","label":"Slide 3 Button Text","default":"Shop The Collection"},{"type":"header","content":"Slide 4"},{"type":"checkbox","id":"display_slideitem-4","label":"Display Slide 4?"},{"type":"image","id":"slideitem_image-4.jpg","label":"Slide 4 Image","max-width":2048},{"type":"image","id":"slideitem_image_mb-4.jpg","label":"Slide 4 Image for phone","info":"Recommended max width: 480px","max-width":480},{"type":"text","id":"slideitem_image_alt-4","label":"ALT text for Slide 4 Image"},{"type":"text","id":"slideitem_link-4","label":"Link to for Slide 4 click"},{"type":"checkbox","id":"display_slideitem_text-4","label":"Display Slide 4 Text?","default":true},{"type":"select","id":"slideitem_text_position-4","label":"Slide 4 text position","options":[{"value":"center","label":"Center"},{"value":"left","label":"Left"},{"value":"right","label":"Right"}],"default":"center","info":"Default Value: Center"},{"type":"select","id":"slideitem_text_alignment-4","label":"Slide text 4 alignment","options":[{"value":"center","label":"Center"},{"value":"left","label":"Left"},{"value":"right","label":"Right"}],"default":"center","info":"Default Value: Center"},{"type":"text","id":"slideitem_heading_text-4","label":"Slide 4 Heading Text","default":"natibus magoz"},{"type":"color","id":"slideitem_heading_color-4","label":"Slide 4 Heading Color","info":"Default Value: transparent"},{"type":"text","id":"slideitem_heading_size-4","label":"Slide 4 Heading size"},{"type":"checkbox","id":"enalbe_slideitem_heading_image-4","label":"Using image for Slide 4 Heading?","default":false},{"type":"image","id":"slideitem_heading_image-4.png"},{"type":"text","id":"slideitem_heading_image_height-4","label":"Max-height of Slide 4 Heading image","default":"100"},{"type":"text","id":"slideitem_description_text-4","label":"Slide 4 description text","default":"Nulla ornare dictum mauris dan meleifend nulla lacinias"},{"type":"color","id":"slideitem_description_color-4","label":"Slide 4 description Color","info":"Default Value: transparent"},{"type":"text","id":"slideitem_description_size-4","label":"Slide 4 description Size"},{"type":"text","id":"slideitem_button_text-4","label":"Slide 4 Button Text","default":"Shop The Collection"},{"type":"header","content":"Slide 5"},{"type":"checkbox","id":"display_slideitem-5","label":"Display Slide 5?"},{"type":"image","id":"slideitem_image-5.jpg","label":"Slide 5 Image","max-width":2048},{"type":"image","id":"slideitem_image_mb-5.jpg","label":"Slide 5 Image for phone","info":"Recommended max width: 480px","max-width":480},{"type":"text","id":"slideitem_image_alt-5","label":"ALT text for Slide 5 Image"},{"type":"text","id":"slideitem_link-5","label":"Link to for Slide 5 click"},{"type":"checkbox","id":"display_slideitem_text-5","label":"Display Slide 5 Text?","default":true},{"type":"select","id":"slideitem_text_position-5","label":"Slide 5 text position","options":[{"value":"center","label":"Center"},{"value":"left","label":"Left"},{"value":"right","label":"Right"}],"default":"center","info":"Default Value: Center"},{"type":"select","id":"slideitem_text_alignment-5","label":"Slide text 5 alignment","options":[{"value":"center","label":"Center"},{"value":"left","label":"Left"},{"value":"right","label":"Right"}],"default":"center","info":"Default Value: Center"},{"type":"text","id":"slideitem_heading_text-5","label":"Slide 5 Heading Text","default":"natibus magoz"},{"type":"color","id":"slideitem_heading_color-5","label":"Slide 5 Heading Color","info":"Default Value: transparent"},{"type":"text","id":"slideitem_heading_size-5","label":"Slide 5 Heading size"},{"type":"checkbox","id":"enalbe_slideitem_heading_image-5","label":"Using image for Slide 5 Heading?","default":false},{"type":"image","id":"slideitem_heading_image-5.png"},{"type":"text","id":"slideitem_heading_image_height-5","label":"Max-height of Slide 5 Heading image","default":"100"},{"type":"text","id":"slideitem_description_text-5","label":"Slide 5 description text","default":"Nulla ornare dictum mauris dan meleifend nulla lacinias"},{"type":"color","id":"slideitem_description_color-5","label":"Slide 5 description Color","info":"Default Value: transparent"},{"type":"text","id":"slideitem_description_size-5","label":"Slide 5 description Size"},{"type":"text","id":"slideitem_button_text-5","label":"Slide 5 Button Text","default":"Shop The Collection"},{"type":"header","content":"Slide 6"},{"type":"checkbox","id":"display_slideitem-6","label":"Display Slide 6?"},{"type":"image","id":"slideitem_image-6.jpg","label":"Slide 6 Image","max-width":2048},{"type":"image","id":"slideitem_image_mb-6.jpg","label":"Slide 6 Image for phone","info":"Recommended max width: 480px","max-width":480},{"type":"text","id":"slideitem_image_alt-6","label":"ALT text for Slide 6 Image"},{"type":"text","id":"slideitem_link-6","label":"Link to for Slide 6 click"},{"type":"checkbox","id":"display_slideitem_text-6","label":"Display Slide 6 Text?","default":true},{"type":"select","id":"slideitem_text_position-6","label":"Slide 6 text position","options":[{"value":"center","label":"Center"},{"value":"left","label":"Left"},{"value":"right","label":"Right"}],"default":"center","info":"Default Value: Center"},{"type":"select","id":"slideitem_text_alignment-6","label":"Slide text 6 alignment","options":[{"value":"center","label":"Center"},{"value":"left","label":"Left"},{"value":"right","label":"Right"}],"default":"center","info":"Default Value: Center"},{"type":"text","id":"slideitem_heading_text-6","label":"Slide 6 Heading Text","default":"natibus magoz"},{"type":"color","id":"slideitem_heading_color-6","label":"Slide 6 Heading Color","info":"Default Value: transparent"},{"type":"text","id":"slideitem_heading_size-6","label":"Slide 6 Heading size"},{"type":"checkbox","id":"enalbe_slideitem_heading_image-6","label":"Using image for Slide 6 Heading?","default":false},{"type":"image","id":"slideitem_heading_image-6.png"},{"type":"text","id":"slideitem_heading_image_height-6","label":"Max-height of Slide 6 Heading image","default":"100"},{"type":"text","id":"slideitem_description_text-6","label":"Slide 6 description text","default":"Nulla ornare dictum mauris dan meleifend nulla lacinias"},{"type":"color","id":"slideitem_description_color-6","label":"Slide 6 description Color","info":"Default Value: transparent"},{"type":"text","id":"slideitem_description_size-6","label":"Slide 6 description Size"},{"type":"text","id":"slideitem_button_text-6","label":"Slide 6 Button Text","default":"Shop The Collection"},{"type":"header","content":"Slide 7"},{"type":"checkbox","id":"display_slideitem-7","label":"Display Slide 7?"},{"type":"image","id":"slideitem_image-7.jpg","label":"Slide 7 Image","max-width":2048},{"type":"image","id":"slideitem_image_mb-7.jpg","label":"Slide 7 Image for phone","info":"Recommended max width: 480px","max-width":480},{"type":"text","id":"slideitem_image_alt-7","label":"ALT text for Slide 7 Image"},{"type":"text","id":"slideitem_link-7","label":"Link to for Slide 7 click"},{"type":"checkbox","id":"display_slideitem_text-7","label":"Display Slide 7 Text?","default":true},{"type":"select","id":"slideitem_text_position-7","label":"Slide 7 text position","options":[{"value":"center","label":"Center"},{"value":"left","label":"Left"},{"value":"right","label":"Right"}],"default":"center","info":"Default Value: Center"},{"type":"select","id":"slideitem_text_alignment-7","label":"Slide text 7 alignment","options":[{"value":"center","label":"Center"},{"value":"left","label":"Left"},{"value":"right","label":"Right"}],"default":"center","info":"Default Value: Center"},{"type":"text","id":"slideitem_heading_text-7","label":"Slide 7 Heading Text","default":"natibus magoz"},{"type":"color","id":"slideitem_heading_color-7","label":"Slide 7 Heading Color","info":"Default Value: transparent"},{"type":"text","id":"slideitem_heading_size-7","label":"Slide 7 Heading size"},{"type":"checkbox","id":"enalbe_slideitem_heading_image-7","label":"Using image for Slide 7 Heading?","default":false},{"type":"image","id":"slideitem_heading_image-7.png"},{"type":"text","id":"slideitem_heading_image_height-7","label":"Max-height of Slide 7 Heading image","default":"100"},{"type":"text","id":"slideitem_description_text-7","label":"Slide 7 description text","default":"Nulla ornare dictum mauris dan meleifend nulla lacinias"},{"type":"color","id":"slideitem_description_color-7","label":"Slide 7 description Color","info":"Default Value: transparent"},{"type":"text","id":"slideitem_description_size-7","label":"Slide 7 description Size"},{"type":"text","id":"slideitem_button_text-7","label":"Slide 7 Button Text","default":"Shop The Collection"},{"type":"header","content":"Slide 8"},{"type":"checkbox","id":"display_slideitem-8","label":"Display Slide 8?"},{"type":"image","id":"slideitem_image-8.jpg","label":"Slide 8 Image","max-width":2048},{"type":"image","id":"slideitem_image_mb-8.jpg","label":"Slide 8 Image for phone","info":"Recommended max width: 480px","max-width":480},{"type":"text","id":"slideitem_image_alt-8","label":"ALT text for Slide 8 Image"},{"type":"text","id":"slideitem_link-8","label":"Link to for Slide 8 click"},{"type":"checkbox","id":"display_slideitem_text-8","label":"Display Slide 8 Text?","default":true},{"type":"select","id":"slideitem_text_position-8","label":"Slide 8 text position","options":[{"value":"center","label":"Center"},{"value":"left","label":"Left"},{"value":"right","label":"Right"}],"default":"center","info":"Default Value: Center"},{"type":"select","id":"slideitem_text_alignment-8","label":"Slide text 8 alignment","options":[{"value":"center","label":"Center"},{"value":"left","label":"Left"},{"value":"right","label":"Right"}],"default":"center","info":"Default Value: Center"},{"type":"text","id":"slideitem_heading_text-8","label":"Slide 8 Heading Text","default":"natibus magoz"},{"type":"color","id":"slideitem_heading_color-8","label":"Slide 8 Heading Color","info":"Default Value: transparent"},{"type":"text","id":"slideitem_heading_size-8","label":"Slide 8 Heading size"},{"type":"checkbox","id":"enalbe_slideitem_heading_image-8","label":"Using image for Slide 8 Heading?","default":false},{"type":"image","id":"slideitem_heading_image-8.png"},{"type":"text","id":"slideitem_heading_image_height-8","label":"Max-height of Slide 8 Heading image","default":"100"},{"type":"text","id":"slideitem_description_text-8","label":"Slide 8 description text","default":"Nulla ornare dictum mauris dan meleifend nulla lacinias"},{"type":"color","id":"slideitem_description_color-8","label":"Slide 8 description Color","info":"Default Value: transparent"},{"type":"text","id":"slideitem_description_size-8","label":"Slide 8 description Size"},{"type":"text","id":"slideitem_button_text-8","label":"Slide 8 Button Text","default":"Shop The Collection"},{"type":"header","content":"Slide 9"},{"type":"checkbox","id":"display_slideitem-9","label":"Display Slide 9?"},{"type":"image","id":"slideitem_image-9.jpg","label":"Slide 9 Image","max-width":2049},{"type":"image","id":"slideitem_image_mb-9.jpg","label":"Slide 9 Image for phone","info":"Recommended max width: 480px","max-width":480},{"type":"text","id":"slideitem_image_alt-9","label":"ALT text for Slide 9 Image"},{"type":"text","id":"slideitem_link-9","label":"Link to for Slide 9 click"},{"type":"checkbox","id":"display_slideitem_text-9","label":"Display Slide 9 Text?","default":true},{"type":"select","id":"slideitem_text_position-9","label":"Slide 9 text position","options":[{"value":"center","label":"Center"},{"value":"left","label":"Left"},{"value":"right","label":"Right"}],"default":"center","info":"Default Value: Center"},{"type":"select","id":"slideitem_text_alignment-9","label":"Slide text 9 alignment","options":[{"value":"center","label":"Center"},{"value":"left","label":"Left"},{"value":"right","label":"Right"}],"default":"center","info":"Default Value: Center"},{"type":"text","id":"slideitem_heading_text-9","label":"Slide 9 Heading Text","default":"natibus magoz"},{"type":"color","id":"slideitem_heading_color-9","label":"Slide 9 Heading Color","info":"Default Value: transparent"},{"type":"text","id":"slideitem_heading_size-9","label":"Slide 9 Heading size"},{"type":"checkbox","id":"enalbe_slideitem_heading_image-9","label":"Using image for Slide 9 Heading?","default":false},{"type":"image","id":"slideitem_heading_image-9.png"},{"type":"text","id":"slideitem_heading_image_height-9","label":"Max-height of Slide 9 Heading image","default":"100"},{"type":"text","id":"slideitem_description_text-9","label":"Slide 9 description text","default":"Nulla ornare dictum mauris dan meleifend nulla lacinias"},{"type":"color","id":"slideitem_description_color-9","label":"Slide 9 description Color","info":"Default Value: transparent"},{"type":"text","id":"slideitem_description_size-9","label":"Slide 9 description Size"},{"type":"text","id":"slideitem_button_text-9","label":"Slide 9 Button Text","default":"Shop The Collection"},{"type":"header","content":"Slide 10"},{"type":"checkbox","id":"display_slideitem-10","label":"Display Slide 10?"},{"type":"image","id":"slideitem_image-10.jpg","label":"Slide 10 Image","max-width":2048},{"type":"image","id":"slideitem_image_mb-10.jpg","label":"Slide 10 Image for phone","info":"Recommended max width: 480px","max-width":480},{"type":"text","id":"slideitem_image_alt-10","label":"ALT text for Slide 10 Image"},{"type":"text","id":"slideitem_link-10","label":"Link to for Slide 10 click"},{"type":"checkbox","id":"display_slideitem_text-10","label":"Display Slide 10 Text?","default":true},{"type":"select","id":"slideitem_text_position-10","label":"Slide 10 text position","options":[{"value":"center","label":"Center"},{"value":"left","label":"Left"},{"value":"right","label":"Right"}],"default":"center","info":"Default Value: Center"},{"type":"select","id":"slideitem_text_alignment-10","label":"Slide text 10 alignment","options":[{"value":"center","label":"Center"},{"value":"left","label":"Left"},{"value":"right","label":"Right"}],"default":"center","info":"Default Value: Center"},{"type":"text","id":"slideitem_heading_text-10","label":"Slide 10 Heading Text","default":"natibus magoz"},{"type":"color","id":"slideitem_heading_color-10","label":"Slide 10 Heading Color","info":"Default Value: transparent"},{"type":"text","id":"slideitem_heading_size-10","label":"Slide 10 Heading size"},{"type":"checkbox","id":"enalbe_slideitem_heading_image-10","label":"Using image for Slide 10 Heading?","default":false},{"type":"image","id":"slideitem_heading_image-10.png"},{"type":"text","id":"slideitem_heading_image_height-10","label":"Max-height of Slide 10 Heading image","default":"100"},{"type":"text","id":"slideitem_description_text-10","label":"Slide 10 description text","default":"Nulla ornare dictum mauris dan meleifend nulla lacinias"},{"type":"color","id":"slideitem_description_color-10","label":"Slide 10 description Color","info":"Default Value: transparent"},{"type":"text","id":"slideitem_description_size-10","label":"Slide 10 description Size"},{"type":"text","id":"slideitem_button_text-10","label":"Slide 10 Button Text","default":"Shop The Collection"}]},{"name":"Home Page","settings":[{"type":"header","content":"Block Three Collections"},{"type":"checkbox","id":"display_block_three_collections","label":"Display Block Three Collections?","default":true},{"type":"text","id":"block_three_collections_title_text","label":"Block Three Collections Title Text","default":"FEATURED COLLECTIONS"},{"type":"text","id":"block_three_collections_title_size","label":"Block Three Collections Title Size","default":"20","info":"Default Value: 20"},{"type":"color","id":"block_three_collections_title_color","label":"Block Three Collections Title Color","default":"#000"},{"type":"collection","id":"block_three_collections_collection_1","label":"Choose Collection 1"},{"type":"image","id":"block_three_collections_collection_1_cover.jpg","label":"Collection 1 Cover","max-width":380,"max-height":220,"info":"Recommended: Width: 380px - Height: 220px"},{"type":"collection","id":"block_three_collections_collection_2","label":"Choose Collection 2"},{"type":"image","id":"block_three_collections_collection_2_cover.jpg","label":"Collection 1 Cover","max-width":380,"max-height":220,"info":"Recommended: Width: 380px - Height: 220px"},{"type":"collection","id":"block_three_collections_collection_3","label":"Choose Collection 3"},{"type":"image","id":"block_three_collections_collection_3_cover.jpg","label":"Collection 1 Cover","max-width":380,"max-height":220,"info":"Recommended: Width: 380px - Height: 220px"},{"type":"header","content":"Block New Arrivals Tab"},{"type":"checkbox","id":"display_block_two_collection_tab","label":"Display Block Two Collection Tab?","default":true},{"type":"text","id":"block_two_collection_tab_1_title","label":"Tab 1 title","default":"News Products"},{"type":"collection","id":"block_two_collection_tab_1","label":"Choose Collection for tab 1"},{"type":"text","id":"block_two_collection_tab_2_title","label":"Tab 2 title","default":"Best Seller"},{"type":"collection","id":"block_two_collection_tab_2","label":"Choose Collection for tab 2"},{"type":"text","id":"block_two_collection_tab_number_show","label":"Number of products to show","default":"10"},{"type":"select","id":"block_two_collection_tab_results_per_row","label":"Products per row","options":[{"value":"3","label":"3"},{"value":"4","label":"4"},{"value":"5","label":"5"}],"default":"4"},{"type":"header","content":"Block Trending Now Slider"},{"type":"checkbox","id":"show_slider_trending","label":"Display Block Trending Now Slider?","default":true},{"type":"text","id":"slider_trending_title","label":"Title","default":"Trending Now"},{"type":"collection","id":"show_slider_trending_collection","label":"Collection to use"},{"type":"text","id":"slider_trending_limit_all","label":"Number of products to show","default":"10"},{"type":"select","id":"trending_collection_results_per_row","label":"Products per row","options":[{"value":"3","label":"3"},{"value":"4","label":"4"},{"value":"5","label":"5"}],"default":"4"},{"type":"header","content":"Block Four Banner"},{"type":"checkbox","id":"display_block_four_banner_bottom","label":"Display Block Four Banner Bottom?","default":true},{"type":"paragraph","content":"Banner 1"},{"type":"checkbox","id":"display_block_four_banner_bottom_1","label":"Display Block Four Banner Bottom 1?","default":true},{"type":"image","id":"block_four_banner_bottom_1_image.jpg","label":"Banner 1 Image","max-width":580,"info":"Recommended: Width: 580px, Height: 360px"},{"type":"text","id":"block_four_banner_bottom_1_title","label":"Banner 1 Title","default":"Laminate"},{"type":"text","id":"block_four_banner_bottom_1_description","label":"Banner 1 Description","default":"Cras porta purus eu gravida facilisis. Donec blandit ligula eu neque dapibus at eleifend nunc sagittis"},{"type":"text","id":"block_four_banner_bottom_1_link","label":"Banner 1 Link","default":"\/collections\/laminate"},{"type":"text","id":"block_four_banner_bottom_1_link_text","label":"Banner 1 Button Text","default":"Shop now"},{"type":"paragraph","content":"Banner 2"},{"type":"checkbox","id":"display_block_four_banner_bottom_2","label":"Display Block Four Banner Bottom 2?","default":true},{"type":"image","id":"block_four_banner_bottom_2_image.jpg","label":"Banner 2 Image","max-width":580,"info":"Recommended: Width: 580px, Height: 360px"},{"type":"text","id":"block_four_banner_bottom_2_title","label":"Banner 2 Title","default":"Hardwood"},{"type":"text","id":"block_four_banner_bottom_2_description","label":"Banner 2 Description","default":"Cras porta purus eu gravida facilisis. Donec blandit ligula eu neque dapibus at eleifend nunc sagittis"},{"type":"text","id":"block_four_banner_bottom_2_link","label":"Banner 2 Link","default":"\/collections\/hardwood"},{"type":"text","id":"block_four_banner_bottom_2_link_text","label":"Banner 2 Button Text","default":"Shop now"},{"type":"paragraph","content":"Banner 3"},{"type":"checkbox","id":"display_block_four_banner_bottom_3","label":"Display Block Four Banner Bottom 3?","default":true},{"type":"image","id":"block_four_banner_bottom_3_image.jpg","label":"Banner 3 Image","max-width":580,"info":"Recommended: Width: 580px, Height: 360px"},{"type":"text","id":"block_four_banner_bottom_3_title","label":"Banner 3 Title","default":"Tile & Vinyl"},{"type":"text","id":"block_four_banner_bottom_3_description","label":"Banner 3 Description","default":"Cras porta purus eu gravida facilisis. Donec blandit ligula eu neque dapibus at eleifend nunc sagittis"},{"type":"text","id":"block_four_banner_bottom_3_link","label":"Banner 3 Link","default":"\/collections\/tile-vinyl"},{"type":"text","id":"block_four_banner_bottom_3_link_text","label":"Banner 3 Button Text","default":"Shop now"},{"type":"paragraph","content":"Banner 4"},{"type":"checkbox","id":"display_block_four_banner_bottom_4","label":"Display Block Four Banner Bottom 4?","default":true},{"type":"image","id":"block_four_banner_bottom_4_image.jpg","label":"Banner 4 Image","max-width":580,"info":"Recommended: Width: 580px, Height: 360px"},{"type":"text","id":"block_four_banner_bottom_4_title","label":"Banner 4 Title","default":"Carpet"},{"type":"text","id":"block_four_banner_bottom_4_description","label":"Banner 4 Description","default":"Cras porta purus eu gravida facilisis. Donec blandit ligula eu neque dapibus at eleifend nunc sagittis"},{"type":"text","id":"block_four_banner_bottom_4_link","label":"Banner 4 Link","default":"\/collections\/carpet"},{"type":"text","id":"block_four_banner_bottom_4_link_text","label":"Banner 4 Button Text","default":"Shop now"},{"type":"header","content":"Block Home Intro"},{"type":"checkbox","id":"display_block_home_intro","label":"Display Block Home Intro?","default":true},{"type":"textarea","id":"block_home_intro_text","label":"Block Home Intro Text","default":"Input text"},{"type":"header","content":"Featured Brands"},{"type":"checkbox","id":"display_featured_brand","label":"Display Featured Brands?","default":true},{"type":"text","id":"featured_brand_title","label":"Featured Brands Title","default":"Featured Brands"},{"type":"text","id":"featured_brand_link_text","label":"Featured Brands Link Text","default":"Shop all our Big Brands"},{"type":"text","id":"featured_brand_link","label":"Featured Brands Link"},{"type":"image","id":"featured_brand_image_1.png","label":"Featured Brands Image 1"},{"type":"text","id":"featured_brand_title_1","label":"Featured Brands Title 1"},{"type":"text","id":"featured_brand_link_1","label":"Featured Brands Link 1"},{"type":"image","id":"featured_brand_image_2.png","label":"Featured Brands Image 2"},{"type":"text","id":"featured_brand_title_2","label":"Featured Brands Title 2"},{"type":"text","id":"featured_brand_link_2","label":"Featured Brands Link 2"},{"type":"image","id":"featured_brand_image_3.png","label":"Featured Brands Image 3"},{"type":"text","id":"featured_brand_title_3","label":"Featured Brands Title 3"},{"type":"text","id":"featured_brand_link_3","label":"Featured Brands Link 3"},{"type":"image","id":"featured_brand_image_4.png","label":"Featured Brands Image 4"},{"type":"text","id":"featured_brand_title_4","label":"Featured Brands Title 4"},{"type":"text","id":"featured_brand_link_4","label":"Featured Brands Link 4"},{"type":"image","id":"featured_brand_image_5.png","label":"Featured Brands Image 5"},{"type":"text","id":"featured_brand_title_5","label":"Featured Brands Title 5"},{"type":"text","id":"featured_brand_link_5","label":"Featured Brands Link 5"}]},{"name":"Home — Categories Slider","settings":[{"type":"checkbox","id":"display_custom_block_categories","label":"Display Custom Block Catagories Slider?","default":true},{"type":"header","content":"Catagories Slider 1"},{"type":"image","id":"custom_block_categories_item_1_image.png","label":"Banner Slide 1 Image"},{"type":"text","id":"custom_block_categories_item_1_title","label":"Banner Slide 1 Title"},{"type":"text","id":"custom_block_categories_item_1_link","label":"Banner Slide 1 Link"},{"type":"header","content":"Catagories Slider 2"},{"type":"image","id":"custom_block_categories_item_2_image.png","label":"Banner Slide 2 Image"},{"type":"text","id":"custom_block_categories_item_2_title","label":"Banner Slide 2 Title"},{"type":"text","id":"custom_block_categories_item_2_link","label":"Banner Slide 2 Link"},{"type":"header","content":"Catagories Slider 3"},{"type":"image","id":"custom_block_categories_item_3_image.png","label":"Banner Slide 3 Image"},{"type":"text","id":"custom_block_categories_item_3_title","label":"Banner Slide 3 Title"},{"type":"text","id":"custom_block_categories_item_3_link","label":"Banner Slide 3 Link"},{"type":"header","content":"Catagories Slider 4"},{"type":"image","id":"custom_block_categories_item_4_image.png","label":"Banner Slide 4 Image"},{"type":"text","id":"custom_block_categories_item_4_title","label":"Banner Slide 4 Title"},{"type":"text","id":"custom_block_categories_item_4_link","label":"Banner Slide 4 Link"},{"type":"header","content":"Catagories Slider 5"},{"type":"image","id":"custom_block_categories_item_5_image.png","label":"Banner Slide 5 Image"},{"type":"text","id":"custom_block_categories_item_5_title","label":"Banner Slide 5 Title"},{"type":"text","id":"custom_block_categories_item_5_link","label":"Banner Slide 5 Link"},{"type":"header","content":"Catagories Slider 6"},{"type":"image","id":"custom_block_categories_item_6_image.png","label":"Banner Slide 6 Image"},{"type":"text","id":"custom_block_categories_item_6_title","label":"Banner Slide 6 Title"},{"type":"text","id":"custom_block_categories_item_6_link","label":"Banner Slide 6 Link"},{"type":"header","content":"Catagories Slider 7"},{"type":"image","id":"custom_block_categories_item_7_image.png","label":"Banner Slide 7 Image"},{"type":"text","id":"custom_block_categories_item_7_title","label":"Banner Slide 7 Title"},{"type":"text","id":"custom_block_categories_item_7_link","label":"Banner Slide 7 Link"},{"type":"header","content":"Catagories Slider 8"},{"type":"image","id":"custom_block_categories_item_8_image.png","label":"Banner Slide 8 Image"},{"type":"text","id":"custom_block_categories_item_8_title","label":"Banner Slide 8 Title"},{"type":"text","id":"custom_block_categories_item_8_link","label":"Banner Slide 8 Link"},{"type":"header","content":"Catagories Slider 9"},{"type":"image","id":"custom_block_categories_item_9_image.png","label":"Banner Slide 9 Image"},{"type":"text","id":"custom_block_categories_item_9_title","label":"Banner Slide 9 Title"},{"type":"text","id":"custom_block_categories_item_9_link","label":"Banner Slide 9 Link"},{"type":"header","content":"Catagories Slider 10"},{"type":"image","id":"custom_block_categories_item_10_image.png","label":"Banner Slide 10 Image"},{"type":"text","id":"custom_block_categories_item_10_title","label":"Banner Slide 10 Title"},{"type":"text","id":"custom_block_categories_item_10_link","label":"Banner Slide 10 Link"},{"type":"header","content":"Catagories Slider 11"},{"type":"image","id":"custom_block_categories_item_11_image.png","label":"Banner Slide 11 Image"},{"type":"text","id":"custom_block_categories_item_11_title","label":"Banner Slide 11 Title"},{"type":"text","id":"custom_block_categories_item_11_link","label":"Banner Slide 11 Link"},{"type":"header","content":"Catagories Slider 12"},{"type":"image","id":"custom_block_categories_item_12_image.png","label":"Banner Slide 12 Image"},{"type":"text","id":"custom_block_categories_item_12_title","label":"Banner Slide 12 Title"},{"type":"text","id":"custom_block_categories_item_12_link","label":"Banner Slide 12 Link"},{"type":"header","content":"Catagories Slider 13"},{"type":"image","id":"custom_block_categories_item_13_image.png","label":"Banner Slide 13 Image"},{"type":"text","id":"custom_block_categories_item_13_title","label":"Banner Slide 13 Title"},{"type":"text","id":"custom_block_categories_item_13_link","label":"Banner Slide 13 Link"},{"type":"header","content":"Catagories Slider 14"},{"type":"image","id":"custom_block_categories_item_14_image.png","label":"Banner Slide 14 Image"},{"type":"text","id":"custom_block_categories_item_14_title","label":"Banner Slide 14 Title"},{"type":"text","id":"custom_block_categories_item_14_link","label":"Banner Slide 14 Link"},{"type":"header","content":"Catagories Slider 15"},{"type":"image","id":"custom_block_categories_item_15_image.png","label":"Banner Slide 15 Image"},{"type":"text","id":"custom_block_categories_item_15_title","label":"Banner Slide 15 Title"},{"type":"text","id":"custom_block_categories_item_15_link","label":"Banner Slide 15 Link"}]},{"name":"Popup Newsletter","settings":[{"type":"checkbox","id":"display_popup_newsletter","label":"Display Popup Newsletter?","default":true},{"type":"image","id":"bg_newsletter.jpg","label":"Upload a new newsletter image","max-width":2000,"max-height":2000},{"type":"text","id":"popup_newsletter_title","label":"Popup Newsletter Title"},{"type":"text","id":"popup_newsletter_sub_title","label":"Popup Newsletter Sub Title"},{"type":"text","id":"popup_newsletter_message","label":"Popup Newsletter Message"},{"type":"header","content":"Social"},{"type":"checkbox","id":"display_popup_social","label":"Display Popup Social?","default":true},{"type":"checkbox","id":"display_popup_social_1","label":"Display FaceBook Icon ?","default":true},{"type":"text","id":"popup_social_1_link","label":"FaceBook Link"},{"type":"checkbox","id":"display_popup_social_2","label":"Display Twitter Icon?","default":true},{"type":"text","id":"popup_social_2_link","label":"Twitter Link"},{"type":"checkbox","id":"display_popup_social_3","label":"Display Google + Icon?","default":true},{"type":"text","id":"popup_social_3_link","label":"Google + Link"},{"type":"checkbox","id":"display_popup_social_4","label":"Display RSS Icon?","default":true},{"type":"text","id":"popup_social_4_link","label":"RSS Link"},{"type":"checkbox","id":"display_popup_social_5","label":"Display Instagram Icon?","default":true},{"type":"text","id":"popup_social_5_link","label":"Instagram Link"}]},{"name":"Sidebar","settings":[{"type":"checkbox","id":"display_sidebar_list_cat_page","label":"Enable at List Categories Page","default":true},{"type":"checkbox","id":"display_sidebar_cat_page","label":"Enable at Category Page","default":true},{"type":"checkbox","id":"display_sidebar_detail_page","label":"Enable at Detail Page","default":true},{"type":"select","id":"sidebar_position","options":[{"value":"left","label":"Left"},{"value":"right","label":"Right"}],"label":"Sidebar Position","default":"left"},{"type":"header","content":"Categories"},{"type":"checkbox","id":"display_sidebar_list_categories","label":"Enable at List Categories Page","default":true},{"type":"checkbox","id":"display_sidebar_categories","label":"Enable at Categories Page","default":true},{"type":"checkbox","id":"display_sidebar_categories_detail","label":"Enable at Detail Page","default":true},{"type":"text","id":"sidebar_categories_title","label":"Categories Block Title","default":"Categories"},{"type":"text","id":"sidebar_categories_detail_title","label":"Categories Block Title at detail page","default":"Categories"},{"type":"radio","id":"style_categories","label":"Show all \/ Only a few categories","options":[{"value":"style_show_all","label":"Show all"},{"value":"style_little","label":"Only a few categories"}]},{"type":"textarea","id":"categories_items","label":"List of categories","info":"Use \",\" to separate categories items if you have multiple categories. For ex: Shop, Collections"},{"type":"color","id":"sidebar_accordion_link_color","label":"Sidebar link color","default":"#000"},{"type":"header","content":"Multiple choices"},{"type":"checkbox","id":"enable_sidebar_multiple_choice","label":"Enable","default":true,"info":"User can select multiple colors (size, brand...) or only one color (size, brand...)?"},{"type":"header","content":"Block Refined By"},{"type":"header","content":"Shop by Categories"},{"type":"checkbox","id":"enable_shop_by_categories","label":"Enable","default":true},{"type":"text","id":"shop_by_categories_title","label":"Shop By Categories title","default":"By Categories"},{"type":"header","content":"Shop by Color"},{"type":"checkbox","id":"enable_shop_by_tags_1","label":"Enable","default":true},{"type":"text","id":"shop_by_tags_1_title","label":"Shop by tags 1 title","default":"Shop By Color","info":"i.e \"Shop by Color\"."},{"type":"text","id":"shop_by_color_text_1","label":"Shop by color text 1","default":"Beige","info":"i.e \"Red\"."},{"type":"image","id":"color-1.png","label":"Shop by color image 1","max-width":200,"max-height":200},{"type":"text","id":"shop_by_color_text_2","label":"Shop by color text 2","default":"Red"},{"type":"image","id":"color-2.png","label":"Shop by color image 2","max-width":200,"max-height":200},{"type":"text","id":"shop_by_color_text_3","label":"Shop by color text 3","default":"White"},{"type":"image","id":"color-3.png","label":"Shop by color image 3","max-width":200,"max-height":200},{"type":"text","id":"shop_by_color_text_4","label":"Shop by color text 4","default":"Pink"},{"type":"image","id":"color-4.png","label":"Shop by color image 4","max-width":200,"max-height":200},{"type":"text","id":"shop_by_color_text_5","label":"Shop by color text 5","default":"Silver"},{"type":"image","id":"color-5.png","label":"Shop by color image 5","max-width":200,"max-height":200},{"type":"text","id":"shop_by_color_text_6","label":"Shop by color text 6","default":"Blue"},{"type":"image","id":"color-6.png","label":"Shop by color image 6","max-width":200,"max-height":200},{"type":"text","id":"shop_by_color_text_7","label":"Shop by color text 7","default":"Gray"},{"type":"image","id":"color-7.png","label":"Shop by color image 7","max-width":200,"max-height":200},{"type":"text","id":"shop_by_color_text_8","label":"Shop by color text 8","default":"Black"},{"type":"image","id":"color-8.png","label":"Shop by color image 8","max-width":200,"max-height":200},{"type":"text","id":"shop_by_color_text_9","label":"Shop by color text 9","default":"Green"},{"type":"image","id":"color-9.png","label":"Shop by color image 9","max-width":200,"max-height":200},{"type":"text","id":"shop_by_color_text_10","label":"Shop by color text 10"},{"type":"image","id":"color-10.png","label":"Shop by color image 10","max-width":200,"max-height":200},{"type":"text","id":"shop_by_color_text_11","label":"Shop by color text 11"},{"type":"image","id":"color-11.png","label":"Shop by color image 11","max-width":200,"max-height":200},{"type":"text","id":"shop_by_color_text_12","label":"Shop by color text 12"},{"type":"image","id":"color-12.png","label":"Shop by color image 12","max-width":200,"max-height":200},{"type":"text","id":"shop_by_color_text_13","label":"Shop by color text 13"},{"type":"image","id":"color-13.png","label":"Shop by color image 13","max-width":200,"max-height":200},{"type":"text","id":"shop_by_color_text_14","label":"Shop by color text 14"},{"type":"image","id":"color-14.png","label":"Shop by color image 14","max-width":200,"max-height":200},{"type":"text","id":"shop_by_color_text_15","label":"Shop by color text 15"},{"type":"image","id":"color-15.png","label":"Shop by color image 15","max-width":200,"max-height":200},{"type":"text","id":"shop_by_color_text_16","label":"Shop by color text 16"},{"type":"image","id":"color-16.png","label":"Shop by color image 16","max-width":200,"max-height":200},{"type":"text","id":"shop_by_color_text_17","label":"Shop by color text 17"},{"type":"image","id":"color-17.png","label":"Shop by color image 17","max-width":200,"max-height":200},{"type":"text","id":"shop_by_color_text_18","label":"Shop by color text 18"},{"type":"image","id":"color-18.png","label":"Shop by color image 18","max-width":200,"max-height":200},{"type":"text","id":"shop_by_color_text_19","label":"Shop by color text 19"},{"type":"image","id":"color-19.png","label":"Shop by color image 19","max-width":200,"max-height":200},{"type":"text","id":"shop_by_color_text_20","label":"Shop by color text 20"},{"type":"image","id":"color-20.png","label":"Shop by color image 20","max-width":200,"max-height":200},{"type":"header","content":"Shop by Price"},{"type":"checkbox","id":"enable_shop_by_tags_3","label":"Enable","default":true},{"type":"text","id":"shop_by_tags_3_title","label":"Shop by tags 3 title","info":"i.e \"Shop by Price\"."},{"type":"textarea","id":"shop_by_tags_3_list_tags","label":"Shop by tags 3 list","info":"Separate by a comma, i.e \"$100 - $300, $300 - $500\"."},{"type":"header","content":"Shop by Brand"},{"type":"checkbox","id":"enable_shop_by_tags_4","label":"Enable","default":true},{"type":"text","id":"shop_by_tags_4_title","label":"Shop by tags 4 title","info":"i.e \"Shop by Brand\"."},{"type":"textarea","id":"shop_by_tags_4_list_tags","label":"Shop by tags 4 list","info":"Separate by a comma, i.e \"Dior, Chanel...\"."},{"type":"header","content":"Featured Products Sidebar"},{"type":"checkbox","id":"show_featured_product","label":"Enable at Category Page","default":true},{"type":"checkbox","id":"show_featured_product_detail","label":"Enable at Detail Page","default":true},{"type":"collection","id":"featured_product_list_collection","label":"Collection to use"},{"type":"text","id":"featured_product_title","label":"Title","default":"Featured Products"},{"type":"text","id":"featured_product_limit_all","label":"Number of products to show","default":"8"},{"type":"header","content":"Block Banner Sidebar"},{"type":"checkbox","id":"display_banner_sidebar","label":"Enable at Category Page","default":true},{"type":"checkbox","id":"display_banner_sidebar_detail","label":"Enable at Detail Page","default":true},{"type":"image","id":"banner-sidebar.jpg","label":"Banner Image Sidebar","max-width":1180},{"type":"text","id":"banner_sidebar_link","label":"Banner Image Link"},{"type":"header","content":"Custom CMS Block Sidebar"},{"type":"checkbox","id":"display_sidebar_custom","label":"Enable at Category Page","default":true},{"type":"checkbox","id":"display_sidebar_custom_detail","label":"Enable at Detail Page","default":true},{"type":"text","id":"custom_cms_title","label":"Custom CMS Block Title","default":"Custom CMS Block"},{"type":"text","id":"custom_cms_text","label":"Custom CMS Block Description"},{"type":"header","content":"Flickr"},{"type":"checkbox","id":"display_sidebar_blog_flickr","label":"Display Sidebar flickr","default":true},{"type":"text","id":"sidebar_flickr_title","label":"Sidebar flickr title"},{"type":"text","id":"sidebar_flickr_id","label":"Sidebar flickr ID"}]},{"name":"Wishlist","settings":[{"type":"checkbox","id":"enable_wishlist","label":"Enable wishlist","default":true}]},{"name":"Product Image","settings":[{"type":"checkbox","id":"product_image_border","label":"Use border?"},{"type":"color","id":"product_image_border_color","label":"Border Color:"},{"type":"checkbox","id":"product_image_resize","label":"Resize image?","info":"If your images don't have the same size, pleases turn on resize image to have better look."},{"type":"checkbox","id":"product_image_crop","label":"Crop image?"},{"type":"text","id":"product_image_ratio_width","label":"Average ratio of product image (Width:Height)","default":"1"},{"type":"text","id":"product_image_ratio_height","label":":","default":"1.35"},{"type":"paragraph","content":"i.e: 1:2, 1:1.5 or 3:4"},{"type":"checkbox","id":"enable_opacity_product","label":"Enable blur effect (opacity) when hover over product image","default":true}]},{"name":"Collections Page","settings":[{"type":"textarea","id":"collections_page_des","label":"Collections Page Description"}]},{"name":"Product Collection","settings":[{"type":"text","id":"collection_results_per_page","label":"Products per page","default":"10"},{"type":"select","id":"collection_results_per_row","label":"Products per row","options":[{"value":"1","label":"1"},{"value":"2","label":"2"},{"value":"3","label":"3"},{"value":"4","label":"4"},{"value":"5","label":"5"}],"default":"4"},{"type":"checkbox","id":"collection_infinite_scrolling","label":"Enable Infinite Scrolling (Show More Button)","default":true}]},{"name":"Product Detail","settings":[{"type":"radio","id":"style_moreview","label":"Horizontal Moreview or Vertical Moreview","options":[{"value":"horizontal","label":"Horizontal Moreview"},{"value":"vertical","label":"Vertical Moreview"}],"default":"vertical"},{"type":"checkbox","id":"display_prev_next_product","label":"Display Prev\/Next Product?","default":true},{"type":"checkbox","id":"display_sample_vendor","label":"Display Sample Vendor?","default":true},{"type":"checkbox","id":"display_availability","label":"Display Availability?","default":true},{"type":"text","id":"text_availability","label":"Text Availability","default":"Availability"},{"type":"checkbox","id":"display_product_type","label":"Display Product Type?","default":true},{"type":"text","id":"text_product_type","label":"Text Product Type","default":"Product Type"},{"type":"checkbox","id":"display_vendor","label":"Display Vendor?","default":true},{"type":"text","id":"text_vendor","label":"Text Vendor","default":"Vendor"},{"type":"text","id":"text_countdown","label":"Text Countdown","default":"Limited-Time Offers, End in:"},{"type":"radio","id":"show_desc","label":"Short description","options":[{"value":"no-show","label":"No"},{"value":"short","label":"Yes"},{"value":"full","label":"Show Full Description"}],"default":"short"},{"type":"checkbox","id":"use_color_swatch","label":"Use Color Swatch?","default":true},{"type":"checkbox","id":"display_subtotal","label":"Display Subtotal?","default":true},{"type":"checkbox","id":"display_product_detail_tag","label":"Display Tags?","default":true},{"type":"checkbox","id":"display_product_detail_share","label":"Display Product Share?","default":true},{"type":"textarea","id":"addthis_code","label":"AddThis Code"},{"type":"image","id":"social_icon_1.png","label":"Social icon 1","max-width":50},{"type":"text","id":"social_title_1","label":"Social title 1","default":"Email"},{"type":"text","id":"social_link_1","label":"Social link 1","default":"mailto:support@halothemes.com"},{"type":"image","id":"social_icon_2.png","label":"Social icon 2","max-width":50},{"type":"text","id":"social_title_2","label":"Social title 2","default":"Share Facebook"},{"type":"text","id":"social_link_2","label":"Social link 2","default":"#"},{"type":"image","id":"social_icon_3.png","label":"Social icon 3","max-width":50},{"type":"text","id":"social_title_3","label":"Social title 3","default":"Twitter"},{"type":"text","id":"social_link_3","label":"Social link 3","default":"#"},{"type":"image","id":"social_icon_4.png","label":"Social icon 4","max-width":50},{"type":"text","id":"social_title_4","label":"Social title 4","default":"Pinterest"},{"type":"text","id":"social_link_4","label":"Social link 4","default":"#"},{"type":"image","id":"social_icon_5.png","label":"Social icon 5","max-width":50},{"type":"text","id":"social_title_5","label":"Social title 5","default":"Google+"},{"type":"text","id":"social_link_5","label":"Social link 5","default":"#"},{"type":"image","id":"social_icon_6.png","label":"Social icon 6","max-width":50},{"type":"text","id":"social_title_6","label":"Social title 6","default":"Instagram"},{"type":"text","id":"social_link_6","label":"Social link 6","default":"#"},{"type":"radio","id":"show_tab","label":"Horizontal Tab or Vertical Tab","options":[{"value":"horizontal","label":"Horizontal Tab"},{"value":"vertical","label":"Vertical Tab"}],"default":"horizontal"},{"type":"checkbox","id":"display_product_detail_description","label":"Display Product Description?","default":true},{"type":"text","id":"product_description_title","label":"Product Description Title","default":"Product Description"},{"type":"checkbox","id":"display_custom_tab","label":"Display Custom Tab?","default":true},{"type":"text","id":"custom_tab_title","label":"Custom Tab Title","default":"Shipping & Returns"},{"type":"textarea","id":"custom_tab_content","label":"Custom Tab HTML Code"},{"type":"checkbox","id":"display_size_chart","label":"Display Size Chart?","default":true},{"type":"text","id":"custom_size_chart_title","label":"Custom Size Chart Title","default":"Size Chart"},{"type":"image","id":"custom_size_chart_content.jpg","label":"Size Chart Image","max-width":1180},{"type":"checkbox","id":"display_product_reviews","label":"Display Product Reviews?","default":true},{"type":"text","id":"product_review_title","label":"Product Reviews Title","default":"Customer Reviews"},{"type":"header","content":"Related Products"},{"type":"checkbox","id":"display_related_products","label":"Display Related Products?","default":true},{"type":"text","id":"related_products_title","label":"Title of related products block","default":"Related Products"},{"type":"text","id":"number_of_related_products","label":"Number of related products","default":"8"},{"type":"radio","id":"related_products_type","label":"Type of related products","options":[{"value":"tags","label":"By Tags"},{"value":"collection","label":"By Collection"}],"default":"collection"},{"type":"header","content":"Recently Viewed Products"},{"type":"checkbox","id":"display_recently_viewed_products","label":"Display Recently Viewed Products?","default":true},{"type":"text","id":"recently_viewed_products_title","label":"Title of recently viewed products","default":"Recently Viewed Products"},{"type":"text","id":"number_of_recently_viewed_products","label":"Number of recently viewed products","default":"8"}]},{"name":"Products Quickview","settings":[{"type":"checkbox","id":"enable_quick_view","label":"Enable quickview","default":true},{"type":"checkbox","id":"display_quickview_availability","label":"Display Availability?","default":true},{"type":"checkbox","id":"display_quickview_product_type","label":"Display Product Type?","default":true},{"type":"checkbox","id":"display_quickview_vendor","label":"Display Vendor?","default":true},{"type":"checkbox","id":"display_quickview_subtotal","label":"Display Subtotal?","default":true},{"type":"checkbox","id":"display_quickview_short_desc","label":"Display Short Description?","default":true}]},{"name":"Cart","settings":[{"type":"checkbox","id":"display_cart_text","label":"Display cart text?","default":true},{"type":"text","id":"cart_text_1","label":"Cart text 1","default":"Excluding tax & shipping"},{"type":"text","id":"cart_text_2","label":"Cart text 2","default":"Orders will be processed in USD."},{"type":"checkbox","id":"cart_notes","label":"Allow customers to add notes to their order?","default":true,"info":"Only enabled in the ajax cart if you use your cart.liquid markup. See docs below."},{"type":"checkbox","id":"ajax_cart","label":"Enable Ajax Cart","default":true},{"type":"header","content":"Shipping rate calculator"},{"type":"checkbox","id":"show_shipping_calculator","label":"Display shipping rates calculator","default":true},{"type":"text","id":"shipping_calculator_heading","label":"Shipping Rates Calculator Heading","default":"Shipping rates calculator"},{"type":"select","id":"shipping_calculator_default_country","label":"Shipping Rates Calculator default country selection","options":[{"value":"","label":"-- Please Select --"},{"value":"Vietnam","label":"Vietnam"},{"value":"Canada","label":"Canada"},{"value":"Australia","label":"Australia"},{"value":"Afghanistan","label":"Afghanistan"},{"value":"Aland Islands","label":"Aland Islands"},{"value":"Albania","label":"Albania"},{"value":"Algeria","label":"Algeria"},{"value":"Andorra","label":"Andorra"},{"value":"Angola","label":"Angola"},{"value":"Anguilla","label":"Anguilla"},{"value":"Antigua And Barbuda","label":"Antigua And Barbuda"},{"value":"Argentina","label":"Argentina"},{"value":"Armenia","label":"Armenia"},{"value":"Aruba","label":"Aruba"},{"value":"Austria","label":"Austria"},{"value":"Azerbaijan","label":"Azerbaijan"},{"value":"Bahamas","label":"Bahamas"},{"value":"Bahrain","label":"Bahrain"},{"value":"Bangladesh","label":"Bangladesh"},{"value":"Barbados","label":"Barbados"},{"value":"Belarus","label":"Belarus"},{"value":"Belgium","label":"Belgium"},{"value":"Belize","label":"Belize"},{"value":"Benin","label":"Benin"},{"value":"Bermuda","label":"Bermuda"},{"value":"Bhutan","label":"Bhutan"},{"value":"Bolivia","label":"Bolivia"},{"value":"Bosnia And Herzegovina","label":"Bosnia And Herzegovina"},{"value":"Botswana","label":"Botswana"},{"value":"Bouvet Island","label":"Bouvet Island"},{"value":"Brazil","label":"Brazil"},{"value":"British Indian Ocean Territory","label":"British Indian Ocean Territory"},{"value":"Brunei","label":"Brunei"},{"value":"Bulgaria","label":"Bulgaria"},{"value":"Burkina Faso","label":"Burkina Faso"},{"value":"Burma","label":"Burma"},{"value":"Burundi","label":"Burundi"},{"value":"Cambodia","label":"Cambodia"},{"value":"Cape Verde","label":"Cape Verde"},{"value":"Cayman Islands","label":"Cayman Islands"},{"value":"Central African Republic","label":"Central African Republic"},{"value":"Chad","label":"Chad"},{"value":"Chile","label":"Chile"},{"value":"China","label":"China"},{"value":"Christmas Island","label":"Christmas Island"},{"value":"Cocos (Keeling) Islands","label":"Cocos (Keeling) Islands"},{"value":"Colombia","label":"Colombia"},{"value":"Comoros","label":"Comoros"},{"value":"Congo","label":"Congo"},{"value":"Congo, The Democratic Republic Of The","label":"Congo, The Democratic Republic Of The"},{"value":"Cook Islands","label":"Cook Islands"},{"value":"Costa Rica","label":"Costa Rica"},{"value":"Croatia","label":"Croatia"},{"value":"Cuba","label":"Cuba"},{"value":"Curaçao","label":"Curaçao"},{"value":"Cyprus","label":"Cyprus"},{"value":"Czech Republic","label":"Czech Republic"},{"value":"Côte d'Ivoire","label":"Côte d'Ivoire"},{"value":"Denmark","label":"Denmark"},{"value":"Djibouti","label":"Djibouti"},{"value":"Dominica","label":"Dominica"},{"value":"Dominican Republic","label":"Dominican Republic"},{"value":"Ecuador","label":"Ecuador"},{"value":"Egypt","label":"Egypt"},{"value":"El Salvador","label":"El Salvador"},{"value":"Equatorial Guinea","label":"Equatorial Guinea"},{"value":"Eritrea","label":"Eritrea"},{"value":"Estonia","label":"Estonia"},{"value":"Ethiopia","label":"Ethiopia"},{"value":"Falkland Islands (Malvinas)","label":"Falkland Islands (Malvinas)"},{"value":"Faroe Islands","label":"Faroe Islands"},{"value":"Fiji","label":"Fiji"},{"value":"Finland","label":"Finland"},{"value":"France","label":"France"},{"value":"French Guiana","label":"French Guiana"},{"value":"French Polynesia","label":"French Polynesia"},{"value":"French Southern Territories","label":"French Southern Territories"},{"value":"Gabon","label":"Gabon"},{"value":"Gambia","label":"Gambia"},{"value":"Georgia","label":"Georgia"},{"value":"Germany","label":"Germany"},{"value":"Ghana","label":"Ghana"},{"value":"Gibraltar","label":"Gibraltar"},{"value":"Greece","label":"Greece"},{"value":"Greenland","label":"Greenland"},{"value":"Grenada","label":"Grenada"},{"value":"Guadeloupe","label":"Guadeloupe"},{"value":"Guatemala","label":"Guatemala"},{"value":"Guernsey","label":"Guernsey"},{"value":"Guinea","label":"Guinea"},{"value":"Guinea Bissau","label":"Guinea Bissau"},{"value":"Guyana","label":"Guyana"},{"value":"Haiti","label":"Haiti"},{"value":"Heard Island And Mcdonald Islands","label":"Heard Island And Mcdonald Islands"},{"value":"Holy See (Vatican City State)","label":"Holy See (Vatican City State)"},{"value":"Honduras","label":"Honduras"},{"value":"Hong Kong","label":"Hong Kong"},{"value":"Hungary","label":"Hungary"},{"value":"Iceland","label":"Iceland"},{"value":"India","label":"India"},{"value":"Indonesia","label":"Indonesia"},{"value":"Iran, Islamic Republic Of","label":"Iran, Islamic Republic Of"},{"value":"Iraq","label":"Iraq"},{"value":"Ireland","label":"Ireland"},{"value":"Isle Of Man","label":"Isle Of Man"},{"value":"Israel","label":"Israel"},{"value":"Italy","label":"Italy"},{"value":"Jamaica","label":"Jamaica"},{"value":"Japan","label":"Japan"},{"value":"Jersey","label":"Jersey"},{"value":"Jordan","label":"Jordan"},{"value":"Kazakhstan","label":"Kazakhstan"},{"value":"Kenya","label":"Kenya"},{"value":"Kiribati","label":"Kiribati"},{"value":"Korea, Democratic People's Republic Of","label":"Korea, Democratic People's Republic Of"},{"value":"Kosovo","label":"Kosovo"},{"value":"Kuwait","label":"Kuwait"},{"value":"Kyrgyzstan","label":"Kyrgyzstan"},{"value":"Lao People's Democratic Republic","label":"Lao People's Democratic Republic"},{"value":"Latvia","label":"Latvia"},{"value":"Lebanon","label":"Lebanon"},{"value":"Lesotho","label":"Lesotho"},{"value":"Liberia","label":"Liberia"},{"value":"Libyan Arab Jamahiriya","label":"Libyan Arab Jamahiriya"},{"value":"Liechtenstein","label":"Liechtenstein"},{"value":"Lithuania","label":"Lithuania"},{"value":"Luxembourg","label":"Luxembourg"},{"value":"Macao","label":"Macao"},{"value":"Macedonia, Republic Of","label":"Macedonia, Republic Of"},{"value":"Madagascar","label":"Madagascar"},{"value":"Malawi","label":"Malawi"},{"value":"Malaysia","label":"Malaysia"},{"value":"Maldives","label":"Maldives"},{"value":"Mali","label":"Mali"},{"value":"Malta","label":"Malta"},{"value":"Martinique","label":"Martinique"},{"value":"Mauritania","label":"Mauritania"},{"value":"Mauritius","label":"Mauritius"},{"value":"Mayotte","label":"Mayotte"},{"value":"Mexico","label":"Mexico"},{"value":"Moldova, Republic of","label":"Moldova, Republic of"},{"value":"Monaco","label":"Monaco"},{"value":"Mongolia","label":"Mongolia"},{"value":"Montenegro","label":"Montenegro"},{"value":"Montserrat","label":"Montserrat"},{"value":"Morocco","label":"Morocco"},{"value":"Mozambique","label":"Mozambique"},{"value":"Namibia","label":"Namibia"},{"value":"Nauru","label":"Nauru"},{"value":"Nepal","label":"Nepal"},{"value":"Netherlands","label":"Netherlands"},{"value":"Netherlands Antilles","label":"Netherlands Antilles"},{"value":"New Caledonia","label":"New Caledonia"},{"value":"New Zealand","label":"New Zealand"},{"value":"Nicaragua","label":"Nicaragua"},{"value":"Niger","label":"Niger"},{"value":"Nigeria","label":"Nigeria"},{"value":"Niue","label":"Niue"},{"value":"Norfolk Island","label":"Norfolk Island"},{"value":"Norway","label":"Norway"},{"value":"Oman","label":"Oman"},{"value":"Pakistan","label":"Pakistan"},{"value":"Palestinian Territory, Occupied","label":"Palestinian Territory, Occupied"},{"value":"Panama","label":"Panama"},{"value":"Papua New Guinea","label":"Papua New Guinea"},{"value":"Paraguay","label":"Paraguay"},{"value":"Peru","label":"Peru"},{"value":"Philippines","label":"Philippines"},{"value":"Pitcairn","label":"Pitcairn"},{"value":"Poland","label":"Poland"},{"value":"Portugal","label":"Portugal"},{"value":"Qatar","label":"Qatar"},{"value":"Republic of Cameroon","label":"Republic of Cameroon"},{"value":"Reunion","label":"Reunion"},{"value":"Romania","label":"Romania"},{"value":"Russia","label":"Russia"},{"value":"Rwanda","label":"Rwanda"},{"value":"Saint Barthélemy","label":"Saint Barthélemy"},{"value":"Saint Helena","label":"Saint Helena"},{"value":"Saint Kitts And Nevis","label":"Saint Kitts And Nevis"},{"value":"Saint Lucia","label":"Saint Lucia"},{"value":"Saint Martin","label":"Saint Martin"},{"value":"Saint Pierre And Miquelon","label":"Saint Pierre And Miquelon"},{"value":"Samoa","label":"Samoa"},{"value":"San Marino","label":"San Marino"},{"value":"Sao Tome And Principe","label":"Sao Tome And Principe"},{"value":"Saudi Arabia","label":"Saudi Arabia"},{"value":"Senegal","label":"Senegal"},{"value":"Serbia","label":"Serbia"},{"value":"Seychelles","label":"Seychelles"},{"value":"Sierra Leone","label":"Sierra Leone"},{"value":"Singapore","label":"Singapore"},{"value":"Slovakia","label":"Slovakia"},{"value":"Slovenia","label":"Slovenia"},{"value":"Solomon Islands","label":"Solomon Islands"},{"value":"Somalia","label":"Somalia"},{"value":"South Africa","label":"South Africa"},{"value":"South Georgia And The South Sandwich Islands","label":"South Georgia And The South Sandwich Islands"},{"value":"South Korea","label":"South Korea"},{"value":"Spain","label":"Spain"},{"value":"Sri Lanka","label":"Sri Lanka"},{"value":"St. Vincent","label":"St. Vincent"},{"value":"Sudan","label":"Sudan"},{"value":"Suriname","label":"Suriname"},{"value":"Svalbard And Jan Mayen","label":"Svalbard And Jan Mayen"},{"value":"Swaziland","label":"Swaziland"},{"value":"Sweden","label":"Sweden"},{"value":"Switzerland","label":"Switzerland"},{"value":"Syria","label":"Syria"},{"value":"Taiwan","label":"Taiwan"},{"value":"Tajikistan","label":"Tajikistan"},{"value":"Tanzania, United Republic Of","label":"Tanzania, United Republic Of"},{"value":"Thailand","label":"Thailand"},{"value":"Timor Leste","label":"Timor Leste"},{"value":"Togo","label":"Togo"},{"value":"Tokelau","label":"Tokelau"},{"value":"Tonga","label":"Tonga"},{"value":"Trinidad and Tobago","label":"Trinidad and Tobago"},{"value":"Tunisia","label":"Tunisia"},{"value":"Turkey","label":"Turkey"},{"value":"Turkmenistan","label":"Turkmenistan"},{"value":"Turks and Caicos Islands","label":"Turks and Caicos Islands"},{"value":"Tuvalu","label":"Tuvalu"},{"value":"Uganda","label":"Uganda"},{"value":"Ukraine","label":"Ukraine"},{"value":"United Arab Emirates","label":"United Arab Emirates"},{"value":"United Kingdom","label":"United Kingdom"},{"value":"United States","label":"United States"},{"value":"United States Minor Outlying Islands","label":"United States Minor Outlying Islands"},{"value":"Uruguay","label":"Uruguay"},{"value":"Uzbekistan","label":"Uzbekistan"},{"value":"Vanuatu","label":"Vanuatu"},{"value":"Venezuela","label":"Venezuela"},{"value":"Virgin Islands, British","label":"Virgin Islands, British"},{"value":"Wallis And Futuna","label":"Wallis And Futuna"},{"value":"Western Sahara","label":"Western Sahara"},{"value":"Yemen","label":"Yemen"},{"value":"Zambia","label":"Zambia"},{"value":"Zimbabwe","label":"Zimbabwe"}],"default":"Canada"},{"type":"paragraph","content":"If your customer is logged-in, the country in his default shipping address will be selected. If you are not sure about the spelling to use above, refer to your first checkout page."},{"type":"text","id":"shipping_calculator_submit_button_label","label":"Shipping rates calculator submit button label","default":"Calculate shipping estimate"},{"type":"text","id":"shipping_calculator_submit_button_label_disabled","label":"Shipping rates calculator submit button label when calculating","default":"Calculating..."}]},{"name":"Register Page","settings":[{"type":"text","id":"register_text_desc","label":"Text Description","default":"Sign up for a free account at Ella Boutique."}]},{"name":"Money options","settings":[{"type":"checkbox","id":"enable_multiple_currencies","label":"Allow shopper to see prices in his own currency?"},{"type":"text","id":"currency_1_unit","label":"Currency 1 unit Text","default":"AUD"},{"type":"text","id":"currency_2_unit","label":"Currency 2 unit Text","default":"EUR"},{"type":"text","id":"currency_3_unit","label":"Currency 3 unit Text","default":"GBP"},{"type":"text","id":"currency_4_unit","label":"Currency 4 unit Text","default":"USD"},{"type":"paragraph","content":"Separate your currency codes with a space. Use the ISO 4217 3-letter currency code. Click [here](http:\/\/www.xe.com\/iso4217.php) for a complete list of currency codes. Example: CAD USD."},{"type":"paragraph","content":"* For this functionality to work in your shop, you are required to edit your money formats as per [these instructions](http:\/\/wiki.shopify.com\/How_to_Show_Multiple_Currencies#Do_tell_where_the_money_is) (“Do tell where the money is”)."}]},{"name":"Contact Page","settings":[{"type":"checkbox","id":"display_google_map","label":"Display Google Map?","default":true},{"type":"textarea","id":"google_map_code","label":"Google Map Code"},{"type":"text","id":"contact_title","label":"Title","default":"Drop Us A Line"},{"type":"textarea","id":"contact_text_desc","label":"Text Description"},{"type":"text","id":"contact_your_name","label":"Placeholder text in Your Name"},{"type":"text","id":"contact_phone_number","label":"Placeholder text in Your Phone"},{"type":"text","id":"contact_your_email","label":"Placeholder text in Your Email"},{"type":"text","id":"contact_your_comment","label":"Placeholder text in Your Comment"},{"type":"checkbox","id":"display_location","label":"Display Location?","default":true},{"type":"textarea","id":"location_code","label":"Location Code"}]},{"name":"Lazy Loading Effect","settings":[{"type":"checkbox","id":"enable_lazy_loading_pc","label":"Enable Lazy Loading Effect on PC?","default":true},{"type":"checkbox","id":"enable_lazy_loading_mobile","label":"Enable Lazy Loading Effect on Mobile Devices?"},{"type":"text","id":"time_lazy_load","label":"Time Delay","info":"(ms)"},{"type":"paragraph","content":"i.e: 100, 200, or 300"}]}]