{
  "current": {
    "favicon": "shopify:\/\/shop_images\/favicon.png",
    "container_fluid_width": 1620,
    "color_primary": "#000",
    "color_btn_bg_hover": "#000000",
    "prod_sale_price_color": "#666666",
    "prod_type_color": "#666666",
    "color_annoucement_bg": "#e94c4c",
    "color_annoucement_text": "#ffffff",
    "color_topbar_bg": "#e0e7e4",
    "color_topbar_text": "#000000",
    "color_header_bg": "#ffffff",
    "color_header_link": "#000000",
    "color_header_transparent": "#ffffff",
    "bg_cart_wishlist_count": "#e94c4c",
    "color_menu_bar_bg": "#000000",
    "color_menu_bar_text": "#f8f8f8",
    "color_footer_bg": "#ffffff",
    "color_footer_text": "#000000",
    "color_footer_subtext": "#666666",
    "color_footer_link_hover": "#000000",
    "color_footer_bottom_bg": "#ffffff",
    "color_footer_bottom_text": "#666666",
    "img_overlay_opacity": 20,
    "tooltip_background_color": "#000000",
    "type_base_font": "roboto_condensed_n4",
    "use_custom_font_body": true,
    "custom_body_font": "https:\/\/cdn.shopify.com\/s\/files\/1\/0042\/0750\/9567\/files\/Roboto-Regular.ttf?v=1622790263@400\nhttps:\/\/cdn.shopify.com\/s\/files\/1\/0042\/0750\/9567\/files\/Roboto-Medium.ttf?v=1622790263@500",
    "custom_body_weight": "400",
    "type_header_font": "roboto_condensed_n7",
    "use_custom_font_heading": true,
    "custom_heading_font": "https:\/\/cdn.shopify.com\/s\/files\/1\/0042\/0750\/9567\/files\/Roboto-Regular.ttf?v=1622790263@400\nhttps:\/\/cdn.shopify.com\/s\/files\/1\/0042\/0750\/9567\/files\/Roboto-Medium.ttf?v=1622790263@500",
    "custom_heading_weight": "400",
    "type_header_base_size": 34,
    "btn_base_size": 15,
    "btn_border_radius": 0,
    "btn_weight": "400",
    "pcard_layout": "1",
    "pcard_alignment": "left",
    "pcard_image_ratio": "1\/1",
    "show_vendor": false,
    "variant_option_design3": "color",
    "show_variant_swatch_image": true,
    "product_colors": "red: #FF6961,\nyellow: #FDDA76,\nblack: #000000,\nblue: #8DB4D2,\ngreen: #C1E1C1,\npurple: #B19CD9,\nsilver: #EEEEEF,\nwhite: #FFFFFF,\nbrown: #836953,\nlight-brown: #feb035,\ndark-turquoise: #23cddc,\norange: #FFB347,\ntan: #E9D1BF,\nviolet: #B490B0,\npink: #FFD1DC,\ngrey: #E0E0E0,\nsky: #96BDC6,\npale-leaf: #CCD4BF",
    "filter_color1": "",
    "share_facebook": true,
    "social_twitter_link": "https:\/\/twitter.com\/home",
    "social_facebook_link": "https:\/\/facebook.com\/",
    "social_pinterest_link": "https:\/\/pinterest.com\/",
    "social_instagram_link": "https:\/\/instagram.com\/",
    "wishlist_page": "",
    "product_compare_page": "",
    "gm_api": "",
    "instagram_token": "",
    "custom_css": ".slide_subheading_label {\n  font-weight: 500;\n  padding: 5px 14px;\n  background-color: #f6eabe;\n  color: #666e4a;\n  border-radius: 20px;\n}\n\n.font-normal {\n  font-weight: 400;\n}\n.hot_label {\n  padding: 5px 13px;\n  background-color: #e94c4c;\n  border-radius: 20px;\n  color: #fff;\n}\n.sf__index-instagram .section-my {\n  margin-bottom: 0;\n}\n.sf__footer-block-newsletter .sf__footer-block-title {\n  font-size: 30px;\n  line-height: 35px;\n  font-weight: 400;\n}\n.sf__footer-block-newsletter form input {\n  background: #fff;\n}\na.sf__btn.sf__btn-link::after,\na.sf__btn.sf__btn-link::before {\n  height: 1px;\n}\n.sf__index-slideshow .slide__block-desktop .slide__block-title {\n  font-size: 70px;\n  line-height: 1.22;\n  margin-bottom: 30px;\n}\n.sf__index-slideshow .slide__block-desktop a.slide__block-link {\n  font-size: 18px;\n}\n.sf__index-product-tab .product-tabs__header .sf-tab-header {\n  font-size: 24px;\n  line-height: 1.167;\n}\n.sf__index-custom-content .custom_content_1 .content_item {\n  margin-bottom: 50px;\n}\n.sf__index-custom-content .custom_content_1 .content_item .sf__btn {\n  font-size: 18px;\n}\n.sf__index-hero .sf-hero__title {\n  font-size: 36px;\n  line-height: 1.72;\n  font-weight: 400;\n}\n.sf__index-instagram .section__description {\n  margin-top: 0;\n  color: var(--color-body-text);\n}\n.section__heading {\n  line-height: 1.72;\n}\n@media (min-width: 1280px) {\n  .sf__footer-block-newsletter {\n    padding-right: 132px;\n  }\n}\n@media (max-width: 767px) {\n  .sf__index-custom-content .custom_content_1 {\n    flex-wrap: wrap;\n  }\n  .sf__index-custom-content .custom_content_1 .content_item {\n    margin-bottom: 40px;\n    width: 100%;\n  }\n  .sf__index-product-tab .section-my {\n      margin-top: 20px;\n  }\n  .sf__index-product-tab .sf__custom-select .select-selected {\n      font-size: 1.5rem;\n  }\n  .sf__index-custom-content .section-my {\n      padding: 0;\n  }\n  .sf__index-custom-content .section-my .sf-custom__grid {\n      margin: 0;\n  }\n  .sf__index-custom-content .section-my .sf-custom__grid .sf-custom__block {\n      padding-left: 0;\n      padding-right: 0;\n  }\n  .sf__index-custom-content .content_item {\n      padding: 0;\n  }\n  .sf__index-custom-content .sf-custom__block-inner .custom_content_1  {\n      margin-left: 0;\n      margin-right: 0;\n  }\n  .sf__index-custom-content .row-flex {\n      flex-direction: row;\n  }\n  .sf__index-custom-content .content_item .sf__btn {\n      margin-left: 1rem;\n  }\n}",
    "use_theme_currencies": true,
    "theme_currencies": "USD | EUR | GBP | VND",
    "sections": {
      "header": {
        "type": "header",
        "blocks": {
          "ce81eb7e-4474-441d-b7fb-e8fbc3eb61e4": {
            "type": "banner",
            "settings": {
              "heading": "Shop",
              "container": "inherit",
              "banner_style": "outside",
              "banner_link": "",
              "banner_title": "New collection",
              "banner_desc": "",
              "banner_button_text": "Shop now"
            }
          },
          "5fcff590-9866-4962-a922-76debea726b0": {
            "type": "product-list",
            "settings": {
              "heading": "Product",
              "container": "inherit",
              "stretch_width": false,
              "collection": "stationery",
              "limit": 6,
              "columns": 2
            }
          },
          "7601ff39-bc05-41e3-b85c-147869eb41c6": {
            "type": "custom_html",
            "settings": {
              "heading": "Features",
              "container": "inherit",
              "html": ""
            }
          }
        },
        "block_order": [
          "ce81eb7e-4474-441d-b7fb-e8fbc3eb61e4",
          "5fcff590-9866-4962-a922-76debea726b0",
          "7601ff39-bc05-41e3-b85c-147869eb41c6"
        ],
        "settings": {
          "header_design": "logo-left-menu-center",
          "container": "container-fluid",
          "header_sticky": true,
          "transparent_on_top": false,
          "logo_text": "MINIMOG",
          "logo_max_width": 145,
          "sticky_logo_max_width": 105,
          "mobile_logo_max_width": 120,
          "main_menu": "main-menu",
          "secondary_menu": "",
          "uppercase_parent_level": false,
          "search": "show_icon",
          "show_account_icon": true,
          "show_cart_icon": true,
          "show_wishlist_icon": true,
          "show_compare_icon": false,
          "show_currency_switcher": false,
          "show_language_switcher": false
        }
      },
      "footer": {
        "type": "footer",
        "blocks": {
          "494c911f-7281-40a1-85fa-a596a6431858": {
            "type": "newsletter",
            "settings": {
              "title": "Subscribe",
              "description": "Our conversation is just getting started",
              "email_placeholder": "Enter your email",
              "form_style": "minimal",
              "show_social": false,
              "width": "50%"
            }
          },
          "add11443-d75e-4c42-bf4f-bd3f263ba123": {
            "type": "menu",
            "settings": {
              "menu": "main-menu",
              "title": "Company",
              "width": "25%"
            }
          },
          "c85629c7-7aae-4666-b5f0-150990439c91": {
            "type": "menu",
            "settings": {
              "menu": "main-menu",
              "title": "Information",
              "width": "25%"
            }
          },
          "7527ffa4-1a31-4e5c-b642-96aa834daf84": {
            "type": "menu",
            "settings": {
              "menu": "main-menu",
              "title": "Contact",
              "width": "25%"
            }
          },
          "8d19e7d9-ef8e-4d51-a842-c514740639ea": {
            "type": "menu",
            "settings": {
              "menu": "main-menu",
              "title": "Follow",
              "width": "25%"
            }
          }
        },
        "block_order": [
          "494c911f-7281-40a1-85fa-a596a6431858",
          "add11443-d75e-4c42-bf4f-bd3f263ba123",
          "c85629c7-7aae-4666-b5f0-150990439c91",
          "7527ffa4-1a31-4e5c-b642-96aa834daf84",
          "8d19e7d9-ef8e-4d51-a842-c514740639ea"
        ],
        "settings": {
          "design": "footer-1",
          "container": "container",
          "bordered": false,
          "copyright": "<span class=\"text-base\">© 2021, Minimog. All Rights Reserved.<\/span>",
          "show_currency_selector": false,
          "show_language_selector": false,
          "show_social_links": false,
          "show_payment_icons": true
        }
      },
      "annoucement": {
        "type": "annoucement",
        "settings": {
          "show_announcement": true,
          "homepage_only": true,
          "show_close": true,
          "message": "ICONIC compact is in stock and ready to ship!",
          "message_link": "",
          "show_divider": false
        }
      },
      "mobile-sticky-bar": {
        "type": "mobile-sticky-bar",
        "settings": {
          "show_mobile_sticky": true,
          "show_home_icon": true,
          "show_collection_icon": true,
          "show_cart_icon": true,
          "show_search_icon": true,
          "show_account_icon": false,
          "show_wishlist_icon": false
        }
      }
    }
  },
  "presets": {
    "Default": {
      "sections": {
        "featured-collection": {
          "type": "featured-collection",
          "settings": {
            "collection": "frontpage"
          }
        },
        "featured-product": {
          "type": "featured-product",
          "settings": {
          }
        }
      },
      "content_for_index": [
        "featured-collection",
        "featured-product"
      ]
    }
  }
}