{
  "sections": {
    "1623204222008a877b": {
      "type": "image-with-text-2",
      "settings": {
        "container": "w-full",
        "hero_size": "fullscreen",
        "show_overlay": false,
        "bg_position": "top",
        "parallax": false,
        "content_in_container": false,
        "content_position": "left middle",
        "text_alignment": "left",
        "text_size": "large",
        "text_color": "white",
        "title": "Brain-Wellness<br> Supplement.",
        "subtitle": "",
        "text": "<p>The all-natural, brain-wellness supplement <\/p>",
        "button_label": "Exprole Now",
        "button_link": "",
        "button_style": "sf__btn-primary",
        "button_size": "",
        "custom_class": "sf__index-hero"
      }
    },
    "1623205002e95bf455": {
      "type": "icon-box",
      "blocks": {
        "1623205002e95bf455-0": {
          "type": "iconbox",
          "settings": {
            "title": "<span class=\"font-body font-semibold\">Boost memory<\/span>",
            "description": "<p>Get complimentary ground shipping on every<br\/> order.Don’t love it? Send it back, on us.<\/p>",
            "link": "",
            "button_label": "",
            "button_link": "",
            "button_style": "sf__btn-link",
            "button_size": ""
          }
        },
        "1623205002e95bf455-1": {
          "type": "iconbox",
          "settings": {
            "title": "<span class=\"font-body font-semibold\">Find your focus<\/span>",
            "description": "<p>Join Minimog Rewards to earn gift cards<br\/>and enjoy exclusive member benefits.<\/p>",
            "link": "",
            "button_label": "",
            "button_link": "",
            "button_style": "sf__btn-link",
            "button_size": ""
          }
        },
        "1623205002e95bf455-2": {
          "type": "iconbox",
          "settings": {
            "title": "<span class=\"font-body font-semibold\">Manage stress<\/span>",
            "description": "<p>We believe getting dressed should be the<br\/> easiest part of your day.<\/p>",
            "link": "",
            "button_label": "",
            "button_link": "",
            "button_style": "sf__btn-link",
            "button_size": ""
          }
        }
      },
      "block_order": [
        "1623205002e95bf455-0",
        "1623205002e95bf455-1",
        "1623205002e95bf455-2"
      ],
      "settings": {
        "heading": "",
        "subheading": "",
        "description": "",
        "header_alignment": "center",
        "container": "container",
        "background_color": "#f2ede1",
        "item_per_row": 3,
        "item_gap": 30,
        "item_gap_mobile": 10,
        "card_style": "vertical",
        "image_max_width": "60px",
        "content_alignment": "center",
        "hover_effect": "none",
        "enable_slider": true,
        "show_pagination": true,
        "show_navigation": false,
        "use_scroll_mobile": true,
        "use_grid_column_mb": false,
        "custom_class": "sf__index-icon-box"
      }
    },
    "16232061662f1fee46": {
      "type": "image-with-text",
      "settings": {
        "heading": "",
        "subheading": "",
        "container": "container",
        "background_color": "rgba(0,0,0,0)",
        "item_gap": 160,
        "item_gap_mobile": 30,
        "layout": "left",
        "image_column_size": "6",
        "title": "Brain-wellness<br> supplement that<br> boosts focus.",
        "sub_title": "",
        "text": "<p>Roughly half a cup of coffee's worth of natural caffeine,<br\/> extracted from green coffee beans which promote<br\/> energy, brain function, and mood.A mushroom shown to<br\/> promote healthy cognitive function.<\/p>",
        "text_size": "medium",
        "content_alignment": "left",
        "button_label": "View Details",
        "button_link": "",
        "button_style": "sf__btn-link",
        "button_size": "",
        "custom_class": ""
      }
    },
    "16232064303897e8c9": {
      "type": "image-with-text",
      "settings": {
        "heading": "",
        "subheading": "",
        "container": "container",
        "background_color": "rgba(0,0,0,0)",
        "item_gap": 160,
        "item_gap_mobile": 30,
        "layout": "right",
        "image_column_size": "6",
        "title": "A natural boost in<br> focus, memory &<br> mood.",
        "sub_title": "",
        "text": "<p>Roughly half a cup of coffee's worth of natural caffeine,<br\/> extracted from green coffee beans which promote<br\/> energy, brain function, and mood.A mushroom shown to<br\/> promote healthy cognitive function.<\/p>",
        "text_size": "medium",
        "content_alignment": "left",
        "button_label": "View Details",
        "button_link": "",
        "button_style": "sf__btn-link",
        "button_size": "",
        "custom_class": ""
      }
    },
    "162320668556343b26": {
      "type": "image-with-text-2",
      "settings": {
        "container": "w-full",
        "hero_size": "large",
        "show_overlay": true,
        "bg_position": "top",
        "parallax": false,
        "content_in_container": true,
        "content_position": "center middle",
        "text_alignment": "center",
        "text_size": "large",
        "text_color": "white",
        "title": "Vegetarian Ingredients",
        "subtitle": "",
        "text": "",
        "button_label": "See Ingredients",
        "button_link": "",
        "button_style": "sf__btn-primary",
        "button_size": "",
        "custom_class": "sf__index-hero"
      }
    },
    "1623207173cbe445df": {
      "type": "featured-product",
      "settings": {
        "container": "container",
        "featured_product": "focused-by-fredi",
        "column_gap": 100,
        "column_gap_mobile": 30,
        "image_placement": "left",
        "show_thumbnails": true,
        "show_quantity_selector": true,
        "enable_payment_button": false,
        "show_share_buttons": false,
        "custom_class": ""
      }
    },
    "1623207871a03c2ccd": {
      "type": "testimonials",
      "blocks": {
        "1623207871a03c2ccd-1": {
          "type": "testimonial",
          "settings": {
            "title": "Love my new purchase",
            "description": "<p>\"I've been getting good wear out of the shirt. It's very light and soft, comfortable to wear.\"<\/p>",
            "footer": "<p>Fernanda K<\/p>",
            "image_text": "",
            "product": ""
          }
        },
        "1623207871a03c2ccd-2": {
          "type": "testimonial",
          "settings": {
            "title": "What a delight to find you",
            "description": "<p>\"I just wanted to thank you for the impeccable service from you and your staff...\"<\/p>",
            "footer": "<p>Gloria T<\/p>",
            "image_text": "",
            "product": ""
          }
        },
        "1623207871a03c2ccd-0": {
          "type": "testimonial",
          "settings": {
            "title": "Thank you for your help!",
            "description": "<p>\"I was thrilled to be able to visit your store again! Love my new purchase.\"<\/p>",
            "footer": "<p>Shane T<\/p>",
            "image_text": "",
            "product": ""
          }
        },
        "1623207871a03c2ccd-3": {
          "type": "testimonial",
          "settings": {
            "title": "Thanks for being so fabulous!",
            "description": "<p>\"I was recently at your store, what a delight to find you!\"<\/p>",
            "footer": "<p>Zeferino G<\/p>",
            "image_text": "",
            "product": ""
          }
        },
        "1623207871a03c2ccd-4": {
          "type": "testimonial",
          "settings": {
            "title": "I will certainly recommend to others.",
            "description": "<p>\"Thanks for being so fabulous...and continuing to provide such a wonderful service\"<\/p>",
            "footer": "<p>Denzil A<\/p>",
            "image_text": "",
            "product": ""
          }
        },
        "1623207871a03c2ccd-5": {
          "type": "testimonial",
          "settings": {
            "title": "A great store you can find.",
            "description": "<p>\"Thank you so much for your help in finding some new clothes that I needed desperately.\"<\/p>",
            "footer": "<p>Adelia C<\/p>",
            "image_text": "",
            "product": ""
          }
        }
      },
      "block_order": [
        "1623207871a03c2ccd-1",
        "1623207871a03c2ccd-2",
        "1623207871a03c2ccd-0",
        "1623207871a03c2ccd-3",
        "1623207871a03c2ccd-4",
        "1623207871a03c2ccd-5"
      ],
      "settings": {
        "heading": "Happy Customers",
        "subheading": "",
        "description": "",
        "header_alignment": "center",
        "container": "container",
        "background_color": "",
        "design": "testimonials-3",
        "show_stars": true,
        "autorotate": false,
        "show_navigation": true,
        "show_pagination": true,
        "star_color": "#f3bb2e",
        "custom_class": ""
      }
    },
    "16232089845f4b6f6c": {
      "type": "instagram",
      "settings": {
        "heading": "",
        "subheading": "",
        "description": "",
        "header_alignment": "center",
        "container": "w-full",
        "background_color": "rgba(0,0,0,0)",
        "layout": "grid",
        "images_count": 5,
        "grid_columns": 5,
        "gap": 10,
        "mobile_gap": 10,
        "profile": "https:\/\/www.instagram.com\/minimog.trendy\/",
        "button_label": "",
        "custom_class": ""
      }
    }
  },
  "order": [
    "1623204222008a877b",
    "1623205002e95bf455",
    "16232061662f1fee46",
    "16232064303897e8c9",
    "162320668556343b26",
    "1623207173cbe445df",
    "1623207871a03c2ccd",
    "16232089845f4b6f6c"
  ]
}