{
  "current": {
    "favicon": "shopify:\/\/shop_images\/favicon.png",
    "container_fluid_width": 1620,
    "color_primary": "#000",
    "color_btn_bg_hover": "#000000",
    "prod_sale_price_color": "#666666",
    "prod_type_color": "#666666",
    "color_annoucement_bg": "#e94c4c",
    "color_annoucement_text": "#ffffff",
    "color_topbar_bg": "#e0e7e4",
    "color_topbar_text": "#000000",
    "color_header_bg": "#ffffff",
    "color_header_link": "#000000",
    "color_header_transparent": "#ffffff",
    "bg_cart_wishlist_count": "#e94c4c",
    "color_menu_bar_bg": "#000000",
    "color_menu_bar_text": "#f8f8f8",
    "color_footer_bg": "#ffffff",
    "color_footer_text": "#000000",
    "color_footer_subtext": "#666666",
    "color_footer_link_hover": "#000000",
    "color_footer_bottom_bg": "#ffffff",
    "color_footer_bottom_text": "#666666",
    "img_overlay_opacity": 20,
    "tooltip_background_color": "#000000",
    "type_base_font": "roboto_condensed_n4",
    "use_custom_font_body": true,
    "custom_body_font": "https:\/\/cdn.shopify.com\/s\/files\/1\/0042\/0750\/9567\/files\/Roboto-Regular.ttf?v=1622790263@400\nhttps:\/\/cdn.shopify.com\/s\/files\/1\/0042\/0750\/9567\/files\/Roboto-Medium.ttf?v=1622790263@500",
    "custom_body_weight": "400",
    "type_header_font": "roboto_condensed_n7",
    "use_custom_font_heading": true,
    "custom_heading_font": "https:\/\/cdn.shopify.com\/s\/files\/1\/0042\/0750\/9567\/files\/Roboto-Regular.ttf?v=1622790263@400\nhttps:\/\/cdn.shopify.com\/s\/files\/1\/0042\/0750\/9567\/files\/Roboto-Medium.ttf?v=1622790263@500",
    "custom_heading_weight": "400",
    "type_header_base_size": 34,
    "btn_base_size": 15,
    "btn_border_radius": 0,
    "btn_weight": "400",
    "pcard_layout": "1",
    "pcard_alignment": "left",
    "pcard_image_ratio": "1\/1",
    "show_vendor": false,
    "variant_option_design3": "color",
    "show_variant_swatch_image": true,
    "product_colors": "red: #FF6961,\nyellow: #FDDA76,\nblack: #000000,\nblue: #8DB4D2,\ngreen: #C1E1C1,\npurple: #B19CD9,\nsilver: #EEEEEF,\nwhite: #FFFFFF,\nbrown: #836953,\nlight-brown: #feb035,\ndark-turquoise: #23cddc,\norange: #FFB347,\ntan: #E9D1BF,\nviolet: #B490B0,\npink: #FFD1DC,\ngrey: #E0E0E0,\nsky: #96BDC6,\npale-leaf: #CCD4BF",
    "filter_color1": "",
    "share_facebook": true,
    "social_twitter_link": "https:\/\/twitter.com\/home",
    "social_facebook_link": "https:\/\/facebook.com\/",
    "social_pinterest_link": "https:\/\/pinterest.com\/",
    "social_instagram_link": "https:\/\/instagram.com\/",
    "wishlist_page": "",
    "product_compare_page": "",
    "gm_api": "",
    "instagram_token": "",
    "custom_css": ".slide_subheading_label {\n  font-weight: 500;\n  padding: 5px 14px;\n  background-color: #f6eabe;\n  color: #666e4a;\n  border-radius: 20px;\n}\n\n.font-normal {\n  font-weight: 400;\n}\n.hot_label {\n  padding: 5px 13px;\n  background-color: #e94c4c;\n  border-radius: 20px;\n  color: #fff;\n}\n.sf__index-instagram .section-my {\n  margin-bottom: 0;\n}\n.sf__footer-block-newsletter .sf__footer-block-title {\n  font-size: 30px;\n  line-height: 35px;\n  font-weight: 400;\n}\n.sf__footer-block-newsletter form input {\n  background: #fff;\n}\na.sf__btn.sf__btn-link::after,\na.sf__btn.sf__btn-link::before {\n  height: 1px;\n}\n.sf__index-slideshow .slide__block-desktop .slide__block-title {\n  font-size: 70px;\n  line-height: 1.22;\n  margin-bottom: 30px;\n}\n.sf__index-slideshow .slide__block-desktop a.slide__block-link {\n  font-size: 18px;\n}\n.sf__index-product-tab .product-tabs__header .sf-tab-header {\n  font-size: 24px;\n  line-height: 1.167;\n}\n.sf__index-custom-content .custom_content_1 .content_item {\n  margin-bottom: 50px;\n}\n.sf__index-custom-content .custom_content_1 .content_item .sf__btn {\n  font-size: 18px;\n}\n.sf__index-hero .sf-hero__title {\n  font-size: 36px;\n  line-height: 1.72;\n  font-weight: 400;\n}\n.sf__index-instagram .section__description {\n  margin-top: 0;\n  color: var(--color-body-text);\n}\n.section__heading {\n  line-height: 1.72;\n}\n@media (min-width: 1280px) {\n  .sf__footer-block-newsletter {\n    padding-right: 132px;\n  }\n}\n@media (max-width: 767px) {\n  .sf__index-custom-content .custom_content_1 {\n    flex-wrap: wrap;\n  }\n  .sf__index-custom-content .custom_content_1 .content_item {\n    margin-bottom: 40px;\n    width: 100%;\n  }\n  .sf__index-product-tab .section-my {\n      margin-top: 20px;\n  }\n  .sf__index-product-tab .sf__custom-select .select-selected {\n      font-size: 1.5rem;\n  }\n  .sf__index-custom-content .section-my {\n      padding: 0;\n  }\n  .sf__index-custom-content .section-my .sf-custom__grid {\n      margin: 0;\n  }\n  .sf__index-custom-content .section-my .sf-custom__grid .sf-custom__block {\n      padding-left: 0;\n      padding-right: 0;\n  }\n  .sf__index-custom-content .content_item {\n      padding: 0;\n  }\n  .sf__index-custom-content .sf-custom__block-inner .custom_content_1  {\n      margin-left: 0;\n      margin-right: 0;\n  }\n  .sf__index-custom-content .row-flex {\n      flex-direction: row;\n  }\n  .sf__index-custom-content .content_item .sf__btn {\n      margin-left: 1rem;\n  }\n}",
    "use_theme_currencies": true,
    "theme_currencies": "USD | EUR | GBP | VND",
    "sections": {
      "page-faqs": {
        "type": "page-faqs",
        "blocks": {
          "2802736b-f08f-4510-a4f7-4ad7d748992d": {
            "type": "content",
            "settings": {
              "content": "<div class=\"mb-10\"><img src=\"https:\/\/cdn.shopify.com\/s\/files\/1\/0561\/2742\/2636\/files\/faqs.jpg?v=1620784288\"><\/div>\n<h3 class=\"font-medium text-xl mb-4\">Awkwardness gives me great comfort. I’ve never been cool, but I’ve felt cool. I’ve been in the cool place, but I wasn’t really cool – I was trying to pass for hip or cool.<\/h3>\n<p>A girl should be two things: classy and fabulous. I am convinced that there can be luxury in simplicity. I wanted to dress the woman who lives and works, not the woman in a painting. It’s hard to balance everything. It’s always challenging. My relationships with producers or photographers – these are relationships that took years. I can’t get sucked into that celebrity thing, because I think it’s just crass. My aim is to make the poor look rich.<\/p>"
            }
          },
          "4e151238-4480-4122-b893-7f4a19886e4c": {
            "type": "accordion",
            "settings": {
              "title": "What shipping methods are availbale?",
              "content": "<p>Lorem ipsum dolor sit amet conse ctetur adipisicing elit, sed do eiusmod tempor incididunt ut labore et dolore magna aliqua. Ut enim ad minim veniam, quis nostrud exercitation ullamco laboris nisi ut aliquip ex ea commodo consequat. Duis aute irure dolor in reprehenderit in voluptate velit esse cillum dolore eu fugiat.<br\/><br\/>Ut enim ad minim veniam, quis nostrud exercitation ullamco laboris nisi ut aliquip ex ea commodo consequat. Duis aute irure dolor in reprehenderit.<\/p>",
              "open": true
            }
          },
          "c5d4d04d-f6c1-4d1e-99f0-3c221393a3cf": {
            "type": "accordion",
            "settings": {
              "title": "How long will it take to get my package?",
              "content": "<p>Lorem ipsum dolor sit amet conse ctetur adipisicing elit, sed do eiusmod tempor incididunt ut labore et dolore magna aliqua. Ut enim ad minim veniam, quis nostrud exercitation ullamco laboris nisi ut aliquip.<\/p>",
              "open": false
            }
          },
          "0131747b-8b40-432f-b634-b1289ec41911": {
            "type": "accordion",
            "settings": {
              "title": "Do you ship internationally?",
              "content": "<p>Lorem ipsum dolor sit amet conse ctetur adipisicing elit, sed do eiusmod tempor incididunt ut labore et dolore magna aliqua. Ut enim ad minim veniam, quis nostrud exercitation ullamco laboris nisi ut aliquip.<\/p>",
              "open": false
            }
          },
          "5d7206e9-5375-4da6-9a1f-24e1c46230b0": {
            "type": "accordion",
            "settings": {
              "title": "What payment methods are accepted?",
              "content": "<p>Lorem ipsum dolor sit amet conse ctetur adipisicing elit, sed do eiusmod tempor incididunt ut labore et dolore magna aliqua. Ut enim ad minim veniam, quis nostrud exercitation ullamco laboris nisi ut aliquip ex ea commodo consequat. Duis aute irure dolor in reprehenderit in voluptate velit esse cillum dolore eu fugiat.<\/p>",
              "open": false
            }
          },
          "4008f61e-055e-42ba-8969-cb3715c0aece": {
            "type": "accordion",
            "settings": {
              "title": "Is buying on-line safe?",
              "content": "<p>Lorem ipsum dolor sit amet conse ctetur adipisicing elit, sed do eiusmod tempor incididunt ut labore et dolore magna aliqua. Ut enim ad minim veniam, quis nostrud exercitation ullamco laboris nisi ut aliquip.<\/p>",
              "open": false
            }
          }
        },
        "block_order": [
          "2802736b-f08f-4510-a4f7-4ad7d748992d",
          "4e151238-4480-4122-b893-7f4a19886e4c",
          "c5d4d04d-f6c1-4d1e-99f0-3c221393a3cf",
          "0131747b-8b40-432f-b634-b1289ec41911",
          "5d7206e9-5375-4da6-9a1f-24e1c46230b0",
          "4008f61e-055e-42ba-8969-cb3715c0aece"
        ],
        "settings": {
          "menu": "faqs-menu"
        }
      },
      "collection-list": {
        "type": "collection-list",
        "settings": {
        }
      },
      "featured-collection": {
        "type": "featured-collection",
        "settings": {
          "collection": "frontpage"
        }
      },
      "featured-product": {
        "type": "featured-product",
        "settings": {
        }
      },
      "slider": {
        "type": "slider",
        "settings": {
        }
      },
      "header": {
        "type": "header",
        "blocks": {
          "ce81eb7e-4474-441d-b7fb-e8fbc3eb61e4": {
            "type": "banner",
            "settings": {
              "heading": "Shop",
              "container": "inherit",
              "banner_style": "outside",
              "banner_link": "",
              "banner_title": "New collection",
              "banner_desc": "",
              "banner_button_text": "Shop now"
            }
          },
          "5fcff590-9866-4962-a922-76debea726b0": {
            "type": "product-list",
            "settings": {
              "heading": "Product",
              "container": "inherit",
              "stretch_width": false,
              "collection": "stationery",
              "limit": 6,
              "columns": 2
            }
          },
          "7601ff39-bc05-41e3-b85c-147869eb41c6": {
            "type": "custom_html",
            "settings": {
              "heading": "Features",
              "container": "inherit",
              "html": ""
            }
          }
        },
        "block_order": [
          "ce81eb7e-4474-441d-b7fb-e8fbc3eb61e4",
          "5fcff590-9866-4962-a922-76debea726b0",
          "7601ff39-bc05-41e3-b85c-147869eb41c6"
        ],
        "settings": {
          "header_design": "logo-left-menu-center",
          "container": "container-fluid",
          "header_sticky": true,
          "transparent_on_top": false,
          "logo_text": "MINIMOG",
          "logo_max_width": 145,
          "sticky_logo_max_width": 105,
          "mobile_logo_max_width": 120,
          "main_menu": "main-menu",
          "secondary_menu": "",
          "uppercase_parent_level": false,
          "search": "show_icon",
          "show_account_icon": true,
          "show_cart_icon": true,
          "show_wishlist_icon": true,
          "show_compare_icon": false,
          "show_currency_switcher": false,
          "show_language_switcher": false
        }
      },
      "footer": {
        "type": "footer",
        "blocks": {
          "494c911f-7281-40a1-85fa-a596a6431858": {
            "type": "newsletter",
            "settings": {
              "title": "Subscribe",
              "description": "Our conversation is just getting started",
              "email_placeholder": "Enter your email",
              "form_style": "minimal",
              "show_social": false,
              "width": "50%"
            }
          },
          "add11443-d75e-4c42-bf4f-bd3f263ba123": {
            "type": "menu",
            "settings": {
              "menu": "main-menu",
              "title": "Company",
              "width": "25%"
            }
          },
          "c85629c7-7aae-4666-b5f0-150990439c91": {
            "type": "menu",
            "settings": {
              "menu": "main-menu",
              "title": "Information",
              "width": "25%"
            }
          },
          "7527ffa4-1a31-4e5c-b642-96aa834daf84": {
            "type": "menu",
            "settings": {
              "menu": "main-menu",
              "title": "Contact",
              "width": "25%"
            }
          },
          "8d19e7d9-ef8e-4d51-a842-c514740639ea": {
            "type": "menu",
            "settings": {
              "menu": "main-menu",
              "title": "Follow",
              "width": "25%"
            }
          }
        },
        "block_order": [
          "494c911f-7281-40a1-85fa-a596a6431858",
          "add11443-d75e-4c42-bf4f-bd3f263ba123",
          "c85629c7-7aae-4666-b5f0-150990439c91",
          "7527ffa4-1a31-4e5c-b642-96aa834daf84",
          "8d19e7d9-ef8e-4d51-a842-c514740639ea"
        ],
        "settings": {
          "design": "footer-1",
          "container": "container",
          "bordered": false,
          "copyright": "<span class=\"text-base\">© 2021, Minimog. All Rights Reserved.<\/span>",
          "show_currency_selector": false,
          "show_language_selector": false,
          "show_social_links": false,
          "show_payment_icons": true
        }
      },
      "collection-page-header": {
        "type": "collection-page-header",
        "settings": {
          "layout": "inside",
          "header_height": "small",
          "text_alignment": "center",
          "vertical_alignment": "center",
          "bg_color": "#ffffff",
          "enable_parallax": true,
          "show_breadcrumb": true,
          "upper_title": false
        }
      },
      "product-template": {
        "type": "product-template",
        "settings": {
          "container": "container",
          "layout": "layout-6",
          "show_tags": false,
          "show_vendor": false,
          "show_sku": false,
          "show_categories": false,
          "show_reviews_count": true,
          "show_quantity_selector": true,
          "enable_dynamic_checkout": true,
          "hide_atc_button": false,
          "show_atwl": true,
          "show_atcp": true,
          "show_ask_a_question": true,
          "show_social": true,
          "show_live_views": true,
          "live_views_text": "<p><strong>{{count_number}}<\/strong> <strong>people<\/strong> are viewing this right now<\/p>",
          "live_views_range": "20-30",
          "live_view_duration": "10",
          "live_view_icon_blinks": true,
          "show_delivery_times": true,
          "deliver_text": "Estimated Delivery:",
          "deliver_days": "3",
          "show_shipping_text": true,
          "shipping_text": "<p><strong>Free Shipping & Returns: <\/strong>On all orders over $75<\/p>",
          "show_trust_badges": true,
          "trust_badges_text": "<p>Guarantee safe & secure checkout<\/p>",
          "trust_badges_image": "shopify:\/\/shop_images\/trustbag.png",
          "trust_badges_image_width": "320px",
          "use_sticky_atc": true,
          "sticky_atc_wishtlist": false,
          "sticky_atc_compare": false
        }
      },
      "product-details-tabs": {
        "type": "product-details-tabs",
        "blocks": {
          "4db8ad16-886f-47f7-9b57-fc68b39fb2d4": {
            "type": "description",
            "settings": {
              "header": "Product description"
            }
          },
          "efb91f00-2689-490f-9b8c-5cb59e7f681d": {
            "type": "tab",
            "settings": {
              "header": "Shipping & Return",
              "content": "<p>So beautiful you’ll want to show it off, so comfortable you’ll forget it’s there. Our 24\/7™ Lace Contour Plunge Bra combines gorgeous floral lace with sheer overlay straps that hold you in and eliminates gaping. Removable pads let you customize you<\/p>"
            }
          },
          "5937412b-ceef-4dcf-a259-0e9e9c49350e": {
            "type": "reviews",
            "settings": {
              "header": "Product reviews"
            }
          }
        },
        "block_order": [
          "4db8ad16-886f-47f7-9b57-fc68b39fb2d4",
          "efb91f00-2689-490f-9b8c-5cb59e7f681d",
          "5937412b-ceef-4dcf-a259-0e9e9c49350e"
        ],
        "settings": {
          "show_product_tabs": true,
          "container": "container",
          "bg_color": ""
        }
      },
      "product-reviews": {
        "type": "product-reviews",
        "settings": {
          "show_product_reviews": false,
          "container": "container-narrow",
          "heading": "Ratings and Reviews"
        }
      },
      "product-recommendations": {
        "type": "product-recommendations",
        "settings": {
          "show_product_recommendations": true,
          "container": "container",
          "heading": "You Might Also Like",
          "limit": 8,
          "columns": 4,
          "column_gap": 30,
          "enable_slider": true
        }
      },
      "brand-page-header": {
        "type": "brand-page-header",
        "blocks": {
          "09dfe2e1-10c2-4cee-a033-a90b143c85f3": {
            "type": "information",
            "settings": {
              "collection": "retrolie",
              "logo": "shopify:\/\/shop_images\/1.png",
              "content": "<p>Developed by Goop founder, wellness advocate and - academy award-winner, Gwyneth Paltrow, this high performing skincare line is where luxury formulas meet pure organic ingredients and the results are skin-changing. <\/p><p>Goop is passionate about the idea that beauty comes from the inside out. So they use clinically proven and best-in-class ingredients at active levels to create skin care, skin-boosting ingestibles, and body essentials that are luxurious, deliver high-performance results, and enliven the senses with exquisite textures and beautiful scents.<\/p>",
              "image_1": "shopify:\/\/shop_images\/1_8e8151b6-3555-4abf-8dd6-5347182bbcd0.jpg",
              "image_2": "shopify:\/\/shop_images\/2_9a1b3099-775a-4093-9ece-6cfaa04a06fe.jpg",
              "image_3": "shopify:\/\/shop_images\/3_7b9fc65c-8202-4449-a828-d03ac03c6d38.jpg"
            }
          },
          "c8ee188c-a84f-4cf2-a8af-aacb9bf78785": {
            "type": "information",
            "settings": {
              "collection": "abby",
              "logo": "shopify:\/\/shop_images\/2.png",
              "content": "<p>Developed by Goop founder, wellness advocate and - academy award-winner, Gwyneth Paltrow, this high performing skincare line is where luxury formulas meet pure organic ingredients and the results are skin-changing. <\/p><p>Goop is passionate about the idea that beauty comes from the inside out. So they use clinically proven and best-in-class ingredients at active levels to create skin care, skin-boosting ingestibles, and body essentials that are luxurious, deliver high-performance results, and enliven the senses with exquisite textures and beautiful scents.<\/p>",
              "image_1": "shopify:\/\/shop_images\/4.jpg",
              "image_2": "shopify:\/\/shop_images\/5.jpg",
              "image_3": "shopify:\/\/shop_images\/6.jpg"
            }
          },
          "e56a3991-3115-47d4-b7e6-43e962712fc6": {
            "type": "information",
            "settings": {
              "collection": "minimog",
              "logo": "shopify:\/\/shop_images\/3.png",
              "content": "<p>Developed by Goop founder, wellness advocate and - academy award-winner, Gwyneth Paltrow, this high performing skincare line is where luxury formulas meet pure organic ingredients and the results are skin-changing. <\/p><p>Goop is passionate about the idea that beauty comes from the inside out. So they use clinically proven and best-in-class ingredients at active levels to create skin care, skin-boosting ingestibles, and body essentials that are luxurious, deliver high-performance results, and enliven the senses with exquisite textures and beautiful scents.<\/p>",
              "image_1": "shopify:\/\/shop_images\/7.jpg",
              "image_2": "shopify:\/\/shop_images\/8.jpg",
              "image_3": "shopify:\/\/shop_images\/9.jpg"
            }
          },
          "98bac8d0-393b-4f50-91b8-052a49e29dd0": {
            "type": "information",
            "settings": {
              "collection": "brook",
              "logo": "shopify:\/\/shop_images\/4.png",
              "content": "<p>Developed by Goop founder, wellness advocate and - academy award-winner, Gwyneth Paltrow, this high performing skincare line is where luxury formulas meet pure organic ingredients and the results are skin-changing. <\/p><p>Goop is passionate about the idea that beauty comes from the inside out. So they use clinically proven and best-in-class ingredients at active levels to create skin care, skin-boosting ingestibles, and body essentials that are luxurious, deliver high-performance results, and enliven the senses with exquisite textures and beautiful scents.<\/p>",
              "image_1": "shopify:\/\/shop_images\/10.jpg",
              "image_2": "shopify:\/\/shop_images\/11.jpg",
              "image_3": "shopify:\/\/shop_images\/12.jpg"
            }
          },
          "2b4a1841-6d7a-468b-ba3b-a5fd307cf9aa": {
            "type": "information",
            "settings": {
              "collection": "learts",
              "logo": "shopify:\/\/shop_images\/5.png",
              "content": "<p>Developed by Goop founder, wellness advocate and - academy award-winner, Gwyneth Paltrow, this high performing skincare line is where luxury formulas meet pure organic ingredients and the results are skin-changing. <\/p><p>Goop is passionate about the idea that beauty comes from the inside out. So they use clinically proven and best-in-class ingredients at active levels to create skin care, skin-boosting ingestibles, and body essentials that are luxurious, deliver high-performance results, and enliven the senses with exquisite textures and beautiful scents.<\/p>",
              "image_1": "shopify:\/\/shop_images\/13.jpg",
              "image_2": "shopify:\/\/shop_images\/14.jpg",
              "image_3": "shopify:\/\/shop_images\/15.jpg"
            }
          },
          "b54aa75a-c232-474e-9d92-2027e31cd066": {
            "type": "information",
            "settings": {
              "collection": "vagabond",
              "logo": "shopify:\/\/shop_images\/6.png",
              "content": "<p>Developed by Goop founder, wellness advocate and - academy award-winner, Gwyneth Paltrow, this high performing skincare line is where luxury formulas meet pure organic ingredients and the results are skin-changing. <\/p><p>Goop is passionate about the idea that beauty comes from the inside out. So they use clinically proven and best-in-class ingredients at active levels to create skin care, skin-boosting ingestibles, and body essentials that are luxurious, deliver high-performance results, and enliven the senses with exquisite textures and beautiful scents.<\/p>",
              "image_1": "shopify:\/\/shop_images\/16.jpg",
              "image_2": "shopify:\/\/shop_images\/17.jpg",
              "image_3": "shopify:\/\/shop_images\/18.jpg"
            }
          }
        },
        "block_order": [
          "09dfe2e1-10c2-4cee-a033-a90b143c85f3",
          "c8ee188c-a84f-4cf2-a8af-aacb9bf78785",
          "e56a3991-3115-47d4-b7e6-43e962712fc6",
          "98bac8d0-393b-4f50-91b8-052a49e29dd0",
          "2b4a1841-6d7a-468b-ba3b-a5fd307cf9aa",
          "b54aa75a-c232-474e-9d92-2027e31cd066"
        ],
        "settings": {
        }
      },
      "collection-brand": {
        "type": "collection-brand",
        "settings": {
          "grid_layout": "grid",
          "pagination_limit": "12",
          "grid_columns": "3",
          "collection_paginate": "paginate",
          "show_filter": true,
          "sidebar": "leftColumn"
        }
      },
      "contact-information": {
        "type": "contact-information",
        "settings": {
        }
      },
      "maps": {
        "type": "maps",
        "settings": {
          "textx": "40.6700",
          "texty": "-73.9400",
          "zoom": "11",
          "text2": "New York"
        }
      },
      "contact-template": {
        "type": "contact-template",
        "blocks": {
          "458d6546-c5d0-4128-8fa6-162080bdf85f": {
            "type": "textblock",
            "settings": {
              "title": "Address",
              "content": "<p>7895 Piermont Dr NE Albuquerque, NM 198866, <a href=\"#\">See Our Stores<\/a><\/p>"
            }
          },
          "d2fd611c-a50a-4871-b401-b51dff320d34": {
            "type": "textblock",
            "settings": {
              "title": "Information",
              "content": "<p>+391 (0)35 2568 4593<\/p><p>hello@domain.com<\/p>"
            }
          },
          "159b3b43-a6d9-4cb9-b78d-04f5a5bae350": {
            "type": "socialmedia",
            "settings": {
              "title": "Social Media"
            }
          },
          "5c486a84-9bdd-4d24-8ac7-5c428593cf33": {
            "type": "textblock",
            "settings": {
              "title": "We're Open",
              "content": "<p>Our store has re-opened for shopping, exchanges<\/p><p>Every day 11am to 7pm<\/p>"
            }
          }
        },
        "block_order": [
          "458d6546-c5d0-4128-8fa6-162080bdf85f",
          "d2fd611c-a50a-4871-b401-b51dff320d34",
          "159b3b43-a6d9-4cb9-b78d-04f5a5bae350",
          "5c486a84-9bdd-4d24-8ac7-5c428593cf33"
        ],
        "settings": {
          "title": "We would love to hear from you.",
          "description": "<p>If you’ve got great products your making or looking to work with us then drop us a line.<\/p>"
        }
      },
      "content-before-products": {
        "type": "content-before-products",
        "settings": {
          "container": "container-fluid",
          "background_color": "",
          "gap": 30,
          "gap_mobile": 16
        }
      },
      "collection-template": {
        "type": "collection-template",
        "settings": {
          "container": "container",
          "grid_layout": "grid",
          "grid_columns": "4",
          "pagination_limit": "12",
          "collection_paginate": "paginate",
          "show_filter": true,
          "sidebar": "leftColumn"
        }
      },
      "content-after-products": {
        "type": "content-after-products",
        "settings": {
          "container": "container-fluid",
          "background_color": "",
          "gap": 30,
          "gap_mobile": 16
        }
      },
      "recent-viewed-products": {
        "type": "recent-viewed-products",
        "settings": {
          "heading": "Recently Viewed Products",
          "container": "container",
          "columns": 4,
          "column_gap": 30,
          "enable_slider": true,
          "show_product_page": true,
          "show_cart_page": true,
          "show_collection_page": false
        }
      },
      "162244938595ae3801": {
        "type": "product-tabs",
        "blocks": {
          "162244938595ae3801-0": {
            "type": "tab",
            "settings": {
              "title": "Best sellers",
              "collection": "stationery"
            }
          },
          "162244938595ae3801-1": {
            "type": "tab",
            "settings": {
              "title": "New arrivals",
              "collection": "book-newarrivals"
            }
          },
          "c077f0d8-db31-4cbd-be04-30a7eadb376b": {
            "type": "tab",
            "settings": {
              "title": "Sale items",
              "collection": "book-saleitems"
            }
          }
        },
        "block_order": [
          "162244938595ae3801-0",
          "162244938595ae3801-1",
          "c077f0d8-db31-4cbd-be04-30a7eadb376b"
        ],
        "settings": {
          "heading": "",
          "subheading": "",
          "description": "",
          "header_alignment": "center",
          "container": "container",
          "background_color": "rgba(0,0,0,0)",
          "tab_header": "horizontal",
          "limit": 8,
          "show_button": true,
          "button_type": "load",
          "button_label": "Shop More",
          "button_style": "sf__btn-primary",
          "button_size": "",
          "pcard_layout": "2",
          "pcard_image_ratio": "",
          "show_vendor": false,
          "items_per_row": 4,
          "item_gap": 30,
          "item_gap_mobile": 16,
          "enable_slider": false,
          "show_pagination": false,
          "show_navigation": false,
          "custom_class": "sf__index-product-tab"
        }
      },
      "annoucement": {
        "type": "annoucement",
        "settings": {
          "show_announcement": true,
          "homepage_only": true,
          "show_close": true,
          "message": "ICONIC compact is in stock and ready to ship!",
          "message_link": "",
          "show_divider": false
        }
      },
      "1622790700c4fba996": {
        "type": "image-with-text-2",
        "settings": {
          "container": "w-full",
          "hero_size": "medium",
          "show_overlay": false,
          "bg_position": "center",
          "parallax": false,
          "content_in_container": true,
          "content_position": "right middle",
          "text_alignment": "left",
          "text_size": "medium",
          "text_color": "dark",
          "title": "By full design Oxford super<br> \nsingle zipper pencil",
          "subtitle": "<span class=\"hot_label\">Hot Deals<\/span>",
          "text": "",
          "button_label": "Shop Collection",
          "button_link": "",
          "button_style": "sf__btn-link",
          "button_size": "",
          "custom_class": "sf__index-hero"
        }
      },
      "1622792642774044c2": {
        "type": "slider",
        "blocks": {
          "1622792642774044c2-0": {
            "type": "slider_item",
            "settings": {
              "image_alignment": "center middle",
              "content_in_container": false,
              "content_position": "left middle",
              "text_alignment": "left",
              "text_size": "medium",
              "text_color": "white",
              "subheading": "<span class=\"slide_subheading_label\">Now Available<\/span>",
              "title": "Recycled paper<br> \nenvelope file folder",
              "description": "",
              "button_text": "Pre - Order Now",
              "button_link": "",
              "button_style": "sf__btn-link",
              "button_size": "",
              "show_footer": false,
              "footer_alignment": "end",
              "footer_text": "New Collection",
              "footer_button": "Shop Now",
              "footer_link": ""
            }
          },
          "1622792642774044c2-1": {
            "type": "slider_item",
            "settings": {
              "image_alignment": "center middle",
              "content_in_container": false,
              "content_position": "left middle",
              "text_alignment": "left",
              "text_size": "medium",
              "text_color": "white",
              "subheading": "<span class=\"slide_subheading_label\">Now Available<\/span>",
              "title": "A style for every story",
              "description": "",
              "button_text": "Pre - Order Now",
              "button_link": "",
              "button_style": "sf__btn-link",
              "button_size": "",
              "show_footer": false,
              "footer_alignment": "end",
              "footer_text": "New Collection",
              "footer_button": "Shop Now",
              "footer_link": ""
            }
          },
          "1622792642774044c2-2": {
            "type": "slider_item",
            "settings": {
              "image_alignment": "center middle",
              "content_in_container": false,
              "content_position": "left middle",
              "text_alignment": "left",
              "text_size": "medium",
              "text_color": "white",
              "subheading": "<span class=\"slide_subheading_label\">Now Available<\/span>",
              "title": "Buy less, choose well",
              "description": "",
              "button_text": "Pre - Order Now",
              "button_link": "",
              "button_style": "sf__btn-link",
              "button_size": "",
              "show_footer": false,
              "footer_alignment": "end",
              "footer_text": "New Collection",
              "footer_button": "Shop Now",
              "footer_link": ""
            }
          }
        },
        "block_order": [
          "1622792642774044c2-0",
          "1622792642774044c2-1",
          "1622792642774044c2-2"
        ],
        "settings": {
          "container": "w-full",
          "slideshow_height": "large",
          "show_overlay": false,
          "dots_position": "right",
          "dots_color": "light",
          "show_dots": true,
          "show_arrows": false,
          "autorotate": false,
          "autorotate_speed": 5,
          "custom_class": "sf__index-slideshow"
        }
      },
      "1622797467bb3cbc9a": {
        "type": "custom-content",
        "blocks": {
          "5f09ea33-f991-4753-8be4-0af0897462bd": {
            "type": "html",
            "settings": {
              "code": "<div class=\"custom_content_1 row-flex flex -mx-4 mb-14\">\n  <div class=\"content_item sf__hover-zoom-in px-4\">\n    <a href=\"#\" class=\"block sf-image--loaded overflow-hidden\">\n      <img src=\"https:\/\/cdn.shopify.com\/s\/files\/1\/0042\/0750\/9567\/files\/2_3e9b82f7-e182-46b8-892e-8034dfd67874.jpg?v=1622796619\">\n    <\/a>\n    <a class=\"sf__btn sf__btn-link mt-4\" href=\"#\">Notebooks<\/a>\n  <\/div>\n  <div class=\"content_item sf__hover-zoom-in px-4\">\n    <a href=\"#\" class=\"block sf-image--loaded overflow-hidden\">\n      <img src=\"https:\/\/cdn.shopify.com\/s\/files\/1\/0042\/0750\/9567\/files\/3_bc79d3db-56b4-46a3-ad3a-b6b5a4fbc03f.jpg?v=1622796651\">\n    <\/a>\n    <a class=\"sf__btn sf__btn-link mt-4\" href=\"#\">Diaries &amp; Planners<\/a>\n  <\/div>\n<\/div>\n<div class=\"custom_content_1\">\n  <div class=\"content_item sf__hover-zoom-in w-full\">\n    <a href=\"#\" class=\"block sf-image--loaded overflow-hidden\">\n      <img src=\"https:\/\/cdn.shopify.com\/s\/files\/1\/0042\/0750\/9567\/files\/4_ffcf4515-b380-4eef-b2fc-8e9a80d7b686.jpg?v=1622797840\">\n    <\/a>\n    <a class=\"sf__btn sf__btn-link mt-4\" href=\"#\">Pen &amp; Pencil Case<\/a>\n  <\/div>\n<\/div>",
              "width": "100%",
              "block_custom_class": ""
            }
          }
        },
        "block_order": [
          "5f09ea33-f991-4753-8be4-0af0897462bd"
        ],
        "settings": {
          "heading": "Our mission is to create simple, beautiful<br> objects that combine form.",
          "subheading": "<img style=\"max-width:150px; margin:0 auto;margin-bottom: 30px;\" src=\"https:\/\/cdn.shopify.com\/s\/files\/1\/0042\/0750\/9567\/files\/5_117d7c65-325c-4a2e-a482-8ece067a953b.png?v=1622798380\">",
          "description": "",
          "header_alignment": "center",
          "container": "container",
          "background_color": "",
          "gap": 30,
          "use_scroll_mobile": false,
          "gap_mobile": 16,
          "custom_class": "sf__index-custom-content"
        }
      },
      "1622799837838d778f": {
        "type": "instagram",
        "settings": {
          "heading": "On the Gram",
          "subheading": "",
          "description": "@minitool.insta",
          "header_alignment": "center",
          "container": "w-full",
          "background_color": "rgba(0,0,0,0)",
          "layout": "grid",
          "images_count": 5,
          "grid_columns": 5,
          "gap": 10,
          "mobile_gap": 10,
          "profile": "https:\/\/www.instagram.com\/minimog.trendy\/",
          "button_label": "",
          "custom_class": "sf__index-instagram"
        }
      },
      "product-details-accordion": {
        "type": "product-details-accordion",
        "settings": {
          "show_accordion": false,
          "use_container": false,
          "position": "bottom_info"
        }
      },
      "product-features": {
        "type": "product-features",
        "blocks": {
          "ac433e74-79c3-4f25-a86c-e5a0b502fdad": {
            "type": "feature",
            "settings": {
              "image": "shopify:\/\/shop_images\/Frame_1.png",
              "title": "Free Shipping",
              "description": "<p>Get complimentary ground shipping on every <br\/>order.Don’t love it? Send it back, on us.<\/p>",
              "link": ""
            }
          },
          "44421e94-3e4c-43ad-aa42-7ef2ed23170b": {
            "type": "feature",
            "settings": {
              "image": "shopify:\/\/shop_images\/Frame_2.png",
              "title": "Earn Points",
              "description": "<p>Join Minimog Rewards to earn gift cards<br\/>and enjoy exclusive member benefits.<\/p>",
              "link": ""
            }
          },
          "f69851fd-e982-4f3a-863a-e7eeafaa9bb1": {
            "type": "feature",
            "settings": {
              "image": "shopify:\/\/shop_images\/Frame_3.png",
              "title": "Money Back Gurantee",
              "description": "<p>We believe getting dressed should be the <br\/>easiest part of your day.<\/p>",
              "link": ""
            }
          }
        },
        "block_order": [
          "ac433e74-79c3-4f25-a86c-e5a0b502fdad",
          "44421e94-3e4c-43ad-aa42-7ef2ed23170b",
          "f69851fd-e982-4f3a-863a-e7eeafaa9bb1"
        ],
        "settings": {
          "show_featured": false,
          "container": "container",
          "heading": "Why choose us?",
          "item_per_row": 3,
          "card_style": "vertical",
          "image_max_width": "70px",
          "content_alignment": "center"
        }
      },
      "mobile-sticky-bar": {
        "type": "mobile-sticky-bar",
        "settings": {
          "show_mobile_sticky": true,
          "show_home_icon": true,
          "show_collection_icon": true,
          "show_cart_icon": true,
          "show_search_icon": true,
          "show_account_icon": false,
          "show_wishlist_icon": false
        }
      }
    },
    "content_for_index": [
      "1622792642774044c2",
      "162244938595ae3801",
      "1622790700c4fba996",
      "1622797467bb3cbc9a",
      "1622799837838d778f"
    ]
  },
  "presets": {
    "Default": {
      "sections": {
        "featured-collection": {
          "type": "featured-collection",
          "settings": {
            "collection": "frontpage"
          }
        },
        "featured-product": {
          "type": "featured-product",
          "settings": {
          }
        }
      },
      "content_for_index": [
        "featured-collection",
        "featured-product"
      ]
    }
  }
}