{
  "current": {
    "favicon": "shopify:\/\/shop_images\/fav_icon_dark_1.png",
    "container_width": 1410,
    "container_fluid_width": 1620,
    "container_fluid_offset": 100,
    "color_primary": "#000",
    "color_sub_text": "#666666",
    "color_btn_bg_hover": "#000000",
    "prod_sale_price_color": "#666666",
    "prod_type_color": "#666666",
    "color_annoucement_bg": "#000000",
    "color_annoucement_text": "#ffffff",
    "color_topbar_bg": "#e0e7e4",
    "color_topbar_text": "#000000",
    "color_header_bg": "#ffffff",
    "color_header_link": "#000000",
    "color_header_transparent": "#ffffff",
    "color_menu_bar_bg": "#000000",
    "color_menu_bar_text": "#f8f8f8",
    "color_footer_bg": "#ffffff",
    "color_footer_text": "#000000",
    "color_footer_subtext": "#777777",
    "color_footer_link_hover": "#000000",
    "color_footer_bottom_bg": "#ffffff",
    "color_footer_bottom_text": "#777777",
    "img_overlay_opacity": 20,
    "tooltip_background_color": "#000000",
    "type_base_font": "roboto_condensed_n4",
    "use_custom_font_body": true,
    "custom_body_font": "https:\/\/cdn.shopify.com\/s\/files\/1\/0042\/0750\/9567\/files\/Rubik-Regular.ttf?v=1622776767@400\nhttps:\/\/cdn.shopify.com\/s\/files\/1\/0042\/0750\/9567\/files\/Rubik-Medium.ttf?v=1622776767@500",
    "custom_body_weight": "400",
    "type_header_font": "roboto_condensed_n7",
    "use_custom_font_heading": true,
    "custom_heading_font": "https:\/\/cdn.shopify.com\/s\/files\/1\/0042\/0750\/9567\/files\/Rubik-Regular.ttf?v=1622776767@400\nhttps:\/\/cdn.shopify.com\/s\/files\/1\/0042\/0750\/9567\/files\/Rubik-Medium.ttf?v=1622776767@500",
    "custom_heading_weight": "500",
    "btn_base_size": 16,
    "pcard_layout": "1",
    "pcard_alignment": "left",
    "pcard_image_ratio": "1\/1",
    "show_vendor": false,
    "variant_option_design3": "color",
    "show_variant_swatch_image": true,
    "product_colors": "red: #FF6961,\nyellow: #FDDA76,\nblack: #000000,\nblue: #8DB4D2,\ngreen: #C1E1C1,\npurple: #B19CD9,\nsilver: #EEEEEF,\nwhite: #FFFFFF,\nbrown: #836953,\nlight-brown: #feb035,\ndark-turquoise: #23cddc,\norange: #FFB347,\ntan: #E9D1BF,\nviolet: #B490B0,\npink: #FFD1DC,\ngrey: #E0E0E0,\nsky: #96BDC6,\npale-leaf: #CCD4BF",
    "filter_color1": "",
    "share_facebook": true,
    "social_twitter_link": "https:\/\/twitter.com\/home",
    "social_facebook_link": "https:\/\/facebook.com\/",
    "social_pinterest_link": "https:\/\/pinterest.com\/",
    "social_instagram_link": "https:\/\/instagram.com\/",
    "wishlist_page": "",
    "product_compare_page": "",
    "gm_api": "",
    "instagram_token": "",
    "custom_css": ".font-normal {\n  font-weight: 400;\n}\n.sf__index-testimonial .section__header {\n  margin-bottom: 0;\n}\n.sf__index-img-with-text {\n  overflow: hidden;\n}\n.sf__index-img-with-text [class*=\"img__box-\"] {\n  padding: 0 0 0 calc(var(--column-gap) \/ 2);\n}\n.sf__index-icon-box {\n  border-bottom: 1px solid #eee;\n}\n.sf__index-icon-box .section-py {\n  padding: 50px 0 50px;\n}\n\n.content__box-162277930244741544 {\n  background-color: #f2f2f2;\n}\n\n.sf__index-img-with-text .content__heading {\n  line-height: 1.36;\n}\n\n.sf__newsletter-section {\n  background-image: url(\"https:\/\/cdn.shopify.com\/s\/files\/1\/0042\/0750\/9567\/files\/4_24d98319-1af4-4931-a427-66996cc259e3.jpg?v=1622780212\");\n  background-repeat: no-repeat;\n  background-size: cover;\n}\n.template-index .sf__newsletter-section form input {\n  background: #fff;\n}\n.sf__footer-bottom {\n  border-top: 1px solid #eee;\n}\n@media (min-width: 1024px) {\n  .sf__index-img-with-text [class*=\"content__box-\"] {\n    padding-left: 162px;\n  }\n}\n\n@media (max-width: 767px) {\n  .sf__index-icon-box .sf-grid {\n    margin-left: 0 !important;\n    margin-right: 0 !important;\n  }\n  .sf__index-img-with-text [class*=\"img__box-\"] {\n    padding: 0;\n  }\n  .sf__index-img-with-text [class*=\"content__box-\"] {\n    padding-left: 30px;\n    padding-right: 30px;\n    padding-top: 40px;\n    padding-bottom: 40px;\n  }\n  .sf__index-img-with-text .content__heading {\n    font-size: 36px;\n  }\n  .sf__index-testimonial .review-block .bg-white {\n    padding-bottom: 0;\n  }\n}",
    "use_theme_currencies": true,
    "theme_currencies": "USD | EUR | GBP | VND",
    "sections": {
      "page-faqs": {
        "type": "page-faqs",
        "blocks": {
          "2802736b-f08f-4510-a4f7-4ad7d748992d": {
            "type": "content",
            "settings": {
              "content": "<div class=\"mb-10\"><img src=\"https:\/\/cdn.shopify.com\/s\/files\/1\/0561\/2742\/2636\/files\/faqs.jpg?v=1620784288\"><\/div>\n<h3 class=\"font-medium text-xl mb-4\">Awkwardness gives me great comfort. I’ve never been cool, but I’ve felt cool. I’ve been in the cool place, but I wasn’t really cool – I was trying to pass for hip or cool.<\/h3>\n<p>A girl should be two things: classy and fabulous. I am convinced that there can be luxury in simplicity. I wanted to dress the woman who lives and works, not the woman in a painting. It’s hard to balance everything. It’s always challenging. My relationships with producers or photographers – these are relationships that took years. I can’t get sucked into that celebrity thing, because I think it’s just crass. My aim is to make the poor look rich.<\/p>"
            }
          },
          "4e151238-4480-4122-b893-7f4a19886e4c": {
            "type": "accordion",
            "settings": {
              "title": "What shipping methods are availbale?",
              "content": "<p>Lorem ipsum dolor sit amet conse ctetur adipisicing elit, sed do eiusmod tempor incididunt ut labore et dolore magna aliqua. Ut enim ad minim veniam, quis nostrud exercitation ullamco laboris nisi ut aliquip ex ea commodo consequat. Duis aute irure dolor in reprehenderit in voluptate velit esse cillum dolore eu fugiat.<br\/><br\/>Ut enim ad minim veniam, quis nostrud exercitation ullamco laboris nisi ut aliquip ex ea commodo consequat. Duis aute irure dolor in reprehenderit.<\/p>",
              "open": true
            }
          },
          "c5d4d04d-f6c1-4d1e-99f0-3c221393a3cf": {
            "type": "accordion",
            "settings": {
              "title": "How long will it take to get my package?",
              "content": "<p>Lorem ipsum dolor sit amet conse ctetur adipisicing elit, sed do eiusmod tempor incididunt ut labore et dolore magna aliqua. Ut enim ad minim veniam, quis nostrud exercitation ullamco laboris nisi ut aliquip.<\/p>",
              "open": false
            }
          },
          "0131747b-8b40-432f-b634-b1289ec41911": {
            "type": "accordion",
            "settings": {
              "title": "Do you ship internationally?",
              "content": "<p>Lorem ipsum dolor sit amet conse ctetur adipisicing elit, sed do eiusmod tempor incididunt ut labore et dolore magna aliqua. Ut enim ad minim veniam, quis nostrud exercitation ullamco laboris nisi ut aliquip.<\/p>",
              "open": false
            }
          },
          "5d7206e9-5375-4da6-9a1f-24e1c46230b0": {
            "type": "accordion",
            "settings": {
              "title": "What payment methods are accepted?",
              "content": "<p>Lorem ipsum dolor sit amet conse ctetur adipisicing elit, sed do eiusmod tempor incididunt ut labore et dolore magna aliqua. Ut enim ad minim veniam, quis nostrud exercitation ullamco laboris nisi ut aliquip ex ea commodo consequat. Duis aute irure dolor in reprehenderit in voluptate velit esse cillum dolore eu fugiat.<\/p>",
              "open": false
            }
          },
          "4008f61e-055e-42ba-8969-cb3715c0aece": {
            "type": "accordion",
            "settings": {
              "title": "Is buying on-line safe?",
              "content": "<p>Lorem ipsum dolor sit amet conse ctetur adipisicing elit, sed do eiusmod tempor incididunt ut labore et dolore magna aliqua. Ut enim ad minim veniam, quis nostrud exercitation ullamco laboris nisi ut aliquip.<\/p>",
              "open": false
            }
          }
        },
        "block_order": [
          "2802736b-f08f-4510-a4f7-4ad7d748992d",
          "4e151238-4480-4122-b893-7f4a19886e4c",
          "c5d4d04d-f6c1-4d1e-99f0-3c221393a3cf",
          "0131747b-8b40-432f-b634-b1289ec41911",
          "5d7206e9-5375-4da6-9a1f-24e1c46230b0",
          "4008f61e-055e-42ba-8969-cb3715c0aece"
        ],
        "settings": {
          "menu": "faqs-menu"
        }
      },
      "collection-list": {
        "type": "collection-list",
        "settings": {
        }
      },
      "featured-collection": {
        "type": "featured-collection",
        "settings": {
          "collection": "frontpage"
        }
      },
      "featured-product": {
        "type": "featured-product",
        "settings": {
        }
      },
      "slider": {
        "type": "slider",
        "settings": {
        }
      },
      "header": {
        "type": "header",
        "blocks": {
          "7b4f1e29-853c-49f9-8fed-a7a8fec2c911": {
            "type": "banner",
            "settings": {
              "heading": "Shop",
              "container": "inherit",
              "banner_style": "outside",
              "banner_link": "",
              "banner_title": "New collection",
              "banner_desc": "",
              "banner_button_text": "Shop now"
            }
          },
          "aede5d28-8ec8-4481-ad70-206c9c000f0c": {
            "type": "product-list",
            "settings": {
              "heading": "Product",
              "container": "inherit",
              "stretch_width": false,
              "collection": "artwork",
              "limit": 6,
              "columns": 2
            }
          },
          "5b956ea4-ebbd-4fb9-9235-e4721f1aa4df": {
            "type": "custom_html",
            "settings": {
              "heading": "Features",
              "container": "inherit",
              "html": ""
            }
          }
        },
        "block_order": [
          "7b4f1e29-853c-49f9-8fed-a7a8fec2c911",
          "aede5d28-8ec8-4481-ad70-206c9c000f0c",
          "5b956ea4-ebbd-4fb9-9235-e4721f1aa4df"
        ],
        "settings": {
          "header_design": "logo-left-menu-center",
          "container": "container-fluid",
          "header_sticky": true,
          "transparent_on_top": false,
          "logo_text": "MINIMOG",
          "logo_max_width": 165,
          "sticky_logo_max_width": 105,
          "mobile_logo_max_width": 105,
          "main_menu": "main-menu",
          "secondary_menu": "",
          "uppercase_parent_level": false,
          "search": "show_full",
          "show_account_icon": true,
          "show_cart_icon": true,
          "show_wishlist_icon": true,
          "show_compare_icon": true,
          "show_currency_switcher": false,
          "show_language_switcher": false
        }
      },
      "footer": {
        "type": "footer",
        "blocks": {
          "ef421649-1db8-4971-846e-296539c031d3": {
            "type": "custom_text",
            "settings": {
              "title": "",
              "image_max": "150px",
              "description": "<p>Super class, cute, comfortable.<br\/> You can wear them with <br\/>just about anything.<\/p>",
              "width": "50%"
            }
          },
          "2a2c2a14-7dbc-4e27-8971-845a56e34cce": {
            "type": "our_store",
            "settings": {
              "title": "Our store",
              "description": "<p>Find a location nearest you.<\/p>",
              "show_email": true,
              "show_phone": true,
              "show_socials_link": true,
              "width": "25%"
            }
          },
          "64cfb823-d4c7-4779-a9f4-b8bd8e7d9094": {
            "type": "menu",
            "settings": {
              "menu": "main-menu",
              "title": "Information",
              "width": "25%"
            }
          },
          "523faac7-2fa4-4639-a10d-36646cb3c59b": {
            "type": "menu",
            "settings": {
              "menu": "main-menu",
              "title": "Contact",
              "width": "25%"
            }
          },
          "a3e44a89-d3f9-41aa-bd48-768dec019fca": {
            "type": "menu",
            "settings": {
              "menu": "main-menu",
              "title": "Services",
              "width": "25%"
            }
          }
        },
        "block_order": [
          "ef421649-1db8-4971-846e-296539c031d3",
          "2a2c2a14-7dbc-4e27-8971-845a56e34cce",
          "64cfb823-d4c7-4779-a9f4-b8bd8e7d9094",
          "523faac7-2fa4-4639-a10d-36646cb3c59b",
          "a3e44a89-d3f9-41aa-bd48-768dec019fca"
        ],
        "settings": {
          "design": "footer-1",
          "container": "container-fluid",
          "bordered": false,
          "copyright": "© Paintme 2021",
          "show_currency_selector": false,
          "show_language_selector": false,
          "show_social_links": false,
          "show_payment_icons": true
        }
      },
      "collection-page-header": {
        "type": "collection-page-header",
        "settings": {
          "layout": "inside",
          "header_height": "small",
          "text_alignment": "center",
          "vertical_alignment": "center",
          "bg_color": "#ffffff",
          "enable_parallax": true,
          "show_breadcrumb": true,
          "upper_title": false
        }
      },
      "product-template": {
        "type": "product-template",
        "settings": {
          "container": "container",
          "layout": "layout-1",
          "show_tags": false,
          "show_vendor": false,
          "show_sku": false,
          "show_categories": false,
          "show_reviews_count": true,
          "show_quantity_selector": true,
          "enable_dynamic_checkout": true,
          "hide_atc_button": false,
          "show_atwl": true,
          "show_atcp": true,
          "show_ask_a_question": true,
          "show_social": true,
          "show_live_views": true,
          "live_views_text": "<p><strong>{{count_number}}<\/strong> <strong>people<\/strong> are viewing this right now<\/p>",
          "live_views_range": "20-30",
          "live_view_duration": "10",
          "live_view_icon_blinks": true,
          "show_delivery_times": true,
          "deliver_text": "Estimated Delivery:",
          "deliver_days": "3",
          "show_shipping_text": true,
          "shipping_text": "<p><strong>Free Shipping & Returns: <\/strong>On all orders over $75<\/p>",
          "show_trust_badges": true,
          "trust_badges_text": "<p>Guarantee safe & secure checkout<\/p>",
          "trust_badges_image": "shopify:\/\/shop_images\/trustbag.png",
          "trust_badges_image_width": "320px",
          "use_sticky_atc": true,
          "sticky_atc_wishtlist": false,
          "sticky_atc_compare": false
        }
      },
      "product-details-tabs": {
        "type": "product-details-tabs",
        "blocks": {
          "4db8ad16-886f-47f7-9b57-fc68b39fb2d4": {
            "type": "description",
            "settings": {
              "header": "Product description"
            }
          },
          "991d01ed-9f08-4ea8-badc-a8ff56ff7f05": {
            "type": "tab",
            "settings": {
              "header": "Shipping & Return",
              "content": "<p>So beautiful you’ll want to show it off, so comfortable you’ll forget it’s there. Our 24\/7™ Lace Contour Plunge Bra combines gorgeous floral lace with sheer overlay straps that hold you in and eliminates gaping. Removable pads let you customize you<\/p>"
            }
          },
          "c34d0025-2438-4810-b2e1-7695b9f7a375": {
            "type": "reviews",
            "settings": {
              "header": "Product reviews"
            }
          }
        },
        "block_order": [
          "4db8ad16-886f-47f7-9b57-fc68b39fb2d4",
          "991d01ed-9f08-4ea8-badc-a8ff56ff7f05",
          "c34d0025-2438-4810-b2e1-7695b9f7a375"
        ],
        "settings": {
          "show_product_tabs": true,
          "container": "container",
          "bg_color": ""
        }
      },
      "product-reviews": {
        "type": "product-reviews",
        "settings": {
          "show_product_reviews": false,
          "container": "container-narrow",
          "heading": "Ratings and Reviews"
        }
      },
      "product-recommendations": {
        "type": "product-recommendations",
        "settings": {
          "show_product_recommendations": true,
          "container": "container",
          "heading": "You Might Also Like",
          "limit": 8,
          "columns": 4,
          "column_gap": 30,
          "enable_slider": true
        }
      },
      "brand-page-header": {
        "type": "brand-page-header",
        "blocks": {
          "09dfe2e1-10c2-4cee-a033-a90b143c85f3": {
            "type": "information",
            "settings": {
              "collection": "retrolie",
              "logo": "shopify:\/\/shop_images\/1.png",
              "content": "<p>Developed by Goop founder, wellness advocate and - academy award-winner, Gwyneth Paltrow, this high performing skincare line is where luxury formulas meet pure organic ingredients and the results are skin-changing. <\/p><p>Goop is passionate about the idea that beauty comes from the inside out. So they use clinically proven and best-in-class ingredients at active levels to create skin care, skin-boosting ingestibles, and body essentials that are luxurious, deliver high-performance results, and enliven the senses with exquisite textures and beautiful scents.<\/p>",
              "image_1": "shopify:\/\/shop_images\/1_8e8151b6-3555-4abf-8dd6-5347182bbcd0.jpg",
              "image_2": "shopify:\/\/shop_images\/2_9a1b3099-775a-4093-9ece-6cfaa04a06fe.jpg",
              "image_3": "shopify:\/\/shop_images\/3_7b9fc65c-8202-4449-a828-d03ac03c6d38.jpg"
            }
          },
          "c8ee188c-a84f-4cf2-a8af-aacb9bf78785": {
            "type": "information",
            "settings": {
              "collection": "abby",
              "logo": "shopify:\/\/shop_images\/2.png",
              "content": "<p>Developed by Goop founder, wellness advocate and - academy award-winner, Gwyneth Paltrow, this high performing skincare line is where luxury formulas meet pure organic ingredients and the results are skin-changing. <\/p><p>Goop is passionate about the idea that beauty comes from the inside out. So they use clinically proven and best-in-class ingredients at active levels to create skin care, skin-boosting ingestibles, and body essentials that are luxurious, deliver high-performance results, and enliven the senses with exquisite textures and beautiful scents.<\/p>",
              "image_1": "shopify:\/\/shop_images\/4.jpg",
              "image_2": "shopify:\/\/shop_images\/5.jpg",
              "image_3": "shopify:\/\/shop_images\/6.jpg"
            }
          },
          "e56a3991-3115-47d4-b7e6-43e962712fc6": {
            "type": "information",
            "settings": {
              "collection": "minimog",
              "logo": "shopify:\/\/shop_images\/3.png",
              "content": "<p>Developed by Goop founder, wellness advocate and - academy award-winner, Gwyneth Paltrow, this high performing skincare line is where luxury formulas meet pure organic ingredients and the results are skin-changing. <\/p><p>Goop is passionate about the idea that beauty comes from the inside out. So they use clinically proven and best-in-class ingredients at active levels to create skin care, skin-boosting ingestibles, and body essentials that are luxurious, deliver high-performance results, and enliven the senses with exquisite textures and beautiful scents.<\/p>",
              "image_1": "shopify:\/\/shop_images\/7.jpg",
              "image_2": "shopify:\/\/shop_images\/8.jpg",
              "image_3": "shopify:\/\/shop_images\/9.jpg"
            }
          },
          "98bac8d0-393b-4f50-91b8-052a49e29dd0": {
            "type": "information",
            "settings": {
              "collection": "brook",
              "logo": "shopify:\/\/shop_images\/4.png",
              "content": "<p>Developed by Goop founder, wellness advocate and - academy award-winner, Gwyneth Paltrow, this high performing skincare line is where luxury formulas meet pure organic ingredients and the results are skin-changing. <\/p><p>Goop is passionate about the idea that beauty comes from the inside out. So they use clinically proven and best-in-class ingredients at active levels to create skin care, skin-boosting ingestibles, and body essentials that are luxurious, deliver high-performance results, and enliven the senses with exquisite textures and beautiful scents.<\/p>",
              "image_1": "shopify:\/\/shop_images\/10.jpg",
              "image_2": "shopify:\/\/shop_images\/11.jpg",
              "image_3": "shopify:\/\/shop_images\/12.jpg"
            }
          },
          "2b4a1841-6d7a-468b-ba3b-a5fd307cf9aa": {
            "type": "information",
            "settings": {
              "collection": "learts",
              "logo": "shopify:\/\/shop_images\/5.png",
              "content": "<p>Developed by Goop founder, wellness advocate and - academy award-winner, Gwyneth Paltrow, this high performing skincare line is where luxury formulas meet pure organic ingredients and the results are skin-changing. <\/p><p>Goop is passionate about the idea that beauty comes from the inside out. So they use clinically proven and best-in-class ingredients at active levels to create skin care, skin-boosting ingestibles, and body essentials that are luxurious, deliver high-performance results, and enliven the senses with exquisite textures and beautiful scents.<\/p>",
              "image_1": "shopify:\/\/shop_images\/13.jpg",
              "image_2": "shopify:\/\/shop_images\/14.jpg",
              "image_3": "shopify:\/\/shop_images\/15.jpg"
            }
          },
          "b54aa75a-c232-474e-9d92-2027e31cd066": {
            "type": "information",
            "settings": {
              "collection": "vagabond",
              "logo": "shopify:\/\/shop_images\/6.png",
              "content": "<p>Developed by Goop founder, wellness advocate and - academy award-winner, Gwyneth Paltrow, this high performing skincare line is where luxury formulas meet pure organic ingredients and the results are skin-changing. <\/p><p>Goop is passionate about the idea that beauty comes from the inside out. So they use clinically proven and best-in-class ingredients at active levels to create skin care, skin-boosting ingestibles, and body essentials that are luxurious, deliver high-performance results, and enliven the senses with exquisite textures and beautiful scents.<\/p>",
              "image_1": "shopify:\/\/shop_images\/16.jpg",
              "image_2": "shopify:\/\/shop_images\/17.jpg",
              "image_3": "shopify:\/\/shop_images\/18.jpg"
            }
          }
        },
        "block_order": [
          "09dfe2e1-10c2-4cee-a033-a90b143c85f3",
          "c8ee188c-a84f-4cf2-a8af-aacb9bf78785",
          "e56a3991-3115-47d4-b7e6-43e962712fc6",
          "98bac8d0-393b-4f50-91b8-052a49e29dd0",
          "2b4a1841-6d7a-468b-ba3b-a5fd307cf9aa",
          "b54aa75a-c232-474e-9d92-2027e31cd066"
        ],
        "settings": {
        }
      },
      "collection-brand": {
        "type": "collection-brand",
        "settings": {
          "grid_layout": "grid",
          "pagination_limit": "12",
          "grid_columns": "3",
          "collection_paginate": "paginate",
          "show_filter": true,
          "sidebar": "leftColumn"
        }
      },
      "contact-information": {
        "type": "contact-information",
        "settings": {
        }
      },
      "maps": {
        "type": "maps",
        "settings": {
          "textx": "40.6700",
          "texty": "-73.9400",
          "zoom": "11",
          "text2": "New York"
        }
      },
      "contact-template": {
        "type": "contact-template",
        "blocks": {
          "458d6546-c5d0-4128-8fa6-162080bdf85f": {
            "type": "textblock",
            "settings": {
              "title": "Address",
              "content": "<p>7895 Piermont Dr NE Albuquerque, NM 198866, <a href=\"#\">See Our Stores<\/a><\/p>"
            }
          },
          "d2fd611c-a50a-4871-b401-b51dff320d34": {
            "type": "textblock",
            "settings": {
              "title": "Information",
              "content": "<p>+391 (0)35 2568 4593<\/p><p>hello@domain.com<\/p>"
            }
          },
          "159b3b43-a6d9-4cb9-b78d-04f5a5bae350": {
            "type": "socialmedia",
            "settings": {
              "title": "Social Media"
            }
          },
          "5c486a84-9bdd-4d24-8ac7-5c428593cf33": {
            "type": "textblock",
            "settings": {
              "title": "We're Open",
              "content": "<p>Our store has re-opened for shopping, exchanges<\/p><p>Every day 11am to 7pm<\/p>"
            }
          }
        },
        "block_order": [
          "458d6546-c5d0-4128-8fa6-162080bdf85f",
          "d2fd611c-a50a-4871-b401-b51dff320d34",
          "159b3b43-a6d9-4cb9-b78d-04f5a5bae350",
          "5c486a84-9bdd-4d24-8ac7-5c428593cf33"
        ],
        "settings": {
          "title": "We would love to hear from you.",
          "description": "<p>If you’ve got great products your making or looking to work with us then drop us a line.<\/p>"
        }
      },
      "content-before-products": {
        "type": "content-before-products",
        "settings": {
          "container": "container-fluid",
          "background_color": "",
          "gap": 30,
          "gap_mobile": 16
        }
      },
      "collection-template": {
        "type": "collection-template",
        "settings": {
          "container": "container-fluid",
          "grid_layout": "grid",
          "grid_columns": "4",
          "pagination_limit": "12",
          "collection_paginate": "paginate",
          "show_filter": true,
          "sidebar": "leftColumn"
        }
      },
      "content-after-products": {
        "type": "content-after-products",
        "settings": {
          "container": "container-fluid",
          "background_color": "",
          "gap": 30,
          "gap_mobile": 16
        }
      },
      "recent-viewed-products": {
        "type": "recent-viewed-products",
        "settings": {
          "heading": "Recently Viewed Products",
          "container": "container",
          "columns": 4,
          "column_gap": 30,
          "enable_slider": true,
          "show_product_page": true,
          "show_cart_page": true,
          "show_collection_page": false
        }
      },
      "annoucement": {
        "type": "annoucement",
        "settings": {
          "show_announcement": true,
          "homepage_only": true,
          "show_close": true,
          "message": "<p>Where to Buy Cool, Affordable Artwork Online<\/p>",
          "message_link": "",
          "show_divider": false
        }
      },
      "162277697059c0b376": {
        "type": "slider",
        "blocks": {
          "162277697059c0b376-0": {
            "type": "slider_item",
            "settings": {
              "image_alignment": "center middle",
              "content_in_container": false,
              "content_position": "left middle",
              "text_alignment": "left",
              "text_size": "large",
              "text_color": "black",
              "subheading": "",
              "title": "<span class=\"font-normal\">Youth On <br>The Move<\/span>",
              "description": "<p>The best thing since plasic flowers<\/p>",
              "button_text": "Explore All Things",
              "button_link": "",
              "button_style": "sf__btn-primary",
              "button_size": "",
              "show_footer": true,
              "footer_alignment": "end",
              "footer_text": "The ReCotton Tee",
              "footer_button": "Shop Now",
              "footer_link": "shopify:\/\/collections\/artwork"
            }
          },
          "162277697059c0b376-1": {
            "type": "slider_item",
            "settings": {
              "image_alignment": "center middle",
              "content_in_container": false,
              "content_position": "left middle",
              "text_alignment": "left",
              "text_size": "large",
              "text_color": "black",
              "subheading": "",
              "title": "<span class=\"font-normal\">New Bold<br>\nArt Photos<\/span>",
              "description": "<p>Tell your campaign through images<\/p>",
              "button_text": "Explore All Things",
              "button_link": "",
              "button_style": "sf__btn-primary",
              "button_size": "",
              "show_footer": true,
              "footer_alignment": "start",
              "footer_text": "The ReCotton Tee",
              "footer_button": "Shop Now",
              "footer_link": "shopify:\/\/collections\/artwork"
            }
          },
          "162277697059c0b376-2": {
            "type": "slider_item",
            "settings": {
              "image_alignment": "center middle",
              "content_in_container": false,
              "content_position": "left middle",
              "text_alignment": "left",
              "text_size": "large",
              "text_color": "black",
              "subheading": "",
              "title": "<span class=\"font-normal\">Choose well<br>Be well<\/span>",
              "description": "<p>Tell your campaign through images<\/p>",
              "button_text": "Explore All Things",
              "button_link": "",
              "button_style": "sf__btn-primary",
              "button_size": "",
              "show_footer": false,
              "footer_alignment": "end",
              "footer_text": "The ReCotton Tee",
              "footer_button": "Shop Now",
              "footer_link": "shopify:\/\/collections\/artwork"
            }
          }
        },
        "block_order": [
          "162277697059c0b376-0",
          "162277697059c0b376-1",
          "162277697059c0b376-2"
        ],
        "settings": {
          "container": "w-full",
          "slideshow_height": "fullscreen",
          "show_overlay": false,
          "dots_position": "bottom",
          "dots_color": "dark",
          "show_dots": true,
          "show_arrows": false,
          "autorotate": false,
          "autorotate_speed": 5,
          "custom_class": ""
        }
      },
      "162277782224cea7b7": {
        "type": "icon-box",
        "blocks": {
          "162277782224cea7b7-0": {
            "type": "iconbox",
            "settings": {
              "title": "<span class=\"text-lg\">Unique Art<\/span>",
              "description": "<p>Free Shipping for orders over £130<\/p>",
              "link": "",
              "button_label": "",
              "button_link": "",
              "button_style": "sf__btn-link",
              "button_size": ""
            }
          },
          "162277782224cea7b7-1": {
            "type": "iconbox",
            "settings": {
              "title": "<span class=\"text-lg\">Support Artists<\/span>",
              "description": "<p>Free Shipping for orders over £130<\/p>",
              "link": "",
              "button_label": "",
              "button_link": "",
              "button_style": "sf__btn-link",
              "button_size": ""
            }
          },
          "162277782224cea7b7-2": {
            "type": "iconbox",
            "settings": {
              "title": "<span class=\"text-lg\">Secure Shopping<\/span>",
              "description": "<p>Free Shipping for orders over £130<\/p>",
              "link": "",
              "button_label": "",
              "button_link": "",
              "button_style": "sf__btn-link",
              "button_size": ""
            }
          },
          "a9ecac8b-7be2-4a1d-bc49-03ad8b546439": {
            "type": "iconbox",
            "settings": {
              "title": "<span class=\"text-lg\">Free Shipping<\/span>",
              "description": "<p>Free Shipping for orders over £130<\/p>",
              "link": "",
              "button_label": "",
              "button_link": "",
              "button_style": "sf__btn-link",
              "button_size": ""
            }
          }
        },
        "block_order": [
          "162277782224cea7b7-0",
          "162277782224cea7b7-1",
          "162277782224cea7b7-2",
          "a9ecac8b-7be2-4a1d-bc49-03ad8b546439"
        ],
        "settings": {
          "heading": "",
          "subheading": "",
          "description": "",
          "header_alignment": "center",
          "container": "container",
          "background_color": "#ffffff",
          "item_per_row": 4,
          "item_gap": 30,
          "item_gap_mobile": 30,
          "card_style": "horizontal",
          "image_max_width": "30px",
          "content_alignment": "start",
          "hover_effect": "none",
          "enable_slider": false,
          "show_pagination": false,
          "show_navigation": false,
          "use_scroll_mobile": false,
          "use_grid_column_mb": false,
          "custom_class": "sf__index-icon-box"
        }
      },
      "1622778400a7f7a017": {
        "type": "custom-content",
        "blocks": {
          "631a17f1-074a-43c0-bb41-bee010c4c8db": {
            "type": "image_card",
            "settings": {
              "width": "50%",
              "content_position": "center_center",
              "content_alignment": "center",
              "text_size": "large",
              "text_color": "white",
              "link": "",
              "title": "Paintings",
              "subtitle": "",
              "button_label": "SHOP NOW",
              "button_style": "sf__btn-link",
              "button_size": "",
              "block_custom_class": ""
            }
          },
          "820fed6e-6f85-471d-b079-a5fdc2d902f1": {
            "type": "image_card",
            "settings": {
              "width": "50%",
              "content_position": "center_center",
              "content_alignment": "center",
              "text_size": "large",
              "text_color": "white",
              "link": "",
              "title": "Prints",
              "subtitle": "",
              "button_label": "SHOP NOW",
              "button_style": "sf__btn-link",
              "button_size": "",
              "block_custom_class": ""
            }
          }
        },
        "block_order": [
          "631a17f1-074a-43c0-bb41-bee010c4c8db",
          "820fed6e-6f85-471d-b079-a5fdc2d902f1"
        ],
        "settings": {
          "heading": "",
          "subheading": "",
          "description": "",
          "header_alignment": "center",
          "container": "container-fluid",
          "background_color": "",
          "gap": 30,
          "use_scroll_mobile": false,
          "gap_mobile": 16,
          "custom_class": ""
        }
      },
      "1622778541b17bb253": {
        "type": "featured-collection",
        "settings": {
          "heading": "Featured Artworks",
          "subheading": "",
          "description": "",
          "header_alignment": "center",
          "container": "container-fluid",
          "background_color": "rgba(0,0,0,0)",
          "collection": "artwork",
          "product_to_show": 8,
          "items_per_row": 4,
          "item_gap": 30,
          "pcard_layout": "",
          "pcard_image_ratio": "",
          "show_vendor": false,
          "enable_slider": false,
          "show_pagination": false,
          "show_navigation": false,
          "button_type": "load",
          "button_text": "Shop more",
          "button_style": "sf__btn-primary",
          "button_size": "",
          "infinite_load": false,
          "max_page_load": 3,
          "use_scroll_mobile": true,
          "item_gap_mobile": 10,
          "custom_class": ""
        }
      },
      "162277930244741544": {
        "type": "image-with-text",
        "settings": {
          "heading": "",
          "subheading": "",
          "container": "w-full",
          "background_color": "rgba(0,0,0,0)",
          "item_gap": 100,
          "item_gap_mobile": 30,
          "layout": "left",
          "image_column_size": "6",
          "title": "Our passion is your<br> inspiration",
          "sub_title": "",
          "text": "<p>With each Livary Wall we send you our passion for beautiful<br\/> things for your home. The content of each wall is personally<br\/> and individually agreed with the Creators.<\/p>",
          "text_size": "medium",
          "content_alignment": "left",
          "button_label": "Shop Now",
          "button_link": "",
          "button_style": "sf__btn-link",
          "button_size": "",
          "custom_class": "sf__index-img-with-text"
        }
      },
      "162277947727e01fbd": {
        "type": "testimonials",
        "blocks": {
          "162277947727e01fbd-0": {
            "type": "testimonial",
            "settings": {
              "title": "Love my new purchase",
              "description": "<p>\"I was recently at your store, what a delight to find you!\"<\/p>",
              "footer": "<p>Nancy W<\/p>",
              "image_text": "",
              "product": ""
            }
          },
          "162277947727e01fbd-1": {
            "type": "testimonial",
            "settings": {
              "title": "What a delight to find you",
              "description": "<p>\"Thanks for being so fabulous...and continuing to provide such a wonderful service\"<\/p>",
              "footer": "<p>Jayce M<\/p>",
              "image_text": "",
              "product": ""
            }
          },
          "162277947727e01fbd-2": {
            "type": "testimonial",
            "settings": {
              "title": "Thanks for being so fabulous!",
              "description": "<p>\"Thank you so much for your help in finding some new clothes that I needed desperately.\"<\/p>",
              "footer": "<p>Marco C<\/p>",
              "image_text": "",
              "product": ""
            }
          },
          "162277947727e01fbd-3": {
            "type": "testimonial",
            "settings": {
              "title": "Thank you for your help!",
              "description": "<p>\"Thanks for the lovely time shopping and all the good work you do.\"<\/p>",
              "footer": "<p>Denzil A<\/p>",
              "image_text": "",
              "product": ""
            }
          },
          "162277947727e01fbd-4": {
            "type": "testimonial",
            "settings": {
              "title": "A great store you can find.",
              "description": "<p>\"I had a wonderful experience shopping in your store today. Thank you for your help and for the story that your shop has to tell\"<\/p>",
              "footer": "<p>Gloria T<\/p>",
              "image_text": "",
              "product": ""
            }
          },
          "162277947727e01fbd-5": {
            "type": "testimonial",
            "settings": {
              "title": "I will certainly recommend to others",
              "description": "<p>\"If we ever have an opportunity to recommend you, we definitely would do so as we felt your service was excellent.\"<\/p>",
              "footer": "<p>Shane T<\/p>",
              "image_text": "",
              "product": ""
            }
          }
        },
        "block_order": [
          "162277947727e01fbd-0",
          "162277947727e01fbd-1",
          "162277947727e01fbd-2",
          "162277947727e01fbd-3",
          "162277947727e01fbd-4",
          "162277947727e01fbd-5"
        ],
        "settings": {
          "heading": "What People Are Saying",
          "subheading": "",
          "description": "",
          "header_alignment": "center",
          "container": "container",
          "background_color": "",
          "design": "testimonials-2",
          "show_stars": true,
          "autorotate": false,
          "show_navigation": true,
          "show_pagination": true,
          "star_color": "#f4c829",
          "custom_class": "sf__index-testimonial"
        }
      },
      "1622780058e256d5fb": {
        "type": "newsletter",
        "settings": {
          "container": "w-full",
          "background_color": "#ffffff",
          "form_layout": "vertical",
          "form_design": "1",
          "heading": "Fall in love with new art",
          "description": "",
          "email_placeholder": "Enter your email",
          "submit_button": "Subscribe",
          "text_color": "black",
          "show_icon": false,
          "icon_img_width": "30",
          "show_agreement": true,
          "term_condition_text": "<p>I agree to the Terms and Conditions.<\/p>"
        }
      },
      "product-details-accordion": {
        "type": "product-details-accordion",
        "settings": {
          "show_accordion": true,
          "use_container": false,
          "position": "bottom_info"
        }
      },
      "product-features": {
        "type": "product-features",
        "blocks": {
          "a092a464-6df3-4e8c-a531-bacdb9fdd908": {
            "type": "feature",
            "settings": {
              "image": "shopify:\/\/shop_images\/Frame_1.png",
              "title": "Free Shipping",
              "description": "<p>Get complimentary ground shipping on every <br\/>order.Don’t love it? Send it back, on us.<\/p>",
              "link": ""
            }
          },
          "88dc0f74-a52c-4cb3-97ea-c42eaaf6f09f": {
            "type": "feature",
            "settings": {
              "image": "shopify:\/\/shop_images\/Frame_2.png",
              "title": "Earn Points",
              "description": "<p>Join Minimog Rewards to earn gift cards<br\/>and enjoy exclusive member benefits.<\/p>",
              "link": ""
            }
          },
          "1edd5967-3cd3-43a1-be4a-ac1662f390b5": {
            "type": "feature",
            "settings": {
              "image": "shopify:\/\/shop_images\/Frame_3.png",
              "title": "Money Back Gurantee",
              "description": "<p>We believe getting dressed should be the <br\/>easiest part of your day.<\/p>",
              "link": ""
            }
          }
        },
        "block_order": [
          "a092a464-6df3-4e8c-a531-bacdb9fdd908",
          "88dc0f74-a52c-4cb3-97ea-c42eaaf6f09f",
          "1edd5967-3cd3-43a1-be4a-ac1662f390b5"
        ],
        "settings": {
          "show_featured": true,
          "container": "container",
          "heading": "Why choose us?",
          "item_per_row": 3,
          "card_style": "vertical",
          "image_max_width": "70px",
          "content_alignment": "center"
        }
      },
      "mobile-sticky-bar": {
        "type": "mobile-sticky-bar",
        "settings": {
          "show_mobile_sticky": true,
          "show_home_icon": true,
          "show_collection_icon": true,
          "show_cart_icon": true,
          "show_search_icon": true,
          "show_account_icon": false,
          "show_wishlist_icon": false
        }
      }
    },
    "content_for_index": [
      "162277697059c0b376",
      "162277782224cea7b7",
      "1622778400a7f7a017",
      "1622778541b17bb253",
      "162277930244741544",
      "162277947727e01fbd",
      "1622780058e256d5fb"
    ]
  },
  "presets": {
    "Default": {
      "sections": {
        "featured-collection": {
          "type": "featured-collection",
          "settings": {
            "collection": "frontpage"
          }
        },
        "featured-product": {
          "type": "featured-product",
          "settings": {
          }
        }
      },
      "content_for_index": [
        "featured-collection",
        "featured-product"
      ]
    }
  }
}