{
  "current": {
    "favicon": "shopify:\/\/shop_images\/favicon.png",
    "color_primary": "#000",
    "color_body_text": "#000000",
    "color_heading_text": "#000000",
    "color_sub_text": "#696969",
    "color_btn_bg_hover": "#000000",
    "prod_sale_price_color": "#666666",
    "prod_type_color": "#666666",
    "color_annoucement_bg": "#d2c2b1",
    "color_annoucement_text": "#000000",
    "color_topbar_bg": "#d2c2b1",
    "color_topbar_text": "#000000",
    "color_header_bg": "#ffffff",
    "color_header_link": "#000000",
    "color_header_transparent": "#000000",
    "color_menu_bar_bg": "#000000",
    "color_menu_bar_text": "#f8f8f8",
    "color_footer_bg": "#ffffff",
    "color_footer_text": "#000000",
    "color_footer_subtext": "#696969",
    "color_footer_link_hover": "#000000",
    "color_footer_bottom_bg": "#ffffff",
    "color_footer_bottom_text": "#696969",
    "img_overlay_opacity": 20,
    "tooltip_background_color": "#000000",
    "type_base_font": "roboto_condensed_n4",
    "use_custom_font_body": true,
    "custom_body_font": "https:\/\/cdn.shopify.com\/s\/files\/1\/0042\/0750\/9567\/files\/Jost-Regular.ttf?v=1622447664@400\nhttps:\/\/cdn.shopify.com\/s\/files\/1\/0042\/0750\/9567\/files\/Jost-Medium.ttf?v=1622443602@500\nhttps:\/\/cdn.shopify.com\/s\/files\/1\/0042\/0750\/9567\/files\/Jost-SemiBold.ttf?v=1622602297@600",
    "custom_body_weight": "400",
    "type_base_size": 16,
    "type_header_font": "roboto_condensed_n7",
    "use_custom_font_heading": true,
    "custom_heading_font": "https:\/\/cdn.shopify.com\/s\/files\/1\/0042\/0750\/9567\/files\/Italiana-Regular.ttf?v=1622601405@400",
    "custom_heading_weight": "400",
    "type_header_base_size": 46,
    "btn_uppercase_text": true,
    "btn_base_size": 14,
    "btn_letter_spacing": 2,
    "btn_border_width": 1,
    "btn_border_radius": 0,
    "pcard_layout": "1",
    "pcard_alignment": "center",
    "pcard_image_ratio": "1\/1",
    "show_vendor": false,
    "uppercase_prd_name": true,
    "variant_option_design3": "color",
    "show_variant_swatch_image": true,
    "product_colors": "red: #FF6961,\nyellow: #FDDA76,\nblack: #000000,\nblack band: #000000,\nblue: #8DB4D2,\ngreen: #C1E1C1,\npurple: #B19CD9,\nsilver: #EEEEEF,\nwhite: #FFFFFF,\nbrown: #836953,\nlight brown: #B5651D,\ndark turquoise: #23cddc,\norange: #FFB347,\ntan: #E9D1BF,\nviolet: #B490B0,\npink: #FFD1DC,\ngrey: #E0E0E0,\nsky: #96BDC6,\npale leaf: #CCD4BF,\nlight blue: #b1c5d4,\ndark grey: #aca69f,\nbeige: #EBE6DB,\nbeige band: #EED9C4,\ndark blue: #063e66,\ncream: #e1d3bc,\nlight pink: #FBCFCD,\nmint: #bedce3,\ndark gray: #3A3B3C,\nrosy brown: #c4a287,\nlight grey:#D3D3D3,\ncopper: #B87333,\nrose gold: #ECC5C0,\nnight blue: #151B54,\ncoral: #FF7F50,\nlight purple: #C6AEC7,\nterracotta: #e2725b",
    "filter_color1": "",
    "share_facebook": true,
    "social_twitter_link": "https:\/\/twitter.com\/home",
    "social_facebook_link": "https:\/\/facebook.com\/",
    "social_pinterest_link": "https:\/\/pinterest.com\/",
    "social_instagram_link": "https:\/\/instagram.com\/",
    "wishlist_page": "",
    "product_compare_page": "",
    "gm_api": "",
    "instagram_token": "",
    "custom_css": ".sf__line-height-heading {\n  line-height: 1.25;\n}\n.sf-nav li.sf-menu-item-parent a.sf__parent-item {\n  font-size: 15px;\n}\n.sf__index-icon-box .sf-icon-box__inner a.sf__btn {\n  margin-top: 0;\n}\n.sf__index-icon-box .sf-icon-box__inner a.sf__btn-link::after,\n.sf__index-icon-box .sf-icon-box__inner a.sf__btn-link::before {\n  height: 1px;\n}\n.sf__index-icon-box .sf-icon-box__inner a.sf__btn-link::before {\n  background-color: #cccccc;\n}\n.sf__index-icon-box .sf-grid {\n  align-items: center;\n}\n.sf__index-icon-box .sf-icon-box__text h3 {\n  font-family: SF-Body-font;\n}\n.sf__index-icon-box .sf-icon-box__text .rte {\n  margin-bottom: 15px;\n}\n.sf__index-hero .sf-hero__title {\n  margin-bottom: 18px;\n}\n.sf__index-hero .sf-hero__text {\n  color: var(--color-body-text);\n  margin-bottom: 40px;\n  font-size: 18px;\n  line-height: 1.67;\n}\n.sf__index-slideshow .sf__slide-content .slide__block-title {\n  line-height: 1.1875;\n  margin-bottom: 16px;\n}\n.sf__index-slideshow .sf__slide-content .slide__block-description {\n  color: var(--color-body-text);\n  line-height: 1.67;\n  margin-bottom: 40px;\n  font-size: 18px;\n}\n[data-section-type=\"instagram\"] .section-my {\n  margin-bottom: 0;\n}\n.sf-footer .sf__footer-block-title {\n  font-size: 34px;\n  line-height: 1.17;\n}\n.sf-footer .sf-footer__block-inner {\n  text-align: center;\n}\n.sf__newsletter-block-desc {\n  margin-bottom: 20px;\n  font-size: 18px;\n}\n.sf__footer-form-newsletter input.form-control {\n  background: transparent;\n  border-radius: 0;\n}\n.sf__footer-block-menu ul li a,\n.sf__footer-block-custom_text .block-text {\n  text-transform: uppercase;\n  font-weight: 500;\n  font-size: 15px;\n  line-height: 2.4;\n}\n.sf__pcard-name {\n  font-weight: 400;\n}\n.sf__pcard-price .prod__price {\n  font-weight: 600;\n}\n.sf__index-instagram .sf-instagram__wrapper {\n  margin: 0 20px;\n}\n\n@media (min-width: 1280px) {\n  .sf__index-slideshow .sf__slide-content .slide__block-title {\n    font-size: 64px;\n  }\n}\n@media (max-width: 767px) {\n  .sf__index-slideshow .sf__slide-content--mobile a.sf__mobile-button {\n    width: 100%;\n  }\n  .sf-footer .sf__footer-block-title {\n    font-size: 18px;\n  }\n  .template-index .featured-slider .featured-slider__container .py-16 {\n    padding-top: 30px;\n    padding-bottom: 5px;\n  }\n}",
    "use_theme_currencies": true,
    "theme_currencies": "USD | EUR | GBP | VND",
    "sections": {
      "header": {
        "type": "header",
        "blocks": {
          "5fa1c6f0-e352-42ea-a55f-8464aa4f7357": {
            "type": "banner",
            "settings": {
              "heading": "Shop",
              "container": "inherit",
              "banner_style": "outside",
              "banner_link": "",
              "banner_title": "New collection",
              "banner_desc": "",
              "banner_button_text": "Shop now"
            }
          },
          "fdd2a38f-7bd5-4bda-a4cd-1c4bcde1b9b6": {
            "type": "product-list",
            "settings": {
              "heading": "Product",
              "container": "inherit",
              "stretch_width": false,
              "collection": "living",
              "limit": 6,
              "columns": 2
            }
          },
          "97e10c1f-fde1-4ebd-b244-8860a5f5749f": {
            "type": "custom_html",
            "settings": {
              "heading": "Features",
              "container": "inherit",
              "html": ""
            }
          }
        },
        "block_order": [
          "5fa1c6f0-e352-42ea-a55f-8464aa4f7357",
          "fdd2a38f-7bd5-4bda-a4cd-1c4bcde1b9b6",
          "97e10c1f-fde1-4ebd-b244-8860a5f5749f"
        ],
        "settings": {
          "header_design": "logo-left-menu-center",
          "container": "container-fluid",
          "header_sticky": true,
          "transparent_on_top": true,
          "logo_text": "MINIMOG",
          "logo_max_width": 140,
          "sticky_logo_max_width": 140,
          "mobile_logo_max_width": 105,
          "main_menu": "main-menu",
          "secondary_menu": "",
          "uppercase_parent_level": true,
          "search": "show_icon",
          "show_account_icon": true,
          "show_cart_icon": true,
          "show_wishlist_icon": true,
          "show_compare_icon": false,
          "show_currency_switcher": false,
          "show_language_switcher": false
        }
      },
      "footer": {
        "type": "footer",
        "blocks": {
          "b6fdc242-ee87-481c-92f7-dbd051ff44f0": {
            "type": "custom_text",
            "settings": {
              "title": "Contact",
              "image_max": "200px",
              "description": "<p>HELLO@COMODO.COM<\/p><p>(+11) 03122686668<\/p><p>3245 ABBOT KINNEY BLVD - PH VENICE<\/p>",
              "width": "33%"
            }
          },
          "f55cee9b-18ce-405d-b536-d44132e44872": {
            "type": "newsletter",
            "settings": {
              "title": "Keep In Touch",
              "description": "Give your inbox some love with new products, tips, & more.",
              "email_placeholder": "Enter your email",
              "form_style": "minimal",
              "show_social": false,
              "width": "50%"
            }
          },
          "90a49c08-8140-4747-8bed-d1f027d90827": {
            "type": "menu",
            "settings": {
              "menu": "main-menu",
              "title": "Company",
              "width": "33%"
            }
          }
        },
        "block_order": [
          "b6fdc242-ee87-481c-92f7-dbd051ff44f0",
          "f55cee9b-18ce-405d-b536-d44132e44872",
          "90a49c08-8140-4747-8bed-d1f027d90827"
        ],
        "settings": {
          "design": "footer-2",
          "container": "container",
          "bordered": false,
          "copyright": "<span class=\"text-base\">© Comodo 2021<\/span>",
          "show_currency_selector": false,
          "show_language_selector": false,
          "show_social_links": true,
          "show_payment_icons": true
        }
      },
      "annoucement": {
        "type": "annoucement",
        "settings": {
          "show_announcement": true,
          "homepage_only": true,
          "show_close": true,
          "message": "<p class=\"font-medium\" style=\"font-size: 15px;\">Free shipping on all U.S. orders $50+<\/p>",
          "message_link": "",
          "show_divider": false
        }
      },
      "mobile-sticky-bar": {
        "type": "mobile-sticky-bar",
        "settings": {
          "show_mobile_sticky": true,
          "show_home_icon": true,
          "show_collection_icon": true,
          "show_cart_icon": true,
          "show_search_icon": true,
          "show_account_icon": false,
          "show_wishlist_icon": false
        }
      }
    }
  },
  "presets": {
    "Default": {
      "sections": {
        "featured-collection": {
          "type": "featured-collection",
          "settings": {
            "collection": "frontpage"
          }
        },
        "featured-product": {
          "type": "featured-product",
          "settings": {
          }
        }
      },
      "content_for_index": [
        "featured-collection",
        "featured-product"
      ]
    }
  }
}