[
  {
    "name": "theme_info",
    "theme_name": "Envy",
    "theme_author": "WeTheme",
    "theme_version": "12.4.1",
    "theme_documentation_url": "http:\/\/docs.wetheme.com\/envy\/",
    "theme_support_email": "mail@wetheme.com"
  },
  {
    "name": "Colors",
    "settings": [
      {
        "type": "header",
        "content": "General"
      },
      {
        "type": "color",
        "id": "font-colour",
        "label": "Text",
        "default": "#333333"
      },
      {
        "type": "color",
        "id": "link-colour",
        "label": "Link",
        "default": "#333333"
      },
      {
        "type": "color",
        "id": "active-link-colour",
        "label": "Active link",
        "default": "#333333"
      },
      {
        "type": "color",
        "id": "sale-label-colour",
        "label": "Sale label",
        "default": "#f26c4f"
      },
      {
        "type": "header",
        "content": "Header"
      },
      {
        "type": "color",
        "id": "header-background-colour",
        "label": "Background",
        "default": "#ebebeb"
      },
      {
        "type": "color",
        "id": "header-text-colour",
        "label": "Text",
        "default": "#ebebeb"
      },
      {
        "type": "header",
        "content": "Footer"
      },
      {
        "type": "color",
        "id": "footer-background-colour",
        "label": "Background",
        "default": "#ebebeb"
      },
      {
        "type": "color",
        "id": "footer-text-colour",
        "label": "Text",
        "default": "#ebebeb"
      },
      {
        "type": "header",
        "content": "Main menu"
      },
      {
        "type": "color",
        "id": "main-menu-background-colour",
        "label": "Background",
        "default": "#ffffff"
      },
      {
        "type": "color",
        "id": "main-menu-text-colour",
        "label": "Text",
        "default": "#aab1b4"
      },
      {
        "type": "header",
        "content": "Page background"
      },
      {
        "type": "color",
        "id": "bg_colour",
        "label": "Background",
        "default": "#ffffff"
      },
      {
        "type": "checkbox",
        "id": "indiv_product_shadowing",
        "label": "Show box shadows on product images",
        "default": false
      },
      {
        "type": "header",
        "content": "Site title"
      },
      {
        "type": "color",
        "id": "logo_colour",
        "label": "Logo link",
        "default": "#282C2E"
      },
      {
        "type": "color",
        "id": "logo_hover_colour",
        "label": "Logo link hover",
        "default": "#554B60"
      },
      {
        "type": "header",
        "content": "Buttons"
      },
      {
        "type": "color",
        "id": "add-to-cart-background-colour",
        "label": "Background",
        "default": "#5cb85c"
      },
      {
        "type": "color",
        "id": "add-to-cart-background-hover-colour",
        "label": "Background hover",
        "default": "#449d44"
      },
      {
        "type": "color",
        "id": "add-to-cart-text-colour",
        "label": "Text",
        "default": "#fff"
      },
      {
        "type": "header",
        "content": "Image overlays"
      },
      {
        "type": "color",
        "id": "color_image_overlay_text",
        "label": "Text",
        "default": "#fff"
      },
      {
        "type": "color",
        "id": "color_image_overlay",
        "label": "Fade",
        "default": "#000"
      },
      {
        "type": "select",
        "id": "image_overlay_opacity",
        "label": "Opacity",
        "default": "0.6",
        "options": [
          {
            "label": "100%",
            "value": "1"
          },
          {
            "label": "95%",
            "value": "0.95"
          },
          {
            "label": "90%",
            "value": "0.9"
          },
          {
            "label": "85%",
            "value": "0.85"
          },
          {
            "label": "80%",
            "value": "0.8"
          },
          {
            "label": "75%",
            "value": "0.75"
          },
          {
            "label": "70%",
            "value": "0.7"
          },
          {
            "label": "65%",
            "value": "0.65"
          },
          {
            "label": "60%",
            "value": "0.6"
          },
          {
            "label": "55%",
            "value": "0.55"
          },
          {
            "label": "50%",
            "value": "0.5"
          },
          {
            "label": "45%",
            "value": "0.45"
          },
          {
            "label": "40%",
            "value": "0.4"
          },
          {
            "label": "35%",
            "value": "0.35"
          },
          {
            "label": "30%",
            "value": "0.3"
          },
          {
            "label": "25%",
            "value": "0.25"
          },
          {
            "label": "20%",
            "value": "0.2"
          },
          {
            "label": "0%",
            "value": "0"
          }
        ]
      }
    ]
  },
  {
    "name": "Typography",
    "settings": [
      {
        "type": "header",
        "content": "Headings"
      },
      {
        "type": "select",
        "id": "typography-heading-font",
        "label": "Font",
        "options": [
          {
            "value": "typography-heading-bree-serif",
            "label": "Bree Serif",
            "group": "Serif"
          },
          {
            "value": "typography-heading-playfair-display",
            "label": "Playfair Display",
            "group": "Serif"
          },
          {
            "value": "typography-heading-cantana-one",
            "label": "Cantata One",
            "group": "Serif"
          },
          {
            "group": "Serif",
            "value": "typography-heading-alegreya",
            "label": "Alegreya"
          },
          {
            "group": "Serif",
            "value": "typography-heading-source-serif-pro",
            "label": "Source Serif Pro"
          },
          {
            "group": "Serif",
            "value": "typography-heading-lora",
            "label": "Lora"
          },
          {
            "group": "Serif",
            "value": "typography-heading-neuton",
            "label": "Neuton"
          },
          {
            "group": "Serif",
            "value": "typography-heading-merriweather",
            "label": "Merriweather"
          },
          {
            "group": "Serif",
            "value": "typography-heading-roboto-slab",
            "label": "Roboto Slab"
          },
          {
            "group": "Serif",
            "value": "typography-heading-libre-baskerville",
            "label": "Libre Baskerville"
          },
          {
            "group": "Serif",
            "value": "typography-heading-crimson-text",
            "label": "Crimson Text"
          },
          {
            "group": "Serif",
            "value": "typography-heading-old-standard",
            "label": "Old Standard"
          },
          {
            "group": "Serif",
            "value": "typography-heading-domine",
            "label": "Domine"
          },
          {
            "group": "Serif",
            "value": "typography-heading-bitter",
            "label": "Bitter"
          },
          {
            "group": "Serif",
            "value": "typography-heading-cardo",
            "label": "Cardo"
          },
          {
            "group": "Serif",
            "value": "typography-heading-arvo",
            "label": "Arvo"
          },
          {
            "group": "Serif",
            "value": "typography-heading-pt-serif",
            "label": "PT Serif"
          },
          {
            "value": "typography-heading-montserrat",
            "label": "Montserrat",
            "group": "Sans-serif"
          },
          {
            "value": "typography-heading-raleway",
            "label": "Raleway",
            "group": "Sans-serif"
          },
          {
            "value": "typography-heading-lato",
            "label": "Lato",
            "group": "Sans-serif"
          },
          {
            "value": "typography-heading-istok-web",
            "label": "Istok Web",
            "group": "Sans-serif"
          },
          {
            "value": "typography-heading-roboto",
            "label": "Roboto",
            "group": "Sans-serif"
          },
          {
            "value": "typography-heading-work-sans",
            "label": "Work Sans",
            "group": "Sans-serif"
          },
          {
            "value": "typography-heading-poppins",
            "label": "Poppins",
            "group": "Sans-serif"
          },
          {
            "group": "Sans-serif",
            "value": "typography-heading-alegreya-sans",
            "label": "Alegreya Sans"
          },
          {
            "group": "Sans-serif",
            "value": "typography-heading-fira-sans",
            "label": "Fira Sans"
          },
          {
            "group": "Sans-serif",
            "value": "typography-heading-source-sans-pro",
            "label": "Source Sans Pro"
          },
          {
            "group": "Sans-serif",
            "value": "typography-heading-karla",
            "label": "Karla"
          },
          {
            "group": "Sans-serif",
            "value": "typography-heading-open-sans",
            "label": "Open Sans"
          },
          {
            "group": "Sans-serif",
            "value": "typography-heading-archivo-narrow",
            "label": "Archivo Narrow"
          },
          {
            "group": "Sans-serif",
            "value": "typography-heading-chivo",
            "label": "Chivo"
          },
          {
            "group": "Sans-serif",
            "value": "typography-heading-varela-round",
            "label": "Varelo Round"
          },
          {
            "value": "typography-heading-bevan",
            "label": "Bevan",
            "group": "Cursive"
          },
          {
            "value": "typography-heading-abril-fatface",
            "label": "Abril Fatface",
            "group": "Cursive"
          },
          {
            "value": "typography-heading-sansita-one",
            "label": "Sansita One",
            "group": "Cursive"
          },
          {
            "value": "typography-heading-pacifico",
            "label": "Pacifico",
            "group": "Cursive"
          },
          {
            "value": "typography-heading-nixie-one",
            "label": "Nixie One",
            "group": "Cursive"
          },
          {
            "value": "typography-heading-rancho",
            "label": "Rancho",
            "group": "Cursive"
          },
          {
            "group": "Monospace",
            "value": "typography-heading-inconsolata",
            "label": "Inconsolata"
          },
          {
            "group": "Monospace",
            "value": "typography-heading-anonymous-pro",
            "label": "Anonymous Pro"
          }
        ],
        "default": "typography-heading-work-sans"
      },
      {
        "type": "select",
        "id": "title-bar-styling",
        "label": "Style",
        "options": [
          {
            "value": "title-bar-diagonal-background",
            "label": "Diagonal background"
          },
          {
            "value": "title-bar-minimal",
            "label": "Minimal"
          },
          {
            "value": "title-bar-lowercase",
            "label": "Full width linethrough"
          },
          {
            "value": "title-bar-underline",
            "label": "Feature underline"
          }
        ],
        "default": "title-bar-underline"
      },
      {
        "type": "header",
        "content": "Body text"
      },
      {
        "type": "select",
        "id": "typography-body-font",
        "label": "Font",
        "options": [
          {
            "group": "Serif",
            "value": "typography-body-average",
            "label": "Average"
          },
          {
            "group": "Serif",
            "value": "typography-body-kameron",
            "label": "Kameron"
          },
          {
            "group": "Serif",
            "value": "typography-body-ledger",
            "label": "Ledger"
          },
          {
            "group": "Serif",
            "value": "typography-body-alegreya",
            "label": "Alegreya"
          },
          {
            "group": "Serif",
            "value": "typography-body-source-serif-pro",
            "label": "Source Serif Pro"
          },
          {
            "group": "Serif",
            "value": "typography-body-lora",
            "label": "Lora"
          },
          {
            "group": "Serif",
            "value": "typography-body-neuton",
            "label": "Neuton"
          },
          {
            "group": "Serif",
            "value": "typography-body-merriweather",
            "label": "Merriweather"
          },
          {
            "group": "Serif",
            "value": "typography-body-roboto-slab",
            "label": "Roboto Slab"
          },
          {
            "group": "Serif",
            "value": "typography-body-libre-baskerville",
            "label": "Libre Baskerville"
          },
          {
            "group": "Serif",
            "value": "typography-body-crimson-text",
            "label": "Crimson Text"
          },
          {
            "group": "Serif",
            "value": "typography-body-old-standard",
            "label": "Old Standard"
          },
          {
            "group": "Serif",
            "value": "typography-body-domine",
            "label": "Domine"
          },
          {
            "group": "Serif",
            "value": "typography-body-bitter",
            "label": "Bitter"
          },
          {
            "group": "Serif",
            "value": "typography-body-cardo",
            "label": "Cardo"
          },
          {
            "group": "Serif",
            "value": "typography-body-arvo",
            "label": "Arvo"
          },
          {
            "group": "Serif",
            "value": "typography-body-pt-serif",
            "label": "PT Serif"
          },
          {
            "group": "Serif",
            "value": "typography-body-playfair-display",
            "label": "Playfair Display"
          },
          {
            "group": "Sans-serif",
            "value": "typography-body-helvetica",
            "label": "Helvetica"
          },
          {
            "group": "Sans-serif",
            "value": "typography-body-open-sans",
            "label": "Open Sans"
          },
          {
            "group": "Sans-serif",
            "value": "typography-body-lato",
            "label": "Lato"
          },
          {
            "group": "Sans-serif",
            "value": "typography-body-pontano-sans",
            "label": "Pontano Sans"
          },
          {
            "group": "Sans-serif",
            "value": "typography-body-muli",
            "label": "Muli"
          },
          {
            "group": "Sans-serif",
            "value": "typography-body-arimo",
            "label": "Arimo"
          },
          {
            "group": "Sans-serif",
            "value": "typography-body-imprima",
            "label": "Imprima"
          },
          {
            "group": "Sans-serif",
            "value": "typography-body-gudea",
            "label": "Gudea"
          },
          {
            "group": "Sans-serif",
            "value": "typography-body-roboto",
            "label": "Roboto"
          },
          {
            "group": "Sans-serif",
            "value": "typography-body-work-sans",
            "label": "Work Sans"
          },
          {
            "group": "Sans-serif",
            "value": "typography-body-poppins",
            "label": "Poppins"
          },
          {
            "group": "Sans-serif",
            "value": "typography-body-alegreya-sans",
            "label": "Alegreya Sans"
          },
          {
            "group": "Sans-serif",
            "value": "typography-body-fira-sans",
            "label": "Fira Sans"
          },
          {
            "group": "Sans-serif",
            "value": "typography-body-source-sans-pro",
            "label": "Source Sans Pro"
          },
          {
            "group": "Sans-serif",
            "value": "typography-body-karla",
            "label": "Karla"
          },
          {
            "group": "Sans-serif",
            "value": "typography-body-archivo-narrow",
            "label": "Archivo Narrow"
          },
          {
            "group": "Sans-serif",
            "value": "typography-body-chivo",
            "label": "Chivo"
          },
          {
            "group": "Sans-serif",
            "value": "typography-body-montserrat",
            "label": "Montserrat"
          },
          {
            "group": "Sans-serif",
            "value": "typography-body-varela-round",
            "label": "Varelo Round"
          },
          {
            "group": "Monospace",
            "value": "typography-body-inconsolata",
            "label": "Inconsolata"
          },
          {
            "group": "Monospace",
            "value": "typography-body-anonymous-pro",
            "label": "Anonymous Pro"
          }
        ],
        "default": "typography-body-work-sans"
      },
      {
        "type": "select",
        "id": "typography-body-font-size",
        "label": "Base size",
        "options": [
          {
            "value": "12px",
            "label": "12px"
          },
          {
            "value": "13px",
            "label": "13px"
          },
          {
            "value": "14px",
            "label": "14px"
          },
          {
            "value": "15px",
            "label": "15px"
          },
          {
            "value": "16px",
            "label": "16px"
          }
        ]
      },
      {
        "type": "header",
        "content": "Navigation"
      },
      {
        "type": "select",
        "id": "typography-menu-font-size",
        "label": "Base size",
        "options": [
          {
            "value": "12px",
            "label": "12px"
          },
          {
            "value": "13px",
            "label": "13px"
          },
          {
            "value": "14px",
            "label": "14px"
          },
          {
            "value": "15px",
            "label": "15px"
          },
          {
            "value": "16px",
            "label": "16px"
          }
        ]
      },
      {
        "type": "select",
        "id": "menu-case",
        "label": "Menu case",
        "options": [
          {
            "value": "menu-normal-case",
            "label": "Normal case"
          },
          {
            "value": "menu-lower-case",
            "label": "Lowercase"
          },
          {
            "value": "menu-upper-case",
            "label": "Uppercase"
          }
        ]
      },
      {
        "type": "checkbox",
        "id": "menu-border",
        "label": "Enable menu border",
        "default": true
      },
      {
        "type": "header",
        "content": "'Add to cart' buttons"
      },
      {
        "type": "select",
        "id": "add-to-cart-font-size",
        "label": "Size",
        "options": [
          {
            "value": "14px",
            "label": "14px"
          },
          {
            "value": "15px",
            "label": "15px"
          },
          {
            "value": "16px",
            "label": "16px"
          },
          {
            "value": "17px",
            "label": "17px"
          },
          {
            "value": "18px",
            "label": "18px"
          },
          {
            "value": "19px",
            "label": "19px"
          },
          {
            "value": "20px",
            "label": "20px"
          }
        ],
        "default": "16px"
      },
      {
        "type": "select",
        "id": "add-to-cart-text-transform",
        "label": "Button case",
        "options": [
          {
            "value": "none",
            "label": "Normal case"
          },
          {
            "value": "lowercase",
            "label": "Lowercase"
          },
          {
            "value": "uppercase",
            "label": "Uppercase"
          }
        ],
        "default": "none"
      },
      {
        "type": "header",
        "content": "Site title"
      },
      {
        "type": "select",
        "id": "header_font_size",
        "label": "Size",
        "options": [
          {
            "value": "10px",
            "label": "10px"
          },
          {
            "value": "11px",
            "label": "11px"
          },
          {
            "value": "12px",
            "label": "12px"
          },
          {
            "value": "13px",
            "label": "13px"
          },
          {
            "value": "14px",
            "label": "14px"
          },
          {
            "value": "16px",
            "label": "16px"
          },
          {
            "value": "18px",
            "label": "18px"
          },
          {
            "value": "24px",
            "label": "24px"
          },
          {
            "value": "30px",
            "label": "30px"
          },
          {
            "value": "36px",
            "label": "36px"
          },
          {
            "value": "48px",
            "label": "48px"
          },
          {
            "value": "60px",
            "label": "60px"
          },
          {
            "value": "72px",
            "label": "72px"
          }
        ],
        "default": "24px"
      },
      {
        "type": "select",
        "id": "header_font_style",
        "label": "Style",
        "options": [
          {
            "value": "normal",
            "label": "Normal"
          },
          {
            "value": "bold",
            "label": "Bold"
          },
          {
            "value": "italic",
            "label": "Italic"
          }
        ],
        "default": "normal"
      },
      {
        "type": "header",
        "content": "Popup"
      },
      {
        "type": "select",
        "id": "pop-up-text-header-text-size",
        "label": "Subheading size",
        "options": [
          {
            "value": "10px",
            "label": "10px"
          },
          {
            "value": "11px",
            "label": "11px"
          },
          {
            "value": "12px",
            "label": "12px"
          },
          {
            "value": "13px",
            "label": "13px"
          },
          {
            "value": "14px",
            "label": "14px"
          },
          {
            "value": "16px",
            "label": "16px"
          },
          {
            "value": "18px",
            "label": "18px"
          },
          {
            "value": "24px",
            "label": "24px"
          },
          {
            "value": "30px",
            "label": "30px"
          },
          {
            "value": "36px",
            "label": "36px"
          },
          {
            "value": "48px",
            "label": "48px"
          },
          {
            "value": "60px",
            "label": "60px"
          },
          {
            "value": "72px",
            "label": "72px"
          }
        ],
        "default": "16px"
      },
      {
        "type": "select",
        "id": "pop-up-text-description-text-size",
        "label": "Heading size",
        "options": [
          {
            "value": "10px",
            "label": "10px"
          },
          {
            "value": "11px",
            "label": "11px"
          },
          {
            "value": "12px",
            "label": "12px"
          },
          {
            "value": "13px",
            "label": "13px"
          },
          {
            "value": "14px",
            "label": "14px"
          },
          {
            "value": "16px",
            "label": "16px"
          },
          {
            "value": "18px",
            "label": "18px"
          },
          {
            "value": "24px",
            "label": "24px"
          },
          {
            "value": "30px",
            "label": "30px"
          },
          {
            "value": "36px",
            "label": "36px"
          },
          {
            "value": "48px",
            "label": "48px"
          },
          {
            "value": "60px",
            "label": "60px"
          },
          {
            "value": "72px",
            "label": "72px"
          }
        ],
        "default": "36px"
      }
    ]
  },
  {
    "name": "Social media",
    "settings": [
      {
        "type": "header",
        "content": "Accounts"
      },
      {
        "type": "text",
        "id": "sm_facebook_link",
        "label": "Facebook",
        "info": "https:\/\/www.facebook.com\/shopify"
      },
      {
        "type": "text",
        "id": "sm_twitter_link",
        "label": "Twitter",
        "info": "https:\/\/twitter.com\/shopify"
      },
      {
        "type": "text",
        "id": "sm_youtube_link",
        "label": "YouTube",
        "info": "https:\/\/www.youtube.com\/user\/shopify"
      },
      {
        "type": "text",
        "id": "sm_flickr_link",
        "label": "Flickr",
        "info": "https:\/\/www.flickr.com\/photos\/shopify"
      },
      {
        "type": "text",
        "id": "sm_pinterest_link",
        "label": "Pinterest",
        "info": "https:\/\/www.pinterest.com\/shopify"
      },
      {
        "type": "text",
        "id": "sm_instagram_link",
        "label": "Instagram",
        "info": "https:\/\/instagram.com\/shopify"
      },
      {
        "type": "text",
        "id": "sm_google_plus_link",
        "label": "Google Plus",
        "info": "https:\/\/plus.google.com\/+shopify"
      },
      {
        "type": "text",
        "id": "sm_snapchat_link",
        "label": "Snapchat",
        "info": "https:\/\/snapchat.com\/add\/shopify"
      },
      {
        "type": "text",
        "id": "sm_tumblr_link",
        "label": "Tumblr",
        "info": "http:\/\/shopify.tumblr.com"
      },
      {
        "type": "header",
        "content": "Sharing"
      },
      {
        "type": "checkbox",
        "id": "social_sharing_products",
        "label": "Enable product sharing",
        "default": true
      },
      {
        "type": "checkbox",
        "id": "social_sharing_blog",
        "label": "Enable blog post sharing",
        "default": true
      },
      {
        "type": "checkbox",
        "id": "share_facebook",
        "label": "Share on Facebook",
        "default": true
      },
      {
        "type": "checkbox",
        "id": "share_twitter",
        "label": "Tweet on Twitter",
        "default": true
      },
      {
        "type": "checkbox",
        "id": "share_google",
        "label": "+1 on Google Plus",
        "default": true
      }
    ]
  },
  {
    "name": "Popup",
    "settings": [
      {
        "type": "checkbox",
        "id": "popup--enable",
        "label": "Enable"
      },
      {
        "type": "select",
        "id": "pop-up-time",
        "label": "Days until popup is displayed again",
        "options": [
          {
            "value": "7",
            "label": "One week"
          },
          {
            "value": "14",
            "label": "Two weeks"
          },
          {
            "value": "21",
            "label": "Three weeks"
          },
          {
            "value": "28",
            "label": "Four weeks"
          },
          {
            "value": "0",
            "label": "Test Mode"
          }
        ],
        "default": "7"
      },
      {
        "type": "checkbox",
        "id": "popup--show-image",
        "label": "Enable image"
      },
      {
        "type": "image_picker",
        "id": "popup-newsletter-top",
        "label": "Image",
        "info": "160 x 160px recommended"
      },
      {
        "type": "text",
        "id": "pop-up-text-header-text",
        "label": "Subheading text"
      },
      {
        "type": "richtext",
        "id": "pop-up-text-description-text",
        "label": "Main text"
      },
      {
        "type": "checkbox",
        "id": "popup--show-social-icons",
        "label": "Enable social icons"
      },
	  {
	    "type": "checkbox",
		"id": "popup--show-newsletter",
		"label": "Enable newsletter signup",
		"default": true
  },
  {
    "type": "color",
    "id": "pop-up-text-background-colour",
    "label": "Background",
    "default": "#fff"
  },
  {
    "type": "color",
    "id": "pop-up-text-header-text-colour",
    "label": "Text",
    "default": "#000"
  }
    ]
  },
	 {
	   "name": "Currency",
	   "settings": [
	     {
	       "type": "checkbox",
	       "id": "show_multiple_currencies",
	       "label": "Enable",
	       "default": false,
	       "info": "Even though prices are displayed in different currencies, orders will still be processed in your store's currency."
	     },
	     {
	       "type": "select",
	       "id": "currency_format",
	       "label": "Format",
	       "options": [
	         {
	           "value": "money_format",
	           "label": "Without currency ($10.00)"
	         },
	         {
	           "value": "money_with_currency_format",
	           "label": "With currency ($10.00 CAD)"
	         }
	       ],
	       "default": "money_format"
	     },
	     {
	       "type": "text",
	       "id": "supported_currencies",
	       "label": "Supported currencies",
	       "default": "INR GBP CAD USD AUD EUR JPY",
	       "info": "Use the country's ISO [currency code](http://www.xe.com/iso4217.php). Separate your currency codes with a space."
	     },
	     {
	       "type": "text",
	       "id": "default_currency",
	       "label": "Default currency",
	       "default": "USD"
	     }
	   ]
	 },
  {
    "name": "Favicon",
    "settings": [
      {
        "type": "image_picker",
        "id": "favicon",
        "label": "Favicon image",
        "info": "Will be scaled down to 32 x 32px"
      }
    ]
  }
]
