{"current":{"font-colour":"#000000","link-colour":"#000000","active-link-colour":"#000000","sale-label-colour":"#f26c4f","header-background-colour":"#e8e8e8","header-text-colour":"#b1b1b1","footer-background-colour":"#444444","footer-text-colour":"#ffffff","main-menu-background-colour":"#ffffff","main-menu-text-colour":"#aab1b4","bg_colour":"rgba(0,0,0,0)","indiv_product_shadowing":false,"logo_colour":"#252525","logo_hover_colour":"#000000","add-to-cart-background-colour":"#5cb85c","add-to-cart-background-hover-colour":"#449d44","add-to-cart-text-colour":"#ffffff","color_image_overlay_text":"#fff","color_image_overlay":"#000","image_overlay_opacity":"0.6","typography-heading-font":"typography-heading-montserrat","title-bar-styling":"title-bar-underline","typography-body-font":"typography-body-muli","typography-body-font-size":"14px","typography-menu-font-size":"14px","menu-case":"menu-upper-case","menu-border":true,"add-to-cart-font-size":"16px","add-to-cart-text-transform":"none","header_font_size":"24px","header_font_style":"normal","pop-up-text-header-text-size":"16px","pop-up-text-description-text-size":"36px","sm_facebook_link":"https:\/\/www.facebook.com\/D-Lynn-Co-1049364068432177\/","sm_twitter_link":"","sm_youtube_link":"","sm_flickr_link":"","sm_pinterest_link":"","sm_instagram_link":"https:\/\/instagram.com\/dlynnandco","sm_google_plus_link":"","sm_snapchat_link":"","sm_tumblr_link":"","social_sharing_products":true,"social_sharing_blog":true,"share_facebook":true,"share_twitter":true,"share_google":true,"popup--enable":false,"pop-up-time":"7","popup--show-image":false,"popup-newsletter-top":"","pop-up-text-header-text":"","pop-up-text-description-text":"","popup--show-social-icons":false,"popup--show-newsletter":true,"pop-up-text-background-colour":"#fff","pop-up-text-header-text-colour":"#000","show_multiple_currencies":false,"currency_format":"money_format","supported_currencies":"INR GBP CAD USD AUD EUR JPY","default_currency":"USD","favicon":"","checkout_header_image":"","checkout_logo_image":"shopify:\/\/shop_images\/d.lynn-_-co.-HIGH_2_371d3b26-b6bf-4e60-ae6d-b7f49f773780.png","checkout_logo_position":"center","checkout_logo_size":"medium","checkout_body_background_image":"","checkout_body_background_color":"#fff","checkout_input_background_color_mode":"white","checkout_sidebar_background_image":"","checkout_sidebar_background_color":"#f2ecec","checkout_heading_font":"Helvetica Neue","checkout_body_font":"Helvetica Neue","checkout_accent_color":"#47545a","checkout_button_color":"#060b0d","checkout_error_color":"#f7370c","sections":{"header":{"type":"header","settings":{"logo":"shopify:\/\/shop_images\/d.lynn-_-co.-HIGH_2.png","logo_max_width":"300","logo_padding":"40","logo-placement":"below-header","top_bar_linklist":"top","top_bar_social_media_icons":false,"main_linklist":"main-menu","main-menu-hover":true,"menu_padding":"10"}},"slideshow":{"type":"slideshow","blocks":{"1492653261610":{"type":"image","settings":{"image":"shopify:\/\/shop_images\/designed_for_extraordinary_women_living_everyday_life.png","title":"","link":""}}},"block_order":["1492653261610"],"settings":{"slider-animation":"fade","slider-width":"full-width","slider-slide-time":"0"}},"collection":{"type":"collection","settings":{"title":"Featured products","show-vendor":false,"hover-effect":"second-image","collection":"trendy","grid":"4","rows":"3"}},"text-over-image":{"type":"text-over-image","settings":{"image":"shopify:\/\/shop_images\/Women_at_desk_looking_at_computer.jpg","parallax":true,"title":"D.Lynn & Company","text":"<p>Designed for extraordinary women who do every day things.<\/p>","alignment":"center","hero_size":"large","text-over-image-width":"full-width","button_label":"","button_link":""}},"instagram":{"type":"instagram","settings":{"title":"Instagram","show-title":true,"image-padding":true,"instagram-access-token":"5376888286.d90570a.3c1a0c83ba144281b3688164bf5587a3","instagram-homepage-width":"fixed","grid":"5","rows":"2","sort-by":"none"}},"footer":{"type":"footer","blocks":{"footer-2":{"type":"newsletter","settings":{"footer_newsletter_description":""}},"1494385639548":{"type":"menu","settings":{"menu_title":"Information","footer_linklist":"footer"}},"1494385918813":{"type":"menu","settings":{"menu_title":"Quick Links","footer_linklist":"informtion"}},"1494385692603":{"type":"social","settings":{}}},"block_order":["footer-2","1494385639548","1494385918813","1494385692603"],"settings":{"show_methods_of_payment":true}},"announcement-bar":{"type":"announcement-bar","settings":{"message_text":"Lifestyle. Brand. Clothing.","message_link":"","notification-bar--background-colour":"#464646","notification-bar--text-colour":"#fff"}},"collection-template":{"type":"collection-template","settings":{"grid":"4","rows":"6","show-vendor":false,"hover-effect":"second-image","collection_image_enable":false,"sort_enable":true,"tags_enable":true}},"product-template":{"type":"product-template","settings":{"show-vendor":false,"show_quantity_selector":true,"show_variant_labels":true,"open_cart_when_added":true,"enable_related_products":true,"related_products_title":"You May Also Like","image_size":"medium","thumbnail_position":"below","enable_zoom":true,"show_reviews":true}},"1494351581596":{"type":"collection","settings":{"title":"New Arrivals","show-vendor":true,"hover-effect":"zoom","collection":"new-arrivals","grid":"4","rows":"3"}},"1494352015967":{"type":"collection-list","blocks":{"1494352015967-0":{"type":"featured_collection","settings":{"collection":"trendy"}},"1494352015967-1":{"type":"featured_collection","settings":{"collection":"melanin"}},"1494352015967-2":{"type":"featured_collection","settings":{"collection":"hustle-grind"}}},"block_order":["1494352015967-0","1494352015967-1","1494352015967-2"],"settings":{"title":"Featured Collections","grid":"3"}}},"content_for_index":["slideshow","1494352015967","collection","text-over-image","1494351581596","instagram"]},"presets":{"Stockholm":{"font-colour":"#000000","link-colour":"#000000","active-link-colour":"#000000","sale-label-colour":"#f26c4f","header-background-colour":"#ebebeb","header-text-colour":"#AAB1B4","footer-background-colour":"#ebebeb","footer-text-colour":"#AAB1B4","bg_colour":"#ffffff","indiv_product_shadowing":false,"logo_colour":"#252525","logo_hover_colour":"#000000","add-to-cart-background-colour":"#5cb85c","add-to-cart-background-hover-colour":"#449d44","add-to-cart-text-colour":"#ffffff","typography-heading-font":"typography-heading-montserrat","title-bar-styling":"title-bar-underline","typography-body-font":"typography-body-muli","typography-body-font-size":"14px","typography-menu-font-size":"14px","menu-case":"menu-upper-case","header_font_size":"24px","header_font_style":"normal","sections":{"header":{"type":"header","settings":{"top_bar_linklist":"","main_linklist":"main-menu"}},"slideshow":{"type":"slideshow","blocks":{"slideshow-0":{"type":"image","settings":{}},"slideshow-1":{"type":"image","settings":{}}},"block_order":["slideshow-0","slideshow-1"],"settings":{"slider-width":"full-width"}},"image-bar":{"type":"image-bar","blocks":{"image-bar-0":{"type":"image","settings":{}},"image-bar-1":{"type":"image","settings":{}}},"block_order":["image-bar-0","image-bar-1"],"settings":{}},"collection":{"type":"collection","settings":{"collection":"frontpage","rows":"2"}},"text-over-image":{"type":"text-over-image","settings":{"hero_size":"large"}},"text-over-image-2":{"type":"text-over-image","settings":{"hero_size":"small"}},"text-adverts":{"type":"text-adverts","blocks":{"advert-0":{"type":"text","settings":{"heading":"Free Delivery Worldwide","subheading":"Click here for more info"}},"advert-1":{"type":"text","settings":{"heading":"Final Clearance Sale","subheading":"Up to 70% off"}},"advert-2":{"type":"text","settings":{"heading":"Promotional Link 3","subheading":"Link to a collection, product, blog post..."}}},"block_order":["advert-0","advert-1","advert-2"],"settings":{"colors":"white"}},"feature-row":{"type":"feature-row","settings":{}},"featured-blog":{"type":"featured-blog","settings":{}},"instagram":{"type":"instagram","settings":{}},"footer":{"type":"footer","blocks":{"footer-0":{"type":"text","settings":{}},"footer-1":{"type":"menu","settings":{}},"footer-2":{"type":"newsletter","settings":{}}},"block_order":["footer-0","footer-1","footer-2"],"settings":{}}},"content_for_index":["text-adverts","slideshow","image-bar","collection","text-over-image","feature-row","instagram","featured-blog","text-over-image-2"]},"Oslo":{"font-colour":"#000000","link-colour":"#000000","active-link-colour":"#000000","sale-label-colour":"#000000","header-background-colour":"#ffffff","header-text-colour":"#000000","footer-background-colour":"#ffffff","footer-text-colour":"#434343","bg_colour":"#ffffff","indiv_product_shadowing":false,"logo_colour":"#252525","logo_hover_colour":"#000","add-to-cart-background-colour":"#000000","add-to-cart-background-hover-colour":"#3a3a3a","add-to-cart-text-colour":"#ffffff","typography-heading-font":"typography-heading-roboto","title-bar-styling":"title-bar-minimal","typography-body-font":"typography-body-lato","typography-body-font-size":"14px","typography-menu-font-size":"15px","menu-case":"menu-normal-case","header_font_size":"24px","header_font_style":"normal","sections":{"header":{"type":"header","settings":{"logo-placement":"within-header","top_bar_linklist":"main-menu","main_linklist":""}},"slideshow":{"type":"slideshow","blocks":{"slideshow-0":{"type":"image","settings":{}},"slideshow-1":{"type":"image","settings":{}}},"block_order":["slideshow-0","slideshow-1"],"settings":{"slider-width":"full-width"}},"image-bar":{"type":"image-bar","blocks":{"image-bar-0":{"type":"image","settings":{}},"image-bar-1":{"type":"image","settings":{}},"image-bar-2":{"type":"image","settings":{}},"image-bar-3":{"type":"image","settings":{}}},"block_order":["image-bar-0","image-bar-1","image-bar-2","image-bar-3"],"settings":{}},"collection":{"type":"collection","settings":{"collection":"frontpage","rows":"2"}},"feature-row":{"type":"feature-row","settings":{"layout":"right"}},"featured-blog":{"type":"featured-blog","settings":{}},"text-over-image":{"type":"text-over-image","settings":{"hero_size":"large"}},"logo-bar":{"type":"logo-bar","blocks":{"logo-0":{"type":"logo_image","settings":{}},"logo-1":{"type":"logo_image","settings":{}},"logo-2":{"type":"logo_image","settings":{}},"logo-3":{"type":"logo_image","settings":{}}},"block_order":["logo-0","logo-1","logo-2","logo-3"],"settings":{}},"instagram":{"type":"instagram","settings":{"image-padding":false,"instagram-homepage-width":"full-width","rows":"1"}},"footer":{"type":"footer","blocks":{"footer-0":{"type":"text","settings":{}},"footer-1":{"type":"menu","settings":{}},"footer-2":{"type":"newsletter","settings":{}}},"block_order":["footer-0","footer-1","footer-2"],"settings":{}}},"content_for_index":["slideshow","image-bar","collection","text-over-image","feature-row","featured-blog","instagram","logo-bar"]},"Copenhagen":{"font-colour":"#000","link-colour":"#000","active-link-colour":"#000","sale-label-colour":"#f26c4f","header-background-colour":"#ffffff","header-text-colour":"#AAB1B4","footer-background-colour":"#ffffff","footer-text-colour":"#AAB1B4","bg_colour":"#ffffff","indiv_product_shadowing":false,"logo_colour":"#252525","logo_hover_colour":"#000","add-to-cart-background-colour":"#5cb85c","add-to-cart-background-hover-colour":"#449d44","add-to-cart-text-colour":"#ffffff","typography-heading-font":"typography-heading-varela-round","title-bar-styling":"title-bar-lowercase","typography-body-font":"typography-body-open-sans","typography-body-font-size":"13px","typography-menu-font-size":"14px","menu-case":"menu-lower-case","header_font_size":"24px","header_font_style":"normal","sections":{"header":{"type":"header","settings":{"logo-placement":"within-header","top_bar_linklist":"","main_linklist":"main-menu"}},"slideshow":{"type":"slideshow","blocks":{"slideshow-0":{"type":"image","settings":{}},"slideshow-1":{"type":"image","settings":{}}},"block_order":["slideshow-0","slideshow-1"],"settings":{"slider-width":"full-width"}},"image-bar":{"type":"image-bar","blocks":{"image-bar-0":{"type":"image","settings":{}},"image-bar-1":{"type":"image","settings":{}},"image-bar-2":{"type":"image","settings":{}}},"block_order":["image-bar-0","image-bar-1","image-bar-2"],"settings":{}},"collection":{"type":"collection","settings":{"collection":"frontpage","grid":"3","rows":"2"}},"feature-row":{"type":"feature-row","settings":{}},"featured-blog":{"type":"featured-blog","settings":{}},"text-over-image":{"type":"text-over-image","settings":{"hero_size":"large"}},"logo-bar":{"type":"logo-bar","settings":{}},"instagram":{"type":"instagram","settings":{"image-padding":false,"instagram-homepage-width":"full-width","rows":"1"}},"footer":{"type":"footer","blocks":{"footer-0":{"type":"text","settings":{}},"footer-1":{"type":"menu","settings":{}},"footer-2":{"type":"newsletter","settings":{}}},"block_order":["footer-0","footer-1","footer-2"],"settings":{}}},"content_for_index":["slideshow","image-bar","collection","featured-blog","text-over-image","instagram"]},"Gothenburg":{"font-colour":"#000","link-colour":"#000","active-link-colour":"#000","sale-label-colour":"#f26c4f","header-background-colour":"#ebebeb","header-text-colour":"#000000","footer-background-colour":"#ebebeb","footer-text-colour":"#000000","bg_colour":"#ffffff","indiv_product_shadowing":false,"logo_colour":"#252525","logo_hover_colour":"#000","add-to-cart-background-colour":"#5cb85c","add-to-cart-background-hover-colour":"#449d44","add-to-cart-text-colour":"#ffffff","typography-heading-font":"typography-heading-work-sans","title-bar-styling":"title-bar-underline","typography-body-font":"typography-body-work-sans","typography-body-font-size":"14px","typography-menu-font-size":"14px","menu-case":"menu-normal-case","header_font_size":"24px","header_font_style":"normal","sections":{"header":{"type":"header","settings":{"logo-placement":"left","top_bar_linklist":"","main_linklist":"main-menu"}},"slideshow":{"type":"slideshow","blocks":{"slideshow-0":{"type":"image","settings":{}},"slideshow-1":{"type":"image","settings":{}}},"block_order":["slideshow-0","slideshow-1"],"settings":{"slider-width":"full-width"}},"image-bar":{"type":"image-bar","blocks":{"image-bar-0":{"type":"image","settings":{}},"image-bar-1":{"type":"image","settings":{}},"image-bar-2":{"type":"image","settings":{}},"image-bar-3":{"type":"image","settings":{}}},"block_order":["image-bar-0","image-bar-1","image-bar-2","image-bar-3"],"settings":{}},"collection":{"type":"collection","settings":{"collection":"frontpage","grid":"3","rows":"2"}},"feature-row":{"type":"feature-row","settings":{}},"text-over-image":{"type":"text-over-image","settings":{"hero_size":"large"}},"featured-blog":{"type":"featured-blog","settings":{}},"logo-bar":{"type":"logo-bar","settings":{}},"instagram":{"type":"instagram","settings":{"instagram-homepage-width":"full-width","rows":"1"}},"text-adverts":{"type":"text-adverts","blocks":{"advert-0":{"type":"text","settings":{"heading":"Free Delivery Worldwide","subheading":"Click here for more info"}},"advert-1":{"type":"text","settings":{"heading":"Final Clearance Sale","subheading":"Up to 70% off"}},"advert-2":{"type":"text","settings":{"heading":"Promotional Link 3","subheading":"Link to a collection, product, blog post..."}}},"block_order":["advert-0","advert-1","advert-2"],"settings":{"colors":"dark"}},"footer":{"type":"footer","blocks":{"footer-0":{"type":"text","settings":{}},"footer-1":{"type":"menu","settings":{}},"footer-2":{"type":"newsletter","settings":{}}},"block_order":["footer-0","footer-1","footer-2"],"settings":{}}},"content_for_index":["slideshow","image-bar","collection","text-over-image","featured-blog","instagram","text-adverts"]}}}