{
  "current": {
    "favicon": "shopify:\/\/shop_images\/favicon.png",
    "container_width": 1170,
    "container_fluid_offset": 65,
    "color_primary": "#cd783e",
    "color_body_text": "#000000",
    "color_heading_text": "#000000",
    "color_sub_text": "#666666",
    "color_btn_bg": "#cd783e",
    "color_btn_bg_hover": "#cd783e",
    "prod_sale_price_color": "#666666",
    "prod_type_color": "#666666",
    "color_annoucement_bg": "#c67d4e",
    "color_topbar_bg": "#e0e7e4",
    "color_topbar_text": "#000000",
    "color_header_bg": "#ffffff",
    "color_header_link": "#000000",
    "color_header_transparent": "#ffffff",
    "bg_cart_wishlist_count": "#cd783e",
    "color_menu_bar_bg": "#000000",
    "color_menu_bar_text": "#f8f8f8",
    "color_footer_bg": "#fbf5ef",
    "color_footer_text": "#000000",
    "color_footer_subtext": "#696969",
    "color_footer_link_hover": "#000000",
    "color_footer_bottom_bg": "#fbf5ef",
    "color_footer_bottom_text": "#666666",
    "color_footer_bottom_bg_mb": "#fbf5ef",
    "color_border": "#eeeee0",
    "img_overlay_opacity": 20,
    "tooltip_background_color": "#cd783e",
    "type_base_font": "roboto_condensed_n4",
    "use_custom_font_body": true,
    "custom_body_font": "https:\/\/cdn.shopify.com\/s\/files\/1\/0042\/0750\/9567\/files\/Sofia_Pro_Semi_Bold_Az.otf?v=1622707627@600\nhttps:\/\/cdn.shopify.com\/s\/files\/1\/0042\/0750\/9567\/files\/Sofia_Pro_Regular_Az.otf?v=1622707627@400",
    "custom_body_weight": "400",
    "type_base_size": 16,
    "type_header_font": "roboto_condensed_n7",
    "use_custom_font_heading": true,
    "custom_heading_font": "https:\/\/cdn.shopify.com\/s\/files\/1\/0042\/0750\/9567\/files\/Sofia_Pro_Semi_Bold_Az.otf?v=1622707627@600\nhttps:\/\/cdn.shopify.com\/s\/files\/1\/0042\/0750\/9567\/files\/Sofia_Pro_Regular_Az.otf?v=1622707627@400",
    "custom_heading_weight": "400",
    "type_header_base_size": 48,
    "btn_base_size": 18,
    "btn_weight": "600",
    "pcard_layout": "1",
    "pcard_alignment": "center",
    "pcard_image_ratio": "1\/1",
    "show_vendor": false,
    "variant_option_design3": "color",
    "show_variant_swatch_image": true,
    "product_colors": "red: #FF6961,\nyellow: #FDDA76,\nblack: #000000,\nblack band: #000000,\nblue: #8DB4D2,\ngreen: #C1E1C1,\npurple: #B19CD9,\nsilver: #EEEEEF,\nwhite: #FFFFFF,\nbrown: #836953,\nlight brown: #B5651D,\ndark turquoise: #23cddc,\norange: #FFB347,\ntan: #E9D1BF,\nviolet: #B490B0,\npink: #FFD1DC,\ngrey: #E0E0E0,\nsky: #96BDC6,\npale leaf: #CCD4BF,\nlight blue: #b1c5d4,\ndark grey: #aca69f,\nbeige: #EBE6DB,\nbeige band: #EED9C4,\ndark blue: #063e66,\ncream: #e1d3bc,\nlight pink: #FBCFCD,\nmint: #bedce3,\ndark gray: #3A3B3C,\nrosy brown: #c4a287,\nlight grey:#D3D3D3,\ncopper: #B87333,\nrose gold: #ECC5C0,\nnight blue: #151B54,\ncoral: #FF7F50,\nlight purple: #C6AEC7,\nterracotta: #e2725b",
    "filter_color1": "",
    "share_facebook": true,
    "social_twitter_link": "https:\/\/twitter.com\/home",
    "social_facebook_link": "https:\/\/facebook.com\/",
    "social_pinterest_link": "https:\/\/pinterest.com\/",
    "social_instagram_link": "https:\/\/instagram.com\/",
    "wishlist_page": "",
    "product_compare_page": "",
    "gm_api": "",
    "instagram_token": "",
    "custom_css": ".sf__custom-heading-hero,\n.sf_custom-heading-content {\n  line-height: 1.25;\n}\n.sf_custom-heading-content {\n  font-weight: 400;\n}\n.sf__custom-subheading {\n  font-size: 18px;\n  margin-bottom: 30px;\n  font-weight: 600;\n  letter-spacing: 0;\n}\n\n.tag-label {\n  padding: 5px 15px;\n  background: #c67d4e;\n  color: #fff;\n  border-radius: 20px;\n  line-height: 1;\n  font-weight: 600;\n}\n.image__with-text:first-child .section-my {\n  margin-top: 70px;\n}\n.text-color-primary {\n  color: var(--color-primary);\n}\n\n.sf__footer-block-newsletter .sf__footer-block-title {\n  font-size: 36px;\n  line-height: 68px;\n  margin: 0;\n}\n.sf__footer-form-newsletter input.form-control {\n  background: #fff;\n  border-color: #fff;\n  border-radius: 0;\n}\n.sf__footer-block-title {\n  font-size: 18px;\n  font-weight: 600;\n}\n\n.sf__pcard-name {\n  font-weight: 600;\n}\n.sf-tab-header {\n  font-size: 18px;\n  opacity: 1;\n  font-weight: 600;\n}\n.sf__footer-block-our_store .social-media-links {\n  margin: 0 -20px;\n  margin-top: 20px;\n}\n.sf__footer-block-our_store .social-media-links a {\n  padding: 0 15px;\n}\n@media (min-width: 1280px) {\n  .sf_custom-heading-content {\n    font-size: 50px;\n  }\n}\n@media (min-width: 1920px) {\n  [data-section-type=\"custom-content\"]:last-child .section__heading,\n  .image__with-text:first-child\n    .content__box-1622448086a90b8c2f\n    .content__box\n    h3 {\n    font-size: 80px;\n  }\n}\n@media (max-width: 1023px) {\n  .image__with-text:first-child .section-my {\n    margin-top: 0;\n  }\n}\n@media (max-width: 767px) {\n  .sf__custom-subheading {\n    margin-bottom: 10px;\n    font-size: 14px;\n  }\n  .image__with-text:first-child .content__box,\n  .image__with-text:last-child .content__box {\n    text-align: center;\n  }\n  .image__with-text:last-child .content__box a.sf__btn {\n    width: 100%;\n  }\n  .image__with-text:first-child .sf__custom-heading-hero {\n    font-size: 34px;\n  }\n  .content__subheading {\n    margin-bottom: 5px;\n  }\n  [data-section-type=\"custom-content\"]:first-child .sf_custom-heading-content {\n    font-size: 24px;\n  }\n  [class^=\"spr-icon-\"]:before,\n  [class*=\" spr-icon-\"]:before {\n    font-size: 100% !important;\n  }\n  [data-section-type=\"custom-content\"]:first-child h3 a {\n    text-transform: capitalize;\n    font-size: 14px;\n  }\n  [data-section-type=\"custom-content\"]:last-child .section__heading {\n    font-size: 34px !important;\n  }\n}",
    "use_theme_currencies": true,
    "theme_currencies": "USD | EUR | GBP | VND",
    "container_offset_x": 0,
    "sections": {
      "header": {
        "type": "header",
        "blocks": {
          "340633e8-84f4-45b0-8743-0cc52cf1b653": {
            "type": "banner",
            "settings": {
              "heading": "Shop",
              "container": "inherit",
              "banner_style": "outside",
              "banner_link": "",
              "banner_title": "New collection",
              "banner_desc": "",
              "banner_button_text": "Shop now"
            }
          },
          "9f298413-49e3-4063-9214-4bf1a6f46454": {
            "type": "product-list",
            "settings": {
              "heading": "Product",
              "container": "inherit",
              "stretch_width": false,
              "collection": "plants",
              "limit": 6,
              "columns": 2
            }
          },
          "72f21170-5245-4556-9565-5c7691f35261": {
            "type": "custom_html",
            "settings": {
              "heading": "Features",
              "container": "inherit",
              "html": ""
            }
          }
        },
        "block_order": [
          "340633e8-84f4-45b0-8743-0cc52cf1b653",
          "9f298413-49e3-4063-9214-4bf1a6f46454",
          "72f21170-5245-4556-9565-5c7691f35261"
        ],
        "settings": {
          "header_design": "logo-left-menu-center",
          "container": "container-fluid",
          "header_sticky": true,
          "transparent_on_top": false,
          "logo_text": "MINIMOG",
          "logo_max_width": 105,
          "sticky_logo_max_width": 105,
          "mobile_logo_max_width": 90,
          "main_menu": "main-menu",
          "secondary_menu": "",
          "uppercase_parent_level": false,
          "search": "show_icon",
          "show_account_icon": true,
          "show_cart_icon": true,
          "show_wishlist_icon": true,
          "show_compare_icon": false,
          "show_currency_switcher": false,
          "show_language_switcher": false
        }
      },
      "footer": {
        "type": "footer",
        "blocks": {
          "494c911f-7281-40a1-85fa-a596a6431858": {
            "type": "newsletter",
            "settings": {
              "title": "<span class=\"font-normal\">Don’t miss a thing<\/span>",
              "description": "Enter your email below to be the first to know about new collections and product launches.",
              "email_placeholder": "Enter your email",
              "form_style": "bordered",
              "show_social": false,
              "width": "50%"
            }
          },
          "2bd3b7d0-e898-4720-82ab-227b7e3815b4": {
            "type": "spacing",
            "settings": {
              "width": "25%"
            }
          },
          "7527ffa4-1a31-4e5c-b642-96aa834daf84": {
            "type": "menu",
            "settings": {
              "menu": "main-menu",
              "title": "About",
              "width": "33%"
            }
          },
          "c85629c7-7aae-4666-b5f0-150990439c91": {
            "type": "menu",
            "settings": {
              "menu": "main-menu",
              "title": "Information",
              "width": "33%"
            }
          },
          "dd73fb47-5257-4df5-a2b4-89add321bcf6": {
            "type": "our_store",
            "settings": {
              "title": "Our store",
              "description": "",
              "show_email": false,
              "show_phone": false,
              "show_socials_link": true,
              "width": "25%"
            }
          }
        },
        "block_order": [
          "494c911f-7281-40a1-85fa-a596a6431858",
          "2bd3b7d0-e898-4720-82ab-227b7e3815b4",
          "7527ffa4-1a31-4e5c-b642-96aa834daf84",
          "c85629c7-7aae-4666-b5f0-150990439c91",
          "dd73fb47-5257-4df5-a2b4-89add321bcf6"
        ],
        "settings": {
          "design": "footer-1",
          "container": "container-fluid",
          "bordered": false,
          "copyright": "© MINIMOG 2021",
          "show_currency_selector": false,
          "show_language_selector": false,
          "show_social_links": false,
          "show_payment_icons": true
        }
      },
      "annoucement": {
        "type": "annoucement",
        "settings": {
          "show_announcement": true,
          "homepage_only": true,
          "show_close": true,
          "message": "Order by phone: (310) 839-9009 | Shop our Spring Bounty Sale 🌟",
          "message_link": "",
          "show_divider": false
        }
      },
      "mobile-sticky-bar": {
        "type": "mobile-sticky-bar",
        "settings": {
          "show_mobile_sticky": true,
          "show_home_icon": true,
          "show_collection_icon": true,
          "show_cart_icon": true,
          "show_search_icon": true,
          "show_account_icon": false,
          "show_wishlist_icon": false
        }
      },
      "1622448086a90b8c2f": {
        "type": "image-with-text",
        "settings": {
          "heading": "",
          "subheading": "",
          "container": "container-fluid",
          "background_color": "rgba(0,0,0,0)",
          "item_gap": 100,
          "item_gap_mobile": 30,
          "layout": "right",
          "image_column_size": "7",
          "title": "<span class=\"sf__custom-heading-hero\">Why plants<br>\nmake you happy<\/span>",
          "sub_title": "<span class=\"sf__custom-subheading\"><span class=\"tag-label\" style=\"margin-right: 10px;\">Hot<\/span>25% off everything (yes, everything!) 🔥<\/span>",
          "text": "",
          "text_size": "large",
          "content_alignment": "left",
          "button_label": "Shop Collection",
          "button_link": "",
          "button_style": "sf__btn-link",
          "button_size": "sf__btn-large",
          "custom_class": ""
        }
      },
      "1622709925b4ab6f0c": {
        "type": "image-with-text",
        "settings": {
          "heading": "",
          "subheading": "",
          "container": "container",
          "background_color": "rgba(0,0,0,0)",
          "item_gap": 100,
          "item_gap_mobile": 30,
          "layout": "left",
          "image_column_size": "6",
          "title": "<span class=\"sf_custom-heading-content\">Deck Out Your \nPatio This Summer<\/span>",
          "sub_title": "<span class=\"sf__custom-subheading text-color-primary font-semibold\">Fresh Finds<\/span>",
          "text": "<p>With eye-catching annual flowers and foliage you won’t find<br\/>anywhere else, you can mix and match our vibrant container<br\/>gardens to create beautiful gardens of any size.<\/p>",
          "text_size": "medium",
          "content_alignment": "left",
          "button_label": "Shop Indoor",
          "button_link": "",
          "button_style": "sf__btn-primary",
          "button_size": "",
          "custom_class": ""
        }
      },
      "1622710586e17c9ecc": {
        "type": "product-tabs",
        "blocks": {
          "1622710586e17c9ecc-0": {
            "type": "tab",
            "settings": {
              "title": "Indoor Plants",
              "collection": "plants"
            }
          },
          "1622710586e17c9ecc-1": {
            "type": "tab",
            "settings": {
              "title": "Outdoor Plants",
              "collection": "outdoor-plants"
            }
          },
          "62abc623-1aa9-4668-b2b9-483f79a5b2aa": {
            "type": "tab",
            "settings": {
              "title": "Herbs + Veggies",
              "collection": "herbs-veggies-plants"
            }
          }
        },
        "block_order": [
          "1622710586e17c9ecc-0",
          "1622710586e17c9ecc-1",
          "62abc623-1aa9-4668-b2b9-483f79a5b2aa"
        ],
        "settings": {
          "heading": "Perfect Plants",
          "subheading": "",
          "description": "",
          "header_alignment": "center",
          "container": "container-fluid",
          "background_color": "rgba(0,0,0,0)",
          "tab_header": "horizontal",
          "limit": 8,
          "show_button": false,
          "button_type": "link",
          "button_label": "Shop Now",
          "button_style": "sf__btn-primary",
          "button_size": "",
          "pcard_layout": "",
          "pcard_image_ratio": "",
          "show_vendor": false,
          "items_per_row": 4,
          "item_gap": 30,
          "item_gap_mobile": 16,
          "enable_slider": true,
          "show_pagination": true,
          "show_navigation": true,
          "custom_class": ""
        }
      },
      "1622711555416bfb63": {
        "type": "custom-content",
        "blocks": {
          "8e62aec0-c2bb-4e9b-8950-255185a9abd6": {
            "type": "product_bundles",
            "settings": {
              "width": "50%",
              "alignment": "center",
              "title": "<span class=\"sf_custom-heading-content\">Build Your Own<br> Basket From $100<\/span>",
              "subheading": "<span class=\"text-color-primary sf__custom-subheading\">Bundle & Save<\/span>",
              "product_1": "peperomia-obtusifolia",
              "product_2": "ficus-tineke",
              "product_3": "",
              "product_4": "",
              "product_5": "",
              "block_custom_class": ""
            }
          },
          "bb719b44-bf63-4698-86bf-1dcf8f77c148": {
            "type": "lookbook",
            "settings": {
              "width": "50%",
              "top_1": 25,
              "left_1": 80,
              "product_1": "snake-plant-laurenti",
              "top_2": 77,
              "left_2": 68,
              "product_2": "sleep-plant",
              "top_3": 61,
              "left_3": 48,
              "product_3": "",
              "top_4": 0,
              "left_4": 0,
              "product_4": "",
              "top_5": 20,
              "left_5": 0,
              "product_5": "",
              "block_custom_class": ""
            }
          }
        },
        "block_order": [
          "8e62aec0-c2bb-4e9b-8950-255185a9abd6",
          "bb719b44-bf63-4698-86bf-1dcf8f77c148"
        ],
        "settings": {
          "heading": "",
          "subheading": "",
          "description": "",
          "header_alignment": "center",
          "container": "container",
          "background_color": "",
          "gap": 30,
          "use_scroll_mobile": false,
          "gap_mobile": 16,
          "custom_class": ""
        }
      },
      "1622712658d5b3e674": {
        "type": "custom-content",
        "blocks": {
          "1622712658d5b3e674-1": {
            "type": "image",
            "settings": {
              "width": "100%",
              "alignment": "center",
              "block_custom_class": ""
            }
          }
        },
        "block_order": [
          "1622712658d5b3e674-1"
        ],
        "settings": {
          "heading": "The Pruning Scissors",
          "subheading": "",
          "description": "<a class=\"sf__btn sf__btn-link\" style=\"text-decoration: none;\"><span class=\"flex\">Shop Collection <\/span><\/a>",
          "header_alignment": "center",
          "container": "container-fluid",
          "background_color": "",
          "gap": 0,
          "use_scroll_mobile": false,
          "gap_mobile": 16,
          "custom_class": ""
        }
      }
      
      
    },
    "content_for_index": [
      "1622448086a90b8c2f",
      "1622709925b4ab6f0c",
      "1622710586e17c9ecc",
      "1622711555416bfb63",
      "1622712658d5b3e674"
    ]
  },
  "presets": {
    "Default": {
      "sections": {
        "featured-collection": {
          "type": "featured-collection",
          "settings": {
            "collection": "frontpage"
          }
        },
        "featured-product": {
          "type": "featured-product",
          "settings": {
          }
        }
      },
      "content_for_index": [
        "featured-collection",
        "featured-product"
      ]
    }
  }
}