{
  "sections": {
    "1623138304311cff05": {
      "type": "slider",
      "blocks": {
        "1623138304311cff05-0": {
          "type": "slider_item",
          "settings": {
            "mb_background": "shopify:\/\/shop_images\/mb2.jpg",
            "image_alignment": "left top",
            "content_in_container": false,
            "content_position": "left middle",
            "text_alignment": "left",
            "text_size": "large",
            "text_color": "black",
            "subheading": "",
            "title": "<span class=\"mb__content-heading\">Youth On The Move<\/span>",
            "description": "<p>Browse modern and vintage mirrors<br\/> to add a final flourish to your look. <\/p>",
            "button_text": "Explore All Things",
            "button_link": "",
            "button_style": "sf__btn-primary",
            "button_size": "",
            "show_footer": true,
            "footer_alignment": "end",
            "footer_text": "Slice Mirror - Round",
            "footer_button": "Shop Now",
            "footer_link": "#"
          }
        },
        "1623138304311cff05-1": {
          "type": "slider_item",
          "settings": {
            "mb_background": "shopify:\/\/shop_images\/mb3.jpg",
            "image_alignment": "center middle",
            "content_in_container": false,
            "content_position": "left middle",
            "text_alignment": "left",
            "text_size": "large",
            "text_color": "black",
            "subheading": "",
            "title": "Deck yourself up",
            "description": "<p>Browse modern and vintage mirrors<br\/> to add a final flourish to your look.<\/p>",
            "button_text": "Explore All Things",
            "button_link": "",
            "button_style": "sf__btn-primary",
            "button_size": "",
            "show_footer": true,
            "footer_alignment": "end",
            "footer_text": "Slice Mirror - Round",
            "footer_button": "Shop Now",
            "footer_link": "#"
          }
        },
        "1623138304311cff05-2": {
          "type": "slider_item",
          "settings": {
            "mb_background": "shopify:\/\/shop_images\/mb1.jpg",
            "image_alignment": "center middle",
            "content_in_container": false,
            "content_position": "left middle",
            "text_alignment": "left",
            "text_size": "large",
            "text_color": "black",
            "subheading": "",
            "title": "A style for every story",
            "description": "<p>Browse modern and vintage mirrors<br\/> to add a final flourish to your look.<\/p>",
            "button_text": "Explore All Things",
            "button_link": "",
            "button_style": "sf__btn-primary",
            "button_size": "",
            "show_footer": true,
            "footer_alignment": "end",
            "footer_text": "Slice Mirror - Round",
            "footer_button": "Shop Now",
            "footer_link": "#"
          }
        }
      },
      "block_order": [
        "1623138304311cff05-0",
        "1623138304311cff05-1",
        "1623138304311cff05-2"
      ],
      "settings": {
        "container": "w-full",
        "slideshow_height": "fullscreen",
        "show_overlay": false,
        "dots_position": "bottom",
        "dots_color": "dark",
        "show_dots": true,
        "show_arrows": false,
        "autorotate": false,
        "autorotate_speed": 5,
        "custom_class": "sf__index-slideshow"
      }
    },
    "1623138808240cdaab": {
      "type": "collection-list",
      "blocks": {
        "1623138808240cdaab-0": {
          "type": "collection_block",
          "settings": {
            "collection": "mirror",
            "title": "Wall Mirrors"
          }
        },
        "1623138808240cdaab-1": {
          "type": "collection_block",
          "settings": {
            "collection": "mirror",
            "title": "Full Length Mirrors"
          }
        },
        "1623138808240cdaab-2": {
          "type": "collection_block",
          "settings": {
            "collection": "mirror",
            "title": "Table Mirrors"
          }
        }
      },
      "block_order": [
        "1623138808240cdaab-0",
        "1623138808240cdaab-1",
        "1623138808240cdaab-2"
      ],
      "settings": {
        "heading": "Browse Modern and Vintage Mirrors to<br> Add a Final Flourish to Your Yook.",
        "subheading": "<img src=\"https:\/\/cdn.shopify.com\/s\/files\/1\/0042\/0750\/9567\/files\/4_229e0127-a7c7-4eac-a2da-12c133710a79.png?v=1623138925\" width=\"140px\" height=\"140px\" style=\"padding-bottom: 32px; margin: 0 auto;\">",
        "description": "",
        "header_alignment": "center",
        "container": "container-fluid",
        "background_color": "",
        "layout": "grid",
        "card_style": "standard",
        "text_alignment": "center",
        "hover_effect": "scaling-down",
        "show_product_count": false,
        "count_inline_title": false,
        "image_rounded": false,
        "items_per_row": 3,
        "item_gap": 50,
        "enable_slider": false,
        "show_pagination": false,
        "show_navigation": false,
        "autorotate": false,
        "autorotate_speed": 5,
        "use_scroll_mobile": true,
        "mobile_gap": 16,
        "hidden_slide_control_mobile": false,
        "custom_class": "sf__index-collection-list"
      }
    },
    "16231394239b998a9b": {
      "type": "image-with-text-2",
      "settings": {
        "container": "container-fluid",
        "hero_size": "medium",
        "show_overlay": false,
        "bg_position": "center",
        "parallax": false,
        "content_in_container": true,
        "content_position": "right middle",
        "text_alignment": "left",
        "text_size": "medium",
        "text_color": "dark",
        "title": "<span class=\"mb__content-heading\">Slender Window Mirror.<\/span>",
        "subtitle": "<span class=\"custom__subtitle\">New collection<\/span>",
        "text": "<p>It can be hung on a wall or propped on a<br\/> surface as you wish.<\/p>",
        "button_label": "Shop Now",
        "button_link": "",
        "button_style": "sf__btn-primary",
        "button_size": "",
        "custom_class": "sf__index-hero"
      }
    },
    "1623139580ad43291e": {
      "type": "featured-collection",
      "settings": {
        "heading": "Most Popular Designs",
        "subheading": "",
        "description": "",
        "header_alignment": "center",
        "container": "container-fluid",
        "background_color": "rgba(0,0,0,0)",
        "collection": "mirror",
        "product_to_show": 8,
        "items_per_row": 4,
        "item_gap": 30,
        "pcard_layout": "",
        "pcard_image_ratio": "",
        "show_vendor": false,
        "enable_slider": false,
        "show_pagination": false,
        "show_navigation": false,
        "button_type": "link",
        "button_text": "",
        "button_style": "sf__btn-primary",
        "button_size": "",
        "infinite_load": false,
        "max_page_load": 3,
        "use_scroll_mobile": true,
        "item_gap_mobile": 16,
        "custom_class": ""
      }
    },
    "162313963013908f4f": {
      "type": "newsletter",
      "settings": {
        "container": "container-fluid",
        "background_color": "",
        "form_layout": "vertical",
        "form_design": "1",
        "heading": "Stay up to date with all fashion news<br> and exclusive offers",
        "description": "",
        "email_placeholder": "Enter your email",
        "submit_button": "Subscribe",
        "text_color": "black",
        "show_icon": true,
        "icon_img_width": "40",
        "show_agreement": true,
        "term_condition_text": "<p>I agree to the Terms and Conditions.<\/p>"
      }
    },
    "162313966077fafdb8": {
      "type": "instagram",
      "settings": {
        "heading": "",
        "subheading": "",
        "description": "",
        "header_alignment": "center",
        "container": "w-full",
        "background_color": "rgba(0,0,0,0)",
        "layout": "grid",
        "images_count": 5,
        "grid_columns": 5,
        "gap": 10,
        "mobile_gap": 10,
        "profile": "https:\/\/www.instagram.com\/minimog.trendy\/",
        "button_label": "",
        "custom_class": ""
      }
    }
  },
  "order": [
    "1623138304311cff05",
    "1623138808240cdaab",
    "16231394239b998a9b",
    "1623139580ad43291e",
    "162313963013908f4f",
    "162313966077fafdb8"
  ]
}