{
  "current": {
    "favicon": "shopify:\/\/shop_images\/fav_icon_dark_1.png",
    "color_primary": "#d22727",
    "color_sub_text": "#666666",
    "color_btn_bg": "#d22727",
    "color_btn_bg_hover": "#000000",
    "prod_sale_price_color": "#666666",
    "prod_type_color": "#666666",
    "color_annoucement_bg": "#d22727",
    "color_annoucement_text": "#ffffff",
    "color_topbar_bg": "#e0e7e4",
    "color_topbar_text": "#000000",
    "color_header_bg": "#ffffff",
    "color_header_link": "#000000",
    "color_header_transparent": "#ffffff",
    "color_menu_bar_bg": "#000000",
    "color_menu_bar_text": "#f8f8f8",
    "color_footer_bg": "#faf4f4",
    "color_footer_text": "#000000",
    "color_footer_subtext": "#666666",
    "color_footer_link_hover": "#000000",
    "color_footer_bottom_bg": "#faf4f4",
    "color_footer_bottom_text": "#696969",
    "img_overlay_opacity": 20,
    "tooltip_background_color": "#000000",
    "type_base_font": "roboto_condensed_n4",
    "use_custom_font_body": true,
    "custom_body_font": "https:\/\/cdn.shopify.com\/s\/files\/1\/0042\/0750\/9567\/files\/RobotoCondensed-Regular.ttf?v=1623309190@400\nhttps:\/\/cdn.shopify.com\/s\/files\/1\/0042\/0750\/9567\/files\/RobotoCondensed-Bold.ttf?v=1623309190@700",
    "custom_body_weight": "400",
    "type_header_font": "roboto_condensed_n7",
    "use_custom_font_heading": true,
    "custom_heading_font": "https:\/\/cdn.shopify.com\/s\/files\/1\/0042\/0750\/9567\/files\/Worthbites_Rough.otf?v=1623298795",
    "custom_heading_weight": "400",
    "type_header_base_size": 50,
    "btn_base_size": 15,
    "btn_border_radius": 0,
    "btn_weight": "700",
    "pcard_layout": "1",
    "pcard_alignment": "center",
    "pcard_image_ratio": "1\/1",
    "show_vendor": false,
    "uppercase_prd_name": true,
    "variant_option_design3": "color",
    "show_variant_swatch_image": true,
    "product_colors": "red: #FF6961,\nyellow: #FDDA76,\nblack: #000000,\nblue: #8DB4D2,\ngreen: #C1E1C1,\npurple: #B19CD9,\nsilver: #EEEEEF,\nwhite: #FFFFFF,\nbrown: #836953,\nlight-brown: #feb035,\ndark-turquoise: #23cddc,\norange: #FFB347,\ntan: #E9D1BF,\nviolet: #B490B0,\npink: #FFD1DC,\ngrey: #E0E0E0,\nsky: #96BDC6,\npale-leaf: #CCD4BF",
    "filter_color1": "",
    "share_facebook": true,
    "social_twitter_link": "https:\/\/twitter.com\/home",
    "social_facebook_link": "https:\/\/facebook.com\/",
    "social_pinterest_link": "https:\/\/pinterest.com\/",
    "social_instagram_link": "https:\/\/instagram.com\/",
    "wishlist_page": "",
    "product_compare_page": "",
    "gm_api": "",
    "instagram_token": "",
    "custom_css": ".sf-custom .content__subheading,\n.section__subheading,\n.image__with-text .content__subheading {\n  font-weight: 700;\n  color: var(--color-primary);\n  margin-bottom: 10px;\n}\n.sf__index-icon-box {\n  border-top: 1px solid #eeeeee;\n}\n.sf__index-icon-box .section-py {\n  padding-top: 45px;\n  padding-bottom: 0;\n}\n.sf__index-icon-box .sf-icon-box__text h3 {\n  font-family: \"SF-Body-font\";\n  font-weight: 700;\n  font-size: 18px;\n  line-height: 1.4;\n}\n.sf__footer-block-newsletter .sf__footer-block-title {\n  font-size: 60px;\n}\n.sf__newletter__form-input {\n  background: #fff;\n  border-radius: 0;\n  border-color: transparent;\n}\nform.sf__footer-form-newsletter .sf__form-submit {\n  background-color: var(--color-primary);\n  color: #fff !important;\n}\n.sf-footer__block:not(.sf__footer-block-newsletter) .sf__footer-block-title {\n  font-family: \"SF-Body-font\";\n  font-weight: 700;\n}\n.sf__footer-block-our_store svg path {\n  fill: #000;\n}\n.sf__footer-block-our_store .social-media-links {\n  margin: 0px -28px;\n  margin-top: 25px;\n}\n.sf__footer-block-our_store .social-media-links a {\n  padding: 0 20px;\n}\n.sf__pcard-name,\nul.sf-nav li a.sf__parent-item {\n  font-weight: 700;\n}\nul.sf-nav li a.sf__parent-item {\n  letter-spacing: 1px;\n}\n.sf__pcard-price .prod__price {\n  font-weight: 700;\n  color: var(--color-primary);\n}\n.sf__custom-heading {\n  font-size: 100px;\n  line-height: 1;\n}\n.sf__pcard-image:hover .sf__pcard-quick-add .add-to-cart:hover {\n  box-shadow: none;\n}\n.sf__pcard-image:hover .sf__pcard-action .sf__btn-icon:hover {\n  box-shadow: none;\n}\n.sf__index-hero-2 .sf-hero__title {\n  font-size: 4rem;\n}\n\n@media (min-width: 1025px) {\n  .sf__index-custom-content .sf-custom__block--text {\n    padding-left: 100px;\n  }\n}\n@media (min-width: 768px) {\n  .sf__custom-heading {\n    font-size: 170px;\n    line-height: 140px;\n  }\n}\n@media (max-width: 767px) {\n  .sf__index-custom-content .content__heading {\n    font-size: 2rem;\n  }\n  .image__with-text .content__heading {\n    font-size: 2rem;\n  }\n  .sf__index-featured-collection .section__heading {\n    font-size: 2rem !important;\n  }\n  .sf__index-hero-1 .sf-hero__title {\n    line-height: 1;\n  }\n  .sf__accordion-button.sf__footer-block-title {\n    font-size: 1.5rem;\n  }\n}",
    "use_theme_currencies": true,
    "theme_currencies": "USD | EUR | GBP | VND",
    "sections": {
      "header": {
        "type": "header",
        "blocks": {
          "9e350701-eff0-49bf-9249-98cadf57a7a2": {
            "type": "banner",
            "settings": {
              "heading": "Shop",
              "container": "inherit",
              "banner_style": "outside",
              "banner_link": "",
              "banner_title": "New collection",
              "banner_desc": "",
              "banner_button_text": "Shop now"
            }
          },
          "91f680e4-56cc-4eb1-835b-df642768f1f7": {
            "type": "product-list",
            "settings": {
              "heading": "Product",
              "container": "inherit",
              "stretch_width": false,
              "collection": "pizza",
              "limit": 6,
              "columns": 2
            }
          },
          "3a25eec8-c369-4ad4-91bd-fcd40cbaef8a": {
            "type": "custom_html",
            "settings": {
              "heading": "Features",
              "container": "inherit",
              "html": ""
            }
          }
        },
        "block_order": [
          "9e350701-eff0-49bf-9249-98cadf57a7a2",
          "91f680e4-56cc-4eb1-835b-df642768f1f7",
          "3a25eec8-c369-4ad4-91bd-fcd40cbaef8a"
        ],
        "settings": {
          "header_design": "logo-center-menu-left",
          "container": "container-fluid",
          "header_sticky": true,
          "transparent_on_top": false,
          "logo_text": "MINIMOG",
          "logo_max_width": 60,
          "sticky_logo_max_width": 105,
          "mobile_logo_max_width": 40,
          "main_menu": "main-menu",
          "secondary_menu": "",
          "uppercase_parent_level": true,
          "search": "show_icon",
          "show_account_icon": true,
          "show_cart_icon": true,
          "show_wishlist_icon": true,
          "show_compare_icon": true,
          "show_currency_switcher": false,
          "show_language_switcher": false
        }
      },
      "footer": {
        "type": "footer",
        "blocks": {
          "494c911f-7281-40a1-85fa-a596a6431858": {
            "type": "newsletter",
            "settings": {
              "title": "DON’T MISS A THING",
              "description": "Enter your email below to be the first to know about\n new collections and product launches.",
              "email_placeholder": "Enter your email",
              "form_style": "bordered",
              "show_social": false,
              "width": "50%"
            }
          },
          "2bd3b7d0-e898-4720-82ab-227b7e3815b4": {
            "type": "spacing",
            "settings": {
              "width": "16%"
            }
          },
          "7527ffa4-1a31-4e5c-b642-96aa834daf84": {
            "type": "menu",
            "settings": {
              "menu": "main-menu",
              "title": "SERVICES",
              "width": "33%"
            }
          },
          "d8c8c58e-d351-460c-8c9a-07699b7bf072": {
            "type": "custom_text",
            "settings": {
              "title": "COMPANY",
              "image_max": "200px",
              "description": "<p>Find a location nearest<br\/>you. <a href=\"#\" title=\"#\"><span style=\"text-decoration:underline\">See Our Stores<\/span><\/a><br\/><br\/>+391 (0)35 2568 4593<br\/>hello@domain.com<\/p>",
              "width": "33%"
            }
          },
          "42faeadd-108c-4df1-b802-4431a88bab93": {
            "type": "our_store",
            "settings": {
              "title": "SOCIAL MEDIA",
              "description": "",
              "show_email": false,
              "show_phone": false,
              "show_socials_link": true,
              "width": "33%"
            }
          }
        },
        "block_order": [
          "494c911f-7281-40a1-85fa-a596a6431858",
          "2bd3b7d0-e898-4720-82ab-227b7e3815b4",
          "7527ffa4-1a31-4e5c-b642-96aa834daf84",
          "d8c8c58e-d351-460c-8c9a-07699b7bf072",
          "42faeadd-108c-4df1-b802-4431a88bab93"
        ],
        "settings": {
          "design": "footer-1",
          "container": "container-fluid",
          "bordered": false,
          "copyright": "© Minimog 2021",
          "show_currency_selector": false,
          "show_language_selector": false,
          "show_social_links": false,
          "show_payment_icons": true
        }
      },
      "annoucement": {
        "type": "annoucement",
        "settings": {
          "show_announcement": true,
          "homepage_only": true,
          "show_close": true,
          "message": "Order by phone: (310) 839-9009  |  Shop our Spring Bounty Sale",
          "message_link": "",
          "show_divider": false
        }
      },
      "mobile-sticky-bar": {
        "type": "mobile-sticky-bar",
        "settings": {
          "show_mobile_sticky": true,
          "show_home_icon": true,
          "show_collection_icon": true,
          "show_cart_icon": true,
          "show_search_icon": true,
          "show_account_icon": false,
          "show_wishlist_icon": false
        }
      }
    }
  },
  "presets": {
    "Default": {
      "sections": {
        "featured-collection": {
          "type": "featured-collection",
          "settings": {
            "collection": "frontpage"
          }
        },
        "featured-product": {
          "type": "featured-product",
          "settings": {
          }
        }
      },
      "content_for_index": [
        "featured-collection",
        "featured-product"
      ]
    }
  }
}