{
  "current": {
    "favicon": "shopify:\/\/shop_images\/fav_icon_dark_1.png",
    "container_width": 1410,
    "container_fluid_width": 1620,
    "container_fluid_offset": 100,
    "color_primary": "#000000",
    "color_body_text": "#000000",
    "color_heading_text": "#000000",
    "color_sub_text": "#696969",
    "color_btn_bg_hover": "#000000",
    "prod_sale_price_color": "#666666",
    "prod_type_color": "#666666",
    "prod_desc_color": "#696969",
    "color_main_bg": "#ffffff",
    "color_field_bg": "#ffffff",
    "color_annoucement_bg": "#f8f9bd",
    "color_annoucement_text": "#000000",
    "color_topbar_bg": "#ffffff",
    "color_topbar_text": "#696969",
    "color_header_bg": "#ffffff",
    "color_header_link": "#000000",
    "color_header_transparent": "#000000",
    "color_menu_bar_bg": "#ffffff",
    "color_menu_bar_text": "#000000",
    "color_footer_bg": "#ffffff",
    "color_footer_text": "#000000",
    "color_footer_subtext": "#666666",
    "color_footer_link_hover": "#000000",
    "color_footer_bottom_bg": "#ffffff",
    "color_footer_bottom_text": "#666666",
    "color_border": "#dedede",
    "img_overlay_opacity": 20,
    "tooltip_background_color": "#000000",
    "type_base_font": "roboto_condensed_n4",
    "use_custom_font_body": true,
    "custom_body_font": "https:\/\/cdn.shopify.com\/s\/files\/1\/0147\/0962\/0800\/files\/Gordita-Medium.ttf?v=1623637349@500\nhttps:\/\/cdn.shopify.com\/s\/files\/1\/0147\/0962\/0800\/files\/Gordita-Regular.ttf?v=1623637349@400\nhttps:\/\/cdn.shopify.com\/s\/files\/1\/0147\/0962\/0800\/files\/Gordita-Bold.ttf?v=1623637349@700",
    "custom_body_weight": "500",
    "type_base_size": 14,
    "type_base_line_height": 26,
    "type_header_font": "roboto_condensed_n7",
    "use_custom_font_heading": true,
    "custom_heading_font": "https:\/\/cdn.shopify.com\/s\/files\/1\/0147\/0962\/0800\/files\/Gordita-Medium.ttf?v=1623637349@500\nhttps:\/\/cdn.shopify.com\/s\/files\/1\/0147\/0962\/0800\/files\/Gordita-Regular.ttf?v=1623637349@400\nhttps:\/\/cdn.shopify.com\/s\/files\/1\/0147\/0962\/0800\/files\/Gordita-Bold.ttf?v=1623637349@700",
    "custom_heading_weight": "500",
    "type_header_base_size": 38,
    "btn_base_size": 14,
    "btn_weight": "500",
    "pcard_layout": "1",
    "pcard_alignment": "center",
    "pcard_image_ratio": "3\/4",
    "show_vendor": true,
    "variant_option_design1": "image",
    "variant_option_design3": "color",
    "show_variant_swatch_image": true,
    "product_colors": "red: #FF6961,\nyellow: #FDDA76,\nblack: #000000,\nblue: #8DB4D2,\ngreen: #C1E1C1,\npurple: #B19CD9,\nsilver: #EEEEEF,\nwhite: #FFFFFF,\nbrown: #836953,\nlight-brown: #feb035,\ndark-turquoise: #23cddc,\norange: #FFB347,\ntan: #E9D1BF,\nviolet: #B490B0,\npink: #FFD1DC,\ngrey: #E0E0E0,\nsky: #96BDC6,\npale-leaf: #CCD4BF",
    "filter_color1": "",
    "share_facebook": true,
    "share_pinterest": true,
    "social_twitter_link": "https:\/\/twitter.com\/home",
    "social_facebook_link": "https:\/\/facebook.com\/",
    "social_pinterest_link": "https:\/\/pinterest.com\/",
    "social_instagram_link": "https:\/\/instagram.com\/",
    "wishlist_page": "whishlist",
    "product_compare_page": "",
    "gm_api": "",
    "instagram_token": "",
    "custom_css": ".sf__index-slideshow .slide__block-description p {\n  color: #ffffff;\n}\n.sf__btn,\n.section__subheading {\n  text-transform: uppercase;\n  letter-spacing: 0.025em;\n}\n.collection-list a.collection-card__image {\n  max-width: 190px;\n  margin: 0 auto;\n}\n.section__description {\n  font-weight: 400;\n}\na.sf__btn.sf__btn-link {\n  border-bottom-width: 1px;\n}\n.sf-search__form:not(.mobile).full-width {\n  background-color: #f5f5f5;\n}\n.sf__footer-block-title {\n  font-size: 18px;\n}\n.sf__footer-block-newsletter .sf__footer-block-title {\n  font-size: 34px;\n  line-height: 44px;\n}\n.sf__footer-block-newsletter .sf__newsletter-block-desc {\n  font-weight: 400;\n}\n.sf__footer-block-menu ul li {\n  line-height: 36px;\n}\n.sf-instagram .section-my {\n  margin-bottom: 10px;\n}\n.sf__index-collection-list .sf-column {\n  padding-bottom: 0;\n}\n.sf-topbar {\n  font-weight: 400;\n}\n\n.sf-header__desktop a.sf__btn.sf__btn-link::before {\n  height: 1px;\n  color: #cccccc;\n}\n.sf-header__desktop a.sf__btn.sf__btn-link::after {\n  height: 1px;\n  color: #cccccc;\n}\n.sf__index-icon-box a.sf__btn.sf__btn-link::before {\n  height: 1px;\n}\n.sf__index-icon-box a.sf__btn.sf__btn-link::after {\n  height: 1px;\n}\n.sf__index-icon-box a.sf__btn.sf__btn-link {\n  border-bottom-width: 0px;\n}\n.sf__index-hero .text-color-subtext p {\n  color: #ffffff;\n}\n.sf__footer-form-newsletter .sf__footer-form-newsletter-icon {\n  color: #000000;\n}\n.sf__footer-form-newsletter .sf__form-submit {\n  color: #000000;\n}\n.sf-header__desktop .sf-search-form button {\n  order: 1;\n  padding-right: 0;\n}\n.sf-header__desktop .sf-search-form span {\n  order: 2;\n}\n.sf-header__desktop .sf-search-form {\n  min-width: 450px;\n  background-color: #f5f5f5;\n  border: none;\n}\n.sf-header .sf__topbar-inner {\n    font-size: 14px;\n}\n.sf-footer form.sf__footer-form-newsletter .sf__newletter__form-input {\n    border: 2px solid #EBEBEB;\n}\n.sf__index-slideshow .sf__slide-content--mobile .sf__mobile-button {\n    background: #000;\n    color: #FFF;\n}\n.sf__index-slideshow .sf__slide-content--mobile .sf__mobile-button p span { \n    display: none; \n}\n@media(max-width: 767px) {\n  .sf__index-collection-list .sf-column {\n        max-width: 38.66vw !important;\n    }\n    .sf__index-collection-list .section-my {\n        --row-gap-mobile: 5px !important;\n    }\n      .sf__index-icon-box .sf-icon-box__text h3 {\n        font-size: 1.25rem;\n    }\n      .sf__index-icon-box .sf-icon-box__text .sf__btn-link {\n        font-size: 0.85rem;\n    }\n      .sf__index-icon-box .sf__ms {\n        padding-left: 0;\n    }\n      .sf__index-icon-box .sf-grid.sf__ms-wrapper {\n        flex-direction: column;\n    }\n      .sf__index-icon-box .sf-grid.sf__ms-wrapper .sf-column {\n        width: 100% !important;\n    }\n}",
    "use_theme_currencies": true,
    "theme_currencies": "USD | EUR | GBP | VND",
    "sections": {
      "page-faqs": {
        "type": "page-faqs",
        "blocks": {
          "2802736b-f08f-4510-a4f7-4ad7d748992d": {
            "type": "content",
            "settings": {
              "content": "<div class=\"mb-10\"><img src=\"https:\/\/cdn.shopify.com\/s\/files\/1\/0561\/2742\/2636\/files\/faqs.jpg?v=1620784288\"><\/div>\n<h3 class=\"font-medium text-xl mb-4\">Awkwardness gives me great comfort. I’ve never been cool, but I’ve felt cool. I’ve been in the cool place, but I wasn’t really cool – I was trying to pass for hip or cool.<\/h3>\n<p>A girl should be two things: classy and fabulous. I am convinced that there can be luxury in simplicity. I wanted to dress the woman who lives and works, not the woman in a painting. It’s hard to balance everything. It’s always challenging. My relationships with producers or photographers – these are relationships that took years. I can’t get sucked into that celebrity thing, because I think it’s just crass. My aim is to make the poor look rich.<\/p>"
            }
          },
          "4e151238-4480-4122-b893-7f4a19886e4c": {
            "type": "accordion",
            "settings": {
              "title": "What shipping methods are availbale?",
              "content": "<p>Lorem ipsum dolor sit amet conse ctetur adipisicing elit, sed do eiusmod tempor incididunt ut labore et dolore magna aliqua. Ut enim ad minim veniam, quis nostrud exercitation ullamco laboris nisi ut aliquip ex ea commodo consequat. Duis aute irure dolor in reprehenderit in voluptate velit esse cillum dolore eu fugiat.<br\/><br\/>Ut enim ad minim veniam, quis nostrud exercitation ullamco laboris nisi ut aliquip ex ea commodo consequat. Duis aute irure dolor in reprehenderit.<\/p>",
              "open": true
            }
          },
          "c5d4d04d-f6c1-4d1e-99f0-3c221393a3cf": {
            "type": "accordion",
            "settings": {
              "title": "How long will it take to get my package?",
              "content": "<p>Lorem ipsum dolor sit amet conse ctetur adipisicing elit, sed do eiusmod tempor incididunt ut labore et dolore magna aliqua. Ut enim ad minim veniam, quis nostrud exercitation ullamco laboris nisi ut aliquip.<\/p>",
              "open": false
            }
          },
          "0131747b-8b40-432f-b634-b1289ec41911": {
            "type": "accordion",
            "settings": {
              "title": "Do you ship internationally?",
              "content": "<p>Lorem ipsum dolor sit amet conse ctetur adipisicing elit, sed do eiusmod tempor incididunt ut labore et dolore magna aliqua. Ut enim ad minim veniam, quis nostrud exercitation ullamco laboris nisi ut aliquip.<\/p>",
              "open": false
            }
          },
          "5d7206e9-5375-4da6-9a1f-24e1c46230b0": {
            "type": "accordion",
            "settings": {
              "title": "What payment methods are accepted?",
              "content": "<p>Lorem ipsum dolor sit amet conse ctetur adipisicing elit, sed do eiusmod tempor incididunt ut labore et dolore magna aliqua. Ut enim ad minim veniam, quis nostrud exercitation ullamco laboris nisi ut aliquip ex ea commodo consequat. Duis aute irure dolor in reprehenderit in voluptate velit esse cillum dolore eu fugiat.<\/p>",
              "open": false
            }
          },
          "4008f61e-055e-42ba-8969-cb3715c0aece": {
            "type": "accordion",
            "settings": {
              "title": "Is buying on-line safe?",
              "content": "<p>Lorem ipsum dolor sit amet conse ctetur adipisicing elit, sed do eiusmod tempor incididunt ut labore et dolore magna aliqua. Ut enim ad minim veniam, quis nostrud exercitation ullamco laboris nisi ut aliquip.<\/p>",
              "open": false
            }
          }
        },
        "block_order": [
          "2802736b-f08f-4510-a4f7-4ad7d748992d",
          "4e151238-4480-4122-b893-7f4a19886e4c",
          "c5d4d04d-f6c1-4d1e-99f0-3c221393a3cf",
          "0131747b-8b40-432f-b634-b1289ec41911",
          "5d7206e9-5375-4da6-9a1f-24e1c46230b0",
          "4008f61e-055e-42ba-8969-cb3715c0aece"
        ],
        "settings": {
          "menu": "faqs-menu"
        }
      },
      "collection-list": {
        "type": "collection-list",
        "settings": {
        }
      },
      "featured-collection": {
        "type": "featured-collection",
        "settings": {
          "collection": "frontpage"
        }
      },
      "featured-product": {
        "type": "featured-product",
        "settings": {
        }
      },
      "slider": {
        "type": "slider",
        "settings": {
        }
      },
      "header": {
        "type": "header",
        "blocks": {
          "59224d28-d657-4624-8d17-55b1c4ce8d9c": {
            "type": "product-list",
            "settings": {
              "heading": "Product",
              "container": "container-fluid",
              "stretch_width": false,
              "collection": "bathroom",
              "limit": 6,
              "columns": 2
            }
          },
          "5b9aec5f-b955-4765-9a87-1962d613e909": {
            "type": "custom_html",
            "settings": {
              "heading": "Home",
              "container": "inherit",
              "html": ""
            }
          },
          "05dc728c-4420-4597-818c-e4551c8328b8": {
            "type": "topbar",
            "settings": {
              "show_divider": true,
              "show_phone_numb": true,
              "show_email": true,
              "show_social_links": false,
              "show_stores_page": true,
              "show_currency_switcher": true,
              "show_language_switcher": false,
              "alert_message": ""
            }
          },
          "a8743f93-7c1d-4e9b-8c93-7af3c4f4c5df": {
            "type": "banner",
            "settings": {
              "heading": "Shop",
              "container": "inherit",
              "banner_style": "outside",
              "banner_link": "",
              "banner_title": "The new bathroom",
              "banner_desc": "",
              "banner_button_text": "Shop now"
            }
          },
          "dbeaced1-1416-4f80-82d1-ce92b6fc232e": {
            "type": "custom_html",
            "settings": {
              "heading": "Features",
              "container": "inherit",
              "html": ""
            }
          }
        },
        "block_order": [
          "59224d28-d657-4624-8d17-55b1c4ce8d9c",
          "5b9aec5f-b955-4765-9a87-1962d613e909",
          "05dc728c-4420-4597-818c-e4551c8328b8",
          "a8743f93-7c1d-4e9b-8c93-7af3c4f4c5df",
          "dbeaced1-1416-4f80-82d1-ce92b6fc232e"
        ],
        "settings": {
          "header_design": "logo-center-menu-left",
          "container": "container-fluid",
          "header_sticky": true,
          "transparent_on_top": false,
          "logo_text": "MINIMOG",
          "logo_max_width": 180,
          "sticky_logo_max_width": 105,
          "mobile_logo_max_width": 105,
          "main_menu": "main-menu",
          "secondary_menu": "",
          "uppercase_parent_level": true,
          "search": "show_full",
          "show_account_icon": false,
          "show_cart_icon": true,
          "show_wishlist_icon": false,
          "show_compare_icon": false,
          "show_currency_switcher": false,
          "show_language_switcher": false
        }
      },
      "footer": {
        "type": "footer",
        "blocks": {
          "c76367c4-57ce-4b11-8732-181be9699bcf": {
            "type": "our_store",
            "settings": {
              "title": "Company",
              "description": "<p>Find a location nearest<br\/>you. <a href=\"#\" title=\"#\"><span style=\"text-decoration:underline\">See Our Stores<\/span><\/a><\/p>",
              "show_email": true,
              "show_phone": true,
              "show_socials_link": false,
              "width": "33%"
            }
          },
          "bad8900e-c7b0-49a4-a135-6e23c797db37": {
            "type": "menu",
            "settings": {
              "menu": "main-menu",
              "title": "Useful Links",
              "width": "33%"
            }
          },
          "7bd61b9c-0a3d-4497-8f62-bebad77ac32c": {
            "type": "menu",
            "settings": {
              "menu": "main-menu",
              "title": "Infomation",
              "width": "33%"
            }
          },
          "e1687d03-ffcb-4524-9eff-e17d55a38e34": {
            "type": "newsletter",
            "settings": {
              "title": "Good emails.",
              "description": "Enter your email below to be the first to know about new collections and product launches.",
              "email_placeholder": "Your email",
              "form_style": "bordered",
              "show_social": false,
              "width": "50%"
            }
          }
        },
        "block_order": [
          "c76367c4-57ce-4b11-8732-181be9699bcf",
          "bad8900e-c7b0-49a4-a135-6e23c797db37",
          "7bd61b9c-0a3d-4497-8f62-bebad77ac32c",
          "e1687d03-ffcb-4524-9eff-e17d55a38e34"
        ],
        "settings": {
          "design": "footer-3",
          "container": "container-fluid",
          "bordered": false,
          "copyright": "<img class=\"w-36 mx-auto\" src=\"https:\/\/cdn.shopify.com\/s\/files\/1\/0147\/0962\/0800\/files\/logo_49665e76-0070-4451-978d-276471c408f9.png?v=1623637702\">",
          "show_currency_selector": false,
          "show_language_selector": false,
          "show_social_links": true,
          "show_payment_icons": true
        }
      },
      "collection-page-header": {
        "type": "collection-page-header",
        "blocks": {
          "63b52546-ccd0-4c50-84ff-57d203edba75": {
            "type": "banner",
            "settings": {
              "collection": ""
            }
          }
        },
        "block_order": [
          "63b52546-ccd0-4c50-84ff-57d203edba75"
        ],
        "settings": {
          "layout": "inside",
          "header_height": "small",
          "text_alignment": "center",
          "vertical_alignment": "center",
          "bg_color": "#ffffff",
          "enable_parallax": true,
          "show_breadcrumb": true,
          "upper_title": false
        }
      },
      "product-template": {
        "type": "product-template",
        "settings": {
          "container": "container",
          "layout": "layout-6",
          "show_tags": false,
          "show_vendor": false,
          "show_sku": false,
          "show_categories": false,
          "show_reviews_count": true,
          "show_quantity_selector": true,
          "enable_dynamic_checkout": true,
          "hide_atc_button": false,
          "show_atwl": true,
          "show_atcp": true,
          "show_ask_a_question": true,
          "show_social": true,
          "show_live_views": true,
          "live_views_text": "<p><strong>{{count_number}}<\/strong> <strong>people<\/strong> are viewing this right now<\/p>",
          "live_views_range": "20-30",
          "live_view_duration": "10",
          "live_view_icon_blinks": true,
          "show_delivery_times": true,
          "deliver_text": "<p><strong>Estimated Delivery:<\/strong><\/p>",
          "deliver_days": "3",
          "show_shipping_text": true,
          "shipping_text": "<p><strong>Free Shipping & Returns: <\/strong>On all orders over $75<\/p>",
          "show_trust_badges": true,
          "trust_badges_text": "<p>Guarantee safe & secure checkout<\/p>",
          "trust_badges_image": "shopify:\/\/shop_images\/trustbag_256x256_54bce3ff-a3d8-45ea-a570-24ce661296b8.png",
          "trust_badges_image_width": "320px",
          "use_sticky_atc": true,
          "sticky_atc_wishtlist": false,
          "sticky_atc_compare": false
        }
      },
      "product-details-tabs": {
        "type": "product-details-tabs",
        "blocks": {
          "4db8ad16-886f-47f7-9b57-fc68b39fb2d4": {
            "type": "description",
            "settings": {
              "header": "Product description"
            }
          },
          "558c0747-c906-45aa-ae94-4940e898bab6": {
            "type": "tab",
            "settings": {
              "header": "Shipping & Return",
              "content": "<p>Shipping cost is based on weight. Just add products to your cart and use the Shipping Calculator to see the shipping price.<\/p><p>We want you to be 100% satisfied with your purchase. Items can be returned or exchanged within 30 days of delivery.<\/p>"
            }
          },
          "601f032a-3381-4f71-b0f1-b71468c306de": {
            "type": "reviews",
            "settings": {
              "header": "Product reviews"
            }
          }
        },
        "block_order": [
          "4db8ad16-886f-47f7-9b57-fc68b39fb2d4",
          "558c0747-c906-45aa-ae94-4940e898bab6",
          "601f032a-3381-4f71-b0f1-b71468c306de"
        ],
        "settings": {
          "show_product_tabs": true,
          "container": "container",
          "bg_color": ""
        }
      },
      "product-reviews": {
        "type": "product-reviews",
        "settings": {
          "show_product_reviews": false,
          "container": "container-narrow",
          "heading": "Ratings and Reviews"
        }
      },
      "product-recommendations": {
        "type": "product-recommendations",
        "settings": {
          "show_product_recommendations": true,
          "container": "container",
          "heading": "You Might Also Like",
          "limit": 8,
          "columns": 4,
          "column_gap": 30,
          "enable_slider": true
        }
      },
      "brand-page-header": {
        "type": "brand-page-header",
        "blocks": {
          "09dfe2e1-10c2-4cee-a033-a90b143c85f3": {
            "type": "information",
            "settings": {
              "collection": "retrolie",
              "logo": "shopify:\/\/shop_images\/1.png",
              "content": "<p>Developed by Goop founder, wellness advocate and - academy award-winner, Gwyneth Paltrow, this high performing skincare line is where luxury formulas meet pure organic ingredients and the results are skin-changing. <\/p><p>Goop is passionate about the idea that beauty comes from the inside out. So they use clinically proven and best-in-class ingredients at active levels to create skin care, skin-boosting ingestibles, and body essentials that are luxurious, deliver high-performance results, and enliven the senses with exquisite textures and beautiful scents.<\/p>",
              "image_1": "shopify:\/\/shop_images\/1_8e8151b6-3555-4abf-8dd6-5347182bbcd0.jpg",
              "image_2": "shopify:\/\/shop_images\/2_9a1b3099-775a-4093-9ece-6cfaa04a06fe.jpg",
              "image_3": "shopify:\/\/shop_images\/3_7b9fc65c-8202-4449-a828-d03ac03c6d38.jpg"
            }
          },
          "c8ee188c-a84f-4cf2-a8af-aacb9bf78785": {
            "type": "information",
            "settings": {
              "collection": "abby",
              "logo": "shopify:\/\/shop_images\/2.png",
              "content": "<p>Developed by Goop founder, wellness advocate and - academy award-winner, Gwyneth Paltrow, this high performing skincare line is where luxury formulas meet pure organic ingredients and the results are skin-changing. <\/p><p>Goop is passionate about the idea that beauty comes from the inside out. So they use clinically proven and best-in-class ingredients at active levels to create skin care, skin-boosting ingestibles, and body essentials that are luxurious, deliver high-performance results, and enliven the senses with exquisite textures and beautiful scents.<\/p>",
              "image_1": "shopify:\/\/shop_images\/4.jpg",
              "image_2": "shopify:\/\/shop_images\/5.jpg",
              "image_3": "shopify:\/\/shop_images\/6.jpg"
            }
          },
          "e56a3991-3115-47d4-b7e6-43e962712fc6": {
            "type": "information",
            "settings": {
              "collection": "minimog",
              "logo": "shopify:\/\/shop_images\/3.png",
              "content": "<p>Developed by Goop founder, wellness advocate and - academy award-winner, Gwyneth Paltrow, this high performing skincare line is where luxury formulas meet pure organic ingredients and the results are skin-changing. <\/p><p>Goop is passionate about the idea that beauty comes from the inside out. So they use clinically proven and best-in-class ingredients at active levels to create skin care, skin-boosting ingestibles, and body essentials that are luxurious, deliver high-performance results, and enliven the senses with exquisite textures and beautiful scents.<\/p>",
              "image_1": "shopify:\/\/shop_images\/7.jpg",
              "image_2": "shopify:\/\/shop_images\/8.jpg",
              "image_3": "shopify:\/\/shop_images\/9.jpg"
            }
          },
          "98bac8d0-393b-4f50-91b8-052a49e29dd0": {
            "type": "information",
            "settings": {
              "collection": "brook",
              "logo": "shopify:\/\/shop_images\/4.png",
              "content": "<p>Developed by Goop founder, wellness advocate and - academy award-winner, Gwyneth Paltrow, this high performing skincare line is where luxury formulas meet pure organic ingredients and the results are skin-changing. <\/p><p>Goop is passionate about the idea that beauty comes from the inside out. So they use clinically proven and best-in-class ingredients at active levels to create skin care, skin-boosting ingestibles, and body essentials that are luxurious, deliver high-performance results, and enliven the senses with exquisite textures and beautiful scents.<\/p>",
              "image_1": "shopify:\/\/shop_images\/10.jpg",
              "image_2": "shopify:\/\/shop_images\/11.jpg",
              "image_3": "shopify:\/\/shop_images\/12.jpg"
            }
          },
          "2b4a1841-6d7a-468b-ba3b-a5fd307cf9aa": {
            "type": "information",
            "settings": {
              "collection": "learts",
              "logo": "shopify:\/\/shop_images\/5.png",
              "content": "<p>Developed by Goop founder, wellness advocate and - academy award-winner, Gwyneth Paltrow, this high performing skincare line is where luxury formulas meet pure organic ingredients and the results are skin-changing. <\/p><p>Goop is passionate about the idea that beauty comes from the inside out. So they use clinically proven and best-in-class ingredients at active levels to create skin care, skin-boosting ingestibles, and body essentials that are luxurious, deliver high-performance results, and enliven the senses with exquisite textures and beautiful scents.<\/p>",
              "image_1": "shopify:\/\/shop_images\/13.jpg",
              "image_2": "shopify:\/\/shop_images\/14.jpg",
              "image_3": "shopify:\/\/shop_images\/15.jpg"
            }
          },
          "b54aa75a-c232-474e-9d92-2027e31cd066": {
            "type": "information",
            "settings": {
              "collection": "vagabond",
              "logo": "shopify:\/\/shop_images\/6.png",
              "content": "<p>Developed by Goop founder, wellness advocate and - academy award-winner, Gwyneth Paltrow, this high performing skincare line is where luxury formulas meet pure organic ingredients and the results are skin-changing. <\/p><p>Goop is passionate about the idea that beauty comes from the inside out. So they use clinically proven and best-in-class ingredients at active levels to create skin care, skin-boosting ingestibles, and body essentials that are luxurious, deliver high-performance results, and enliven the senses with exquisite textures and beautiful scents.<\/p>",
              "image_1": "shopify:\/\/shop_images\/16.jpg",
              "image_2": "shopify:\/\/shop_images\/17.jpg",
              "image_3": "shopify:\/\/shop_images\/18.jpg"
            }
          }
        },
        "block_order": [
          "09dfe2e1-10c2-4cee-a033-a90b143c85f3",
          "c8ee188c-a84f-4cf2-a8af-aacb9bf78785",
          "e56a3991-3115-47d4-b7e6-43e962712fc6",
          "98bac8d0-393b-4f50-91b8-052a49e29dd0",
          "2b4a1841-6d7a-468b-ba3b-a5fd307cf9aa",
          "b54aa75a-c232-474e-9d92-2027e31cd066"
        ],
        "settings": {
        }
      },
      "collection-brand": {
        "type": "collection-brand",
        "settings": {
          "grid_layout": "grid",
          "pagination_limit": "12",
          "grid_columns": "3",
          "collection_paginate": "paginate",
          "show_filter": true,
          "sidebar": "leftColumn"
        }
      },
      "contact-information": {
        "type": "contact-information",
        "settings": {
        }
      },
      "maps": {
        "type": "maps",
        "settings": {
          "textx": "40.6700",
          "texty": "-73.9400",
          "zoom": "11",
          "text2": "New York"
        }
      },
      "contact-template": {
        "type": "contact-template",
        "blocks": {
          "458d6546-c5d0-4128-8fa6-162080bdf85f": {
            "type": "textblock",
            "settings": {
              "title": "Address",
              "content": "<p>7895 Piermont Dr NE Albuquerque, NM 198866, <a href=\"#\">See Our Stores<\/a><\/p>"
            }
          },
          "d2fd611c-a50a-4871-b401-b51dff320d34": {
            "type": "textblock",
            "settings": {
              "title": "Information",
              "content": "<p>+391 (0)35 2568 4593<\/p><p>hello@domain.com<\/p>"
            }
          },
          "159b3b43-a6d9-4cb9-b78d-04f5a5bae350": {
            "type": "socialmedia",
            "settings": {
              "title": "Social Media"
            }
          },
          "5c486a84-9bdd-4d24-8ac7-5c428593cf33": {
            "type": "textblock",
            "settings": {
              "title": "We're Open",
              "content": "<p>Our store has re-opened for shopping, exchanges<\/p><p>Every day 11am to 7pm<\/p>"
            }
          }
        },
        "block_order": [
          "458d6546-c5d0-4128-8fa6-162080bdf85f",
          "d2fd611c-a50a-4871-b401-b51dff320d34",
          "159b3b43-a6d9-4cb9-b78d-04f5a5bae350",
          "5c486a84-9bdd-4d24-8ac7-5c428593cf33"
        ],
        "settings": {
          "title": "We would love to hear from you.",
          "description": "<p>If you’ve got great products your making or looking to work with us then drop us a line.<\/p>"
        }
      },
      "product-details-accordion": {
        "type": "product-details-accordion",
        "settings": {
          "show_accordion": true,
          "use_container": false,
          "position": "bottom_info"
        }
      },
      "recent-viewed-products": {
        "type": "recent-viewed-products",
        "settings": {
          "heading": "Recently Viewed Products",
          "container": "container",
          "columns": 4,
          "column_gap": 30,
          "enable_slider": true,
          "show_product_page": true,
          "show_cart_page": true,
          "show_collection_page": false
        }
      },
      "product-features": {
        "type": "product-features",
        "blocks": {
          "c3c3f476-8d22-43bd-a19a-4535e8ad676b": {
            "type": "feature",
            "settings": {
              "image": "shopify:\/\/shop_images\/promo1.png",
              "title": "Free Shipping",
              "description": "<p>Get complimentary ground shipping on every <br\/>order.Don’t love it? Send it back, on us.<\/p>",
              "link": ""
            }
          },
          "9829626e-9ec3-4298-aeea-c48af710fb05": {
            "type": "feature",
            "settings": {
              "image": "shopify:\/\/shop_images\/promo2.png",
              "title": "Earn Points",
              "description": "<p>Join Minimog Rewards to earn gift cards<br\/>and enjoy exclusive member benefits.<\/p>",
              "link": ""
            }
          },
          "d4685af2-4d90-4a54-b242-cb934351b4fa": {
            "type": "feature",
            "settings": {
              "image": "shopify:\/\/shop_images\/promo3.png",
              "title": "Money Back Gurantee",
              "description": "<p>We believe getting dressed should be the <br\/>easiest part of your day.<\/p>",
              "link": ""
            }
          }
        },
        "block_order": [
          "c3c3f476-8d22-43bd-a19a-4535e8ad676b",
          "9829626e-9ec3-4298-aeea-c48af710fb05",
          "d4685af2-4d90-4a54-b242-cb934351b4fa"
        ],
        "settings": {
          "show_featured": true,
          "container": "container",
          "heading": "Why choose us?",
          "item_per_row": 3,
          "card_style": "vertical",
          "image_max_width": "70px",
          "content_alignment": "center"
        }
      },
      "1621243260e1af0c20": {
        "type": "slider",
        "blocks": {
          "1621243260e1af0c20-0": {
            "type": "slider_item",
            "settings": {
              "image_alignment": "center top",
              "content_in_container": false,
              "content_position": "left middle",
              "text_alignment": "left",
              "text_size": "medium",
              "text_color": "white",
              "subheading": "",
              "title": "It’s Time To<br> be Bold",
              "description": "<p>Enter for a chance to win a complete<br\/> bathroom makeover<\/p>",
              "button_text": "<p class=\"flex items-center\">Shop now <span class=\"ml-2\"><img class=\"w-4 h-4\" src=\"https:\/\/cdn.shopify.com\/s\/files\/1\/0147\/0962\/0800\/files\/ArrowRight.png?v=1623634915\"><\/span><\/p>",
              "button_link": "",
              "button_style": "sf__btn-white",
              "button_size": "",
              "show_footer": false,
              "footer_alignment": "end",
              "footer_text": "The ReCotton Tee",
              "footer_button": "Shop Now",
              "footer_link": "shopify:\/\/collections"
            }
          },
          "1621243260e1af0c20-1": {
            "type": "slider_item",
            "settings": {
              "image_alignment": "center top",
              "content_in_container": false,
              "content_position": "left middle",
              "text_alignment": "left",
              "text_size": "medium",
              "text_color": "white",
              "subheading": "",
              "title": "Shop vesel and<br> wall mount sinks",
              "description": "<p>Save up to 20% with code MYSTYLE<\/p>",
              "button_text": "<p class=\"flex items-center\">Shop now <span class=\"ml-2\"><img class=\"w-4 h-4\" src=\"https:\/\/cdn.shopify.com\/s\/files\/1\/0147\/0962\/0800\/files\/ArrowRight.png?v=1623634915\"><\/span><\/p>",
              "button_link": "",
              "button_style": "sf__btn-white",
              "button_size": "",
              "show_footer": false,
              "footer_alignment": "end",
              "footer_text": "The ReCotton Tee",
              "footer_button": "Shop Now",
              "footer_link": "shopify:\/\/collections"
            }
          },
          "1621243260e1af0c20-2": {
            "type": "slider_item",
            "settings": {
              "image_alignment": "center top",
              "content_in_container": false,
              "content_position": "left middle",
              "text_alignment": "left",
              "text_size": "medium",
              "text_color": "white",
              "subheading": "",
              "title": "Choose well<br>Be well",
              "description": "<p>Save up to 20% with code MYSTYLE<\/p>",
              "button_text": "<p class=\"flex items-center\">Shop now <span class=\"ml-2\"><img class=\"w-4 h-4\" src=\"https:\/\/cdn.shopify.com\/s\/files\/1\/0147\/0962\/0800\/files\/ArrowRight.png?v=1623634915\"><\/span><\/p>",
              "button_link": "",
              "button_style": "sf__btn-white",
              "button_size": "",
              "show_footer": false,
              "footer_alignment": "end",
              "footer_text": "The ReCotton Tee",
              "footer_button": "Shop Now",
              "footer_link": "shopify:\/\/collections"
            }
          }
        },
        "block_order": [
          "1621243260e1af0c20-0",
          "1621243260e1af0c20-1",
          "1621243260e1af0c20-2"
        ],
        "settings": {
          "container": "w-full",
          "slideshow_height": "medium",
          "show_overlay": false,
          "dots_position": "bottom",
          "dots_color": "#000",
          "show_dots": true,
          "show_arrows": false,
          "autorotate": true,
          "autorotate_speed": 5,
          "custom_class": "sf__index-slideshow"
        }
      },
      "content-before-products": {
        "type": "content-before-products",
        "settings": {
          "container": "container-fluid",
          "background_color": "",
          "gap": 30,
          "gap_mobile": 16
        }
      },
      "collection-template": {
        "type": "collection-template",
        "settings": {
          "container": "container",
          "grid_layout": "grid",
          "grid_columns": "4",
          "pagination_limit": "12",
          "collection_paginate": "paginate",
          "show_filter": true,
          "sidebar": "fixed"
        }
      },
      "content-after-products": {
        "type": "content-after-products",
        "settings": {
          "container": "container-fluid",
          "background_color": "",
          "gap": 30,
          "gap_mobile": 16
        }
      },
      "annoucement": {
        "type": "annoucement",
        "settings": {
          "show_announcement": false,
          "homepage_only": true,
          "show_close": true,
          "message": "<span class=\"font-bold tracking-widest\">FREE SHIPPING ON ALL U.S. ORDERS $50+<\/span>",
          "message_link": "",
          "show_divider": false
        }
      },
      "1623403822b813a780": {
        "type": "instagram",
        "settings": {
          "heading": "Build your dream bathroom",
          "subheading": "",
          "description": "Find inspiration for your bathroom remodel in our gallery and share your own<br> photos on Instagram with hashtag <a>#MyDreamBath.<\/a>",
          "header_alignment": "center",
          "container": "container-fluid",
          "background_color": "rgba(0,0,0,0)",
          "layout": "grid",
          "images_count": 4,
          "grid_columns": 4,
          "gap": 31,
          "mobile_gap": 10,
          "profile": "https:\/\/www.instagram.com\/minimog.trendy\/",
          "button_label": "",
          "custom_class": ""
        }
      },
      "1623638614e9451cfe": {
        "type": "collection-list",
        "blocks": {
          "1623638614e9451cfe-0": {
            "type": "collection_block",
            "settings": {
              "collection": "accessories-bathroom",
              "title": "Accessories"
            }
          },
          "1623638614e9451cfe-1": {
            "type": "collection_block",
            "settings": {
              "collection": "bathroom-sinks",
              "title": "Bathroom Sinks"
            }
          },
          "1623638614e9451cfe-2": {
            "type": "collection_block",
            "settings": {
              "collection": "showers-bathroom",
              "title": "Showers"
            }
          },
          "f23f7f5a-c65d-482e-a2a1-7e6aa33bd37d": {
            "type": "collection_block",
            "settings": {
              "collection": "toilets-bathroom",
              "title": "Toilets"
            }
          },
          "952c4ff2-b328-4563-8e8a-6f41026b7ffd": {
            "type": "collection_block",
            "settings": {
              "collection": "bathtubs-bathroom",
              "title": "Bathtubs"
            }
          }
        },
        "block_order": [
          "1623638614e9451cfe-0",
          "1623638614e9451cfe-1",
          "1623638614e9451cfe-2",
          "f23f7f5a-c65d-482e-a2a1-7e6aa33bd37d",
          "952c4ff2-b328-4563-8e8a-6f41026b7ffd"
        ],
        "settings": {
          "heading": "We’ll make your bathroom<br> dreams a reality",
          "subheading": "SHOP BY DEPARTMENT",
          "description": "",
          "header_alignment": "center",
          "container": "container-fluid",
          "background_color": "",
          "layout": "grid",
          "card_style": "standard",
          "text_alignment": "center",
          "hover_effect": "scaling-up",
          "show_product_count": true,
          "count_inline_title": false,
          "image_rounded": true,
          "items_per_row": 5,
          "item_gap": 50,
          "enable_slider": false,
          "show_pagination": true,
          "show_navigation": true,
          "autorotate": false,
          "autorotate_speed": 5,
          "use_scroll_mobile": true,
          "mobile_gap": 10,
          "hidden_slide_control_mobile": false,
          "custom_class": "sf__index-collection-list"
        }
      },
      "1623639061b28c3d0b": {
        "type": "custom-content",
        "blocks": {
          "b319c7e5-153a-4995-a9cc-439f80582bb2": {
            "type": "lookbook",
            "settings": {
              "width": "50%",
              "top_1": 9,
              "left_1": 63,
              "product_1": "",
              "top_2": 26,
              "left_2": 50,
              "product_2": "",
              "top_3": 61,
              "left_3": 48,
              "product_3": "",
              "top_4": 0,
              "left_4": 0,
              "product_4": "",
              "top_5": 20,
              "left_5": 0,
              "product_5": "",
              "block_custom_class": ""
            }
          },
          "22a3330f-fd29-4043-9a5c-e4fba7a5cc41": {
            "type": "product_bundles",
            "settings": {
              "width": "50%",
              "alignment": "center",
              "title": "We’ll make your bathroom<br> dreams a reality",
              "subheading": "BUNDLE & SAVE",
              "product_1": "antique-white-traditional-vanity",
              "product_2": "ceramic-single-vanity-set",
              "product_3": "led-bathroom-mirror",
              "product_4": "",
              "product_5": "",
              "block_custom_class": ""
            }
          }
        },
        "block_order": [
          "b319c7e5-153a-4995-a9cc-439f80582bb2",
          "22a3330f-fd29-4043-9a5c-e4fba7a5cc41"
        ],
        "settings": {
          "heading": "",
          "subheading": "",
          "description": "",
          "header_alignment": "center",
          "container": "container-fluid",
          "background_color": "",
          "gap": 170,
          "use_scroll_mobile": false,
          "gap_mobile": 16,
          "custom_class": ""
        }
      },
      "16236393649f870ece": {
        "type": "featured-collection",
        "settings": {
          "heading": "Inspired by you.<br> Designed by Relaxar.",
          "subheading": "",
          "description": "Shop online for high-end bath accessories, bathroom sinks, vanities,<br> shower faucets, & more fixtures",
          "header_alignment": "center",
          "container": "container-fluid",
          "background_color": "rgba(0,0,0,0)",
          "collection": "bathroom",
          "product_to_show": 8,
          "items_per_row": 3,
          "item_gap": 30,
          "pcard_layout": "",
          "pcard_image_ratio": "",
          "show_vendor": true,
          "enable_slider": true,
          "show_pagination": false,
          "show_navigation": true,
          "button_type": "link",
          "button_text": "",
          "button_style": "sf__btn-primary",
          "button_size": "",
          "infinite_load": false,
          "max_page_load": 3,
          "use_scroll_mobile": true,
          "item_gap_mobile": 10,
          "custom_class": ""
        }
      },
      "16236402224193166d": {
        "type": "icon-box",
        "blocks": {
          "16236402224193166d-0": {
            "type": "iconbox",
            "settings": {
              "image": "shopify:\/\/shop_images\/10.jpg",
              "title": "Bathroom renovations, made easy.",
              "description": "",
              "link": "",
              "button_label": "Shop Now",
              "button_link": "",
              "button_style": "sf__btn-link",
              "button_size": ""
            }
          },
          "16236402224193166d-1": {
            "type": "iconbox",
            "settings": {
              "title": "Bathroom tips & guides",
              "description": "",
              "link": "",
              "button_label": "Check Out Our Tips",
              "button_link": "",
              "button_style": "sf__btn-link",
              "button_size": ""
            }
          }
        },
        "block_order": [
          "16236402224193166d-0",
          "16236402224193166d-1"
        ],
        "settings": {
          "heading": "We make it easy to transform your<br> bathroom into a relaxing and<br> stylish sanctuary",
          "subheading": "",
          "description": "",
          "header_alignment": "center",
          "container": "container-fluid",
          "background_color": "rgba(0,0,0,0)",
          "item_per_row": 2,
          "item_gap": 30,
          "item_gap_mobile": 10,
          "card_style": "vertical",
          "image_max_width": "",
          "content_alignment": "center",
          "hover_effect": "none",
          "enable_slider": false,
          "show_pagination": false,
          "show_navigation": false,
          "use_scroll_mobile": true,
          "use_grid_column_mb": false,
          "custom_class": "sf__index-icon-box"
        }
      },
      "162364044812cfecc9": {
        "type": "image-with-text-2",
        "settings": {
          "container": "w-full",
          "hero_size": "medium",
          "show_overlay": true,
          "bg_position": "center",
          "parallax": false,
          "content_in_container": false,
          "content_position": "left middle",
          "text_alignment": "left",
          "text_size": "medium",
          "text_color": "white",
          "title": "Modern<br> bathroom sinks",
          "subtitle": "",
          "text": "<p>Built to last - shop our from our selection<\/p>",
          "button_label": "<p class=\"flex items-center\">view collection <span class=\"ml-2\"><img class=\"w-4 h-4\" src=\"https:\/\/cdn.shopify.com\/s\/files\/1\/0147\/0962\/0800\/files\/ArrowRight.png?v=1623634915\"><\/span><\/p>",
          "button_link": "",
          "button_style": "sf__btn-white",
          "button_size": "",
          "custom_class": "sf__index-hero"
        }
      },
      "mobile-sticky-bar": {
        "type": "mobile-sticky-bar",
        "settings": {
          "show_mobile_sticky": true,
          "show_home_icon": true,
          "show_collection_icon": true,
          "show_cart_icon": true,
          "show_search_icon": true,
          "show_account_icon": false,
          "show_wishlist_icon": false
        }
      }
    },
    "content_for_index": [
      "1621243260e1af0c20",
      "1623638614e9451cfe",
      "1623639061b28c3d0b",
      "16236393649f870ece",
      "16236402224193166d",
      "162364044812cfecc9",
      "1623403822b813a780"
    ]
  },
  "presets": {
    "Default": {
      "sections": {
        "featured-collection": {
          "type": "featured-collection",
          "settings": {
            "collection": "frontpage"
          }
        },
        "featured-product": {
          "type": "featured-product",
          "settings": {
          }
        }
      },
      "content_for_index": [
        "featured-collection",
        "featured-product"
      ]
    }
  }
}