{
  "current": {
    "favicon": "shopify:\/\/shop_images\/fav_icon_dark_1.png",
    "show_scroll_top_button": true,
    "color_primary": "#e1927f",
    "color_sub_text": "#666666",
    "color_btn_bg": "#e1927f",
    "color_btn_bg_hover": "#161d25",
    "prod_sale_price_color": "#999999",
    "color_field_bg": "#ffffff",
    "color_annoucement_bg": "#e1927f",
    "color_topbar_bg": "#ffffff",
    "color_topbar_text": "#000000",
    "color_header_transparent": "#ffffff",
    "bg_cart_wishlist_count": "#e1927f",
    "color_footer_bg": "#ffffff",
    "color_footer_text": "#000",
    "color_footer_link": "#666666",
    "color_footer_link_hover": "#000000",
    "color_footer_bottom_bg": "#ffffff",
    "color_border": "#d9d9d9",
    "img_overlay_opacity": 20,
    "tooltip_background_color": "#e1927f",
    "use_custom_font_body": true,
    "custom_body_font": "https:\/\/cdn.shopify.com\/s\/files\/1\/0561\/2742\/2636\/files\/Jost-Light.ttf?v=1618297125@300\nhttps:\/\/cdn.shopify.com\/s\/files\/1\/0561\/2742\/2636\/files\/Jost-Regular.ttf?v=1618297125@400\nhttps:\/\/cdn.shopify.com\/s\/files\/1\/0561\/2742\/2636\/files\/Jost-Medium.ttf?v=1618297125@500\nhttps:\/\/cdn.shopify.com\/s\/files\/1\/0561\/2742\/2636\/files\/Jost-SemiBold.ttf?v=1618297125@600\nhttps:\/\/cdn.shopify.com\/s\/files\/1\/0561\/2742\/2636\/files\/Jost-Bold.ttf?v=1618297125@700",
    "custom_body_weight": "400",
    "type_base_size": 16,
    "use_custom_font_heading": true,
    "custom_heading_font": "https:\/\/cdn.shopify.com\/s\/files\/1\/0561\/2742\/2636\/files\/Jost-Light.ttf?v=1618297125@300\nhttps:\/\/cdn.shopify.com\/s\/files\/1\/0561\/2742\/2636\/files\/Jost-Regular.ttf?v=1618297125@400\nhttps:\/\/cdn.shopify.com\/s\/files\/1\/0561\/2742\/2636\/files\/Jost-Medium.ttf?v=1618297125@500\nhttps:\/\/cdn.shopify.com\/s\/files\/1\/0561\/2742\/2636\/files\/Jost-SemiBold.ttf?v=1618297125@600\nhttps:\/\/cdn.shopify.com\/s\/files\/1\/0561\/2742\/2636\/files\/Jost-Bold.ttf?v=1618297125@700",
    "custom_heading_weight": "500",
    "type_header_base_size": 34,
    "btn_weight": "500",
    "pcard_layout": "2",
    "pcard_alignment": "center",
    "pcard_image_ratio": "1\/1",
    "show_vendor": false,
    "variant_option_design1": "button",
    "variant_option_design2": "color",
    "product_colors": "red: #FF6961,\nyellow: #FDDA76,\nblack: #000000,\nblack band: #000000,\nblue: #8DB4D2,\ngreen: #C1E1C1,\npurple: #B19CD9,\nsilver: #EEEEEF,\nwhite: #FFFFFF,\nbrown: #836953,\nlight brown: #B5651D,\ndark turquoise: #23cddc,\norange: #FFB347,\ntan: #E9D1BF,\nviolet: #B490B0,\npink: #FFD1DC,\ngrey: #E0E0E0,\nsky: #96BDC6,\npale leaf: #CCD4BF,\nlight blue: #b1c5d4,\ndark grey: #aca69f,\nbeige: #FFFFE0,\nbeige band: #EED9C4,\ndark blue: #063e66,\ncream: #FFFFCC,\nlight pink: #FBCFCD,\nmint: #bedce3,\ndark gray: #3A3B3C,\nrosy brown: #c4a287,\nlight grey:#D3D3D3,\ncopper: #B87333,\nrose gold: #ECC5C0,\nnight blue: #151B54,\ncoral: #FF7F50,\nlight purple: #C6AEC7",
    "social_twitter_link": "https:\/\/twitter.com\/home",
    "social_facebook_link": "https:\/\/facebook.com\/",
    "social_pinterest_link": "https:\/\/pinterest.com\/",
    "social_instagram_link": "https:\/\/instagram.com\/",
    "popular_search_queries": "Cotton, Men, Backpack",
    "wishlist_page": "",
    "product_compare_page": "",
    "instagram_token": "",
    "custom_css": ".sf__index-testimonial .section__heading {\n  max-width: 1250px;\n  margin: 0 auto;\n}\n.sf__index-hero .sf-hero__content .sf-hero__text {\n  color: var(--color-sub-text);\n}\n\n.sf__index-featured-collection .prod__price.sf-currency {\n  color: #e1927f;\n}\n.sf__index-collection-list .collection-card__info h3 a:hover {\n  color: var(--color-secondary);\n}\n.sf__index-collection-list-2 .collection-card__info h3 a:hover {\n  color: var(--color-secondary);\n}\n.sf__btn,\na.sf__btn {\n  border-radius: 22px;\n}\n.sf__index-instagram .section-my {\n  margin-bottom: 0;\n}\n.form-control.form__control-icon {\n  border: 1px solid #dddddd;\n  border-radius: 22px;\n}\n@media (min-width: 1280px) {\n  .sf-footer .sf__footer-block-newsletter {\n    padding-right: 70px;\n  }\n  .sf__index-slideshow .slide__block-title {\n    font-size: 4.375rem;\n  }\n}\n\n.section__heading {\n  position: relative;\n}\n.section__heading span {\n  padding: 0 30px;\n  background: #fff;\n  position: relative;\n  z-index: 1;\n}\n.section__heading::after {\n  position: absolute;\n  content: \"\";\n  left: -20px;\n  top: 50%;\n  height: 1px;\n  width: calc(100% + 40px);\n  border-top: 1px dashed #c7c7c7;\n  transform: translateY(-50%);\n}\n.sf__index-testimonial .review-block .sf__tes-name {\n  font-weight: 500;\n}\n.sf__index-testimonial .review-block .sf__tes-image-text {\n  font-weight: 500;\n  font-size: 15px;\n  color: #a9c5b9;\n}\n.sf-search__form:not(.mobile) {\n  border-radius: 22px;\n}\n@media (min-width: 1024px) {\n  .sf__index-hero .sf-hero__inner {\n    padding-left: 60px;\n  }\n  .sf-footer .sf__footer-block-newsletter .sf__footer-block-title {\n    font-size: 30px;\n    font-weight: 600;\n    line-height: 43px;\n  }\n}\n@media (max-width: 767px) {\n  .sf__index-testimonial .sf-testimonials__container {\n    padding: 0;\n  }\n  .sf__index-hero {\n    margin: 0 -16px;\n  }\n  .sf__index-hero .sf-hero__bg {\n    position: relative;\n    min-height: 373px;\n  }\n  .sf__index-hero .sf-hero__inner {\n    padding-top: 3rem;\n    padding-bottom: 2rem;\n  }\n}\n@media (max-width: 576px) {\n  .sf__index-slideshow .sf__btn-primary,\n  .sf__index-hero .sf__btn-primary,\n  .sf__index-hero .sf-hero__btn,\n  .sf__index-featured-collection .sf__featured-collection-button a.sf__btn {\n    width: 100%;\n  }\n}",
    "sale_popup_collection": "sale",
    "sale_popup_time": "{{time}} ago - {{location}}",
    "sale_popup_locations": "Khiri Rat Nikhom Thailand, Morgantown United States, Wuhu China, East Quincy United States, Raumbach Germany, Wuyang China, Tondela Portugal, Lemito Indonesia, N'Djamena Chad, Yanbei China, Silvassa India, Quangang China, Le Pallet France, Servon-sur-Vilaine France, Tumut Australia, Goodman United States, Keluke China, Rauchenwarth Austria, Harran Turkey",
    "sale_popup_hide_on_mobile": false,
    "sale_popup_duration": 5,
    "sale_popup_delay": "10-15",
    "sale_popup_show_after": 5,
    "sale_popup_max": 20,
    "use_theme_currencies": true,
    "size_chart": "size-guide",
    "sale_popup_show_on_mobile": false,
    "sections": {
      "collection-list": {
        "type": "collection-list",
        "settings": {
        }
      },
      "featured-collection": {
        "type": "featured-collection",
        "settings": {
          "collection": "frontpage"
        }
      },
      "featured-product": {
        "type": "featured-product",
        "settings": {
        }
      },
      "slider": {
        "type": "slider",
        "settings": {
        }
      },
      "header": {
        "type": "header",
        "blocks": {
          "7c2ec6ad-479b-413d-ac68-62c2e33a8bab": {
            "type": "topbar",
            "settings": {
              "show_divider": false,
              "show_phone_numb": false,
              "show_email": false,
              "show_social_links": true,
              "show_stores_page": true,
              "show_currency_switcher": false,
              "show_language_switcher": false,
              "alert_message": "<span style=\"font-size:15px;font-weight: 500;text-align: center; color: #E1927F;\n\">A unique online baby shop based in California<\/span>"
            }
          },
          "f92ac787-8fb7-4a67-ab98-fe2652142669": {
            "type": "product-list",
            "settings": {
              "heading": "Products",
              "container": "inherit",
              "stretch_width": false,
              "collection": "eating-baby-store",
              "limit": 6,
              "columns": 2
            }
          },
          "f428be07-b625-4fc3-a305-ba61aab9eef3": {
            "type": "custom_html",
            "settings": {
              "heading": "Home",
              "container": "inherit",
              "html": ""
            }
          },
          "96ebf971-7470-4d2d-9b97-4bdae48f6b38": {
            "type": "banner",
            "settings": {
              "heading": "Shop",
              "container": "inherit",
              "banner_style": "outside",
              "banner_link": "",
              "banner_title": "The New - Season Shoes Edit",
              "banner_desc": "",
              "banner_button_text": "Shop Now"
            }
          },
          "fa560676-6e0e-4cdc-9ac6-8d71df3463e6": {
            "type": "custom_html",
            "settings": {
              "heading": "Features",
              "container": "inherit",
              "html": ""
            }
          }
        },
        "block_order": [
          "7c2ec6ad-479b-413d-ac68-62c2e33a8bab",
          "f92ac787-8fb7-4a67-ab98-fe2652142669",
          "f428be07-b625-4fc3-a305-ba61aab9eef3",
          "96ebf971-7470-4d2d-9b97-4bdae48f6b38",
          "fa560676-6e0e-4cdc-9ac6-8d71df3463e6"
        ],
        "settings": {
          "header_design": "logo-center__2l",
          "container": "container-fluid",
          "header_sticky": true,
          "transparent_on_top": false,
          "logo_text": "MINIMOG",
          "logo_max_width": 170,
          "sticky_logo_max_width": 165,
          "mobile_logo_max_width": 105,
          "main_menu": "main-menu",
          "secondary_menu": "",
          "uppercase_parent_level": false,
          "search": "show_full",
          "show_account_icon": true,
          "show_cart_icon": true,
          "show_wishlist_icon": true,
          "show_compare_icon": false,
          "show_currency_switcher": false,
          "show_language_switcher": false
        }
      },
      "footer": {
        "type": "footer",
        "blocks": {
          "8d6ff29d-e8b7-411b-addc-ed3b7d2f67b3": {
            "type": "newsletter",
            "settings": {
              "title": "Keep In Touch",
              "description": "Our conversation is just getting started",
              "email_placeholder": "Enter your email",
              "form_style": "bordered",
              "show_social": false,
              "width": "50%"
            }
          },
          "d5978e13-bd48-4f66-bbbe-5b0e5bb800f5": {
            "type": "menu",
            "settings": {
              "menu": "main-menu",
              "title": "Infomation",
              "width": "25%"
            }
          },
          "85209d5e-c364-489f-8320-73d204b3ed46": {
            "type": "menu",
            "settings": {
              "menu": "main-menu",
              "title": "Quick links",
              "width": "25%"
            }
          },
          "893cdcf1-a95d-469b-9e7a-f9f679a2f8d6": {
            "type": "menu",
            "settings": {
              "menu": "main-menu",
              "title": "Collections",
              "width": "25%"
            }
          },
          "3c9af62c-39c1-4db8-9e9d-d23c9ec3b8a9": {
            "type": "menu",
            "settings": {
              "menu": "main-menu",
              "title": "Services",
              "width": "25%"
            }
          }
        },
        "block_order": [
          "8d6ff29d-e8b7-411b-addc-ed3b7d2f67b3",
          "d5978e13-bd48-4f66-bbbe-5b0e5bb800f5",
          "85209d5e-c364-489f-8320-73d204b3ed46",
          "893cdcf1-a95d-469b-9e7a-f9f679a2f8d6",
          "3c9af62c-39c1-4db8-9e9d-d23c9ec3b8a9"
        ],
        "settings": {
          "design": "footer-1",
          "container": "container",
          "bordered": false,
          "copyright": "© 2021, Minimog. All Rights Reserved.",
          "show_currency_selector": false,
          "show_language_selector": false,
          "show_social_links": false,
          "show_payment_icons": true
        }
      },
      "collection-page-header": {
        "type": "collection-page-header",
        "settings": {
          "layout": "inside",
          "header_height": "medium",
          "text_alignment": "center",
          "vertical_alignment": "center",
          "bg_color": "#f5f5f5",
          "enable_parallax": true,
          "show_breadcrumb": true,
          "upper_title": false
        }
      },
      "collection-template": {
        "type": "collection-template",
        "blocks": {
          "87334a46-95b0-4517-b338-d3732f2b3670": {
            "type": "filter",
            "settings": {
              "show_filtergroup": true,
              "use_accordion": false,
              "open_filtergroup": true,
              "design_filtergroup": "default",
              "title": "Tags",
              "filtergroup": "dress,tops,shirts,sale,new"
            }
          },
          "80a38e27-21c5-4c31-9f7d-358d5d0cb00b": {
            "type": "collection_list",
            "settings": {
              "show_collectionlist": true,
              "use_accordion": false,
              "open_collectionlist": true,
              "title": "Collections",
              "collectionlist_link": ""
            }
          },
          "b251cd2c-242a-49ef-a7d0-e21bd60d219a": {
            "type": "filter",
            "settings": {
              "show_filtergroup": true,
              "use_accordion": false,
              "open_filtergroup": true,
              "design_filtergroup": "default",
              "title": "Group",
              "filtergroup": "dress,tops,shirts"
            }
          }
        },
        "block_order": [
          "87334a46-95b0-4517-b338-d3732f2b3670",
          "80a38e27-21c5-4c31-9f7d-358d5d0cb00b",
          "b251cd2c-242a-49ef-a7d0-e21bd60d219a"
        ],
        "settings": {
          "container": "container",
          "grid_layout": "grid",
          "grid_columns": "3",
          "pagination_limit": "12",
          "collection_paginate": "paginate",
          "show_filter": true,
          "sidebar": "fixed"
        }
      },
      "product-template": {
        "type": "product-template",
        "settings": {
          "container": "container",
          "layout": "layout-6",
          "show_tags": false,
          "show_vendor": false,
          "show_sku": false,
          "show_categories": false,
          "show_reviews_count": true,
          "show_quantity_selector": true,
          "enable_dynamic_checkout": true,
          "hide_atc_button": false,
          "show_atwl": true,
          "show_atcp": true,
          "show_ask_a_question": true,
          "show_social": true,
          "show_live_views": true,
          "live_views_text": "<p><strong>{{count_number}}<\/strong> <strong>people<\/strong> are viewing this right now<\/p>",
          "live_views_range": "10-20",
          "live_view_duration": "5",
          "live_view_icon_blinks": true,
          "show_delivery_times": true,
          "deliver_text": "<p><strong>Estimated Delivery:<\/strong><\/p>",
          "deliver_days": "8",
          "show_shipping_text": true,
          "shipping_text": "<p><strong>Free Shipping & Returns: <\/strong>On all orders over $75<\/p>",
          "show_trust_badges": true,
          "trust_badges_text": "<p>Guarantee safe & secure checkout<\/p>",
          "trust_badges_image": "shopify:\/\/shop_images\/trust_badge_22.png",
          "trust_badges_image_width": "320px",
          "use_sticky_atc": true,
          "sticky_atc_wishtlist": false,
          "sticky_atc_compare": false
        }
      },
      "product-details-tabs": {
        "type": "product-details-tabs",
        "blocks": {
          "3f75b40c-5f16-47d7-9e2f-c88a0ed272c5": {
            "type": "description",
            "settings": {
              "header": "Product description"
            }
          },
          "9457936b-5cff-4a54-b282-324ce077a2b9": {
            "type": "tab",
            "settings": {
              "header": "Spratly Theme",
              "content": "<p>So beautiful you’ll want to show it off, so comfortable you’ll forget it’s there. Our 24\/7™ Lace Contour Plunge Bra combines gorgeous floral lace with sheer overlay straps that hold you in and eliminates gaping. Removable pads let you customize you<\/p>"
            }
          },
          "c6f2b92f-aa87-42af-8172-fc1b3b70cf4a": {
            "type": "reviews",
            "settings": {
              "header": "Product reviews"
            }
          }
        },
        "block_order": [
          "3f75b40c-5f16-47d7-9e2f-c88a0ed272c5",
          "9457936b-5cff-4a54-b282-324ce077a2b9",
          "c6f2b92f-aa87-42af-8172-fc1b3b70cf4a"
        ],
        "settings": {
          "show_product_tabs": true,
          "container": "container",
          "bg_color": ""
        }
      },
      "product-reviews": {
        "type": "product-reviews",
        "settings": {
          "show_product_reviews": false,
          "container": "container-narrow",
          "heading": "Ratings and Reviews"
        }
      },
      "product-recommendations": {
        "type": "product-recommendations",
        "settings": {
          "show_product_recommendations": true,
          "container": "container",
          "heading": "You Might Also Like",
          "limit": 9,
          "columns": 4,
          "column_gap": 30,
          "enable_slider": true
        }
      },
      "recent-viewed-products": {
        "type": "recent-viewed-products",
        "settings": {
          "heading": "Recently Viewed Products",
          "container": "container",
          "columns": 4,
          "column_gap": 30,
          "enable_slider": true,
          "show_product_page": true,
          "show_cart_page": true,
          "show_collection_page": true
        }
      },
      "product-features": {
        "type": "product-features",
        "blocks": {
          "faea09ee-35fe-49cf-9101-ffe6d3a3b93a": {
            "type": "feature",
            "settings": {
              "image": "shopify:\/\/shop_images\/Frame_1.png",
              "title": "Free Shipping",
              "description": "<p>Get complimentary ground shipping on every<br\/> order.Don’t love it? Send it back, on us.<\/p>",
              "link": ""
            }
          },
          "6a0d3a48-1ec2-4349-9a86-85ec333a72a6": {
            "type": "feature",
            "settings": {
              "image": "shopify:\/\/shop_images\/Frame_2.png",
              "title": "Earn Points",
              "description": "<p>Join Minimog Rewards to earn gift cards<br\/>and enjoy exclusive member benefits.<\/p>",
              "link": ""
            }
          },
          "9fb6f4dc-eac5-4411-a18b-836a1df5be0d": {
            "type": "feature",
            "settings": {
              "image": "shopify:\/\/shop_images\/Frame_3.png",
              "title": "Money Back Gurantee",
              "description": "<p>We believe getting dressed should be the <br\/>easiest part of your day.<\/p>",
              "link": ""
            }
          }
        },
        "block_order": [
          "faea09ee-35fe-49cf-9101-ffe6d3a3b93a",
          "6a0d3a48-1ec2-4349-9a86-85ec333a72a6",
          "9fb6f4dc-eac5-4411-a18b-836a1df5be0d"
        ],
        "settings": {
          "show_featured": true,
          "container": "container",
          "heading": "Why Minimog ?",
          "item_per_row": 3,
          "card_style": "vertical",
          "image_max_width": "70px",
          "content_alignment": "center"
        }
      },
      "product-details-accordion": {
        "type": "product-details-accordion",
        "blocks": {
          "06bfb74d-c45d-48d6-b041-b81fd91894f1": {
            "type": "description",
            "settings": {
              "header": "Product description"
            }
          },
          "838b9102-c990-4613-96d7-f6cbdf178d4f": {
            "type": "item",
            "settings": {
              "header": "Accordion header",
              "content": "<p>So beautiful you’ll want to show it off, so comfortable you’ll forget it’s there. Our 24\/7™ Lace Contour Plunge Bra combines gorgeous floral lace with sheer overlay straps that hold you in and eliminates gaping. Removable pads let you customize you<\/p>"
            }
          },
          "bd1be264-f6b4-4de9-9b13-cabdf218b5b1": {
            "type": "reviews",
            "settings": {
              "header": "Product reviews"
            }
          },
          "c242a5a5-daca-45f3-9951-3c42b76aeb53": {
            "type": "item",
            "settings": {
              "header": "Shipping & Return",
              "content": "<p>So beautiful you’ll want to show it off, so comfortable you’ll forget it’s there. Our 24\/7™ Lace Contour Plunge Bra combines gorgeous floral lace with sheer overlay straps that hold you in and eliminates gaping. Removable pads let you customize you<\/p>"
            }
          }
        },
        "block_order": [
          "06bfb74d-c45d-48d6-b041-b81fd91894f1",
          "838b9102-c990-4613-96d7-f6cbdf178d4f",
          "bd1be264-f6b4-4de9-9b13-cabdf218b5b1",
          "c242a5a5-daca-45f3-9951-3c42b76aeb53"
        ],
        "settings": {
          "show_accordion": false,
          "use_container": true,
          "position": "bottom_template"
        }
      },
      "password-template": {
        "type": "password-template",
        "settings": {
          "bg_color": "#f5f1ed",
          "show_logo": true,
          "logo_max_width": "175",
          "t1": "Website is coming soon",
          "t2": "Successful brands get into the mind slowly. A blurb in a magazine. A mention in a newspaper. A comment from a friend.",
          "show_n": true,
          "n_t1": "Subscribe to our newsletter",
          "n_t2": "Enter your e-mail",
          "show_p": true,
          "p_t1": "Enter the password to get access to the site",
          "p_t2": "Enter Password",
          "f_t1": "&copy; SFTheme 2021. All Rights Reserved"
        }
      },
      "content-before-products": {
        "type": "content-before-products",
        "settings": {
          "container": "container-fluid",
          "background_color": "",
          "gap": 30,
          "gap_mobile": 16
        }
      },
      "content-after-products": {
        "type": "content-after-products",
        "settings": {
          "container": "container-fluid",
          "background_color": "",
          "gap": 30,
          "gap_mobile": 16
        }
      },
      "annoucement": {
        "type": "annoucement",
        "settings": {
          "show_announcement": true,
          "homepage_only": false,
          "show_close": true,
          "message": "<span class=\"font-medium\">Free Express Shipping on AU orders $200+<\/span>",
          "message_link": "",
          "show_divider": false
        }
      },
      "16266647175adfb89e": {
        "type": "slider",
        "blocks": {
          "16266647175adfb89e-2": {
            "type": "slider_item",
            "settings": {
              "image_alignment": "center middle",
              "content_in_container": true,
              "content_position": "left middle",
              "text_alignment": "left",
              "text_size": "medium",
              "text_color": "black",
              "subheading": "",
              "title": "Welcome to<br> Tiny World",
              "description": "<p>Trusted and loved by parents.<\/p>",
              "button_text": "Shop now",
              "button_link": "",
              "button_style": "sf__btn-primary",
              "button_size": "",
              "show_footer": false,
              "footer_alignment": "end",
              "footer_text": "New Collection",
              "footer_button": "Shop Now",
              "footer_link": ""
            }
          },
          "16266647175adfb89e-0": {
            "type": "slider_item",
            "settings": {
              "image_alignment": "left middle",
              "content_in_container": true,
              "content_position": "left middle",
              "text_alignment": "left",
              "text_size": "large",
              "text_color": "black",
              "subheading": "",
              "title": "Giggle Baby<br> Stores",
              "description": "<p>Little ones make big statements.<\/p>",
              "button_text": "Shop now",
              "button_link": "",
              "button_style": "sf__btn-primary",
              "button_size": "",
              "show_footer": false,
              "footer_alignment": "end",
              "footer_text": "New Collection",
              "footer_button": "Shop Now",
              "footer_link": ""
            }
          },
          "16266647175adfb89e-1": {
            "type": "slider_item",
            "settings": {
              "image_alignment": "center middle",
              "content_in_container": true,
              "content_position": "left middle",
              "text_alignment": "left",
              "text_size": "medium",
              "text_color": "black",
              "subheading": "",
              "title": "All your<br> Baby needs",
              "description": "<p>Our baby stuffs are cute, affordable, and stylish.<\/p>",
              "button_text": "Shop now",
              "button_link": "",
              "button_style": "sf__btn-primary",
              "button_size": "",
              "show_footer": false,
              "footer_alignment": "end",
              "footer_text": "New Collection",
              "footer_button": "Shop Now",
              "footer_link": ""
            }
          }
        },
        "block_order": [
          "16266647175adfb89e-2",
          "16266647175adfb89e-0",
          "16266647175adfb89e-1"
        ],
        "settings": {
          "container": "w-full",
          "slideshow_height": "fullscreen",
          "show_overlay": false,
          "dots_position": "bottom",
          "dots_color": "dark",
          "show_dots": true,
          "show_arrows": false,
          "autorotate": true,
          "autorotate_speed": 5,
          "custom_class": "sf__index-slideshow"
        }
      },
      "1626665283ed396dee": {
        "type": "collection-list",
        "blocks": {
          "1626665283ed396dee-0": {
            "type": "collection_block",
            "settings": {
              "collection": "eating-baby-store",
              "title": "Eating"
            }
          },
          "1626665283ed396dee-1": {
            "type": "collection_block",
            "settings": {
              "collection": "eating-baby-store",
              "title": "Clothing"
            }
          },
          "1626665283ed396dee-2": {
            "type": "collection_block",
            "settings": {
              "collection": "eating-baby-store",
              "title": "Decor & Toy"
            }
          }
        },
        "block_order": [
          "1626665283ed396dee-0",
          "1626665283ed396dee-1",
          "1626665283ed396dee-2"
        ],
        "settings": {
          "heading": "<span>Top Categories<\/span>",
          "subheading": "",
          "description": "",
          "header_alignment": "center",
          "container": "container",
          "background_color": "",
          "layout": "grid",
          "card_style": "standard",
          "text_alignment": "left",
          "hover_effect": "scaling-down",
          "show_product_count": true,
          "count_inline_title": true,
          "image_rounded": false,
          "items_per_row": 3,
          "item_gap": 30,
          "enable_slider": false,
          "show_pagination": false,
          "show_navigation": false,
          "autorotate": false,
          "autorotate_speed": 5,
          "use_scroll_mobile": true,
          "mobile_gap": 16,
          "hidden_slide_control_mobile": false,
          "custom_class": "sf__index-collection-list"
        }
      },
      "1626666939bd2f2b78": {
        "type": "featured-collection",
        "settings": {
          "heading": "<span style=\"background-color:#F7F2F2;\">Hot This Week<\/span>",
          "subheading": "",
          "description": "",
          "header_alignment": "center",
          "container": "container",
          "background_color": "#f7f2f2",
          "collection": "eating-baby-store",
          "product_to_show": 8,
          "items_per_row": 4,
          "item_gap": 30,
          "pcard_layout": "",
          "pcard_image_ratio": "",
          "show_vendor": false,
          "enable_slider": false,
          "show_pagination": false,
          "show_navigation": false,
          "button_type": "link",
          "button_text": "Shop now",
          "button_style": "sf__btn-primary",
          "button_size": "",
          "infinite_load": false,
          "max_page_load": 3,
          "use_scroll_mobile": true,
          "item_gap_mobile": 16,
          "custom_class": "sf__index-featured-collection"
        }
      },
      "1626667192597d558b": {
        "type": "image-with-text",
        "settings": {
          "heading": "",
          "subheading": "",
          "container": "container",
          "background_color": "rgba(0,0,0,0)",
          "item_gap": 100,
          "item_gap_mobile": 20,
          "layout": "left",
          "image_column_size": "7",
          "title": "<span class=\"leading-tight\">The best thing<br>\nfor kids is here<\/span>",
          "sub_title": "",
          "text": "<p>We believe in crafting pieces where sustainability and<br\/> style go hand in hand. Made from materials like<br\/> recycled cashmere and sustainable alpaca.<\/p>",
          "text_size": "medium",
          "content_alignment": "left",
          "button_label": "Shop Collection",
          "button_link": "",
          "button_style": "sf__btn-link",
          "button_size": "",
          "custom_class": ""
        }
      },
      "1626667260ba28a0c1": {
        "type": "collection-list",
        "blocks": {
          "1626667260ba28a0c1-0": {
            "type": "collection_block",
            "settings": {
              "collection": "eating-baby-store",
              "title": "Baby Layette"
            }
          },
          "1626667260ba28a0c1-1": {
            "type": "collection_block",
            "settings": {
              "collection": "baby-store",
              "title": "Organic Essentials"
            }
          },
          "1626667260ba28a0c1-2": {
            "type": "collection_block",
            "settings": {
              "collection": "baby-store",
              "title": "Toys & Decor"
            }
          },
          "69f81bd7-d111-475c-9686-611e56d207ec": {
            "type": "collection_block",
            "settings": {
              "collection": "baby-store",
              "title": "BPA Free Baby Bottles"
            }
          }
        },
        "block_order": [
          "1626667260ba28a0c1-0",
          "1626667260ba28a0c1-1",
          "1626667260ba28a0c1-2",
          "69f81bd7-d111-475c-9686-611e56d207ec"
        ],
        "settings": {
          "heading": "<span>Recommendation<\/span>",
          "subheading": "",
          "description": "",
          "header_alignment": "center",
          "container": "container",
          "background_color": "",
          "layout": "grid",
          "card_style": "standard",
          "text_alignment": "center",
          "hover_effect": "scaling-down",
          "show_product_count": false,
          "count_inline_title": false,
          "image_rounded": false,
          "items_per_row": 4,
          "item_gap": 30,
          "enable_slider": false,
          "show_pagination": false,
          "show_navigation": false,
          "autorotate": false,
          "autorotate_speed": 5,
          "use_scroll_mobile": true,
          "mobile_gap": 16,
          "hidden_slide_control_mobile": false,
          "custom_class": "sf__index-collection-list-2"
        }
      },
      "16266678061094e5ec": {
        "type": "testimonials",
        "blocks": {
          "16266678061094e5ec-0": {
            "type": "testimonial",
            "settings": {
              "title": "Love it so much",
              "description": "<p>\"Short dress in a printed viscose weave with a round neckline, opening with a button at the back of the Seams with small frill trims at the waist and on the sleeves and skirt. Unlined.\"<\/p>",
              "footer": "<p>Dean D. US<\/p>",
              "image_text": "<p>Hoodie with pocket<\/p>",
              "product": ""
            }
          },
          "16266678061094e5ec-1": {
            "type": "testimonial",
            "settings": {
              "title": "So glad I bought them !",
              "description": "<p>\"Thanks for the lovely time shopping and all the good work you do.\"<\/p>",
              "footer": "<p>Dorothée F. US<\/p>",
              "image_text": "<p>Scoop-Back Cotton<\/p>",
              "product": ""
            }
          },
          "16266678061094e5ec-2": {
            "type": "testimonial",
            "settings": {
              "title": "I'd recommend it",
              "description": "<p>\"I've been getting good wear for my kids. It's very light and soft, comfortable to wear.\"<\/p>",
              "footer": "<p>Nancy W. US<\/p>",
              "image_text": "<p>Hoodie with pocket<\/p>",
              "product": ""
            }
          },
          "16266678061094e5ec-3": {
            "type": "testimonial",
            "settings": {
              "title": "Love my new purchase!",
              "description": "<p>\"I had a wonderful experience shopping in your store today. Thank you for your help and for the story that your shop has to tell.\"<\/p>",
              "footer": "<p>Gloria T. Brazil<\/p>",
              "image_text": "<p>Scoop-Back Cotton<\/p>",
              "product": ""
            }
          },
          "16266678061094e5ec-4": {
            "type": "testimonial",
            "settings": {
              "title": "What a delight to find you!",
              "description": "<p>\"I just wanted to thank you for the impeccable service from you and your staff...I will always look forward to shopping at your store.\"<\/p>",
              "footer": "<p>Linnie H. Canada<\/p>",
              "image_text": "<p>Hoodie with pocket<\/p>",
              "product": ""
            }
          },
          "16266678061094e5ec-5": {
            "type": "testimonial",
            "settings": {
              "title": "Great stuffs for kids.",
              "description": "<p>\"If we ever have an opportunity to recommend you, we definitely would do so as we felt your service was excellent.\"<\/p>",
              "footer": "<p>Zeferino G. Ukraine<\/p>",
              "image_text": "<p>Scoop-Back Cotton<\/p>",
              "product": ""
            }
          }
        },
        "block_order": [
          "16266678061094e5ec-0",
          "16266678061094e5ec-1",
          "16266678061094e5ec-2",
          "16266678061094e5ec-3",
          "16266678061094e5ec-4",
          "16266678061094e5ec-5"
        ],
        "settings": {
          "heading": "<span style=\"background:#EAF1F0;\">Our Lovely Customers<\/span>",
          "subheading": "",
          "description": "",
          "header_alignment": "center",
          "container": "w-full",
          "background_color": "#eaf1f0",
          "design": "testimonials-1",
          "show_stars": true,
          "autorotate": false,
          "show_navigation": false,
          "show_pagination": true,
          "star_color": "#e1927f",
          "custom_class": "sf__index-testimonial"
        }
      },
      "16266680688d0606ca": {
        "type": "brands-list",
        "blocks": {
          "16266680688d0606ca-0": {
            "type": "image",
            "settings": {
              "image_link": "",
              "max_width": ""
            }
          },
          "16266680688d0606ca-3": {
            "type": "image",
            "settings": {
              "image_link": "",
              "max_width": ""
            }
          },
          "16266680688d0606ca-1": {
            "type": "image",
            "settings": {
              "image_link": "",
              "max_width": ""
            }
          },
          "16266680688d0606ca-2": {
            "type": "image",
            "settings": {
              "image_link": "",
              "max_width": ""
            }
          },
          "ea03c524-fb9f-406c-ae8e-075a0c5478a4": {
            "type": "image",
            "settings": {
              "image_link": "",
              "max_width": ""
            }
          },
          "b749c896-1f5c-4b45-a39d-f9cc6d72fe2c": {
            "type": "image",
            "settings": {
              "image_link": "",
              "max_width": ""
            }
          },
          "5f883831-126e-46df-8698-b310b801801c": {
            "type": "image",
            "settings": {
              "image_link": "",
              "max_width": ""
            }
          },
          "4bf7e8d5-e2e8-4420-844e-205b26c9c701": {
            "type": "image",
            "settings": {
              "image_link": "",
              "max_width": ""
            }
          },
          "2ff340b7-261d-4c8c-955a-5bc392af3ca8": {
            "type": "image",
            "settings": {
              "image_link": "",
              "max_width": ""
            }
          },
          "37702096-cb03-4162-abd2-ebf675080a26": {
            "type": "image",
            "settings": {
              "image_link": "",
              "max_width": ""
            }
          }
        },
        "block_order": [
          "16266680688d0606ca-0",
          "16266680688d0606ca-3",
          "16266680688d0606ca-1",
          "16266680688d0606ca-2",
          "ea03c524-fb9f-406c-ae8e-075a0c5478a4",
          "b749c896-1f5c-4b45-a39d-f9cc6d72fe2c",
          "5f883831-126e-46df-8698-b310b801801c",
          "4bf7e8d5-e2e8-4420-844e-205b26c9c701",
          "2ff340b7-261d-4c8c-955a-5bc392af3ca8",
          "37702096-cb03-4162-abd2-ebf675080a26"
        ],
        "settings": {
          "heading": "<span>Shop by Brands<\/span>",
          "subheading": "",
          "header_alignment": "center",
          "container": "container",
          "background_color": "rgba(0,0,0,0)",
          "item_per_row": 5,
          "enable_slider": true,
          "autorotate": true,
          "autorotate_speed": 3,
          "custom_class": ""
        }
      },
      "162666834017f027c8": {
        "type": "image-with-text-2",
        "settings": {
          "container": "container",
          "hero_size": "medium",
          "show_overlay": false,
          "bg_position": "center",
          "parallax": false,
          "content_in_container": false,
          "content_position": "left middle",
          "text_alignment": "left",
          "text_size": "medium",
          "text_color": "dark",
          "title": "<span>Baby Dreamy<br> Bedroom.<\/span>",
          "subtitle": "",
          "text": "<p>We believe in crafting pieces where<br\/> sustainability and style go hand in hand. <\/p>",
          "button_label": "Shop now",
          "button_link": "",
          "button_style": "sf__btn-primary",
          "button_size": "",
          "custom_class": "sf__index-hero"
        }
      },
      "16266686176ae44d75": {
        "type": "instagram",
        "settings": {
          "heading": "",
          "subheading": "",
          "description": "",
          "header_alignment": "center",
          "container": "w-full",
          "background_color": "rgba(0,0,0,0)",
          "layout": "grid",
          "images_count": 5,
          "grid_columns": 5,
          "gap": 0,
          "mobile_gap": 16,
          "profile": "https:\/\/www.instagram.com\/minimog.trendy\/",
          "button_label": "",
          "custom_class": "sf__index-instagram"
        }
      },
      "mobile-sticky-bar": {
        "type": "mobile-sticky-bar",
        "settings": {
          "show_mobile_sticky": true,
          "show_home_icon": true,
          "show_collection_icon": true,
          "show_cart_icon": true,
          "show_search_icon": true,
          "show_account_icon": false,
          "show_wishlist_icon": false
        }
      }
    },
    "content_for_index": [
      "16266647175adfb89e",
      "1626665283ed396dee",
      "1626666939bd2f2b78",
      "1626667192597d558b",
      "1626667260ba28a0c1",
      "16266678061094e5ec",
      "16266680688d0606ca",
      "162666834017f027c8",
      "16266686176ae44d75"
    ]
  },
  "presets": {
    "Default": {
      "sections": {
        "featured-collection": {
          "type": "featured-collection",
          "settings": {
            "collection": "frontpage"
          }
        },
        "featured-product": {
          "type": "featured-product",
          "settings": {
          }
        }
      },
      "content_for_index": [
        "featured-collection",
        "featured-product"
      ]
    }
  }
}