{
  "current": {
    "favicon": "shopify:\/\/shop_images\/fav_icon_dark_1.png",
    "container_width": 1280,
    "container_fluid_offset": 65,
    "color_primary": "#000",
    "color_sub_text": "#666666",
    "color_btn_bg_hover": "#000000",
    "color_annoucement_bg": "#da3f3f",
    "color_annoucement_text": "#ffffff",
    "color_topbar_bg": "#000000",
    "color_header_bg": "#ffffff",
    "color_header_link": "#000000",
    "color_header_transparent": "#fff",
    "bg_cart_wishlist_count": "#da3f3f",
    "color_footer_bg": "#f5f5f5",
    "color_footer_text": "#000",
    "color_footer_link": "#666666",
    "color_footer_link_hover": "#000000",
    "color_footer_bottom_bg": "#f5f5f5",
    "color_border": "#d9d9d9",
    "img_overlay_opacity": 20,
    "use_custom_font_body": true,
    "custom_body_font": "https:\/\/cdn.shopify.com\/s\/files\/1\/0561\/2742\/2636\/files\/Jost-Light.ttf?v=1618297125@300\nhttps:\/\/cdn.shopify.com\/s\/files\/1\/0561\/2742\/2636\/files\/Jost-Regular.ttf?v=1618297125@400\nhttps:\/\/cdn.shopify.com\/s\/files\/1\/0561\/2742\/2636\/files\/Jost-Medium.ttf?v=1618297125@500\nhttps:\/\/cdn.shopify.com\/s\/files\/1\/0561\/2742\/2636\/files\/Jost-SemiBold.ttf?v=1618297125@600\nhttps:\/\/cdn.shopify.com\/s\/files\/1\/0561\/2742\/2636\/files\/Jost-Bold.ttf?v=1618297125@700",
    "use_custom_font_heading": true,
    "custom_heading_font": "https:\/\/cdn.shopify.com\/s\/files\/1\/0561\/2742\/2636\/files\/Jost-Light.ttf?v=1618297125@300\nhttps:\/\/cdn.shopify.com\/s\/files\/1\/0561\/2742\/2636\/files\/Jost-Regular.ttf?v=1618297125@400\nhttps:\/\/cdn.shopify.com\/s\/files\/1\/0561\/2742\/2636\/files\/Jost-Medium.ttf?v=1618297125@500\nhttps:\/\/cdn.shopify.com\/s\/files\/1\/0561\/2742\/2636\/files\/Jost-SemiBold.ttf?v=1618297125@600\nhttps:\/\/cdn.shopify.com\/s\/files\/1\/0561\/2742\/2636\/files\/Jost-Bold.ttf?v=1618297125@700",
    "show_vendor": false,
    "product_colors": "red: #FF6961,\nyellow: #FDDA76,\nblack: #000000,\nblack band: #000000,\nblue: #8DB4D2,\ngreen: #C1E1C1,\npurple: #B19CD9,\nsilver: #EEEEEF,\nwhite: #FFFFFF,\nbrown: #836953,\nlight brown: #B5651D,\ndark turquoise: #23cddc,\norange: #FFB347,\ntan: #E9D1BF,\nviolet: #B490B0,\npink: #FFD1DC,\ngrey: #E0E0E0,\nsky: #96BDC6,\npale leaf: #CCD4BF,\nlight blue: #b1c5d4,\ndark grey: #aca69f,\nbeige: #EBE6DB,\nbeige band: #EED9C4,\ndark blue: #063e66,\ncream: #FFFFCC,\nlight pink: #FBCFCD,\nmint: #bedce3,\ndark gray: #3A3B3C,\nrosy brown: #c4a287,\nlight grey:#D3D3D3,\ncopper: #B87333,\nrose gold: #ECC5C0,\nnight blue: #151B54,\ncoral: #FF7F50,\nlight purple: #C6AEC7",
    "social_twitter_link": "https:\/\/twitter.com\/home",
    "social_facebook_link": "https:\/\/facebook.com\/",
    "social_pinterest_link": "https:\/\/pinterest.com\/",
    "social_instagram_link": "https:\/\/instagram.com\/",
    "wishlist_page": "",
    "product_compare_page": "",
    "gm_api": "",
    "instagram_token": "",
    "custom_css": ".hero-heading {\n  font-size: 100px;\n  font-weight: 800;\n  letter-spacing: 12.5px;\n  text-transform: uppercase;\n}\n.sf-slider__arrows button {\n  border-color: white;\n}\n.sf__slide-footer {\n  font-weight: 600;\n}\n.sf-slider__arrows button svg path {\n  fill: #fff;\n}\n\n.sf-custom .sf__pcard-vendor {\n  display: none;\n}\n.sf-custom .sf__pcard-content {\n  margin-top: 20px;\n}\n.sf__newsletter-section .section-my {\n  margin-bottom: 0;\n}\n.sf__index-collection-list sup {\n  top: -1em;\n  right: -0.2em;\n}\n\n.sf-testimonials .section__heading {\n  font-size: 20px;\n}\n.sf__footer-block-our_store .social-media-links {\n  margin: 0px -28px;\n  margin-top: 25px;\n}\n.sf__footer-block-our_store .social-media-links a {\n  padding: 0 20px;\n}\n.sf__index-icon-box-1 {\n  border-top: 1px solid #eeeeee;\n}\n.sf__index-icon-box-1 .section-py {\n  padding-top: 40px;\n  padding-bottom: 40px;\n}\n.sf__index-icon-box-1 .sf-icon-box__text h3 {\n  font-weight: 500;\n  font-size: 20px;\n}\n.sf__index-icon-box-1 .sf-icon-box__text .rte {\n  color: #777777;\n}\n.sf__index-collection-list .collection-card__info h3:hover {\n  color: #666666;\n}\n@media (min-width: 768px) {\n  .sf__index-collection-list .section-my {\n    margin-top: 30px;\n  }\n}\n\n@media screen and (max-width: 767px) {\n  .sf__index-icon-box-1 {\n    border-top: 0;\n  }\n  .sf__index-icon-box-1 .section-py {\n    padding-top: 0;\n  }\n  .sf__index-collection-list .section__header {\n    text-align: center;\n  }\n  .sf__index-collection-list .section__header .section__description {\n    display: none;\n  }\n  .sf__index-slideshow .sf__slide-content--mobile h2 {\n    font-weight: 800;\n    font-size: 36px;\n    line-height: 52px;\n    letter-spacing: 5px;\n    text-transform: uppercase;\n  }\n}\n\n@media (max-width: 576px) {\n  .sf__index-slideshow .sf__btn-primary,\n  .sf__index-product-tab .sf__btn-primary {\n    width: 100%;\n  }\n}",
    "sale_popup_collection": "sale",
    "size_chart": "size-guide",
    "sections": {
      "page-faqs": {
        "type": "page-faqs",
        "blocks": {
          "2802736b-f08f-4510-a4f7-4ad7d748992d": {
            "type": "content",
            "settings": {
              "content": "<div class=\"mb-10\"><img src=\"https:\/\/cdn.shopify.com\/s\/files\/1\/0561\/2742\/2636\/files\/faqs.jpg?v=1620784288\"><\/div>\n<h3 class=\"font-medium text-xl mb-4\">Awkwardness gives me great comfort. I’ve never been cool, but I’ve felt cool. I’ve been in the cool place, but I wasn’t really cool – I was trying to pass for hip or cool.<\/h3>\n<p>A girl should be two things: classy and fabulous. I am convinced that there can be luxury in simplicity. I wanted to dress the woman who lives and works, not the woman in a painting. It’s hard to balance everything. It’s always challenging. My relationships with producers or photographers – these are relationships that took years. I can’t get sucked into that celebrity thing, because I think it’s just crass. My aim is to make the poor look rich.<\/p>"
            }
          },
          "4e151238-4480-4122-b893-7f4a19886e4c": {
            "type": "accordion",
            "settings": {
              "title": "What shipping methods are availbale?",
              "content": "<p>Lorem ipsum dolor sit amet conse ctetur adipisicing elit, sed do eiusmod tempor incididunt ut labore et dolore magna aliqua. Ut enim ad minim veniam, quis nostrud exercitation ullamco laboris nisi ut aliquip ex ea commodo consequat. Duis aute irure dolor in reprehenderit in voluptate velit esse cillum dolore eu fugiat.<br\/><br\/>Ut enim ad minim veniam, quis nostrud exercitation ullamco laboris nisi ut aliquip ex ea commodo consequat. Duis aute irure dolor in reprehenderit.<\/p>",
              "open": true
            }
          },
          "c5d4d04d-f6c1-4d1e-99f0-3c221393a3cf": {
            "type": "accordion",
            "settings": {
              "title": "How long will it take to get my package?",
              "content": "<p>Lorem ipsum dolor sit amet conse ctetur adipisicing elit, sed do eiusmod tempor incididunt ut labore et dolore magna aliqua. Ut enim ad minim veniam, quis nostrud exercitation ullamco laboris nisi ut aliquip.<\/p>",
              "open": false
            }
          },
          "0131747b-8b40-432f-b634-b1289ec41911": {
            "type": "accordion",
            "settings": {
              "title": "Do you ship internationally?",
              "content": "<p>Lorem ipsum dolor sit amet conse ctetur adipisicing elit, sed do eiusmod tempor incididunt ut labore et dolore magna aliqua. Ut enim ad minim veniam, quis nostrud exercitation ullamco laboris nisi ut aliquip.<\/p>",
              "open": false
            }
          },
          "5d7206e9-5375-4da6-9a1f-24e1c46230b0": {
            "type": "accordion",
            "settings": {
              "title": "What payment methods are accepted?",
              "content": "<p>Lorem ipsum dolor sit amet conse ctetur adipisicing elit, sed do eiusmod tempor incididunt ut labore et dolore magna aliqua. Ut enim ad minim veniam, quis nostrud exercitation ullamco laboris nisi ut aliquip ex ea commodo consequat. Duis aute irure dolor in reprehenderit in voluptate velit esse cillum dolore eu fugiat.<\/p>",
              "open": false
            }
          },
          "4008f61e-055e-42ba-8969-cb3715c0aece": {
            "type": "accordion",
            "settings": {
              "title": "Is buying on-line safe?",
              "content": "<p>Lorem ipsum dolor sit amet conse ctetur adipisicing elit, sed do eiusmod tempor incididunt ut labore et dolore magna aliqua. Ut enim ad minim veniam, quis nostrud exercitation ullamco laboris nisi ut aliquip.<\/p>",
              "open": false
            }
          }
        },
        "block_order": [
          "2802736b-f08f-4510-a4f7-4ad7d748992d",
          "4e151238-4480-4122-b893-7f4a19886e4c",
          "c5d4d04d-f6c1-4d1e-99f0-3c221393a3cf",
          "0131747b-8b40-432f-b634-b1289ec41911",
          "5d7206e9-5375-4da6-9a1f-24e1c46230b0",
          "4008f61e-055e-42ba-8969-cb3715c0aece"
        ],
        "settings": {
          "menu": "faqs-menu"
        }
      },
      "collection-list-template": {
        "type": "collection-list-template",
        "blocks": {
          "f13901cd-9700-4d24-b465-25430b07b611": {
            "type": "collection_item",
            "settings": {
              "collection": "dress",
              "image": "shopify:\/\/shop_images\/mb-1.jpg"
            }
          },
          "dc2d8422-a0fc-4a81-818e-925900842b5a": {
            "type": "collection_item",
            "settings": {
              "collection": "leather-boots",
              "image": "shopify:\/\/shop_images\/ic-2_52c41689-f40b-4287-97c6-1957f415bfd3.jpg"
            }
          },
          "9c5c8c45-1db7-4029-b3b2-2372acce1502": {
            "type": "collection_item",
            "settings": {
              "collection": "sunglasses",
              "image": "shopify:\/\/shop_images\/bitmap_2x_21.jpg"
            }
          },
          "c47aa98f-b079-40d9-b574-b1c6ef4078ff": {
            "type": "collection_item",
            "settings": {
              "collection": "hand-bag",
              "image": "shopify:\/\/shop_images\/bitmap_3x_6.jpg"
            }
          },
          "18e52a82-e7e9-4046-9ac2-91fd4d273f21": {
            "type": "collection_item",
            "settings": {
              "collection": "denim-pants",
              "image": "shopify:\/\/shop_images\/bitmap_3x_5.jpg"
            }
          }
        },
        "block_order": [
          "f13901cd-9700-4d24-b465-25430b07b611",
          "dc2d8422-a0fc-4a81-818e-925900842b5a",
          "9c5c8c45-1db7-4029-b3b2-2372acce1502",
          "c47aa98f-b079-40d9-b574-b1c6ef4078ff",
          "18e52a82-e7e9-4046-9ac2-91fd4d273f21"
        ],
        "settings": {
          "title": "All collection",
          "description": "<p>Posuere in netus a eu varius adipiscing suspendisse elementum vitae<br\/>tempor suspendisse ullamcorper aenean taciti morbi potenti.<\/p>"
        }
      },
      "brand-page-header": {
        "type": "brand-page-header",
        "blocks": {
          "09dfe2e1-10c2-4cee-a033-a90b143c85f3": {
            "type": "information",
            "settings": {
              "collection": "retrolie",
              "logo": "shopify:\/\/shop_images\/1.png",
              "content": "<p>Developed by Goop founder, wellness advocate and - academy award-winner, Gwyneth Paltrow, this high performing skincare line is where luxury formulas meet pure organic ingredients and the results are skin-changing. <\/p><p>Goop is passionate about the idea that beauty comes from the inside out. So they use clinically proven and best-in-class ingredients at active levels to create skin care, skin-boosting ingestibles, and body essentials that are luxurious, deliver high-performance results, and enliven the senses with exquisite textures and beautiful scents.<\/p>",
              "image_1": "shopify:\/\/shop_images\/1_8e8151b6-3555-4abf-8dd6-5347182bbcd0.jpg",
              "image_2": "shopify:\/\/shop_images\/2_9a1b3099-775a-4093-9ece-6cfaa04a06fe.jpg",
              "image_3": "shopify:\/\/shop_images\/3_7b9fc65c-8202-4449-a828-d03ac03c6d38.jpg"
            }
          },
          "c8ee188c-a84f-4cf2-a8af-aacb9bf78785": {
            "type": "information",
            "settings": {
              "collection": "abby",
              "logo": "shopify:\/\/shop_images\/2.png",
              "content": "<p>Developed by Goop founder, wellness advocate and - academy award-winner, Gwyneth Paltrow, this high performing skincare line is where luxury formulas meet pure organic ingredients and the results are skin-changing. <\/p><p>Goop is passionate about the idea that beauty comes from the inside out. So they use clinically proven and best-in-class ingredients at active levels to create skin care, skin-boosting ingestibles, and body essentials that are luxurious, deliver high-performance results, and enliven the senses with exquisite textures and beautiful scents.<\/p>",
              "image_1": "shopify:\/\/shop_images\/4.jpg",
              "image_2": "shopify:\/\/shop_images\/5.jpg",
              "image_3": "shopify:\/\/shop_images\/6.jpg"
            }
          },
          "e56a3991-3115-47d4-b7e6-43e962712fc6": {
            "type": "information",
            "settings": {
              "collection": "minimog",
              "logo": "shopify:\/\/shop_images\/3.png",
              "content": "<p>Developed by Goop founder, wellness advocate and - academy award-winner, Gwyneth Paltrow, this high performing skincare line is where luxury formulas meet pure organic ingredients and the results are skin-changing. <\/p><p>Goop is passionate about the idea that beauty comes from the inside out. So they use clinically proven and best-in-class ingredients at active levels to create skin care, skin-boosting ingestibles, and body essentials that are luxurious, deliver high-performance results, and enliven the senses with exquisite textures and beautiful scents.<\/p>",
              "image_1": "shopify:\/\/shop_images\/7.jpg",
              "image_2": "shopify:\/\/shop_images\/8.jpg",
              "image_3": "shopify:\/\/shop_images\/9.jpg"
            }
          },
          "98bac8d0-393b-4f50-91b8-052a49e29dd0": {
            "type": "information",
            "settings": {
              "collection": "brook",
              "logo": "shopify:\/\/shop_images\/4.png",
              "content": "<p>Developed by Goop founder, wellness advocate and - academy award-winner, Gwyneth Paltrow, this high performing skincare line is where luxury formulas meet pure organic ingredients and the results are skin-changing. <\/p><p>Goop is passionate about the idea that beauty comes from the inside out. So they use clinically proven and best-in-class ingredients at active levels to create skin care, skin-boosting ingestibles, and body essentials that are luxurious, deliver high-performance results, and enliven the senses with exquisite textures and beautiful scents.<\/p>",
              "image_1": "shopify:\/\/shop_images\/10.jpg",
              "image_2": "shopify:\/\/shop_images\/11.jpg",
              "image_3": "shopify:\/\/shop_images\/12.jpg"
            }
          },
          "2b4a1841-6d7a-468b-ba3b-a5fd307cf9aa": {
            "type": "information",
            "settings": {
              "collection": "learts",
              "logo": "shopify:\/\/shop_images\/5.png",
              "content": "<p>Developed by Goop founder, wellness advocate and - academy award-winner, Gwyneth Paltrow, this high performing skincare line is where luxury formulas meet pure organic ingredients and the results are skin-changing. <\/p><p>Goop is passionate about the idea that beauty comes from the inside out. So they use clinically proven and best-in-class ingredients at active levels to create skin care, skin-boosting ingestibles, and body essentials that are luxurious, deliver high-performance results, and enliven the senses with exquisite textures and beautiful scents.<\/p>",
              "image_1": "shopify:\/\/shop_images\/13.jpg",
              "image_2": "shopify:\/\/shop_images\/14.jpg",
              "image_3": "shopify:\/\/shop_images\/15.jpg"
            }
          },
          "b54aa75a-c232-474e-9d92-2027e31cd066": {
            "type": "information",
            "settings": {
              "collection": "vagabond",
              "logo": "shopify:\/\/shop_images\/6.png",
              "content": "<p>Developed by Goop founder, wellness advocate and - academy award-winner, Gwyneth Paltrow, this high performing skincare line is where luxury formulas meet pure organic ingredients and the results are skin-changing. <\/p><p>Goop is passionate about the idea that beauty comes from the inside out. So they use clinically proven and best-in-class ingredients at active levels to create skin care, skin-boosting ingestibles, and body essentials that are luxurious, deliver high-performance results, and enliven the senses with exquisite textures and beautiful scents.<\/p>",
              "image_1": "shopify:\/\/shop_images\/16.jpg",
              "image_2": "shopify:\/\/shop_images\/17.jpg",
              "image_3": "shopify:\/\/shop_images\/18.jpg"
            }
          }
        },
        "block_order": [
          "09dfe2e1-10c2-4cee-a033-a90b143c85f3",
          "c8ee188c-a84f-4cf2-a8af-aacb9bf78785",
          "e56a3991-3115-47d4-b7e6-43e962712fc6",
          "98bac8d0-393b-4f50-91b8-052a49e29dd0",
          "2b4a1841-6d7a-468b-ba3b-a5fd307cf9aa",
          "b54aa75a-c232-474e-9d92-2027e31cd066"
        ],
        "settings": {
          "show_breadcrumb": false
        }
      },
      "collection-list": {
        "type": "collection-list",
        "settings": {
        }
      },
      "featured-collection": {
        "type": "featured-collection",
        "settings": {
          "collection": "frontpage"
        }
      },
      "featured-product": {
        "type": "featured-product",
        "settings": {
        }
      },
      "slider": {
        "type": "slider",
        "settings": {
        }
      },
      "header": {
        "type": "header",
        "blocks": {
          "87cb8032-e514-4021-8f93-3097c2eb2d0a": {
            "type": "banner",
            "settings": {
              "heading": "Shop",
              "container": "container",
              "banner_style": "outside",
              "banner_link": "",
              "banner_title": "The New - Season Shoes Edit",
              "banner_desc": "",
              "banner_button_text": "Shop Now"
            }
          },
          "d2a010ba-7846-4215-8250-43aab74bf0ce": {
            "type": "custom_html",
            "settings": {
              "heading": "Home",
              "container": "container",
              "html": ""
            }
          },
          "64d3ad53-b1b2-455c-b32f-a193482589f2": {
            "type": "product-list",
            "settings": {
              "heading": "Products",
              "container": "container-fluid",
              "stretch_width": false,
              "collection": "this-weeks-highlights",
              "limit": 6,
              "columns": 2
            }
          },
          "8510ad1c-e6c3-47fe-802a-45f1f526831f": {
            "type": "custom_html",
            "settings": {
              "heading": "Features",
              "container": "inherit",
              "html": ""
            }
          }
        },
        "block_order": [
          "87cb8032-e514-4021-8f93-3097c2eb2d0a",
          "d2a010ba-7846-4215-8250-43aab74bf0ce",
          "64d3ad53-b1b2-455c-b32f-a193482589f2",
          "8510ad1c-e6c3-47fe-802a-45f1f526831f"
        ],
        "settings": {
          "header_design": "both-center",
          "container": "container-fluid",
          "header_sticky": true,
          "transparent_on_top": false,
          "logo_text": "MINIMOG",
          "logo_max_width": 145,
          "sticky_logo_max_width": 145,
          "mobile_logo_max_width": 105,
          "main_menu": "main-menu",
          "secondary_menu": "",
          "uppercase_parent_level": false,
          "search": "show_icon",
          "show_account_icon": true,
          "show_cart_icon": true,
          "show_wishlist_icon": true,
          "show_compare_icon": false,
          "show_currency_switcher": false,
          "show_language_switcher": false
        }
      },
      "footer": {
        "type": "footer",
        "blocks": {
          "d5978e13-bd48-4f66-bbbe-5b0e5bb800f5": {
            "type": "menu",
            "settings": {
              "menu": "main-menu",
              "title": "Information",
              "width": "25%"
            }
          },
          "85209d5e-c364-489f-8320-73d204b3ed46": {
            "type": "menu",
            "settings": {
              "menu": "main-menu",
              "title": "Infomation",
              "width": "25%"
            }
          },
          "2ee21f20-d453-41c0-8790-33d7e91a3109": {
            "type": "menu",
            "settings": {
              "menu": "main-menu",
              "title": "Services",
              "width": "25%"
            }
          },
          "80a81eee-1122-4e6d-a5e4-265fd964b642": {
            "type": "menu",
            "settings": {
              "menu": "main-menu",
              "title": "Collections",
              "width": "25%"
            }
          },
          "bd03599d-4211-4af4-afd3-ee5cc5f1d418": {
            "type": "our_store",
            "settings": {
              "title": "Social Media",
              "description": "",
              "show_email": false,
              "show_phone": false,
              "show_socials_link": true,
              "width": "25%"
            }
          }
        },
        "block_order": [
          "d5978e13-bd48-4f66-bbbe-5b0e5bb800f5",
          "85209d5e-c364-489f-8320-73d204b3ed46",
          "2ee21f20-d453-41c0-8790-33d7e91a3109",
          "80a81eee-1122-4e6d-a5e4-265fd964b642",
          "bd03599d-4211-4af4-afd3-ee5cc5f1d418"
        ],
        "settings": {
          "design": "footer-1",
          "container": "container-fluid",
          "bordered": false,
          "copyright": "© MINIMOG 2021",
          "show_currency_selector": false,
          "show_language_selector": false,
          "show_social_links": false,
          "show_payment_icons": true
        }
      },
      "16184552193b4706ec": {
        "type": "slider",
        "blocks": {
          "16184552193b4706ec-0": {
            "type": "slider_item",
            "settings": {
              "image_alignment": "center middle",
              "content_in_container": false,
              "content_position": "center middle",
              "text_alignment": "center",
              "text_size": "large",
              "text_color": "white",
              "subheading": "",
              "title": "<span class=\"hero-heading\">sweaters.<\/span>",
              "description": "",
              "button_text": "Shop now",
              "button_link": "shopify:\/\/collections\/braided-sandals",
              "button_style": "sf__btn-primary",
              "button_size": "",
              "show_footer": true,
              "footer_alignment": "center",
              "footer_text": "* Sign up for 10% off your first order. Valid within two days of signup.",
              "footer_button": "",
              "footer_link": ""
            }
          },
          "16184552193b4706ec-1": {
            "type": "slider_item",
            "settings": {
              "image_alignment": "center middle",
              "content_in_container": false,
              "content_position": "center middle",
              "text_alignment": "center",
              "text_size": "large",
              "text_color": "white",
              "subheading": "",
              "title": "<span class=\"hero-heading\">Pants.<\/span>",
              "description": "",
              "button_text": "Shop now",
              "button_link": "shopify:\/\/collections\/leather-boots",
              "button_style": "sf__btn-primary",
              "button_size": "",
              "show_footer": true,
              "footer_alignment": "center",
              "footer_text": "* Sign up for 10% off your first order. Valid within two days of signup.",
              "footer_button": "",
              "footer_link": ""
            }
          },
          "16184552193b4706ec-2": {
            "type": "slider_item",
            "settings": {
              "image_alignment": "center middle",
              "content_in_container": false,
              "content_position": "center middle",
              "text_alignment": "center",
              "text_size": "large",
              "text_color": "white",
              "subheading": "",
              "title": "<span class=\"hero-heading\">coats.<\/span>",
              "description": "",
              "button_text": "Shop now",
              "button_link": "",
              "button_style": "sf__btn-primary",
              "button_size": "",
              "show_footer": true,
              "footer_alignment": "center",
              "footer_text": "* Sign up for 10% off your first order. Valid within two days of signup.",
              "footer_button": "",
              "footer_link": ""
            }
          }
        },
        "block_order": [
          "16184552193b4706ec-0",
          "16184552193b4706ec-1",
          "16184552193b4706ec-2"
        ],
        "settings": {
          "container": "w-full",
          "slideshow_height": "fullscreen",
          "show_overlay": false,
          "dots_position": "right",
          "dots_color": "light",
          "show_dots": true,
          "show_arrows": false,
          "autorotate": true,
          "autorotate_speed": 5,
          "custom_class": "sf__index-slideshow"
        }
      },
      "16184584660def4136": {
        "type": "collection-list",
        "blocks": {
          "16184584660def4136-0": {
            "type": "collection_block",
            "settings": {
              "collection": "glasses-2",
              "title": "Glasses"
            }
          },
          "a6f03c42-db82-4239-a833-03e558db6f6c": {
            "type": "collection_block",
            "settings": {
              "collection": "bags",
              "title": "Leather bag"
            }
          },
          "16184584660def4136-1": {
            "type": "collection_block",
            "settings": {
              "collection": "home-bags-best-sellers",
              "title": "Jeans"
            }
          },
          "ac747298-a90b-4f75-9d7e-6ccde324d2cc": {
            "type": "collection_block",
            "settings": {
              "collection": "sunglasses",
              "title": ""
            }
          },
          "16184584660def4136-2": {
            "type": "collection_block",
            "settings": {
              "collection": "shoes",
              "title": ""
            }
          },
          "c1388d70-089c-4371-8d55-6b052bea45be": {
            "type": "collection_block",
            "settings": {
              "collection": "tops",
              "title": ""
            }
          },
          "5b708eff-95e3-49e6-98f5-be3e4f5dd2b0": {
            "type": "collection_block",
            "settings": {
              "collection": "coat-jacket",
              "title": ""
            }
          }
        },
        "block_order": [
          "16184584660def4136-0",
          "a6f03c42-db82-4239-a833-03e558db6f6c",
          "16184584660def4136-1",
          "ac747298-a90b-4f75-9d7e-6ccde324d2cc",
          "16184584660def4136-2",
          "c1388d70-089c-4371-8d55-6b052bea45be",
          "5b708eff-95e3-49e6-98f5-be3e4f5dd2b0"
        ],
        "settings": {
          "heading": "The Sonoma Collection",
          "subheading": "",
          "description": "Luxe, lightweight, and made with<br> the perfect blend of cashmere<br> and cotton,",
          "header_alignment": "left",
          "container": "container-fluid",
          "background_color": "#fbfaf9",
          "layout": "left-side",
          "card_style": "standard",
          "text_alignment": "left",
          "hover_effect": "scaling-down",
          "show_product_count": true,
          "count_inline_title": true,
          "image_rounded": false,
          "items_per_row": 3,
          "item_gap": 30,
          "enable_slider": true,
          "show_pagination": false,
          "show_navigation": true,
          "autorotate": false,
          "autorotate_speed": 5,
          "use_scroll_mobile": true,
          "mobile_gap": 16,
          "hidden_slide_control_mobile": true,
          "custom_class": "sf__index-collection-list"
        }
      },
      "collection-page-header": {
        "type": "collection-page-header",
        "settings": {
          "layout": "inside",
          "header_height": "medium",
          "text_alignment": "center",
          "vertical_alignment": "center",
          "bg_color": "#f5f5f5",
          "enable_parallax": true,
          "show_breadcrumb": true,
          "upper_title": false
        }
      },
      "collection-template": {
        "type": "collection-template",
        "blocks": {
          "19591d7d-e417-45a9-9c01-57ecf54ff32a": {
            "type": "filter",
            "settings": {
              "show_filtergroup": true,
              "use_accordion": false,
              "open_filtergroup": true,
              "design_filtergroup": "button",
              "title": "Size",
              "filtergroup": "XS,S,M,L,XL"
            }
          },
          "91b64806-d2fb-4be3-96ce-5a2b17653666": {
            "type": "filter",
            "settings": {
              "show_filtergroup": true,
              "use_accordion": false,
              "open_filtergroup": true,
              "design_filtergroup": "color",
              "title": "Colors",
              "filtergroup": "Blue, Red, White ,Black ,Pink ,Silver,Purple,Brown,Yellow,Grey,Green,Tan,Violet,Dark Grey,Beige,Light Blue, Dark Blue, Light Grey, Light Pink, Mint, Rose Gold, Night Blue, Copper, Coral, Rosy Brown"
            }
          },
          "5e360ec8-f8bd-41d3-9a2c-9e0529ff808d": {
            "type": "collection_list",
            "settings": {
              "show_collectionlist": true,
              "use_accordion": false,
              "open_collectionlist": true,
              "title": "Collections",
              "collectionlist_link": "collections"
            }
          },
          "87334a46-95b0-4517-b338-d3732f2b3670": {
            "type": "filter",
            "settings": {
              "show_filtergroup": true,
              "use_accordion": false,
              "open_filtergroup": true,
              "design_filtergroup": "default",
              "title": "Price",
              "filtergroup": "$0-$50,$50-$100,$100-$150,$150-$200,$200-$300,$300-$400"
            }
          },
          "80e70d46-625b-426d-95f9-cf770c96f127": {
            "type": "filter",
            "settings": {
              "show_filtergroup": true,
              "use_accordion": false,
              "open_filtergroup": true,
              "design_filtergroup": "default",
              "title": "Brands",
              "filtergroup": "Minimog,Retrolie,Abby,Brook,Learts,Vagabond"
            }
          },
          "41feee84-a04c-4ac6-b633-bc97cfaa4ebe": {
            "type": "filter",
            "settings": {
              "show_filtergroup": true,
              "use_accordion": false,
              "open_filtergroup": true,
              "design_filtergroup": "inrow",
              "title": "Tags",
              "filtergroup": "Dress,Tops,Shirts,Fashion,Hats,Sandal,Belt,Bags,Snacker,Denim,Minimog,Vagabond,Sunglasses, Beachwear,Vintage"
            }
          }
        },
        "block_order": [
          "19591d7d-e417-45a9-9c01-57ecf54ff32a",
          "91b64806-d2fb-4be3-96ce-5a2b17653666",
          "5e360ec8-f8bd-41d3-9a2c-9e0529ff808d",
          "87334a46-95b0-4517-b338-d3732f2b3670",
          "80e70d46-625b-426d-95f9-cf770c96f127",
          "41feee84-a04c-4ac6-b633-bc97cfaa4ebe"
        ],
        "settings": {
          "container": "container",
          "grid_layout": "grid",
          "grid_columns": "3",
          "pagination_limit": "12",
          "collection_paginate": "paginate",
          "show_filter": true,
          "sidebar": "leftColumn"
        }
      },
      "collection-brand": {
        "type": "collection-brand",
        "settings": {
          "container": "container-fluid",
          "grid_layout": "grid",
          "pagination_limit": "12",
          "grid_columns": "4",
          "collection_paginate": "paginate",
          "show_filter": true,
          "sidebar": "leftColumn"
        }
      },
      "product-template": {
        "type": "product-template",
        "settings": {
          "container": "container",
          "layout": "layout-6",
          "show_tags": false,
          "show_vendor": false,
          "show_sku": false,
          "show_categories": false,
          "show_reviews_count": true,
          "show_quantity_selector": true,
          "enable_dynamic_checkout": true,
          "hide_atc_button": false,
          "show_atwl": true,
          "show_atcp": true,
          "show_ask_a_question": true,
          "show_social": true,
          "show_live_views": true,
          "live_views_text": "<p><strong>{{count_number}}<\/strong> <strong>people<\/strong> are viewing this right now<\/p>",
          "live_views_range": "20-30",
          "live_view_duration": "10",
          "live_view_icon_blinks": true,
          "show_delivery_times": true,
          "deliver_text": "<p><strong>Estimated Delivery:<\/strong><\/p>",
          "deliver_days": "3",
          "show_shipping_text": true,
          "shipping_text": "<p>Guarantee safe & secure checkout<\/p>",
          "show_trust_badges": true,
          "trust_badges_text": "<p><strong>Secured and trusted<\/strong> checkout with:<\/p>",
          "trust_badges_image": "shopify:\/\/shop_images\/trustbag.png",
          "trust_badges_image_width": "320px",
          "use_sticky_atc": true,
          "sticky_atc_wishtlist": false,
          "sticky_atc_compare": false
        }
      },
      "product-details-tabs": {
        "type": "product-details-tabs",
        "blocks": {
          "a6bb919c-5871-435e-b462-3d7d76a61ea3": {
            "type": "description",
            "settings": {
              "header": "Product description"
            }
          },
          "3c7ac6d2-299b-4615-8849-98f55303bc39": {
            "type": "tab",
            "settings": {
              "header": "Shipping & Return",
              "content": "<p>So beautiful you’ll want to show it off, so comfortable you’ll forget it’s there. Our 24\/7™ Lace Contour Plunge Bra combines gorgeous floral lace with sheer overlay straps that hold you in and eliminates gaping. Removable pads let you customize you<\/p>"
            }
          },
          "d4d9b3b7-1ff6-40f7-a66f-33e011da895f": {
            "type": "reviews",
            "settings": {
              "header": "Product reviews"
            }
          }
        },
        "block_order": [
          "a6bb919c-5871-435e-b462-3d7d76a61ea3",
          "3c7ac6d2-299b-4615-8849-98f55303bc39",
          "d4d9b3b7-1ff6-40f7-a66f-33e011da895f"
        ],
        "settings": {
          "show_product_tabs": false,
          "container": "container",
          "bg_color": "rgba(0,0,0,0)"
        }
      },
      "product-reviews": {
        "type": "product-reviews",
        "settings": {
          "show_product_reviews": false,
          "container": "container-narrow",
          "heading": "Ratings and Reviews"
        }
      },
      "product-recommendations": {
        "type": "product-recommendations",
        "settings": {
          "show_product_recommendations": true,
          "container": "container",
          "heading": "You Might Also Like",
          "limit": 8,
          "columns": 4,
          "column_gap": 30,
          "enable_slider": true
        }
      },
      "contact-information": {
        "type": "contact-information",
        "blocks": {
          "617e31a9-c3f0-4802-8e16-083625b85486": {
            "type": "textblock",
            "settings": {
              "title": "Message",
              "content": "<p>Send us a text & an ambassador will respond when available.<\/p><p>1-814-251-9966<\/p>"
            }
          },
          "12d291b5-0067-44f0-ab51-1c80c04732f3": {
            "type": "textblock",
            "settings": {
              "title": "Address",
              "content": "<p>7895 Piermont Dr NE Albuquerque, NM 198866, <a href=\"#\">See Our Stores<\/a><\/p>"
            }
          },
          "a67e3fef-dd7b-4a4a-b099-274917bfed5b": {
            "type": "textblock",
            "settings": {
              "title": "We're Open",
              "content": "<p>Our store has re-opened for shopping, exchanges<\/p><p>Every day 11am to 7pm<\/p>"
            }
          },
          "2c314423-2cc3-41a4-af84-778116678877": {
            "type": "socialmedia",
            "settings": {
              "title": "Social Media"
            }
          }
        },
        "block_order": [
          "617e31a9-c3f0-4802-8e16-083625b85486",
          "12d291b5-0067-44f0-ab51-1c80c04732f3",
          "a67e3fef-dd7b-4a4a-b099-274917bfed5b",
          "2c314423-2cc3-41a4-af84-778116678877"
        ],
        "settings": {
        }
      },
      "maps": {
        "type": "maps",
        "settings": {
          "textx": "40.6700",
          "texty": "-73.9400",
          "zoom": "11",
          "text2": "New York"
        }
      },
      "contact-template": {
        "type": "contact-template",
        "settings": {
          "title": "We would love to hear from you.",
          "description": "<p>If you’ve got great products your making or looking to work with us then drop us a line.<\/p>"
        }
      },
      "product-details-accordion": {
        "type": "product-details-accordion",
        "blocks": {
          "2f3c88b1-f966-4cec-95fd-3fcf23d2f7d1": {
            "type": "description",
            "settings": {
              "header": "Product description"
            }
          },
          "4973faaa-bf67-4056-a090-22ed4cdf92d9": {
            "type": "item",
            "settings": {
              "header": "Shipping & Return",
              "content": "<p>Shipping cost is based on weight. Just add products to your cart and use the Shipping Calculator to see the shipping price.<\/p><p>We want you to be 100% satisfied with your purchase. Items can be returned or exchanged within 30 days of delivery.<\/p>"
            }
          },
          "1c65c1ad-948a-4aaf-b74f-7b5403149c4b": {
            "type": "reviews",
            "settings": {
              "header": "Product reviews"
            }
          }
        },
        "block_order": [
          "2f3c88b1-f966-4cec-95fd-3fcf23d2f7d1",
          "4973faaa-bf67-4056-a090-22ed4cdf92d9",
          "1c65c1ad-948a-4aaf-b74f-7b5403149c4b"
        ],
        "settings": {
          "show_accordion": true,
          "use_container": false,
          "position": "bottom_info"
        }
      },
      "recent-viewed-products": {
        "type": "recent-viewed-products",
        "settings": {
          "heading": "Recently Viewed Products",
          "container": "container",
          "columns": 4,
          "column_gap": 30,
          "enable_slider": true,
          "show_product_page": true,
          "show_cart_page": true,
          "show_collection_page": false
        }
      },
      "product-features": {
        "type": "product-features",
        "blocks": {
          "6e24200e-8c72-438b-9421-d4dcd7aa12e3": {
            "type": "feature",
            "settings": {
              "image": "shopify:\/\/shop_images\/Frame_1.png",
              "title": "Free Shipping",
              "description": "<p>Get complimentary ground shipping on every<br\/> order.Don’t love it? Send it back, on us.<\/p>",
              "link": ""
            }
          },
          "0fda86ff-2b46-45b6-b901-1abe40d02505": {
            "type": "feature",
            "settings": {
              "image": "shopify:\/\/shop_images\/Frame_2.png",
              "title": "Earn Points",
              "description": "<p>Join Minimog Rewards to earn gift cards<br\/>and enjoy exclusive member benefits.<\/p>",
              "link": ""
            }
          },
          "1316e8a6-507f-48bb-a805-89d4bdecaf65": {
            "type": "feature",
            "settings": {
              "image": "shopify:\/\/shop_images\/Frame_3.png",
              "title": "Money Back Gurantee",
              "description": "<p>We believe getting dressed should be the <br\/>easiest part of your day.<\/p>",
              "link": ""
            }
          }
        },
        "block_order": [
          "6e24200e-8c72-438b-9421-d4dcd7aa12e3",
          "0fda86ff-2b46-45b6-b901-1abe40d02505",
          "1316e8a6-507f-48bb-a805-89d4bdecaf65"
        ],
        "settings": {
          "show_featured": true,
          "container": "container",
          "heading": "Why Minimog ?",
          "item_per_row": 3,
          "card_style": "vertical",
          "image_max_width": "70px",
          "content_alignment": "center"
        }
      },
      "16224232499c18da1e": {
        "type": "product-tabs",
        "blocks": {
          "16224232499c18da1e-0": {
            "type": "tab",
            "settings": {
              "title": "best sellers",
              "collection": "fashion"
            }
          },
          "16224232499c18da1e-1": {
            "type": "tab",
            "settings": {
              "title": "",
              "collection": "tops"
            }
          }
        },
        "block_order": [
          "16224232499c18da1e-0",
          "16224232499c18da1e-1"
        ],
        "settings": {
          "heading": "You are in",
          "subheading": "",
          "description": "",
          "header_alignment": "center",
          "container": "container-fluid",
          "background_color": "rgba(0,0,0,0)",
          "tab_header": "select",
          "limit": 10,
          "show_button": true,
          "button_type": "load",
          "button_label": "Load More",
          "button_style": "sf__btn-primary",
          "button_size": "",
          "pcard_layout": "",
          "pcard_image_ratio": "",
          "show_vendor": false,
          "items_per_row": 5,
          "item_gap": 30,
          "item_gap_mobile": 16,
          "enable_slider": false,
          "show_pagination": false,
          "show_navigation": false,
          "custom_class": "sf__index-product-tab"
        }
      },
      "annoucement": {
        "type": "annoucement",
        "settings": {
          "show_announcement": true,
          "homepage_only": true,
          "show_close": true,
          "message": "<span class=\"font-medium\">Free Delivery on orders over £120. Don’t miss discount.<\/span>",
          "message_link": "",
          "show_divider": false
        }
      },
      "content-before-products": {
        "type": "content-before-products",
        "settings": {
          "container": "container-fluid",
          "background_color": "",
          "gap": 30,
          "gap_mobile": 16
        }
      },
      "content-after-products": {
        "type": "content-after-products",
        "settings": {
          "container": "container-fluid",
          "background_color": "",
          "gap": 30,
          "gap_mobile": 16
        }
      },
      "162632519269113d67": {
        "type": "lookbook",
        "blocks": {
          "162632519269113d67-0": {
            "type": "item",
            "settings": {
              "button_text": "",
              "button_link": "",
              "button_style": "light",
              "top_1": 20,
              "left_1": 52,
              "product_1": "ribbed-vest-top",
              "top_2": 62,
              "left_2": 33,
              "product_2": "relaxed-fit-high-jeans",
              "top_3": 61,
              "left_3": 48,
              "product_3": "",
              "top_4": 0,
              "left_4": 0,
              "product_4": "",
              "top_5": 20,
              "left_5": 0,
              "product_5": ""
            }
          },
          "162632519269113d67-1": {
            "type": "item",
            "settings": {
              "button_text": "",
              "button_link": "",
              "button_style": "light",
              "top_1": 27,
              "left_1": 41,
              "product_1": "cotton-flannel-shirt-white",
              "top_2": 64,
              "left_2": 57,
              "product_2": "mom-high-ankle-jeans",
              "top_3": 61,
              "left_3": 48,
              "product_3": "",
              "top_4": 0,
              "left_4": 0,
              "product_4": "",
              "top_5": 20,
              "left_5": 0,
              "product_5": ""
            }
          },
          "2e0e6e92-85f3-46b0-a21d-04f1de006a93": {
            "type": "item",
            "settings": {
              "button_text": "",
              "button_link": "",
              "button_style": "light",
              "top_1": 29,
              "left_1": 52,
              "product_1": "the-perform-tank-top",
              "top_2": 60,
              "left_2": 32,
              "product_2": "high-ankle-jeans",
              "top_3": 61,
              "left_3": 48,
              "product_3": "",
              "top_4": 0,
              "left_4": 0,
              "product_4": "",
              "top_5": 20,
              "left_5": 0,
              "product_5": ""
            }
          }
        },
        "block_order": [
          "162632519269113d67-0",
          "162632519269113d67-1",
          "2e0e6e92-85f3-46b0-a21d-04f1de006a93"
        ],
        "settings": {
          "heading": "Hand-Picked Daily",
          "subheading": "",
          "description": "",
          "header_alignment": "center",
          "container": "container-fluid",
          "background_color": "rgba(0,0,0,0)",
          "image_aspect_ratio": "3\/4",
          "custom_class": ""
        }
      },
      "1626331641004c09fa": {
        "type": "icon-box",
        "blocks": {
          "1626331641004c09fa-0": {
            "type": "iconbox",
            "settings": {
              "title": "Free Shipping",
              "description": "<p>Free Shipping for orders over £130<\/p>",
              "link": "",
              "button_label": "",
              "button_link": "",
              "button_style": "sf__btn-link",
              "button_size": ""
            }
          },
          "1626331641004c09fa-1": {
            "type": "iconbox",
            "settings": {
              "title": "Money Guarantee",
              "description": "<p>Within 30 days for an exchange.<\/p>",
              "link": "",
              "button_label": "",
              "button_link": "",
              "button_style": "sf__btn-link",
              "button_size": ""
            }
          },
          "1626331641004c09fa-2": {
            "type": "iconbox",
            "settings": {
              "title": "Online Support",
              "description": "<p>24 hours a day, 7 days a week<\/p>",
              "link": "",
              "button_label": "",
              "button_link": "",
              "button_style": "sf__btn-link",
              "button_size": ""
            }
          },
          "b2daca12-6dd6-4dbf-80d9-f092f4840d82": {
            "type": "iconbox",
            "settings": {
              "title": "Flexible Payment",
              "description": "<p>Pay with Multiple Credit Cards<\/p>",
              "link": "",
              "button_label": "",
              "button_link": "",
              "button_style": "sf__btn-link",
              "button_size": ""
            }
          }
        },
        "block_order": [
          "1626331641004c09fa-0",
          "1626331641004c09fa-1",
          "1626331641004c09fa-2",
          "b2daca12-6dd6-4dbf-80d9-f092f4840d82"
        ],
        "settings": {
          "heading": "",
          "subheading": "",
          "description": "",
          "header_alignment": "center",
          "container": "container-fluid",
          "background_color": "#ffffff",
          "item_per_row": 4,
          "item_gap": 30,
          "item_gap_mobile": 10,
          "card_style": "horizontal",
          "image_max_width": "30px",
          "content_alignment": "start",
          "hover_effect": "none",
          "enable_slider": false,
          "show_pagination": true,
          "show_navigation": false,
          "use_scroll_mobile": false,
          "use_grid_column_mb": false,
          "custom_class": "sf__index-icon-box-1"
        }
      },
      "mobile-sticky-bar": {
        "type": "mobile-sticky-bar",
        "settings": {
          "show_mobile_sticky": true,
          "show_home_icon": true,
          "show_collection_icon": true,
          "show_cart_icon": true,
          "show_search_icon": true,
          "show_account_icon": false,
          "show_wishlist_icon": false
        }
      }
    },
    "content_for_index": [
      "16184552193b4706ec",
      "16224232499c18da1e",
      "16184584660def4136",
      "162632519269113d67",
      "1626331641004c09fa"
    ]
  },
  "presets": {
    "Default": {
      "sections": {
        "featured-collection": {
          "type": "featured-collection",
          "settings": {
            "collection": "frontpage"
          }
        },
        "featured-product": {
          "type": "featured-product",
          "settings": {
          }
        }
      },
      "content_for_index": [
        "featured-collection",
        "featured-product"
      ]
    }
  }
}