{
  "sections": {
    "16231213304c742b47": {
      "type": "slider",
      "blocks": {
        "16231213304c742b47-1": {
          "type": "slider_item",
          "settings": {
            "image_alignment": "center top",
            "content_in_container": true,
            "content_position": "left middle",
            "text_alignment": "left",
            "text_size": "medium",
            "text_color": "black",
            "subheading": "",
            "title": "Pure and<br> premium juice",
            "description": "<p>A fruit gives healthy mind but a fruit juice gives<br\/> you healthy body too<\/p>",
            "button_text": "Shop now",
            "button_link": "",
            "button_style": "sf__btn-secondary",
            "button_size": "",
            "show_footer": true,
            "footer_alignment": "start",
            "footer_text": "",
            "footer_button": "Shop Now",
            "footer_link": ""
          }
        },
        "16231213304c742b47-0": {
          "type": "slider_item",
          "settings": {
            "image_alignment": "center top",
            "content_in_container": true,
            "content_position": "left middle",
            "text_alignment": "left",
            "text_size": "medium",
            "text_color": "black",
            "subheading": "",
            "title": "Feel good,<br> Feel pure",
            "description": "<p>A fruit gives healthy mind but a fruit juice gives<br\/> you healthy body too<\/p>",
            "button_text": "Shop now",
            "button_link": "",
            "button_style": "sf__btn-secondary",
            "button_size": "",
            "show_footer": false,
            "footer_alignment": "end",
            "footer_text": "New Collection",
            "footer_button": "Shop Now",
            "footer_link": ""
          }
        },
        "16231213304c742b47-2": {
          "type": "slider_item",
          "settings": {
            "image_alignment": "center top",
            "content_in_container": true,
            "content_position": "left middle",
            "text_alignment": "left",
            "text_size": "medium",
            "text_color": "black",
            "subheading": "",
            "title": "Be natural,<br> Be fresh",
            "description": "<p>A fruit gives healthy mind but a fruit juice gives<br\/> you healthy body too<\/p>",
            "button_text": "Shop now",
            "button_link": "",
            "button_style": "sf__btn-secondary",
            "button_size": "",
            "show_footer": false,
            "footer_alignment": "end",
            "footer_text": "New Collection",
            "footer_button": "Shop Now",
            "footer_link": ""
          }
        }
      },
      "block_order": [
        "16231213304c742b47-1",
        "16231213304c742b47-0",
        "16231213304c742b47-2"
      ],
      "settings": {
        "container": "w-full",
        "slideshow_height": "large",
        "show_overlay": false,
        "dots_position": "bottom",
        "dots_color": "dark",
        "show_dots": true,
        "show_arrows": false,
        "autorotate": false,
        "autorotate_speed": 5,
        "custom_class": ""
      }
    },
    "1623122551c20ec9e9": {
      "type": "featured-collection",
      "settings": {
        "heading": "Our Best Sellers",
        "subheading": "",
        "description": "",
        "header_alignment": "left",
        "container": "container-fluid",
        "background_color": "rgba(0,0,0,0)",
        "collection": "juice",
        "product_to_show": 4,
        "items_per_row": 4,
        "item_gap": 30,
        "pcard_layout": "",
        "pcard_image_ratio": "",
        "show_vendor": false,
        "enable_slider": false,
        "show_pagination": false,
        "show_navigation": false,
        "button_type": "link",
        "button_text": "",
        "button_style": "sf__btn-primary",
        "button_size": "",
        "infinite_load": false,
        "max_page_load": 3,
        "use_scroll_mobile": true,
        "item_gap_mobile": 10,
        "custom_class": "sf__index-featured-collection"
      }
    },
    "1623122641c6363d71": {
      "type": "icon-box",
      "blocks": {
        "1623122641c6363d71-0": {
          "type": "iconbox",
          "settings": {
            "title": "<span class=\"font-semibold\">Smoothies<\/span>",
            "description": "<p>Try our convenient protein-packed<br\/> smoothies!<\/p>",
            "link": "",
            "button_label": "",
            "button_link": "",
            "button_style": "sf__btn-link",
            "button_size": ""
          }
        },
        "1623122641c6363d71-1": {
          "type": "iconbox",
          "settings": {
            "title": "<span class=\"font-semibold\">Juices<\/span>",
            "description": "<p>A fruit gives healthy mind but a fruit juice gives you healthy body too <\/p>",
            "link": "",
            "button_label": "",
            "button_link": "",
            "button_style": "sf__btn-link",
            "button_size": ""
          }
        },
        "1623122641c6363d71-2": {
          "type": "iconbox",
          "settings": {
            "title": "<span class=\"font-semibold\">Wellness shots<\/span>",
            "description": "<p>Try to be rigid with yourself, lenient<br\/> won’t makes your body fit<\/p>",
            "link": "",
            "button_label": "",
            "button_link": "",
            "button_style": "sf__btn-link",
            "button_size": ""
          }
        },
        "b82eeb97-242b-49f5-bd87-777c25e11f5f": {
          "type": "iconbox",
          "settings": {
            "title": "<span class=\"font-semibold\">Bundle<\/span>",
            "description": "<p>Choose your own daily DOSE of wellness<\/p>",
            "link": "",
            "button_label": "",
            "button_link": "",
            "button_style": "sf__btn-link",
            "button_size": ""
          }
        }
      },
      "block_order": [
        "1623122641c6363d71-0",
        "1623122641c6363d71-1",
        "1623122641c6363d71-2",
        "b82eeb97-242b-49f5-bd87-777c25e11f5f"
      ],
      "settings": {
        "heading": "A day without juice is like a day without sunshine.<br> Feel better with fruit juice 😍",
        "subheading": "",
        "description": "",
        "header_alignment": "left",
        "container": "container-fluid",
        "background_color": "rgba(0,0,0,0)",
        "item_per_row": 4,
        "item_gap": 30,
        "item_gap_mobile": 10,
        "card_style": "vertical",
        "image_max_width": "",
        "content_alignment": "start",
        "hover_effect": "none",
        "enable_slider": false,
        "show_pagination": false,
        "show_navigation": false,
        "use_scroll_mobile": true,
        "use_grid_column_mb": false,
        "custom_class": "sf__index-icon-box"
      }
    },
    "1623124005244843ea": {
      "type": "custom-content",
      "blocks": {
        "1623124005244843ea-1": {
          "type": "image",
          "settings": {
            "width": "25%",
            "alignment": "center",
            "block_custom_class": ""
          }
        },
        "1623124005244843ea-0": {
          "type": "text",
          "settings": {
            "title": "Create your pack",
            "subheading": "",
            "text": "<p>Get a special offer on your first box.<br\/>FREE SHIPPING all the time.<\/p>",
            "width": "25%",
            "alignment": "center",
            "align_text": "left",
            "text_size": "medium",
            "text_color": "black",
            "button_label": "Shop Now",
            "button_link": "",
            "button_style": "sf__btn-link",
            "button_size": "",
            "block_custom_class": ""
          }
        },
        "a27a3d3f-1a6e-43d1-ab1b-d17eeac1ccd5": {
          "type": "image",
          "settings": {
            "width": "25%",
            "alignment": "center",
            "block_custom_class": ""
          }
        },
        "5627fa48-a27f-426a-9109-40d74a6f3dd4": {
          "type": "text",
          "settings": {
            "title": "100% fruit, <br>\n0% anything else",
            "subheading": "",
            "text": "<p>A fruit gives healthy mind but a fruit juice<br\/> gives you healthy body too <\/p>",
            "width": "25%",
            "alignment": "center",
            "align_text": "left",
            "text_size": "medium",
            "text_color": "black",
            "button_label": "What Makes Us Different",
            "button_link": "",
            "button_style": "sf__btn-link",
            "button_size": "",
            "block_custom_class": ""
          }
        }
      },
      "block_order": [
        "1623124005244843ea-1",
        "1623124005244843ea-0",
        "a27a3d3f-1a6e-43d1-ab1b-d17eeac1ccd5",
        "5627fa48-a27f-426a-9109-40d74a6f3dd4"
      ],
      "settings": {
        "heading": "",
        "subheading": "",
        "description": "",
        "header_alignment": "center",
        "container": "container-fluid",
        "background_color": "",
        "gap": 30,
        "use_scroll_mobile": false,
        "gap_mobile": 16,
        "custom_class": "sf__index-custom-content-1"
      }
    },
    "16231243586e68b32a": {
      "type": "custom-content",
      "blocks": {
        "16231243586e68b32a-0": {
          "type": "text",
          "settings": {
            "title": "Shot Bundles",
            "subheading": "",
            "text": "<p>Our shot bundles help you make<br\/> wellness a regular part of your routine.<\/p>",
            "width": "25%",
            "alignment": "start",
            "align_text": "left",
            "text_size": "medium",
            "text_color": "black",
            "button_label": "VIEW ALL",
            "button_link": "",
            "button_style": "sf__btn-link",
            "button_size": "",
            "block_custom_class": ""
          }
        },
        "8b579ad5-2deb-4307-b179-aeb820b81b34": {
          "type": "product",
          "settings": {
            "product": "pineapple-strawberry-mix-bundle",
            "width": "25%",
            "alignment": "center",
            "block_custom_class": ""
          }
        },
        "c6b62773-ba55-4b44-84d3-ff182f860cd3": {
          "type": "product",
          "settings": {
            "product": "fresh-organic-mix-bundle",
            "width": "25%",
            "alignment": "center",
            "block_custom_class": ""
          }
        },
        "f097e831-f100-45fc-bb56-07805c0bc7af": {
          "type": "product",
          "settings": {
            "product": "avocado-mango-mix-bundle",
            "width": "25%",
            "alignment": "center",
            "block_custom_class": ""
          }
        }
      },
      "block_order": [
        "16231243586e68b32a-0",
        "8b579ad5-2deb-4307-b179-aeb820b81b34",
        "c6b62773-ba55-4b44-84d3-ff182f860cd3",
        "f097e831-f100-45fc-bb56-07805c0bc7af"
      ],
      "settings": {
        "heading": "",
        "subheading": "",
        "description": "",
        "header_alignment": "center",
        "container": "container-fluid",
        "background_color": "#ecf4ef",
        "gap": 30,
        "use_scroll_mobile": false,
        "gap_mobile": 16,
        "custom_class": "sf__index-custom-content-2"
      }
    },
    "1623125396487d73a5": {
      "type": "instagram",
      "settings": {
        "heading": "Follow us on instagram",
        "subheading": "",
        "description": "<span class=\"text-black font-semibold\">@freshly_juice<\/span>",
        "header_alignment": "center",
        "container": "w-full",
        "background_color": "rgba(0,0,0,0)",
        "layout": "grid",
        "images_count": 5,
        "grid_columns": 5,
        "gap": 30,
        "mobile_gap": 10,
        "profile": "https:\/\/www.instagram.com\/minimog.trendy\/",
        "button_label": "",
        "custom_class": ""
      }
    }
  },
  "order": [
    "16231213304c742b47",
    "1623122551c20ec9e9",
    "1623122641c6363d71",
    "1623124005244843ea",
    "16231243586e68b32a",
    "1623125396487d73a5"
  ]
}