{
  "current": {
    "favicon": "shopify:\/\/shop_images\/fav_icon_dark_1.png",
    "container_width": 1280,
    "container_fluid_offset": 65,
    "color_primary": "#000",
    "color_sub_text": "#666666",
    "color_btn_bg_hover": "#000000",
    "color_annoucement_bg": "#96d196",
    "color_annoucement_text": "#ffffff",
    "color_topbar_bg": "#ffffff",
    "color_topbar_text": "#000000",
    "bg_cart_wishlist_count": "#da3f3f",
    "color_footer_bg": "#f5f5f5",
    "color_footer_text": "#000",
    "color_footer_link": "#666666",
    "color_footer_link_hover": "#000000",
    "color_footer_bottom_bg": "#f5f5f5",
    "color_footer_bottom_text": "#000000",
    "color_border": "#d9d9d9",
    "img_overlay_opacity": 20,
    "use_custom_font_body": true,
    "custom_body_font": "https:\/\/cdn.shopify.com\/s\/files\/1\/0561\/2742\/2636\/files\/Jost-Light.ttf?v=1618297125@300\nhttps:\/\/cdn.shopify.com\/s\/files\/1\/0561\/2742\/2636\/files\/Jost-Regular.ttf?v=1618297125@400\nhttps:\/\/cdn.shopify.com\/s\/files\/1\/0561\/2742\/2636\/files\/Jost-Medium.ttf?v=1618297125@500\nhttps:\/\/cdn.shopify.com\/s\/files\/1\/0561\/2742\/2636\/files\/Jost-SemiBold.ttf?v=1618297125@600\nhttps:\/\/cdn.shopify.com\/s\/files\/1\/0561\/2742\/2636\/files\/Jost-Bold.ttf?v=1618297125@700",
    "use_custom_font_heading": true,
    "custom_heading_font": "https:\/\/cdn.shopify.com\/s\/files\/1\/0561\/2742\/2636\/files\/Jost-Light.ttf?v=1618297125@300\nhttps:\/\/cdn.shopify.com\/s\/files\/1\/0561\/2742\/2636\/files\/Jost-Regular.ttf?v=1618297125@400\nhttps:\/\/cdn.shopify.com\/s\/files\/1\/0561\/2742\/2636\/files\/Jost-Medium.ttf?v=1618297125@500\nhttps:\/\/cdn.shopify.com\/s\/files\/1\/0561\/2742\/2636\/files\/Jost-SemiBold.ttf?v=1618297125@600\nhttps:\/\/cdn.shopify.com\/s\/files\/1\/0561\/2742\/2636\/files\/Jost-Bold.ttf?v=1618297125@700",
    "variant_option_design2": "default",
    "product_colors": "red: #FF6961,\nyellow: #FDDA76,\nblack: #000000,\nblack band: #000000,\nblue: #8DB4D2,\ngreen: #C1E1C1,\npurple: #B19CD9,\nsilver: #EEEEEF,\nwhite: #FFFFFF,\nbrown: #836953,\nlight brown: #B5651D,\ndark turquoise: #23cddc,\norange: #FFB347,\ntan: #E9D1BF,\nviolet: #B490B0,\npink: #FFD1DC,\ngrey: #E0E0E0,\nsky: #96BDC6,\npale leaf: #CCD4BF,\nlight blue: #b1c5d4,\ndark grey: #aca69f,\nbeige: #EBE6DB,\nbeige band: #EED9C4,\ndark blue: #063e66,\ncream: #FFFFCC,\nlight pink: #FBCFCD,\nmint: #bedce3,\ndark gray: #3A3B3C,\nrosy brown: #c4a287,\nlight grey:#D3D3D3,\ncopper: #B87333,\nrose gold: #ECC5C0,\nnight blue: #151B54,\ncoral: #FF7F50,\nlight purple: #C6AEC7",
    "filter_color1": "Checked",
    "contact_phone_number": "+391 (0)35 2568",
    "contact_email": "hello@domain.com",
    "social_twitter_link": "",
    "social_facebook_link": "https:\/\/facebook.com\/",
    "social_facebook_label": "300k Followers",
    "social_pinterest_link": "",
    "social_instagram_link": "https:\/\/instagram.com\/",
    "social_instagram_label": "100k Followers",
    "wishlist_page": "",
    "product_compare_page": "",
    "gm_api": "",
    "instagram_token": "",
    "custom_css": ".bg-color-topbar-background.sf-topbar {\n  border-bottom-color: #eeeeee;\n}\ndiv.slide__block-description {\n  color: #666666;\n}\n.prod__trus-badges img {\n  width: 357px;\n}\n.sf-footer .form-control.form__control-icon {\n  background: #ffffff;\n}\n.sf__index-testimonial .sf-slider__controls-prev {\n  left: -113px;\n}\n.sf__index-testimonial .sf-slider__controls-next {\n  right: -113px;\n}\n.sf__index-testimonial .text-color-subtext + .not-change p {\n  font-weight: 600;\n}\n.sf__index-testimonial .swiper-pagination-bullet {\n  margin: 0 10px;\n}\n.sf__index-collection-list sup {\n  top: -1em;\n  right: -0.2em;\n}\n\n.sf__index-icon-box {\n  border-top: 1px solid #eeeeee;\n}\n.sf__index-icon-box .section-py {\n  padding-top: 40px;\n  padding-bottom: 40px;\n}\n.sf__index-icon-box .sf-icon-box__text h3 {\n  font-weight: 500;\n  font-size: 20px;\n}\n.sf__index-icon-box .sf-icon-box__text .rte {\n  color: #777777;\n}\n.sf__index-slideshow .sf__btn-link.-mt-1 {\n  margin-top: 0;\n}\n.sf__index-collection-list .collection-card__info h3:hover {\n  color: #666666;\n}\n.sf__index-testimonial .swiper-pagination {\n  margin-top: 60px;\n}\n@media screen and (max-width: 1535px) {\n  .sf__index-testimonial .swiper-pagination {\n    margin-top: 50px;\n  }\n}\n\n@media (min-width: 768px) {\n  .sf__index-collection-list .section-my {\n    margin-top: 30px;\n  }\n}\n\n@media (max-width: 767px) {\n  .sf__index-icon-box {\n    border-top: 0;\n  }\n  .sf__index-icon-box .section-py {\n    padding-top: 0;\n  }\n  .sf__index-blog-posts .sf__blog-post-button .sf__btn-secondary {\n    width: 100%;\n  }\n}\n@media (max-width: 576px) {\n  .sf__index-slideshow .sf__btn-primary,\n  .sf__index-featured-collection .sf__btn-secondary {\n    width: 100%;\n  }\n}",
    "sale_popup_collection": "sale",
    "size_chart": "size-guide",
    "sections": {
      "header": {
        "type": "header",
        "blocks": {
          "2548212d-1f7e-4c3e-9c8d-34f664f7fda4": {
            "type": "topbar",
            "settings": {
              "show_divider": true,
              "show_phone_numb": false,
              "show_email": false,
              "show_social_links": true,
              "show_stores_page": false,
              "show_currency_switcher": true,
              "show_language_switcher": true,
              "alert_message": "Open Doors To A World Of Fashion  |  Discover More"
            }
          },
          "fab31269-e380-484e-8f6b-6e9225d380b2": {
            "type": "product-list",
            "settings": {
              "heading": "Products",
              "container": "container-fluid",
              "stretch_width": false,
              "collection": "this-weeks-highlights",
              "limit": 6,
              "columns": 2
            }
          },
          "0b3d26e4-72b2-4449-8809-5c95c29b31c6": {
            "type": "banner",
            "settings": {
              "heading": "Shop",
              "container": "container",
              "banner_style": "outside",
              "banner_link": "",
              "banner_title": "The New - Season Shoes Edit",
              "banner_desc": "",
              "banner_button_text": "Shop Now"
            }
          },
          "2302c624-bccf-41c1-8cf1-317ca6da9bb8": {
            "type": "custom_html",
            "settings": {
              "heading": "Home",
              "container": "container",
              "html": ""
            }
          },
          "a9bb5f3f-e099-4f3a-b0a0-1f1f8427ad87": {
            "type": "custom_html",
            "settings": {
              "heading": "Features",
              "container": "inherit",
              "html": ""
            }
          }
        },
        "block_order": [
          "2548212d-1f7e-4c3e-9c8d-34f664f7fda4",
          "fab31269-e380-484e-8f6b-6e9225d380b2",
          "0b3d26e4-72b2-4449-8809-5c95c29b31c6",
          "2302c624-bccf-41c1-8cf1-317ca6da9bb8",
          "a9bb5f3f-e099-4f3a-b0a0-1f1f8427ad87"
        ],
        "settings": {
          "header_design": "logo-center-menu-left",
          "container": "container-fluid",
          "header_sticky": true,
          "transparent_on_top": false,
          "logo_text": "MINIMOG",
          "logo_max_width": 145,
          "sticky_logo_max_width": 140,
          "mobile_logo_max_width": 105,
          "main_menu": "main-menu",
          "secondary_menu": "",
          "uppercase_parent_level": false,
          "search": "show_icon",
          "show_account_icon": true,
          "show_cart_icon": true,
          "show_wishlist_icon": true,
          "show_compare_icon": false,
          "show_currency_switcher": false,
          "show_language_switcher": false
        }
      },
      "footer": {
        "type": "footer",
        "blocks": {
          "c5f5a464-8b3c-4c63-94a1-aef3586482aa": {
            "type": "our_store",
            "settings": {
              "title": "Company",
              "description": "<p>Find a location nearest you.<br\/><a href=\"\/pages\/contact-us\" title=\"Contact Us\"><span style=\"text-decoration:underline\">See our stores<\/span><\/a><\/p>",
              "show_email": true,
              "show_phone": true,
              "show_socials_link": false,
              "width": "25%"
            }
          },
          "85209d5e-c364-489f-8320-73d204b3ed46": {
            "type": "menu",
            "settings": {
              "menu": "main-menu",
              "title": "Information",
              "width": "25%"
            }
          },
          "d5978e13-bd48-4f66-bbbe-5b0e5bb800f5": {
            "type": "menu",
            "settings": {
              "menu": "main-menu",
              "title": "Services",
              "width": "25%"
            }
          },
          "8d6ff29d-e8b7-411b-addc-ed3b7d2f67b3": {
            "type": "newsletter",
            "settings": {
              "title": "Subscribe",
              "description": "Enter your email below to be the first to know about new collections and product launches.",
              "email_placeholder": "Enter your email",
              "form_style": "bordered",
              "show_social": false,
              "width": "25%"
            }
          }
        },
        "block_order": [
          "c5f5a464-8b3c-4c63-94a1-aef3586482aa",
          "85209d5e-c364-489f-8320-73d204b3ed46",
          "d5978e13-bd48-4f66-bbbe-5b0e5bb800f5",
          "8d6ff29d-e8b7-411b-addc-ed3b7d2f67b3"
        ],
        "settings": {
          "design": "footer-2",
          "container": "container-fluid",
          "bordered": true,
          "copyright": "© MINIMOG 2021",
          "show_currency_selector": true,
          "show_language_selector": true,
          "show_social_links": true,
          "show_payment_icons": true
        }
      },
      "annoucement": {
        "type": "annoucement",
        "settings": {
          "show_announcement": true,
          "homepage_only": true,
          "show_close": true,
          "message": "<span class=\"font-medium\" style=\"font-size: 15px\">Free Delivery on orders over £120. Don’t miss discount.<\/span>",
          "message_link": "",
          "show_divider": false
        }
      },
      "mobile-sticky-bar": {
        "type": "mobile-sticky-bar",
        "settings": {
          "show_mobile_sticky": true,
          "show_home_icon": true,
          "show_collection_icon": true,
          "show_cart_icon": true,
          "show_search_icon": true,
          "show_account_icon": false,
          "show_wishlist_icon": false
        }
      }
      
    }
  },
  "presets": {
    "Default": {
      "sections": {
        "featured-collection": {
          "type": "featured-collection",
          "settings": {
            "collection": "frontpage"
          }
        },
        "featured-product": {
          "type": "featured-product",
          "settings": {
          }
        }
      },
      "content_for_index": [
        "featured-collection",
        "featured-product"
      ]
    }
  }
}