{
  "current": {
    "favicon": "shopify:\/\/shop_images\/fav_icon_dark_1.png",
    "color_primary": "#927d5f",
    "color_sub_text": "#666666",
    "color_btn_bg": "#927d5f",
    "color_btn_bg_hover": "#000000",
    "prod_sale_price_color": "#666666",
    "prod_type_color": "#666666",
    "color_annoucement_bg": "#e0e7e4",
    "color_annoucement_text": "#000000",
    "color_topbar_bg": "#e0e7e4",
    "color_topbar_text": "#000000",
    "color_header_bg": "#ffffff",
    "color_header_link": "#000000",
    "color_header_transparent": "#ffffff",
    "color_menu_bar_bg": "#000000",
    "color_menu_bar_text": "#f8f8f8",
    "color_footer_bg": "#f1efe8",
    "color_footer_text": "#000000",
    "color_footer_subtext": "#666666",
    "color_footer_link_hover": "#000000",
    "color_footer_bottom_bg": "#f1efe8",
    "color_footer_bottom_text": "#666666",
    "img_overlay_opacity": 20,
    "tooltip_background_color": "#000000",
    "type_base_font": "roboto_condensed_n4",
    "use_custom_font_body": false,
    "custom_body_font": "",
    "custom_body_weight": "400",
    "type_base_line_height": 28,
    "type_header_font": "roboto_condensed_n7",
    "use_custom_font_heading": false,
    "custom_heading_font": "",
    "custom_heading_weight": "300",
    "btn_base_size": 15,
    "btn_border_radius": 0,
    "btn_weight": "700",
    "pcard_layout": "1",
    "pcard_alignment": "center",
    "pcard_image_ratio": "1\/1",
    "show_vendor": false,
    "variant_option_design3": "color",
    "show_variant_swatch_image": true,
    "product_colors": "red: #FF6961,\nyellow: #FDDA76,\nblack: #000000,\nblue: #8DB4D2,\ngreen: #C1E1C1,\npurple: #B19CD9,\nsilver: #EEEEEF,\nwhite: #FFFFFF,\nbrown: #836953,\nlight-brown: #feb035,\ndark-turquoise: #23cddc,\norange: #FFB347,\ntan: #E9D1BF,\nviolet: #B490B0,\npink: #FFD1DC,\ngrey: #E0E0E0,\nsky: #96BDC6,\npale-leaf: #CCD4BF",
    "filter_color1": "",
    "share_facebook": true,
    "social_twitter_link": "https:\/\/twitter.com\/home",
    "social_facebook_link": "https:\/\/facebook.com\/",
    "social_pinterest_link": "https:\/\/pinterest.com\/",
    "social_instagram_link": "https:\/\/instagram.com\/",
    "cart_notes_enable": false,
    "wishlist_page": "",
    "product_compare_page": "",
    "gm_api": "",
    "instagram_token": "",
    "custom_css": "body.template-index {\n  background: #fffdf8;\n}\n\n.sf__index-custom-content-3 .sf-custom__grid {\n  background-color: #f1efe8;\n}\n\n.sf__footer-block-title {\n  font-weight: 700;\n}\n\n.sf__footer-block-menu ul li {\n  line-height: 36px;\n}\n\n.sf__blog-post  .section-my {\n  margin-bottom: 30px;\n}\n.sf__blog-post  .sf__blog-cardTitle {\n  font-weight: 700;\n  text-transform: uppercase;\n}\n.section__subheading,\n.content__subheading,\n.sf__blog-post .sf__blog-cardTags {\n  color: var(--color-primary);\n  font-weight: 700;\n}\n\n.sf__newsletter-section .newsletter__input-st {\n  border: 1px solid #000;\n  border-right: 0;\n  border-radius: 0;\n}\n.sf__newsletter-section .newsletter-button {\n  border-radius: 0;\n  background: #000;\n  color: #fff;\n  text-transform: uppercase;\n  font-weight: 700;\n  transition: all 0.3s;\n}\n\n.sf__newsletter-section .newsletter-button:hover {\n  background-color: var(--color-primary);\n  border-color: var(--color-primary);\n}\n\n.sf__pcard-name {\n  text-transform: uppercase;\n  font-weight: 700;\n}\n\n.sf-header__desktop ul.sf-nav li a.sf__parent-item {\n  font-weight: 700;\n}\n\n.sf__index-custom-content-3 .sf-custom__block--text {\n  padding: 50px 20px;\n}\n\n@media (min-width: 768px) {\n  .section-my {\n    margin-top: 100px;\n    margin-bottom: 100px;\n  }\n  .section-py {\n    padding-top: 100px;\n    padding-bottom: 100px;\n  }\n}\n\n@media (min-width: 1025px) {\n  .sf__index-custom-content-3 .sf-custom__block--text {\n    padding: 0 120px;\n  }\n}\n\n[data-section-type=\"custom-content\"] .content__heading {\n  font-size: 2rem;\n}\n.sf__newsletter-section .newsletter__form-heading h3 {\n  font-size: 2rem;\n}\n.sf__newsletter-form-group {\n  border: none;\n}\n.sf__newsletter-section .newsletter-button:hover {\n  color: #fff;\n}\n.sf-header__desktop .sf__sub-menu-link1 {\n  font-size: 15px;\n}\n@media (max-width: 767px) {\n  .sf__index-slideshow .sf__mobile-heading {\n    font-size: 2.75rem;\n  }\n  .sf__index-slideshow .sf__slide-content .sf__mobile-button {\n    width: 100%;\n  }\n  .sf__index-slideshow .sf__slide-content .sf__mobile-subheading {\n    font-size: 14px;\n  }\n  .sf__index-custom-content-1 .section__subheading {\n    margin-bottom: 5px;\n    font-size: 14px;\n  }\n  .sf__index-featured-collection .sf__featured-collection-button .sf__btn.sf__btn-primary {\n    width: 100%;\n  }\n  .sf__index-custom-content-3 .content__heading {\n    font-size: 2.75rem;\n    line-height: 1.4;\n  }\n  .sf__accordion-button.sf__footer-block-title {\n    font-weight: bold;\n  }\n}",
    "use_theme_currencies": true,
    "theme_currencies": "USD | EUR | GBP | VND",
    "sections": {
      "page-faqs": {
        "type": "page-faqs",
        "blocks": {
          "2802736b-f08f-4510-a4f7-4ad7d748992d": {
            "type": "content",
            "settings": {
              "content": "<div class=\"mb-10\"><img src=\"https:\/\/cdn.shopify.com\/s\/files\/1\/0561\/2742\/2636\/files\/faqs.jpg?v=1620784288\"><\/div>\n<h3 class=\"font-medium text-xl mb-4\">Awkwardness gives me great comfort. I’ve never been cool, but I’ve felt cool. I’ve been in the cool place, but I wasn’t really cool – I was trying to pass for hip or cool.<\/h3>\n<p>A girl should be two things: classy and fabulous. I am convinced that there can be luxury in simplicity. I wanted to dress the woman who lives and works, not the woman in a painting. It’s hard to balance everything. It’s always challenging. My relationships with producers or photographers – these are relationships that took years. I can’t get sucked into that celebrity thing, because I think it’s just crass. My aim is to make the poor look rich.<\/p>"
            }
          },
          "4e151238-4480-4122-b893-7f4a19886e4c": {
            "type": "accordion",
            "settings": {
              "title": "What shipping methods are availbale?",
              "content": "<p>Lorem ipsum dolor sit amet conse ctetur adipisicing elit, sed do eiusmod tempor incididunt ut labore et dolore magna aliqua. Ut enim ad minim veniam, quis nostrud exercitation ullamco laboris nisi ut aliquip ex ea commodo consequat. Duis aute irure dolor in reprehenderit in voluptate velit esse cillum dolore eu fugiat.<br\/><br\/>Ut enim ad minim veniam, quis nostrud exercitation ullamco laboris nisi ut aliquip ex ea commodo consequat. Duis aute irure dolor in reprehenderit.<\/p>",
              "open": true
            }
          },
          "c5d4d04d-f6c1-4d1e-99f0-3c221393a3cf": {
            "type": "accordion",
            "settings": {
              "title": "How long will it take to get my package?",
              "content": "<p>Lorem ipsum dolor sit amet conse ctetur adipisicing elit, sed do eiusmod tempor incididunt ut labore et dolore magna aliqua. Ut enim ad minim veniam, quis nostrud exercitation ullamco laboris nisi ut aliquip.<\/p>",
              "open": false
            }
          },
          "0131747b-8b40-432f-b634-b1289ec41911": {
            "type": "accordion",
            "settings": {
              "title": "Do you ship internationally?",
              "content": "<p>Lorem ipsum dolor sit amet conse ctetur adipisicing elit, sed do eiusmod tempor incididunt ut labore et dolore magna aliqua. Ut enim ad minim veniam, quis nostrud exercitation ullamco laboris nisi ut aliquip.<\/p>",
              "open": false
            }
          },
          "5d7206e9-5375-4da6-9a1f-24e1c46230b0": {
            "type": "accordion",
            "settings": {
              "title": "What payment methods are accepted?",
              "content": "<p>Lorem ipsum dolor sit amet conse ctetur adipisicing elit, sed do eiusmod tempor incididunt ut labore et dolore magna aliqua. Ut enim ad minim veniam, quis nostrud exercitation ullamco laboris nisi ut aliquip ex ea commodo consequat. Duis aute irure dolor in reprehenderit in voluptate velit esse cillum dolore eu fugiat.<\/p>",
              "open": false
            }
          },
          "4008f61e-055e-42ba-8969-cb3715c0aece": {
            "type": "accordion",
            "settings": {
              "title": "Is buying on-line safe?",
              "content": "<p>Lorem ipsum dolor sit amet conse ctetur adipisicing elit, sed do eiusmod tempor incididunt ut labore et dolore magna aliqua. Ut enim ad minim veniam, quis nostrud exercitation ullamco laboris nisi ut aliquip.<\/p>",
              "open": false
            }
          }
        },
        "block_order": [
          "2802736b-f08f-4510-a4f7-4ad7d748992d",
          "4e151238-4480-4122-b893-7f4a19886e4c",
          "c5d4d04d-f6c1-4d1e-99f0-3c221393a3cf",
          "0131747b-8b40-432f-b634-b1289ec41911",
          "5d7206e9-5375-4da6-9a1f-24e1c46230b0",
          "4008f61e-055e-42ba-8969-cb3715c0aece"
        ],
        "settings": {
          "menu": "faqs-menu"
        }
      },
      "collection-list": {
        "type": "collection-list",
        "settings": {
        }
      },
      "featured-collection": {
        "type": "featured-collection",
        "settings": {
          "collection": "frontpage"
        }
      },
      "featured-product": {
        "type": "featured-product",
        "settings": {
        }
      },
      "slider": {
        "type": "slider",
        "settings": {
        }
      },
      "header": {
        "type": "header",
        "blocks": {
          "75822c6d-2f54-4eb1-ac7f-1615fd40c971": {
            "type": "banner",
            "settings": {
              "heading": "Shop",
              "container": "inherit",
              "banner_style": "outside",
              "banner_link": "",
              "banner_title": "New collection",
              "banner_desc": "",
              "banner_button_text": "Shop now"
            }
          },
          "af64db36-ebf2-47af-92cc-164c92700c4e": {
            "type": "product-list",
            "settings": {
              "heading": "Product",
              "container": "inherit",
              "stretch_width": false,
              "collection": "barber",
              "limit": 6,
              "columns": 2
            }
          },
          "3c226f4b-a107-4251-a33f-68c32eddd8c3": {
            "type": "custom_html",
            "settings": {
              "heading": "Features",
              "container": "inherit",
              "html": ""
            }
          }
        },
        "block_order": [
          "75822c6d-2f54-4eb1-ac7f-1615fd40c971",
          "af64db36-ebf2-47af-92cc-164c92700c4e",
          "3c226f4b-a107-4251-a33f-68c32eddd8c3"
        ],
        "settings": {
          "header_design": "logo-center-menu-left",
          "container": "container-fluid",
          "header_sticky": true,
          "transparent_on_top": true,
          "logo_text": "MINIMOG",
          "logo_max_width": 115,
          "sticky_logo_max_width": 105,
          "mobile_logo_max_width": 70,
          "main_menu": "main-menu",
          "secondary_menu": "",
          "uppercase_parent_level": true,
          "search": "show_icon",
          "show_account_icon": true,
          "show_cart_icon": true,
          "show_wishlist_icon": true,
          "show_compare_icon": true,
          "show_currency_switcher": false,
          "show_language_switcher": false
        }
      },
      "footer": {
        "type": "footer",
        "blocks": {
          "7527ffa4-1a31-4e5c-b642-96aa834daf84": {
            "type": "menu",
            "settings": {
              "menu": "main-menu",
              "title": "COMPANY",
              "width": "33%"
            }
          },
          "c85629c7-7aae-4666-b5f0-150990439c91": {
            "type": "menu",
            "settings": {
              "menu": "main-menu",
              "title": "INFORMATION",
              "width": "33%"
            }
          },
          "965431d4-b01d-46dd-8006-b4633bfbc521": {
            "type": "menu",
            "settings": {
              "menu": "main-menu",
              "title": "CONTACT",
              "width": "33%"
            }
          },
          "989e30e2-16f4-4ba5-a729-fd7fba08dd37": {
            "type": "menu",
            "settings": {
              "menu": "main-menu",
              "title": "COLLECTION",
              "width": "33%"
            }
          },
          "6a405be2-4446-4cbe-9ccb-94f9e2d7760c": {
            "type": "our_store",
            "settings": {
              "title": "FOLLOW CEREMONY",
              "description": "",
              "show_email": false,
              "show_phone": false,
              "show_socials_link": true,
              "width": "33%"
            }
          }
        },
        "block_order": [
          "7527ffa4-1a31-4e5c-b642-96aa834daf84",
          "c85629c7-7aae-4666-b5f0-150990439c91",
          "965431d4-b01d-46dd-8006-b4633bfbc521",
          "989e30e2-16f4-4ba5-a729-fd7fba08dd37",
          "6a405be2-4446-4cbe-9ccb-94f9e2d7760c"
        ],
        "settings": {
          "design": "footer-1",
          "container": "container-fluid",
          "bordered": false,
          "copyright": "© MINIMOG 2020",
          "show_currency_selector": false,
          "show_language_selector": false,
          "show_social_links": false,
          "show_payment_icons": true
        }
      },
      "collection-page-header": {
        "type": "collection-page-header",
        "settings": {
          "layout": "inside",
          "header_height": "small",
          "text_alignment": "center",
          "vertical_alignment": "center",
          "bg_color": "#ffffff",
          "enable_parallax": true,
          "show_breadcrumb": true,
          "upper_title": false
        }
      },
      "product-template": {
        "type": "product-template",
        "settings": {
          "container": "container",
          "layout": "layout-6",
          "show_tags": false,
          "show_vendor": false,
          "show_sku": false,
          "show_categories": false,
          "show_reviews_count": true,
          "show_quantity_selector": true,
          "enable_dynamic_checkout": true,
          "hide_atc_button": false,
          "show_atwl": true,
          "show_atcp": true,
          "show_ask_a_question": true,
          "show_social": true,
          "show_live_views": true,
          "live_views_text": "<p><strong>{{count_number}}<\/strong> <strong>people<\/strong> are viewing this right now<\/p>",
          "live_views_range": "20-30",
          "live_view_duration": "10",
          "live_view_icon_blinks": true,
          "show_delivery_times": true,
          "deliver_text": "Estimated Delivery:",
          "deliver_days": "3",
          "show_shipping_text": true,
          "shipping_text": "<p><strong>Free Shipping & Returns: <\/strong>On all orders over $75<\/p>",
          "show_trust_badges": true,
          "trust_badges_text": "<p>Guarantee safe & secure checkout<\/p>",
          "trust_badges_image": "shopify:\/\/shop_images\/trustbag.png",
          "trust_badges_image_width": "320px",
          "use_sticky_atc": true,
          "sticky_atc_wishtlist": false,
          "sticky_atc_compare": false
        }
      },
      "product-details-tabs": {
        "type": "product-details-tabs",
        "blocks": {
          "4db8ad16-886f-47f7-9b57-fc68b39fb2d4": {
            "type": "description",
            "settings": {
              "header": "Product description"
            }
          },
          "2b5f07c2-8234-47d2-b64b-923824916b71": {
            "type": "tab",
            "settings": {
              "header": "Shipping & Return",
              "content": "<p>So beautiful you’ll want to show it off, so comfortable you’ll forget it’s there. Our 24\/7™ Lace Contour Plunge Bra combines gorgeous floral lace with sheer overlay straps that hold you in and eliminates gaping. Removable pads let you customize you<\/p>"
            }
          },
          "9e2bff01-8734-4808-9ff6-3644bf96ab8b": {
            "type": "reviews",
            "settings": {
              "header": "Product reviews"
            }
          }
        },
        "block_order": [
          "4db8ad16-886f-47f7-9b57-fc68b39fb2d4",
          "2b5f07c2-8234-47d2-b64b-923824916b71",
          "9e2bff01-8734-4808-9ff6-3644bf96ab8b"
        ],
        "settings": {
          "show_product_tabs": true,
          "container": "container",
          "bg_color": ""
        }
      },
      "product-reviews": {
        "type": "product-reviews",
        "settings": {
          "show_product_reviews": false,
          "container": "container-narrow",
          "heading": "Ratings and Reviews"
        }
      },
      "product-recommendations": {
        "type": "product-recommendations",
        "settings": {
          "show_product_recommendations": true,
          "container": "container",
          "heading": "You Might Also Like",
          "limit": 8,
          "columns": 4,
          "column_gap": 30,
          "enable_slider": true
        }
      },
      "brand-page-header": {
        "type": "brand-page-header",
        "blocks": {
          "09dfe2e1-10c2-4cee-a033-a90b143c85f3": {
            "type": "information",
            "settings": {
              "collection": "retrolie",
              "logo": "shopify:\/\/shop_images\/1.png",
              "content": "<p>Developed by Goop founder, wellness advocate and - academy award-winner, Gwyneth Paltrow, this high performing skincare line is where luxury formulas meet pure organic ingredients and the results are skin-changing. <\/p><p>Goop is passionate about the idea that beauty comes from the inside out. So they use clinically proven and best-in-class ingredients at active levels to create skin care, skin-boosting ingestibles, and body essentials that are luxurious, deliver high-performance results, and enliven the senses with exquisite textures and beautiful scents.<\/p>",
              "image_1": "shopify:\/\/shop_images\/1_8e8151b6-3555-4abf-8dd6-5347182bbcd0.jpg",
              "image_2": "shopify:\/\/shop_images\/2_9a1b3099-775a-4093-9ece-6cfaa04a06fe.jpg",
              "image_3": "shopify:\/\/shop_images\/3_7b9fc65c-8202-4449-a828-d03ac03c6d38.jpg"
            }
          },
          "c8ee188c-a84f-4cf2-a8af-aacb9bf78785": {
            "type": "information",
            "settings": {
              "collection": "abby",
              "logo": "shopify:\/\/shop_images\/2.png",
              "content": "<p>Developed by Goop founder, wellness advocate and - academy award-winner, Gwyneth Paltrow, this high performing skincare line is where luxury formulas meet pure organic ingredients and the results are skin-changing. <\/p><p>Goop is passionate about the idea that beauty comes from the inside out. So they use clinically proven and best-in-class ingredients at active levels to create skin care, skin-boosting ingestibles, and body essentials that are luxurious, deliver high-performance results, and enliven the senses with exquisite textures and beautiful scents.<\/p>",
              "image_1": "shopify:\/\/shop_images\/4.jpg",
              "image_2": "shopify:\/\/shop_images\/5.jpg",
              "image_3": "shopify:\/\/shop_images\/6.jpg"
            }
          },
          "e56a3991-3115-47d4-b7e6-43e962712fc6": {
            "type": "information",
            "settings": {
              "collection": "minimog",
              "logo": "shopify:\/\/shop_images\/3.png",
              "content": "<p>Developed by Goop founder, wellness advocate and - academy award-winner, Gwyneth Paltrow, this high performing skincare line is where luxury formulas meet pure organic ingredients and the results are skin-changing. <\/p><p>Goop is passionate about the idea that beauty comes from the inside out. So they use clinically proven and best-in-class ingredients at active levels to create skin care, skin-boosting ingestibles, and body essentials that are luxurious, deliver high-performance results, and enliven the senses with exquisite textures and beautiful scents.<\/p>",
              "image_1": "shopify:\/\/shop_images\/7.jpg",
              "image_2": "shopify:\/\/shop_images\/8.jpg",
              "image_3": "shopify:\/\/shop_images\/9.jpg"
            }
          },
          "98bac8d0-393b-4f50-91b8-052a49e29dd0": {
            "type": "information",
            "settings": {
              "collection": "brook",
              "logo": "shopify:\/\/shop_images\/4.png",
              "content": "<p>Developed by Goop founder, wellness advocate and - academy award-winner, Gwyneth Paltrow, this high performing skincare line is where luxury formulas meet pure organic ingredients and the results are skin-changing. <\/p><p>Goop is passionate about the idea that beauty comes from the inside out. So they use clinically proven and best-in-class ingredients at active levels to create skin care, skin-boosting ingestibles, and body essentials that are luxurious, deliver high-performance results, and enliven the senses with exquisite textures and beautiful scents.<\/p>",
              "image_1": "shopify:\/\/shop_images\/10.jpg",
              "image_2": "shopify:\/\/shop_images\/11.jpg",
              "image_3": "shopify:\/\/shop_images\/12.jpg"
            }
          },
          "2b4a1841-6d7a-468b-ba3b-a5fd307cf9aa": {
            "type": "information",
            "settings": {
              "collection": "learts",
              "logo": "shopify:\/\/shop_images\/5.png",
              "content": "<p>Developed by Goop founder, wellness advocate and - academy award-winner, Gwyneth Paltrow, this high performing skincare line is where luxury formulas meet pure organic ingredients and the results are skin-changing. <\/p><p>Goop is passionate about the idea that beauty comes from the inside out. So they use clinically proven and best-in-class ingredients at active levels to create skin care, skin-boosting ingestibles, and body essentials that are luxurious, deliver high-performance results, and enliven the senses with exquisite textures and beautiful scents.<\/p>",
              "image_1": "shopify:\/\/shop_images\/13.jpg",
              "image_2": "shopify:\/\/shop_images\/14.jpg",
              "image_3": "shopify:\/\/shop_images\/15.jpg"
            }
          },
          "b54aa75a-c232-474e-9d92-2027e31cd066": {
            "type": "information",
            "settings": {
              "collection": "vagabond",
              "logo": "shopify:\/\/shop_images\/6.png",
              "content": "<p>Developed by Goop founder, wellness advocate and - academy award-winner, Gwyneth Paltrow, this high performing skincare line is where luxury formulas meet pure organic ingredients and the results are skin-changing. <\/p><p>Goop is passionate about the idea that beauty comes from the inside out. So they use clinically proven and best-in-class ingredients at active levels to create skin care, skin-boosting ingestibles, and body essentials that are luxurious, deliver high-performance results, and enliven the senses with exquisite textures and beautiful scents.<\/p>",
              "image_1": "shopify:\/\/shop_images\/16.jpg",
              "image_2": "shopify:\/\/shop_images\/17.jpg",
              "image_3": "shopify:\/\/shop_images\/18.jpg"
            }
          }
        },
        "block_order": [
          "09dfe2e1-10c2-4cee-a033-a90b143c85f3",
          "c8ee188c-a84f-4cf2-a8af-aacb9bf78785",
          "e56a3991-3115-47d4-b7e6-43e962712fc6",
          "98bac8d0-393b-4f50-91b8-052a49e29dd0",
          "2b4a1841-6d7a-468b-ba3b-a5fd307cf9aa",
          "b54aa75a-c232-474e-9d92-2027e31cd066"
        ],
        "settings": {
        }
      },
      "collection-brand": {
        "type": "collection-brand",
        "settings": {
          "grid_layout": "grid",
          "pagination_limit": "12",
          "grid_columns": "3",
          "collection_paginate": "paginate",
          "show_filter": true,
          "sidebar": "leftColumn"
        }
      },
      "contact-information": {
        "type": "contact-information",
        "settings": {
        }
      },
      "maps": {
        "type": "maps",
        "settings": {
          "textx": "40.6700",
          "texty": "-73.9400",
          "zoom": "11",
          "text2": "New York"
        }
      },
      "contact-template": {
        "type": "contact-template",
        "blocks": {
          "458d6546-c5d0-4128-8fa6-162080bdf85f": {
            "type": "textblock",
            "settings": {
              "title": "Address",
              "content": "<p>7895 Piermont Dr NE Albuquerque, NM 198866, <a href=\"#\">See Our Stores<\/a><\/p>"
            }
          },
          "d2fd611c-a50a-4871-b401-b51dff320d34": {
            "type": "textblock",
            "settings": {
              "title": "Information",
              "content": "<p>+391 (0)35 2568 4593<\/p><p>hello@domain.com<\/p>"
            }
          },
          "159b3b43-a6d9-4cb9-b78d-04f5a5bae350": {
            "type": "socialmedia",
            "settings": {
              "title": "Social Media"
            }
          },
          "5c486a84-9bdd-4d24-8ac7-5c428593cf33": {
            "type": "textblock",
            "settings": {
              "title": "We're Open",
              "content": "<p>Our store has re-opened for shopping, exchanges<\/p><p>Every day 11am to 7pm<\/p>"
            }
          }
        },
        "block_order": [
          "458d6546-c5d0-4128-8fa6-162080bdf85f",
          "d2fd611c-a50a-4871-b401-b51dff320d34",
          "159b3b43-a6d9-4cb9-b78d-04f5a5bae350",
          "5c486a84-9bdd-4d24-8ac7-5c428593cf33"
        ],
        "settings": {
          "title": "We would love to hear from you.",
          "description": "<p>If you’ve got great products your making or looking to work with us then drop us a line.<\/p>"
        }
      },
      "content-before-products": {
        "type": "content-before-products",
        "settings": {
          "container": "container-fluid",
          "background_color": "",
          "gap": 30,
          "gap_mobile": 16
        }
      },
      "collection-template": {
        "type": "collection-template",
        "settings": {
          "container": "container",
          "grid_layout": "grid",
          "grid_columns": "4",
          "pagination_limit": "12",
          "collection_paginate": "paginate",
          "show_filter": true,
          "sidebar": "leftColumn"
        }
      },
      "content-after-products": {
        "type": "content-after-products",
        "settings": {
          "container": "container-fluid",
          "background_color": "",
          "gap": 30,
          "gap_mobile": 16
        }
      },
      "recent-viewed-products": {
        "type": "recent-viewed-products",
        "settings": {
          "heading": "Recently Viewed Products",
          "container": "container",
          "columns": 4,
          "column_gap": 30,
          "enable_slider": true,
          "show_product_page": true,
          "show_cart_page": true,
          "show_collection_page": false
        }
      },
      "annoucement": {
        "type": "annoucement",
        "settings": {
          "show_announcement": false,
          "homepage_only": true,
          "show_close": true,
          "message": "<p>Free shipping for all orders from $60+<\/p>",
          "message_link": "",
          "show_divider": false
        }
      },
      "1623223002c02c7263": {
        "type": "slider",
        "blocks": {
          "1623223002c02c7263-0": {
            "type": "slider_item",
            "settings": {
              "image_alignment": "center middle",
              "content_in_container": false,
              "content_position": "left bottom",
              "text_alignment": "left",
              "text_size": "large",
              "text_color": "white",
              "subheading": "<span class=\"uppercase tracking-wide font-bold\">the best quality<\/span>",
              "title": "<span style=\"font-size: 100px;\">BABER SHOP<\/span>",
              "description": "",
              "button_text": "SHOP NOW",
              "button_link": "",
              "button_style": "sf__btn-primary",
              "button_size": "",
              "show_footer": false,
              "footer_alignment": "end",
              "footer_text": "New Collection",
              "footer_button": "Shop Now",
              "footer_link": ""
            }
          },
          "1623223002c02c7263-1": {
            "type": "slider_item",
            "settings": {
              "image_alignment": "center middle",
              "content_in_container": false,
              "content_position": "left bottom",
              "text_alignment": "left",
              "text_size": "large",
              "text_color": "white",
              "subheading": "<span class=\"uppercase tracking-wide font-bold\">New Collection<\/span>",
              "title": "<span style=\"font-size: 100px; text-transform: uppercase;\">authentic peace<\/span>",
              "description": "",
              "button_text": "SHOP NOW",
              "button_link": "",
              "button_style": "sf__btn-primary",
              "button_size": "",
              "show_footer": false,
              "footer_alignment": "end",
              "footer_text": "New Collection",
              "footer_button": "Shop Now",
              "footer_link": ""
            }
          },
          "1623223002c02c7263-2": {
            "type": "slider_item",
            "settings": {
              "image_alignment": "center middle",
              "content_in_container": false,
              "content_position": "left bottom",
              "text_alignment": "left",
              "text_size": "large",
              "text_color": "white",
              "subheading": "<span class=\"uppercase tracking-wide font-bold\">Stay Stylish<\/span>",
              "title": "<span style=\"font-size: 100px; text-transform: uppercase;\">Be our customer<\/span>",
              "description": "",
              "button_text": "SHOP NOW",
              "button_link": "",
              "button_style": "sf__btn-primary",
              "button_size": "",
              "show_footer": false,
              "footer_alignment": "end",
              "footer_text": "New Collection",
              "footer_button": "Shop Now",
              "footer_link": ""
            }
          }
        },
        "block_order": [
          "1623223002c02c7263-0",
          "1623223002c02c7263-1",
          "1623223002c02c7263-2"
        ],
        "settings": {
          "container": "w-full",
          "slideshow_height": "fullscreen",
          "show_overlay": false,
          "dots_position": "right",
          "dots_color": "#fff",
          "show_dots": true,
          "show_arrows": false,
          "autorotate": false,
          "autorotate_speed": 5,
          "custom_class": "sf__index-slideshow"
        }
      },
      "162322539058f7ea8a": {
        "type": "custom-content",
        "settings": {
          "heading": "QUALITY, PASSION, PRECISION",
          "subheading": "ABOUT US",
          "description": "We work closely with our team of artisan shoemakers in Italy, utilizing sustainable materials and processes to develop a new kind of luxury - a luxury that seeks to slow the fashion cycle, a luxury that focuses on craftsmanship and a luxury that helps to increase",
          "header_alignment": "center",
          "container": "container-fluid",
          "background_color": "",
          "gap": 30,
          "use_scroll_mobile": false,
          "gap_mobile": 16,
          "custom_class": "sf__index-custom-content-1"
        }
      },
      "1623225671e61658ef": {
        "type": "custom-content",
        "blocks": {
          "e100312a-df35-44a9-a7cd-352896db0433": {
            "type": "image_card",
            "settings": {
              "width": "50%",
              "content_position": "bottom_left",
              "content_alignment": "center",
              "text_size": "large",
              "text_color": "white",
              "link": "",
              "title": "<span class=\"uppercase\">essensitals<\/span>",
              "subtitle": "",
              "button_label": "",
              "button_style": "sf__btn-primary",
              "button_size": "",
              "block_custom_class": ""
            }
          },
          "98da5699-651f-4d5a-b9be-28ece4e96404": {
            "type": "image_card",
            "settings": {
              "width": "50%",
              "content_position": "bottom_left",
              "content_alignment": "center",
              "text_size": "large",
              "text_color": "white",
              "link": "",
              "title": "<span class=\"uppercase\">grooming<span><\/span><\/span>",
              "subtitle": "",
              "button_label": "",
              "button_style": "sf__btn-primary",
              "button_size": "",
              "block_custom_class": ""
            }
          }
        },
        "block_order": [
          "e100312a-df35-44a9-a7cd-352896db0433",
          "98da5699-651f-4d5a-b9be-28ece4e96404"
        ],
        "settings": {
          "heading": "",
          "subheading": "",
          "description": "",
          "header_alignment": "center",
          "container": "container-fluid",
          "background_color": "",
          "gap": 30,
          "use_scroll_mobile": false,
          "gap_mobile": 16,
          "custom_class": ""
        }
      },
      "1623225908b15e81fb": {
        "type": "featured-collection",
        "settings": {
          "heading": "CUSTOMER FAVORITES",
          "subheading": "HOT THIS WEEK",
          "description": "",
          "header_alignment": "center",
          "container": "container-fluid",
          "background_color": "rgba(0,0,0,0)",
          "collection": "barber",
          "product_to_show": 10,
          "items_per_row": 5,
          "item_gap": 30,
          "pcard_layout": "2",
          "pcard_image_ratio": "",
          "show_vendor": false,
          "enable_slider": false,
          "show_pagination": false,
          "show_navigation": false,
          "button_type": "link",
          "button_text": "SHOP NOW",
          "button_style": "sf__btn-primary",
          "button_size": "",
          "infinite_load": false,
          "max_page_load": 3,
          "use_scroll_mobile": true,
          "item_gap_mobile": 10,
          "custom_class": "sf__index-featured-collection"
        }
      },
      "162322613280170962": {
        "type": "custom-content",
        "blocks": {
          "162322613280170962-1": {
            "type": "image",
            "settings": {
              "width": "50%",
              "alignment": "center",
              "block_custom_class": ""
            }
          },
          "162322613280170962-0": {
            "type": "text",
            "settings": {
              "title": "CALIFORNIA’S FAVORITE<br>\nHAIR STYLIST.",
              "subheading": "MEET JAMES",
              "text": "<p>We work closely with our team of artisan shoemakers in Italy, utilizing sustainable materials and processes to develop a new kind of luxury - a luxury that seeks to slow the fashion cycle, a luxury that focuses on craftsmanship and a luxury that helps to increase <\/p>",
              "width": "50%",
              "alignment": "center",
              "align_text": "left",
              "text_size": "medium",
              "text_color": "black",
              "button_label": "ABOUT US",
              "button_link": "",
              "button_style": "sf__btn-primary",
              "button_size": "",
              "block_custom_class": ""
            }
          }
        },
        "block_order": [
          "162322613280170962-1",
          "162322613280170962-0"
        ],
        "settings": {
          "heading": "",
          "subheading": "",
          "description": "",
          "header_alignment": "center",
          "container": "container-fluid",
          "background_color": "",
          "gap": 0,
          "use_scroll_mobile": false,
          "gap_mobile": 16,
          "custom_class": "sf__index-custom-content-3"
        }
      },
      "1623226617a345e352": {
        "type": "blog-posts",
        "settings": {
          "heading": "",
          "subheading": "",
          "description": "",
          "header_alignment": "center",
          "container": "container-fluid",
          "background_color": "rgba(0,0,0,0)",
          "blog": "barber",
          "limit": 4,
          "column": 4,
          "column_gap": 30,
          "mobile_gap": 10,
          "article_image_aspect_ratio": "16\/9",
          "article_align_content": "text-left",
          "article_show_tags": true,
          "article_show_date": false,
          "article_show_excerpt": false,
          "article_show_button": false,
          "button_link": "",
          "button_text": "",
          "button_style": "sf__btn-primary",
          "button_size": "",
          "use_scroll_mobile": true,
          "custom_class": ""
        }
      },
      "1623230332326b7443": {
        "type": "newsletter",
        "settings": {
          "container": "w-full",
          "background_color": "",
          "form_layout": "vertical",
          "form_design": "1",
          "heading": "GET THE GIFT CARD",
          "description": "<p>Sign up to our mailing list and get a 10% discount code for your purchase<\/p>",
          "email_placeholder": "Enter your email",
          "submit_button": "Subscribe",
          "text_color": "black",
          "show_icon": true,
          "icon_img_width": "60",
          "show_agreement": true,
          "term_condition_text": "<p>I agree to the Terms and Conditions.<\/p>"
        }
      },
      "product-details-accordion": {
        "type": "product-details-accordion",
        "settings": {
          "show_accordion": true,
          "use_container": false,
          "position": "bottom_info"
        }
      },
      "product-features": {
        "type": "product-features",
        "blocks": {
          "fb5bc021-1a71-4ea8-b450-0057772b0177": {
            "type": "feature",
            "settings": {
              "image": "shopify:\/\/shop_images\/Frame_1.png",
              "title": "Free Shipping",
              "description": "<p>Get complimentary ground shipping on every <br\/>order.Don’t love it? Send it back, on us.<\/p>",
              "link": ""
            }
          },
          "c8b3206b-ac3e-45b3-9c4f-714471f4cb22": {
            "type": "feature",
            "settings": {
              "image": "shopify:\/\/shop_images\/Frame_2.png",
              "title": "Earn Points",
              "description": "<p>Join Minimog Rewards to earn gift cards<br\/>and enjoy exclusive member benefits.<\/p>",
              "link": ""
            }
          },
          "c2b51e45-c557-45c2-82f5-36122997b8e7": {
            "type": "feature",
            "settings": {
              "image": "shopify:\/\/shop_images\/Frame_3.png",
              "title": "Money Back Gurantee",
              "description": "<p>We believe getting dressed should be the <br\/>easiest part of your day.<\/p>",
              "link": ""
            }
          }
        },
        "block_order": [
          "fb5bc021-1a71-4ea8-b450-0057772b0177",
          "c8b3206b-ac3e-45b3-9c4f-714471f4cb22",
          "c2b51e45-c557-45c2-82f5-36122997b8e7"
        ],
        "settings": {
          "show_featured": true,
          "container": "container",
          "heading": "Why choose us?",
          "item_per_row": 3,
          "card_style": "vertical",
          "image_max_width": "70px",
          "content_alignment": "center"
        }
      },
      "mobile-sticky-bar": {
        "type": "mobile-sticky-bar",
        "settings": {
          "show_mobile_sticky": true,
          "show_home_icon": true,
          "show_collection_icon": true,
          "show_cart_icon": true,
          "show_search_icon": true,
          "show_account_icon": false,
          "show_wishlist_icon": false
        }
      }
    },
    "content_for_index": [
      "1623223002c02c7263",
      "162322539058f7ea8a",
      "1623225671e61658ef",
      "1623225908b15e81fb",
      "162322613280170962",
      "1623230332326b7443",
      "1623226617a345e352"
    ]
  },
  "presets": {
    "Default": {
      "sections": {
        "featured-collection": {
          "type": "featured-collection",
          "settings": {
            "collection": "frontpage"
          }
        },
        "featured-product": {
          "type": "featured-product",
          "settings": {
          }
        }
      },
      "content_for_index": [
        "featured-collection",
        "featured-product"
      ]
    }
  }
}