{
  "sections": {
    "1622430211caf90a8a": {
      "type": "press",
      "blocks": {
        "1622430211caf90a8a-0": {
          "type": "news",
          "settings": {
            "title": "<p>“Millions of combinations, meaning you get a totally unique<br\/> piece of furniture exactly the way you want it.”<\/p>",
            "image": "shopify:\/\/shop_images\/1.png",
            "image_width": "150px",
            "url": ""
          }
        },
        "1622430211caf90a8a-1": {
          "type": "news",
          "settings": {
            "title": "<p>“Millions of combinations, meaning you get a totally unique<br\/> piece of furniture exactly the way you want it.”<\/p>",
            "image": "shopify:\/\/shop_images\/2.png",
            "image_width": "150px",
            "url": ""
          }
        },
        "1622430211caf90a8a-2": {
          "type": "news",
          "settings": {
            "title": "<p>“Millions of combinations, meaning you get a totally unique<br\/> piece of furniture exactly the way you want it.”<\/p>",
            "image": "shopify:\/\/shop_images\/3.png",
            "image_width": "150px",
            "url": ""
          }
        },
        "1622430211caf90a8a-3": {
          "type": "news",
          "settings": {
            "title": "<p>“Millions of combinations, meaning you get a totally unique<br\/> piece of furniture exactly the way you want it.”<\/p>",
            "image": "shopify:\/\/shop_images\/4.png",
            "image_width": "150px",
            "url": ""
          }
        },
        "1622430211caf90a8a-4": {
          "type": "news",
          "settings": {
            "title": "<p>“Millions of combinations, meaning you get a totally unique<br\/> piece of furniture exactly the way you want it.”<\/p>",
            "image_width": "150px",
            "url": ""
          }
        },
        "1622430211caf90a8a-5": {
          "type": "news",
          "settings": {
            "title": "<p>“Millions of combinations, meaning you get a totally unique<br\/> piece of furniture exactly the way you want it.”<\/p>",
            "image_width": "150px",
            "url": ""
          }
        }
      },
      "block_order": [
        "1622430211caf90a8a-0",
        "1622430211caf90a8a-1",
        "1622430211caf90a8a-2",
        "1622430211caf90a8a-3",
        "1622430211caf90a8a-4",
        "1622430211caf90a8a-5"
      ],
      "settings": {
        "heading": "",
        "subheading": "",
        "description": "",
        "header_alignment": "center",
        "container": "container",
        "background_color": "#f5f5f5",
        "show_divider": false,
        "autoplay": false,
        "custom_class": "sf__index-press"
      }
    },
    "1622684711d8d3374b": {
      "type": "image-with-text",
      "settings": {
        "heading": "",
        "subheading": "",
        "container": "w-full",
        "background_color": "rgba(0,0,0,0)",
        "item_gap": 120,
        "item_gap_mobile": 10,
        "layout": "left",
        "image_column_size": "4",
        "title": "Keep it clean!\n<p class=\"mt-5 text-xl lg:text-2xl\">Wash <span class=\"text-color-primary\">your hands<\/span> for 20 seconds!<\/p>",
        "sub_title": "<img style=\"max-width: 100px;\" src=\"https:\/\/cdn.shopify.com\/s\/files\/1\/0042\/0750\/9567\/files\/icon1.png?v=1622685498\">",
        "text": "<p>Turn organization into decor with a multi-use, three-tier rack<br\/>that’s beautiful in any room<\/p>",
        "text_size": "large",
        "content_alignment": "left",
        "button_label": "Shop Now",
        "button_link": "",
        "button_style": "sf__btn-primary",
        "button_size": "",
        "custom_class": "sf__index-img-with-text"
      }
    },
    "1622689774f85795d7": {
      "type": "featured-collection",
      "settings": {
        "heading": "Clean hands, Safe hands",
        "subheading": "<img style=\"margin:0 auto; max-width: 140px;margin-bottom: 35px;\" src=\"https:\/\/cdn.shopify.com\/s\/files\/1\/0042\/0750\/9567\/files\/icon2.png?v=1622690382\">",
        "description": "An organic, no-water hand lotion made with essential oils sourced from the Atlas<br> Mountains. Woody warming scent.",
        "header_alignment": "center",
        "container": "container",
        "background_color": "rgba(0,0,0,0)",
        "collection": "hand-sanitizer",
        "product_to_show": 6,
        "items_per_row": 3,
        "item_gap": 30,
        "pcard_layout": "",
        "pcard_image_ratio": "",
        "show_vendor": false,
        "enable_slider": false,
        "show_pagination": false,
        "show_navigation": false,
        "button_type": "link",
        "button_text": "",
        "button_style": "sf__btn-primary",
        "button_size": "",
        "infinite_load": false,
        "max_page_load": 3,
        "use_scroll_mobile": true,
        "item_gap_mobile": 16,
        "custom_class": "sf__index-featured-collection"
      }
    },
    "16226905136ce4269f": {
      "type": "custom-content",
      "blocks": {
        "1dd7af76-ebfe-417a-a96d-a4f1ab210d8e": {
          "type": "text",
          "settings": {
            "title": "<span class=\"leading-tight\">Be aware, <br>\nwash with care.<\/span>",
            "subheading": "<img style=\"max-width: 100px;\" src=\"https:\/\/cdn.shopify.com\/s\/files\/1\/0042\/0750\/9567\/files\/icon3.png?v=1622692373\">",
            "text": "<p>An organic, no-water hand lotion made with essential oils<br\/> sourced from the Atlas Mountains. Woody warming scent.<\/p>",
            "width": "50%",
            "alignment": "center",
            "align_text": "left",
            "text_size": "medium",
            "text_color": "white",
            "button_label": "Wash and protect",
            "button_link": "",
            "button_style": "sf__btn-white",
            "button_size": "",
            "block_custom_class": ""
          }
        },
        "fe92849d-2019-4ef9-9c96-096cd358296c": {
          "type": "video",
          "settings": {
            "video_link": "https:\/\/www.youtube.com\/watch?v=_9VUPq3SxOc",
            "ratio": "4:3",
            "video_title": "",
            "text_size": "medium",
            "text_color": "white",
            "play_style": "solid",
            "play_size": "large",
            "autoplay": false,
            "loop": false,
            "width": "50%",
            "alignment": "start",
            "block_custom_class": ""
          }
        }
      },
      "block_order": [
        "1dd7af76-ebfe-417a-a96d-a4f1ab210d8e",
        "fe92849d-2019-4ef9-9c96-096cd358296c"
      ],
      "settings": {
        "heading": "",
        "subheading": "",
        "description": "",
        "header_alignment": "center",
        "container": "w-full",
        "background_color": "rgba(0,0,0,0)",
        "gap": 0,
        "use_scroll_mobile": false,
        "gap_mobile": 16,
        "custom_class": "sf__index-custom-content"
      }
    },
    "1622692989745ca65f": {
      "type": "image-with-text",
      "settings": {
        "heading": "",
        "subheading": "",
        "container": "container",
        "background_color": "rgba(0,0,0,0)",
        "item_gap": 100,
        "item_gap_mobile": 10,
        "layout": "left",
        "image_column_size": "7",
        "title": "<span class=\"leading-tight\">Save Lives and<br> Money.<\/span>",
        "sub_title": "<img style=\"max-width: 220px;\" src=\"https:\/\/cdn.shopify.com\/s\/files\/1\/0042\/0750\/9567\/files\/icon4.png?v=1622693038\">",
        "text": "<p>An organic, no-water hand lotion made with essential oils<br\/> sourced from the Atlas Mountains. Woody warming scent.<\/p>",
        "text_size": "medium",
        "content_alignment": "left",
        "button_label": "Wash and protect",
        "button_link": "",
        "button_style": "sf__btn-primary",
        "button_size": "",
        "custom_class": ""
      }
    },
    "1622693237069e4651": {
      "type": "newsletter",
      "settings": {
        "container": "container",
        "background_color": "#649670",
        "form_layout": "vertical",
        "form_design": "1",
        "heading": "Subscribe to our Newsletter",
        "description": "",
        "email_placeholder": "Enter your email address",
        "submit_button": "",
        "text_color": "white",
        "show_icon": false,
        "icon_img_width": "30",
        "show_agreement": true,
        "term_condition_text": "<p>I agree to the Terms and Conditions.<\/p>"
      }
    }
  },
  "order": [
    "1622684711d8d3374b",
    "1622430211caf90a8a",
    "1622689774f85795d7",
    "16226905136ce4269f",
    "1622692989745ca65f",
    "1622693237069e4651"
  ]
}