{
  "sections": {
    "16233155804447b3cd": {
      "type": "image-with-text-2",
      "settings": {
        "container": "w-full",
        "hero_size": "fullscreen",
        "show_overlay": true,
        "bg_position": "center",
        "parallax": false,
        "content_in_container": false,
        "content_position": "center middle",
        "text_alignment": "center",
        "text_size": "large",
        "text_color": "white",
        "title": "<span class=\"sf__custom-heading\">SKATEBOARDS<\/span>",
        "subtitle": "",
        "text": "",
        "button_label": "",
        "button_link": "",
        "button_style": "sf__btn-primary",
        "button_size": "",
        "custom_class": ""
      }
    },
    "162331592929d77268": {
      "type": "collection-list",
      "blocks": {
        "16233159290d865c19-0": {
          "type": "collection_block",
          "settings": {
            "collection": "skateboards",
            "title": "DECKS"
          }
        },
        "16233159290d865c19-1": {
          "type": "collection_block",
          "settings": {
            "collection": "new-arrivals-skateboards",
            "title": "TRUCKS"
          }
        },
        "16233159290d865c19-2": {
          "type": "collection_block",
          "settings": {
            "collection": "best-sellers-skateboards",
            "title": "WHEELS"
          }
        },
        "a3ed898f-0ab7-4659-b995-19c0fc394532": {
          "type": "collection_block",
          "settings": {
            "collection": "skateboards",
            "title": "COMPLETE"
          }
        }
      },
      "block_order": [
        "16233159290d865c19-0",
        "16233159290d865c19-1",
        "16233159290d865c19-2",
        "a3ed898f-0ab7-4659-b995-19c0fc394532"
      ],
      "settings": {
        "heading": "SKATEBOARD",
        "subheading": "",
        "description": "",
        "header_alignment": "center",
        "container": "container-fluid",
        "background_color": "",
        "layout": "grid",
        "card_style": "standard",
        "text_alignment": "left",
        "hover_effect": "scaling-up",
        "show_product_count": true,
        "count_inline_title": true,
        "image_rounded": false,
        "items_per_row": 4,
        "item_gap": 30,
        "enable_slider": false,
        "show_pagination": false,
        "show_navigation": false,
        "autorotate": false,
        "autorotate_speed": 5,
        "use_scroll_mobile": true,
        "mobile_gap": 10,
        "hidden_slide_control_mobile": false,
        "custom_class": ""
      }
    },
    "16233161277e19c68e": {
      "type": "custom-content",
      "blocks": {
        "11534ace-0ac9-4c80-ab8e-d00dc4fb33a6": {
          "type": "image_card",
          "settings": {
            "width": "50%",
            "content_position": "bottom_center",
            "content_alignment": "center",
            "text_size": "medium",
            "text_color": "white",
            "link": "",
            "title": "PENNY SKATE",
            "subtitle": "",
            "button_label": "SHOP NOW",
            "button_style": "sf__btn-link",
            "button_size": "",
            "block_custom_class": ""
          }
        },
        "1221d638-f473-4731-b058-a253a2db6aa0": {
          "type": "image_card",
          "settings": {
            "width": "50%",
            "content_position": "bottom_center",
            "content_alignment": "center",
            "text_size": "medium",
            "text_color": "white",
            "link": "",
            "title": "POLAR SKATE",
            "subtitle": "",
            "button_label": "SHOP NOW",
            "button_style": "sf__btn-link",
            "button_size": "",
            "block_custom_class": ""
          }
        }
      },
      "block_order": [
        "11534ace-0ac9-4c80-ab8e-d00dc4fb33a6",
        "1221d638-f473-4731-b058-a253a2db6aa0"
      ],
      "settings": {
        "heading": "",
        "subheading": "",
        "description": "",
        "header_alignment": "center",
        "container": "container-fluid",
        "background_color": "",
        "gap": 30,
        "use_scroll_mobile": false,
        "gap_mobile": 16,
        "custom_class": ""
      }
    },
    "1623316486084b868c": {
      "type": "featured-collection",
      "settings": {
        "heading": "BEST SELLERS",
        "subheading": "",
        "description": "",
        "header_alignment": "center",
        "container": "container-fluid",
        "background_color": "rgba(0,0,0,0)",
        "collection": "skateboards",
        "product_to_show": 4,
        "items_per_row": 4,
        "item_gap": 30,
        "pcard_layout": "2",
        "pcard_image_ratio": "",
        "show_vendor": false,
        "enable_slider": false,
        "show_pagination": false,
        "show_navigation": false,
        "button_type": "link",
        "button_text": "",
        "button_style": "sf__btn-primary",
        "button_size": "",
        "infinite_load": false,
        "max_page_load": 3,
        "use_scroll_mobile": true,
        "item_gap_mobile": 10,
        "custom_class": ""
      }
    },
    "1623316569501ae093": {
      "type": "image-with-text",
      "settings": {
        "heading": "",
        "subheading": "",
        "container": "container-fluid",
        "background_color": "rgba(0,0,0,0)",
        "item_gap": 100,
        "item_gap_mobile": 30,
        "layout": "right",
        "image_column_size": "6",
        "title": "SUPERSKATE<br>\nBACK IN STOCK",
        "sub_title": "",
        "text": "<p>We strive for quality, aesthetic and mixing our shared<br\/>passions for skateboarding, design, photography &<br\/>cinematography. We are based in Los Angeles. <br\/>We come from all over.<\/p>",
        "text_size": "medium",
        "content_alignment": "left",
        "button_label": "SHOP NOW",
        "button_link": "",
        "button_style": "sf__btn-primary",
        "button_size": "",
        "custom_class": ""
      }
    },
    "16233167086477272b": {
      "type": "featured-collection",
      "settings": {
        "heading": "NEW ARRIVALS",
        "subheading": "",
        "description": "",
        "header_alignment": "center",
        "container": "container-fluid",
        "background_color": "rgba(0,0,0,0)",
        "collection": "new-arrivals-skateboards",
        "product_to_show": 4,
        "items_per_row": 4,
        "item_gap": 30,
        "pcard_layout": "",
        "pcard_image_ratio": "",
        "show_vendor": false,
        "enable_slider": false,
        "show_pagination": false,
        "show_navigation": false,
        "button_type": "link",
        "button_text": "",
        "button_style": "sf__btn-primary",
        "button_size": "",
        "infinite_load": false,
        "max_page_load": 3,
        "use_scroll_mobile": true,
        "item_gap_mobile": 10,
        "custom_class": ""
      }
    },
    "16233172436cc42da9": {
      "type": "blog-posts",
      "settings": {
        "heading": "NEWS & MORE",
        "subheading": "",
        "description": "",
        "header_alignment": "center",
        "container": "container-fluid",
        "background_color": "rgba(0,0,0,0)",
        "blog": "skateboard",
        "limit": 4,
        "column": 4,
        "column_gap": 30,
        "mobile_gap": 10,
        "article_image_aspect_ratio": "16\/9",
        "article_align_content": "text-center",
        "article_show_tags": true,
        "article_show_date": false,
        "article_show_excerpt": false,
        "article_show_button": false,
        "button_link": "",
        "button_text": "",
        "button_style": "sf__btn-primary",
        "button_size": "",
        "use_scroll_mobile": true,
        "custom_class": ""
      }
    },
    "16281589059878d692": {
      "type": "video",
      "settings": {
        "container": "w-full",
        "background_color": "",
        "video_link": "https:\/\/www.youtube.com\/watch?v=_9VUPq3SxOc",
        "ratio": "21:9",
        "video_title": "THE NEW <br> MINT SURFSKATE",
        "text_size": "large",
        "text_color": "white",
        "play_style": "solid",
        "play_size": "medium",
        "width": "100%",
        "autoplay": false,
        "loop": false,
        "custom_class": ""
      }
    }
  },
  "order": [
    "16233155804447b3cd",
    "162331592929d77268",
    "16233161277e19c68e",
    "1623316486084b868c",
    "1623316569501ae093",
    "16233167086477272b",
    "16281589059878d692",
    "16233172436cc42da9"
  ]
}