{
  "current": {
    "favicon": "shopify:\/\/shop_images\/fav_icon_dark_1.png",
    "color_primary": "#000",
    "color_body_text": "#000000",
    "color_sub_text": "#666666",
    "color_btn_bg_hover": "#000000",
    "color_field_bg": "rgba(0,0,0,0)",
    "color_annoucement_bg": "#ffefca",
    "color_annoucement_text": "#000000",
    "color_topbar_bg": "#ffefca",
    "color_topbar_text": "#000000",
    "color_footer_bg": "#fcf8f4",
    "color_footer_text": "#000",
    "color_footer_link": "#666666",
    "color_footer_link_hover": "#000000",
    "color_footer_bg_mb": "#fcf8f4",
    "color_footer_bottom_bg": "#fcf8f4",
    "color_footer_bottom_text": "#666666",
    "color_footer_bottom_bg_mb": "#fcf8f4",
    "color_border": "#d9d9d9",
    "img_overlay_opacity": 20,
    "use_custom_font_body": true,
    "custom_body_font": "https:\/\/cdn.shopify.com\/s\/files\/1\/0561\/2742\/2636\/files\/Jost-Light.ttf?v=1618297125@300\nhttps:\/\/cdn.shopify.com\/s\/files\/1\/0561\/2742\/2636\/files\/Jost-Regular.ttf?v=1618297125@400\nhttps:\/\/cdn.shopify.com\/s\/files\/1\/0561\/2742\/2636\/files\/Jost-Medium.ttf?v=1618297125@500\nhttps:\/\/cdn.shopify.com\/s\/files\/1\/0561\/2742\/2636\/files\/Jost-SemiBold.ttf?v=1618297125@600\nhttps:\/\/cdn.shopify.com\/s\/files\/1\/0561\/2742\/2636\/files\/Jost-Bold.ttf?v=1618297125@700",
    "use_custom_font_heading": true,
    "custom_heading_font": "https:\/\/cdn.shopify.com\/s\/files\/1\/0561\/2742\/2636\/files\/Prata-Regular.ttf?v=1627371951@400",
    "custom_heading_weight": "400",
    "type_header_base_size": 35,
    "btn_uppercase_text": true,
    "btn_base_size": 14,
    "btn_border_width": 2,
    "btn_border_radius": 0,
    "btn_weight": "600",
    "pcard_alignment": "center",
    "pcard_image_ratio": "3\/4",
    "product_colors": "red: #FF6961,\nyellow: #FDDA76,\nblack: #000000,\nblack band: #000000,\nblue: #8DB4D2,\ngreen: #C1E1C1,\npurple: #B19CD9,\nsilver: #EEEEEF,\nwhite: #FFFFFF,\nbrown: #836953,\nlight brown: #B5651D,\ndark turquoise: #23cddc,\norange: #FFB347,\ntan: #E9D1BF,\nviolet: #B490B0,\npink: #FFD1DC,\ngrey: #E0E0E0,\nsky: #96BDC6,\npale leaf: #CCD4BF,\nlight blue: #b1c5d4,\ndark grey: #aca69f,\nbeige: #EBE6DB,\nbeige band: #EED9C4,\ndark blue: #063e66,\ncream: #FFFFCC,\nlight pink: #FBCFCD,\nmint: #bedce3,\ndark gray: #3A3B3C,\nrosy brown: #c4a287,\nlight grey:#D3D3D3,\ncopper: #B87333,\nrose gold: #ECC5C0,\nnight blue: #151B54,\ncoral: #FF7F50,\nlight purple: #C6AEC7",
    "filter_color1": "Checked",
    "social_twitter_link": "https:\/\/twitter.com\/home",
    "social_facebook_link": "https:\/\/facebook.com\/",
    "social_pinterest_link": "https:\/\/pinterest.com\/",
    "social_instagram_link": "https:\/\/instagram.com\/",
    "wishlist_page": "",
    "product_compare_page": "",
    "gm_api": "",
    "instagram_token": "",
    "custom_css": ".sf__index-slideshow .slide__block-desktop .slide__block-subtitle {\n  margin-bottom: 0;\n  font-size: 18px;\n}\n.sf__index-icon-box-1 .sf-icon-box__text h3,\n.sf__index-icon-box-2 .sf-icon-box__text h3 {\n  font-family: \"SF-Body-font\";\n  font-size: 20px;\n  font-weight: 500;\n}\nul.sf-nav li a.sf__parent-item {\n  font-size: 14px;\n  font-weight: 600;\n}\n.content__subheading,\n.sf-hero__subtitle {\n  letter-spacing: 1px;\n  font-size: 14px;\n}\n.sf__blog-card .sf__blog-cardContent .sf__blog-cardTags {\n  font-size: 11px;\n  text-transform: uppercase;\n  font-weight: 500;\n  color: #af593c;\n  padding: 2px 5px;\n  background-color: #ffeae3;\n  display: inline-block;\n  margin-bottom: 10px;\n}\n.sf__index-instagram .section-my {\n  margin-bottom: 10px;\n}\n.sf-footer .sf__footer-block-menu .sf__footer-block-title {\n  font-family: \"SF-Body-font\";\n  font-size: 14px;\n  font-weight: 600;\n  text-transform: uppercase;\n}\n.sf-footer .sf__footer-block-newsletter .sf__footer-block-title {\n  font-size: 30px;\n  line-height: 40px;\n}\nform.sf__footer-form-newsletter .sf__newletter__form-input {\n  color: #000;\n}\n@media (min-width: 1280px) {\n  .sf-footer .sf__footer-block-newsletter {\n    padding-right: 100px;\n  }\n}\n@media (min-width: 1535px) {\n  .sf__index-slideshow .slide__block-desktop .slide__block-title {\n    font-size: 80px;\n    line-height: 100px;\n    margin-bottom: 30px;\n  }\n}\n@media (max-width: 767px) {\n  .sf__index-featured-collection .sf__featured-collection-button {\n    margin-top: 0;\n  }\n  .sf__index-slideshow {\n    margin-bottom: 40px;\n  }\n  .sf__index-slideshow .sf__slide-content a.sf__mobile-button,\n  .sf__index-featured-collection .sf__featured-collection-button a.sf__btn,\n  .sf__index-blog-posts .sf__blog-post-button a.sf__btn {\n    width: 100%;\n  }\n  .sf__index-hero .sf-hero__content h3 {\n    font-size: 36px;\n    line-height: 48px;\n  }\n  .sf__index-slideshow .sf__mobile-subheading {\n    font-size: 14px;\n  }\n  .sf__index-img-with-text .content__heading {\n    font-size: 36px;\n    line-height: 48px;\n  }\n}",
    "sections": {
      "page-faqs": {
        "type": "page-faqs",
        "blocks": {
          "2802736b-f08f-4510-a4f7-4ad7d748992d": {
            "type": "content",
            "settings": {
              "content": "<div class=\"mb-10\"><img src=\"https:\/\/cdn.shopify.com\/s\/files\/1\/0561\/2742\/2636\/files\/faqs.jpg?v=1620784288\"><\/div>\n<h3 class=\"font-medium text-xl mb-4\">Awkwardness gives me great comfort. I’ve never been cool, but I’ve felt cool. I’ve been in the cool place, but I wasn’t really cool – I was trying to pass for hip or cool.<\/h3>\n<p>A girl should be two things: classy and fabulous. I am convinced that there can be luxury in simplicity. I wanted to dress the woman who lives and works, not the woman in a painting. It’s hard to balance everything. It’s always challenging. My relationships with producers or photographers – these are relationships that took years. I can’t get sucked into that celebrity thing, because I think it’s just crass. My aim is to make the poor look rich.<\/p>"
            }
          },
          "4e151238-4480-4122-b893-7f4a19886e4c": {
            "type": "accordion",
            "settings": {
              "title": "What shipping methods are availbale?",
              "content": "<p>Lorem ipsum dolor sit amet conse ctetur adipisicing elit, sed do eiusmod tempor incididunt ut labore et dolore magna aliqua. Ut enim ad minim veniam, quis nostrud exercitation ullamco laboris nisi ut aliquip ex ea commodo consequat. Duis aute irure dolor in reprehenderit in voluptate velit esse cillum dolore eu fugiat.<br\/><br\/>Ut enim ad minim veniam, quis nostrud exercitation ullamco laboris nisi ut aliquip ex ea commodo consequat. Duis aute irure dolor in reprehenderit.<\/p>",
              "open": true
            }
          },
          "c5d4d04d-f6c1-4d1e-99f0-3c221393a3cf": {
            "type": "accordion",
            "settings": {
              "title": "How long will it take to get my package?",
              "content": "<p>Lorem ipsum dolor sit amet conse ctetur adipisicing elit, sed do eiusmod tempor incididunt ut labore et dolore magna aliqua. Ut enim ad minim veniam, quis nostrud exercitation ullamco laboris nisi ut aliquip.<\/p>",
              "open": false
            }
          },
          "0131747b-8b40-432f-b634-b1289ec41911": {
            "type": "accordion",
            "settings": {
              "title": "Do you ship internationally?",
              "content": "<p>Lorem ipsum dolor sit amet conse ctetur adipisicing elit, sed do eiusmod tempor incididunt ut labore et dolore magna aliqua. Ut enim ad minim veniam, quis nostrud exercitation ullamco laboris nisi ut aliquip.<\/p>",
              "open": false
            }
          },
          "5d7206e9-5375-4da6-9a1f-24e1c46230b0": {
            "type": "accordion",
            "settings": {
              "title": "What payment methods are accepted?",
              "content": "<p>Lorem ipsum dolor sit amet conse ctetur adipisicing elit, sed do eiusmod tempor incididunt ut labore et dolore magna aliqua. Ut enim ad minim veniam, quis nostrud exercitation ullamco laboris nisi ut aliquip ex ea commodo consequat. Duis aute irure dolor in reprehenderit in voluptate velit esse cillum dolore eu fugiat.<\/p>",
              "open": false
            }
          },
          "4008f61e-055e-42ba-8969-cb3715c0aece": {
            "type": "accordion",
            "settings": {
              "title": "Is buying on-line safe?",
              "content": "<p>Lorem ipsum dolor sit amet conse ctetur adipisicing elit, sed do eiusmod tempor incididunt ut labore et dolore magna aliqua. Ut enim ad minim veniam, quis nostrud exercitation ullamco laboris nisi ut aliquip.<\/p>",
              "open": false
            }
          }
        },
        "block_order": [
          "2802736b-f08f-4510-a4f7-4ad7d748992d",
          "4e151238-4480-4122-b893-7f4a19886e4c",
          "c5d4d04d-f6c1-4d1e-99f0-3c221393a3cf",
          "0131747b-8b40-432f-b634-b1289ec41911",
          "5d7206e9-5375-4da6-9a1f-24e1c46230b0",
          "4008f61e-055e-42ba-8969-cb3715c0aece"
        ],
        "settings": {
          "menu": "faqs-menu"
        }
      },
      "collection-list": {
        "type": "collection-list",
        "settings": {
        }
      },
      "featured-collection": {
        "type": "featured-collection",
        "settings": {
          "collection": "frontpage"
        }
      },
      "featured-product": {
        "type": "featured-product",
        "settings": {
        }
      },
      "slider": {
        "type": "slider",
        "settings": {
        }
      },
      "header": {
        "type": "header",
        "blocks": {
          "f819e411-707b-4161-8b7b-27ec40e24b7b": {
            "type": "banner",
            "settings": {
              "heading": "Shop",
              "container": "container",
              "banner_style": "outside",
              "banner_link": "",
              "banner_title": "<span style=\"font-family: 'SF-Heading-font';\">What’s In Our Special Sauce?<\/span>",
              "banner_desc": "",
              "banner_button_text": "LEARN MORE"
            }
          },
          "84574772-49a5-4f35-8446-4d17b6ccaa59": {
            "type": "custom_html",
            "settings": {
              "heading": "Home",
              "container": "container",
              "html": ""
            }
          },
          "a2e09510-9d66-4ee9-94fe-18578fdba086": {
            "type": "product-list",
            "settings": {
              "heading": "Products",
              "container": "container-fluid",
              "stretch_width": false,
              "collection": "bra",
              "limit": 6,
              "columns": 2
            }
          },
          "0cf42f96-0700-45f1-8249-7fad92bbaa8d": {
            "type": "custom_html",
            "settings": {
              "heading": "Features",
              "container": "inherit",
              "html": ""
            }
          }
        },
        "block_order": [
          "f819e411-707b-4161-8b7b-27ec40e24b7b",
          "84574772-49a5-4f35-8446-4d17b6ccaa59",
          "a2e09510-9d66-4ee9-94fe-18578fdba086",
          "0cf42f96-0700-45f1-8249-7fad92bbaa8d"
        ],
        "settings": {
          "header_design": "both-center",
          "container": "container-fluid",
          "header_sticky": true,
          "transparent_on_top": false,
          "logo_text": "MINIMOG",
          "logo_max_width": 105,
          "sticky_logo_max_width": 105,
          "mobile_logo_max_width": 90,
          "uppercase_parent_level": true,
          "search": "show_icon",
          "show_account_icon": false,
          "show_cart_icon": true,
          "show_wishlist_icon": false,
          "show_compare_icon": false,
          "show_currency_switcher": false,
          "show_language_switcher": false
        }
      },
      "footer": {
        "type": "footer",
        "blocks": {
          "8d6ff29d-e8b7-411b-addc-ed3b7d2f67b3": {
            "type": "newsletter",
            "settings": {
              "title": "Keep In Touch",
              "description": "Our conversation is just getting started",
              "email_placeholder": "Enter your email",
              "form_style": "minimal",
              "show_social": false,
              "width": "50%"
            }
          },
          "d5978e13-bd48-4f66-bbbe-5b0e5bb800f5": {
            "type": "menu",
            "settings": {
              "menu": "main-menu",
              "title": "Information",
              "width": "25%"
            }
          },
          "85209d5e-c364-489f-8320-73d204b3ed46": {
            "type": "menu",
            "settings": {
              "menu": "main-menu",
              "title": "Quick links",
              "width": "25%"
            }
          },
          "17d9b177-3975-4ac5-a071-43c93f5e5621": {
            "type": "menu",
            "settings": {
              "menu": "main-menu",
              "title": "Services",
              "width": "25%"
            }
          },
          "21116813-6c29-4057-a4e3-644542292765": {
            "type": "menu",
            "settings": {
              "menu": "main-menu",
              "title": "Collections",
              "width": "25%"
            }
          }
        },
        "block_order": [
          "8d6ff29d-e8b7-411b-addc-ed3b7d2f67b3",
          "d5978e13-bd48-4f66-bbbe-5b0e5bb800f5",
          "85209d5e-c364-489f-8320-73d204b3ed46",
          "17d9b177-3975-4ac5-a071-43c93f5e5621",
          "21116813-6c29-4057-a4e3-644542292765"
        ],
        "settings": {
          "design": "footer-1",
          "container": "container",
          "bordered": false,
          "copyright": "<span class=\"text-base\">© 2021, Minimog. All Rights Reserved.<\/span>",
          "show_currency_selector": false,
          "show_language_selector": false,
          "show_social_links": false,
          "show_payment_icons": true
        }
      },
      "collection-page-header": {
        "type": "collection-page-header",
        "settings": {
          "layout": "inside",
          "header_height": "medium",
          "text_alignment": "center",
          "vertical_alignment": "center",
          "bg_color": "#f5f5f5",
          "enable_parallax": true,
          "show_breadcrumb": true,
          "upper_title": false
        }
      },
      "collection-template": {
        "type": "collection-template",
        "settings": {
          "container": "container",
          "grid_layout": "grid",
          "grid_columns": "4",
          "pagination_limit": "12",
          "collection_paginate": "paginate",
          "show_filter": true,
          "sidebar": "leftColumn"
        }
      },
      "product-template": {
        "type": "product-template",
        "settings": {
          "container": "container",
          "layout": "layout-6",
          "show_tags": false,
          "show_vendor": false,
          "show_sku": false,
          "show_categories": false,
          "show_reviews_count": true,
          "show_quantity_selector": true,
          "enable_dynamic_checkout": true,
          "hide_atc_button": false,
          "show_atwl": true,
          "show_atcp": true,
          "show_ask_a_question": true,
          "show_social": true,
          "show_live_views": true,
          "live_views_text": "<p><strong>{{count_number}}<\/strong> <strong>people<\/strong> are viewing this right now<\/p>",
          "live_views_range": "20-30",
          "live_view_duration": "10",
          "live_view_icon_blinks": true,
          "show_delivery_times": true,
          "deliver_text": "Estimated Delivery:",
          "deliver_days": "3",
          "show_shipping_text": true,
          "shipping_text": "<p><strong>Free Shipping & Returns: <\/strong>On all orders over $75<\/p>",
          "show_trust_badges": true,
          "trust_badges_text": "<p>Guarantee safe & secure checkout<\/p>",
          "trust_badges_image": "shopify:\/\/shop_images\/trustbag.png",
          "trust_badges_image_width": "320px",
          "use_sticky_atc": true,
          "sticky_atc_wishtlist": false,
          "sticky_atc_compare": false
        }
      },
      "product-details-tabs": {
        "type": "product-details-tabs",
        "blocks": {
          "39189a09-3ffe-4cc7-bd7e-e1db86c0fa7a": {
            "type": "description",
            "settings": {
              "header": "Product description"
            }
          },
          "fde7b58d-04ed-4bc2-8f0a-770df30b2bd8": {
            "type": "tab",
            "settings": {
              "header": "Shipping & Return",
              "content": "<p>So beautiful you’ll want to show it off, so comfortable you’ll forget it’s there. Our 24\/7™ Lace Contour Plunge Bra combines gorgeous floral lace with sheer overlay straps that hold you in and eliminates gaping. Removable pads let you customize you<\/p>"
            }
          },
          "8eeb87d3-6bd7-467c-a222-b80639f9c9e8": {
            "type": "reviews",
            "settings": {
              "header": "Product reviews"
            }
          }
        },
        "block_order": [
          "39189a09-3ffe-4cc7-bd7e-e1db86c0fa7a",
          "fde7b58d-04ed-4bc2-8f0a-770df30b2bd8",
          "8eeb87d3-6bd7-467c-a222-b80639f9c9e8"
        ],
        "settings": {
          "show_product_tabs": true,
          "container": "container",
          "bg_color": ""
        }
      },
      "product-reviews": {
        "type": "product-reviews",
        "settings": {
          "show_product_reviews": false,
          "container": "container-narrow",
          "heading": "Ratings and Reviews"
        }
      },
      "product-recommendations": {
        "type": "product-recommendations",
        "settings": {
          "show_product_recommendations": true,
          "container": "container",
          "heading": "You Might Also Like",
          "limit": 8,
          "columns": 4,
          "column_gap": 30,
          "enable_slider": true
        }
      },
      "collection-list-template": {
        "type": "collection-list-template",
        "blocks": {
          "f13901cd-9700-4d24-b465-25430b07b611": {
            "type": "collection_item",
            "settings": {
              "collection": "dress",
              "image": "shopify:\/\/shop_images\/mb-1.jpg"
            }
          },
          "dc2d8422-a0fc-4a81-818e-925900842b5a": {
            "type": "collection_item",
            "settings": {
              "collection": "leather-boots",
              "image": "shopify:\/\/shop_images\/ic-2_52c41689-f40b-4287-97c6-1957f415bfd3.jpg"
            }
          },
          "9c5c8c45-1db7-4029-b3b2-2372acce1502": {
            "type": "collection_item",
            "settings": {
              "collection": "sunglasses",
              "image": "shopify:\/\/shop_images\/bitmap_2x_21.jpg"
            }
          },
          "c47aa98f-b079-40d9-b574-b1c6ef4078ff": {
            "type": "collection_item",
            "settings": {
              "collection": "hand-bag",
              "image": "shopify:\/\/shop_images\/bitmap_3x_6.jpg"
            }
          },
          "18e52a82-e7e9-4046-9ac2-91fd4d273f21": {
            "type": "collection_item",
            "settings": {
              "collection": "denim-pants",
              "image": "shopify:\/\/shop_images\/bitmap_3x_5.jpg"
            }
          }
        },
        "block_order": [
          "f13901cd-9700-4d24-b465-25430b07b611",
          "dc2d8422-a0fc-4a81-818e-925900842b5a",
          "9c5c8c45-1db7-4029-b3b2-2372acce1502",
          "c47aa98f-b079-40d9-b574-b1c6ef4078ff",
          "18e52a82-e7e9-4046-9ac2-91fd4d273f21"
        ],
        "settings": {
          "title": "All collection",
          "description": "<p>Posuere in netus a eu varius adipiscing suspendisse elementum vitae<br\/>tempor suspendisse ullamcorper aenean taciti morbi potenti.<\/p>"
        }
      },
      "contact-information": {
        "type": "contact-information",
        "settings": {
        }
      },
      "maps": {
        "type": "maps",
        "settings": {
          "textx": "40.6700",
          "texty": "-73.9400",
          "zoom": "11",
          "text2": "New York"
        }
      },
      "contact-template": {
        "type": "contact-template",
        "blocks": {
          "0b76b9a8-1d13-427d-bab3-e5ca53b94543": {
            "type": "textblock",
            "settings": {
              "title": "Address",
              "content": "<p>7895 Piermont Dr NE Albuquerque, NM 198866, <a href=\"#\">See Our Stores<\/a><\/p>"
            }
          },
          "e13ea378-2ace-4cd5-a803-0c38e7df2ca4": {
            "type": "textblock",
            "settings": {
              "title": "Infomation",
              "content": "<p>+391 (0)35 2568 4593<\/p><p>hello@domain.com<\/p>"
            }
          },
          "ec713dae-95a4-41fa-8722-be8db5698235": {
            "type": "socialmedia",
            "settings": {
              "title": "Social Media"
            }
          }
        },
        "block_order": [
          "0b76b9a8-1d13-427d-bab3-e5ca53b94543",
          "e13ea378-2ace-4cd5-a803-0c38e7df2ca4",
          "ec713dae-95a4-41fa-8722-be8db5698235"
        ],
        "settings": {
          "title": "We would love to hear from you.",
          "description": "<p>If you’ve got great products your making or looking to work with us then drop us a line.<\/p>"
        }
      },
      "1619592854a0f308da": {
        "type": "slider",
        "blocks": {
          "1619592854a0f308da-0": {
            "type": "slider_item",
            "settings": {
              "image_alignment": "center middle",
              "content_in_container": false,
              "content_position": "left bottom",
              "text_alignment": "left",
              "text_size": "large",
              "text_color": "white",
              "subheading": "<span class=\"font-semibold\">SS21 - EDITORIAL<\/span>",
              "title": "Exceptionally <br>\nfitting bras.",
              "description": "",
              "button_text": "Shop now",
              "button_link": "",
              "button_style": "sf__btn-secondary",
              "button_size": "",
              "show_footer": true,
              "footer_alignment": "end",
              "footer_text": "<span class=\"font-medium border-b-2\">Pima Cotton Plunge Bra<\/span>   - $50.00",
              "footer_button": "Shop Now",
              "footer_link": ""
            }
          },
          "ad227bd8-62f2-4c12-bc64-eeacc448b0b4": {
            "type": "slider_item",
            "settings": {
              "image_alignment": "center middle",
              "content_in_container": false,
              "content_position": "left bottom",
              "text_alignment": "left",
              "text_size": "large",
              "text_color": "white",
              "subheading": "<span class=\"font-semibold\">SS21 - COLLECTION<\/span>",
              "title": "Adorn your<br>\nInner World",
              "description": "",
              "button_text": "SHOP NOW",
              "button_link": "",
              "button_style": "sf__btn-secondary",
              "button_size": "",
              "show_footer": true,
              "footer_alignment": "end",
              "footer_text": "<span class=\"font-medium border-b-2\">Pima Cotton Plunge Bra<\/span>   - $50.00",
              "footer_button": "Shop Now",
              "footer_link": ""
            }
          },
          "dc639b8d-e661-4919-9679-7b06f207189c": {
            "type": "slider_item",
            "settings": {
              "image_alignment": "center middle",
              "content_in_container": false,
              "content_position": "left bottom",
              "text_alignment": "left",
              "text_size": "large",
              "text_color": "white",
              "subheading": "<span class=\"font-semibold\">NEW ARRIVALS<\/span>",
              "title": "The Joy of<br>\nBest Comfort",
              "description": "",
              "button_text": "Shop now",
              "button_link": "",
              "button_style": "sf__btn-secondary",
              "button_size": "",
              "show_footer": true,
              "footer_alignment": "end",
              "footer_text": "<span class=\"font-medium border-b-2\">Pima Cotton Plunge Bra<\/span>   - $50.00",
              "footer_button": "Shop Now",
              "footer_link": ""
            }
          }
        },
        "block_order": [
          "1619592854a0f308da-0",
          "ad227bd8-62f2-4c12-bc64-eeacc448b0b4",
          "dc639b8d-e661-4919-9679-7b06f207189c"
        ],
        "settings": {
          "container": "w-full",
          "slideshow_height": "fullscreen",
          "show_overlay": false,
          "dots_position": "right",
          "dots_color": "light",
          "show_dots": true,
          "show_arrows": false,
          "autorotate": true,
          "autorotate_speed": 5,
          "custom_class": "sf__index-slideshow"
        }
      },
      "16195935890ca20fe4": {
        "type": "icon-box",
        "blocks": {
          "16195935890ca20fe4-0": {
            "type": "iconbox",
            "settings": {
              "title": "Fullcup Style",
              "description": "<p>A second-skin fit with smooth cups designed <br\/>to eliminate bra lines.<\/p>",
              "link": "shopify:\/\/collections\/bra",
              "button_label": "",
              "button_link": "shopify:\/\/collections\/best-sellers-bra",
              "button_style": "sf__btn-link",
              "button_size": ""
            }
          },
          "16195935890ca20fe4-1": {
            "type": "iconbox",
            "settings": {
              "title": "Bralets Bra",
              "description": "<p>Wearing a bra that fits just right can be a life-changing experience. <\/p>",
              "link": "shopify:\/\/collections\/bra",
              "button_label": "",
              "button_link": "shopify:\/\/collections\/bra",
              "button_style": "sf__btn-link",
              "button_size": ""
            }
          },
          "16195935890ca20fe4-2": {
            "type": "iconbox",
            "settings": {
              "title": "Strapless",
              "description": "<p>Our bras are designed to meet your expectations for comfort and performance.<\/p>",
              "link": "shopify:\/\/collections\/best-sellers-bra",
              "button_label": "",
              "button_link": "shopify:\/\/collections",
              "button_style": "sf__btn-link",
              "button_size": ""
            }
          }
        },
        "block_order": [
          "16195935890ca20fe4-0",
          "16195935890ca20fe4-1",
          "16195935890ca20fe4-2"
        ],
        "settings": {
          "heading": "The Bra Style Guide",
          "subheading": "",
          "description": "",
          "header_alignment": "center",
          "container": "container",
          "background_color": "#fbf1e8",
          "item_per_row": 3,
          "item_gap": 30,
          "item_gap_mobile": 16,
          "card_style": "vertical",
          "image_max_width": "",
          "content_alignment": "center",
          "hover_effect": "scaling-down",
          "enable_slider": false,
          "show_pagination": false,
          "show_navigation": false,
          "use_scroll_mobile": true,
          "use_grid_column_mb": false,
          "custom_class": "sf__index-icon-box-1"
        }
      },
      "16195941175c9ee0f8": {
        "type": "featured-collection",
        "settings": {
          "heading": "Our Best Sellers",
          "subheading": "",
          "description": "",
          "header_alignment": "center",
          "container": "container",
          "background_color": "rgba(0,0,0,0)",
          "collection": "best-sellers-bra",
          "product_to_show": 12,
          "items_per_row": 4,
          "item_gap": 30,
          "pcard_layout": "",
          "pcard_image_ratio": "1\/1",
          "show_vendor": false,
          "enable_slider": true,
          "show_pagination": false,
          "show_navigation": true,
          "button_type": "link",
          "button_text": "SHOP NOW",
          "button_style": "sf__btn-secondary",
          "button_size": "",
          "infinite_load": false,
          "max_page_load": 3,
          "use_scroll_mobile": true,
          "item_gap_mobile": 16,
          "custom_class": "sf__index-featured-collection"
        }
      },
      "16195963538598b526": {
        "type": "image-with-text-2",
        "settings": {
          "container": "w-full",
          "hero_size": "medium",
          "show_overlay": false,
          "bg_position": "center",
          "parallax": false,
          "content_in_container": true,
          "content_position": "left middle",
          "text_alignment": "center",
          "text_size": "medium",
          "text_color": "dark",
          "title": "Organic Undies<br>\nFor Everyday.",
          "subtitle": "PROMOTION",
          "text": "",
          "button_label": "LEARN MORE",
          "button_link": "",
          "button_style": "sf__btn-link",
          "button_size": "",
          "custom_class": "sf__index-hero"
        }
      },
      "1619596699bc9dd2dd": {
        "type": "icon-box",
        "blocks": {
          "1619596699bc9dd2dd-0": {
            "type": "iconbox",
            "settings": {
              "title": "Perfect Fit Promise",
              "description": "<p>We stand behind our products.<br\/>If you don't love it, exchanges.<\/p>",
              "link": "",
              "button_label": "",
              "button_link": "",
              "button_style": "sf__btn-link",
              "button_size": ""
            }
          },
          "1619596699bc9dd2dd-1": {
            "type": "iconbox",
            "settings": {
              "title": "Premium Details",
              "description": "<p>Thoughtful designs for support <br\/>that puts your comfort first.<\/p>",
              "link": "",
              "button_label": "",
              "button_link": "",
              "button_style": "sf__btn-link",
              "button_size": ""
            }
          },
          "1619596699bc9dd2dd-2": {
            "type": "iconbox",
            "settings": {
              "title": "Over 80 Bra Sizes",
              "description": "<p>Created with measurements of <br\/>millions of women.<\/p>",
              "link": "",
              "button_label": "",
              "button_link": "",
              "button_style": "sf__btn-link",
              "button_size": ""
            }
          },
          "6ff0f1e8-dcdb-46d7-951d-2a1fa0be8e8f": {
            "type": "iconbox",
            "settings": {
              "title": "Support Woman",
              "description": "<p>Over $18 million worth of bras <br\/>donated to women in need.<\/p>",
              "link": "",
              "button_label": "",
              "button_link": "",
              "button_style": "sf__btn-link",
              "button_size": ""
            }
          }
        },
        "block_order": [
          "1619596699bc9dd2dd-0",
          "1619596699bc9dd2dd-1",
          "1619596699bc9dd2dd-2",
          "6ff0f1e8-dcdb-46d7-951d-2a1fa0be8e8f"
        ],
        "settings": {
          "heading": "Designed for Your Comfort",
          "subheading": "",
          "description": "",
          "header_alignment": "center",
          "container": "container",
          "background_color": "rgba(0,0,0,0)",
          "item_per_row": 4,
          "item_gap": 30,
          "item_gap_mobile": 10,
          "card_style": "vertical",
          "image_max_width": "68px",
          "content_alignment": "center",
          "hover_effect": "scaling-up",
          "enable_slider": false,
          "show_pagination": false,
          "show_navigation": false,
          "use_scroll_mobile": false,
          "use_grid_column_mb": true,
          "custom_class": "sf__index-icon-box-2"
        }
      },
      "1619597089f20227b9": {
        "type": "blog-posts",
        "settings": {
          "heading": "From The Blog",
          "subheading": "",
          "description": "",
          "header_alignment": "center",
          "container": "container",
          "background_color": "rgba(0,0,0,0)",
          "blog": "underwear",
          "limit": 3,
          "column": 3,
          "column_gap": 30,
          "mobile_gap": 16,
          "article_image_aspect_ratio": "16\/9",
          "article_align_content": "text-center",
          "article_show_tags": true,
          "article_show_date": false,
          "article_show_excerpt": false,
          "article_show_button": false,
          "button_link": "",
          "button_text": "READ MORE",
          "button_style": "sf__btn-secondary",
          "button_size": "",
          "use_scroll_mobile": false,
          "custom_class": "sf__index-blog-posts"
        }
      },
      "1619597171b0441fa0": {
        "type": "instagram",
        "settings": {
          "heading": "Instagram",
          "subheading": "",
          "description": "",
          "header_alignment": "center",
          "container": "w-full",
          "background_color": "rgba(0,0,0,0)",
          "layout": "grid",
          "images_count": 5,
          "grid_columns": 5,
          "gap": 10,
          "mobile_gap": 10,
          "profile": "https:\/\/www.instagram.com\/minimog.trendy\/",
          "button_label": "",
          "custom_class": "sf__index-instagram"
        }
      },
      "1619602504e31ad664": {
        "type": "image-with-text",
        "settings": {
          "heading": "",
          "subheading": "",
          "container": "container",
          "background_color": "rgba(0,0,0,0)",
          "item_gap": 140,
          "item_gap_mobile": 30,
          "layout": "left",
          "image_column_size": "7",
          "title": "<span class=\"leading-tight\">What’s in our<br> special sauce?<\/span>",
          "sub_title": "TRENDING",
          "text": "<p>We know that confidence comes easily when you look and feel your best. Our large assortment of supportive bras features soft fabrics, stay-put straps, pinch-free bands, and so much more to make it easy to forget you’re wearing a bra at all.<\/p>",
          "text_size": "medium",
          "content_alignment": "left",
          "button_label": "LEARN MORE",
          "button_link": "",
          "button_style": "sf__btn-link",
          "button_size": "",
          "custom_class": "sf__index-img-with-text"
        }
      },
      "annoucement": {
        "type": "annoucement",
        "settings": {
          "show_announcement": true,
          "homepage_only": true,
          "show_close": false,
          "message": "<span style=\"font-size: 15px;\">New color alert! 🧡 Freshen up with Strawberry, Noise, and Green Tea.<\/span>",
          "message_link": "",
          "show_divider": false
        }
      },
      "content-before-products": {
        "type": "content-before-products",
        "settings": {
          "container": "container-fluid",
          "background_color": "",
          "gap": 30,
          "gap_mobile": 16
        }
      },
      "content-after-products": {
        "type": "content-after-products",
        "settings": {
          "container": "container-fluid",
          "background_color": "",
          "gap": 30,
          "gap_mobile": 16
        }
      },
      "recent-viewed-products": {
        "type": "recent-viewed-products",
        "settings": {
          "heading": "Recently Viewed Products",
          "container": "container",
          "columns": 4,
          "column_gap": 30,
          "enable_slider": true,
          "show_product_page": true,
          "show_cart_page": true,
          "show_collection_page": false
        }
      },
      "product-details-accordion": {
        "type": "product-details-accordion",
        "settings": {
          "show_accordion": true,
          "use_container": false,
          "position": "bottom_info"
        }
      },
      "product-features": {
        "type": "product-features",
        "blocks": {
          "d7acea5a-c487-4e43-8fc0-14f0c1db63d5": {
            "type": "feature",
            "settings": {
              "image": "shopify:\/\/shop_images\/Frame_1.png",
              "title": "Free Shipping",
              "description": "<p>Get complimentary ground shipping on every <br\/>order.Don’t love it? Send it back, on us.<\/p>",
              "link": ""
            }
          },
          "2473ca52-8084-4a7e-ab37-8227aac5e005": {
            "type": "feature",
            "settings": {
              "image": "shopify:\/\/shop_images\/Frame_2.png",
              "title": "Earn Points",
              "description": "<p>Join Minimog Rewards to earn gift cards<br\/>and enjoy exclusive member benefits.<\/p>",
              "link": ""
            }
          },
          "b0c4ddba-8dd0-438c-b6e2-d0bd23f1d6d2": {
            "type": "feature",
            "settings": {
              "image": "shopify:\/\/shop_images\/Frame_3.png",
              "title": "Money Back Gurantee",
              "description": "<p>We believe getting dressed should be the <br\/>easiest part of your day.<\/p>",
              "link": ""
            }
          }
        },
        "block_order": [
          "d7acea5a-c487-4e43-8fc0-14f0c1db63d5",
          "2473ca52-8084-4a7e-ab37-8227aac5e005",
          "b0c4ddba-8dd0-438c-b6e2-d0bd23f1d6d2"
        ],
        "settings": {
          "show_featured": true,
          "container": "container",
          "heading": "Why choose us?",
          "item_per_row": 3,
          "card_style": "vertical",
          "image_max_width": "70px",
          "content_alignment": "center"
        }
      },
      "mobile-sticky-bar": {
        "type": "mobile-sticky-bar",
        "settings": {
          "show_mobile_sticky": true,
          "show_home_icon": true,
          "show_collection_icon": true,
          "show_cart_icon": true,
          "show_search_icon": true,
          "show_account_icon": false,
          "show_wishlist_icon": false
        }
      }
    },
    "content_for_index": [
      "1619592854a0f308da",
      "16195935890ca20fe4",
      "1619602504e31ad664",
      "16195941175c9ee0f8",
      "16195963538598b526",
      "1619596699bc9dd2dd",
      "1619597089f20227b9",
      "1619597171b0441fa0"
    ]
  },
  "presets": {
    "Default": {
      "sections": {
        "featured-collection": {
          "type": "featured-collection",
          "settings": {
            "collection": "frontpage"
          }
        },
        "featured-product": {
          "type": "featured-product",
          "settings": {
          }
        }
      },
      "content_for_index": [
        "featured-collection",
        "featured-product"
      ]
    }
  }
}