{
  "sections": {
    "1621243260e1af0c20": {
      "type": "slider",
      "blocks": {
        "1621243260e1af0c20-0": {
          "type": "slider_item",
          "settings": {
            "image_alignment": "center top",
            "content_in_container": false,
            "content_position": "left middle",
            "text_alignment": "left",
            "text_size": "large",
            "text_color": "black",
            "subheading": "<span class=\"font-semibold\">New Arrivals<\/span>",
            "title": "<span class=\"sf__font-normal\">Double Breasted<\/span>",
            "description": "",
            "button_text": "Shop Now",
            "button_link": "",
            "button_style": "sf__btn-secondary",
            "button_size": "",
            "show_footer": true,
            "footer_alignment": "end",
            "footer_text": "The ReCotton Tee",
            "footer_button": "Shop Now",
            "footer_link": "shopify:\/\/collections"
          }
        },
        "1621243260e1af0c20-1": {
          "type": "slider_item",
          "settings": {
            "image_alignment": "center top",
            "content_in_container": false,
            "content_position": "left middle",
            "text_alignment": "left",
            "text_size": "large",
            "text_color": "black",
            "subheading": "<span class=\"font-semibold\">New Arrivals<\/span>",
            "title": "<span class=\"sf__font-normal\">Autumn Collection<\/span>",
            "description": "",
            "button_text": "Shop Now",
            "button_link": "",
            "button_style": "sf__btn-secondary",
            "button_size": "",
            "show_footer": true,
            "footer_alignment": "end",
            "footer_text": "The ReCotton Tee",
            "footer_button": "Shop Now",
            "footer_link": "shopify:\/\/collections"
          }
        },
        "1621243260e1af0c20-2": {
          "type": "slider_item",
          "settings": {
            "image_alignment": "center top",
            "content_in_container": false,
            "content_position": "left middle",
            "text_alignment": "left",
            "text_size": "large",
            "text_color": "black",
            "subheading": "<span class=\"font-semibold\">Hot Trend<\/span>",
            "title": "<span class=\"sf__font-normal\">Venice Haute Couture<\/span>",
            "description": "",
            "button_text": "Discover Now",
            "button_link": "",
            "button_style": "sf__btn-secondary",
            "button_size": "",
            "show_footer": true,
            "footer_alignment": "end",
            "footer_text": "The ReCotton Tee",
            "footer_button": "Shop Now",
            "footer_link": "shopify:\/\/collections"
          }
        }
      },
      "block_order": [
        "1621243260e1af0c20-0",
        "1621243260e1af0c20-1",
        "1621243260e1af0c20-2"
      ],
      "settings": {
        "container": "w-full",
        "slideshow_height": "fullscreen",
        "show_overlay": false,
        "dots_position": "right",
        "dots_color": "dark",
        "show_dots": true,
        "show_arrows": false,
        "autorotate": true,
        "autorotate_speed": 4,
        "custom_class": "sf__index-slideshow"
      }
    },
    "162251092958fcda7c": {
      "type": "product-tabs",
      "blocks": {
        "162251092958fcda7c-0": {
          "type": "tab",
          "settings": {
            "title": "best sellers",
            "collection": "best-sellers"
          }
        },
        "162251092958fcda7c-1": {
          "type": "tab",
          "settings": {
            "title": "new arrivals",
            "collection": "new-arrivals"
          }
        },
        "ca2d4551-2c7d-4127-8e24-a66b44e4ece8": {
          "type": "tab",
          "settings": {
            "title": "on trend",
            "collection": "best-sellers"
          }
        }
      },
      "block_order": [
        "162251092958fcda7c-0",
        "162251092958fcda7c-1",
        "ca2d4551-2c7d-4127-8e24-a66b44e4ece8"
      ],
      "settings": {
        "heading": "You are in",
        "subheading": "",
        "description": "",
        "header_alignment": "center",
        "container": "container-fluid",
        "background_color": "rgba(0,0,0,0)",
        "tab_header": "select",
        "limit": 15,
        "show_button": true,
        "button_type": "load",
        "button_label": "Load More",
        "button_style": "sf__btn-secondary",
        "button_size": "",
        "pcard_layout": "1",
        "pcard_image_ratio": "",
        "show_vendor": false,
        "items_per_row": 5,
        "item_gap": 30,
        "item_gap_mobile": 16,
        "enable_slider": false,
        "show_pagination": false,
        "show_navigation": false,
        "custom_class": "sf__index-product-tab"
      }
    },
    "16225125199f82d8fe": {
      "type": "icon-box",
      "blocks": {
        "16225125199f82d8fe-0": {
          "type": "iconbox",
          "settings": {
            "title": "Free Shipping",
            "description": "<p>Tell about your service.<\/p>",
            "link": "",
            "button_label": "",
            "button_link": "",
            "button_style": "sf__btn-link",
            "button_size": ""
          }
        },
        "16225125199f82d8fe-1": {
          "type": "iconbox",
          "settings": {
            "title": "Money Guarantee",
            "description": "<p>Within 30 days for an exchange.<\/p>",
            "link": "",
            "button_label": "",
            "button_link": "",
            "button_style": "sf__btn-link",
            "button_size": ""
          }
        },
        "16225125199f82d8fe-2": {
          "type": "iconbox",
          "settings": {
            "title": "Online Support",
            "description": "<p>24 hours a day, 7 days a week<\/p>",
            "link": "",
            "button_label": "",
            "button_link": "",
            "button_style": "sf__btn-link",
            "button_size": ""
          }
        },
        "71deafbb-3baf-443a-a087-3f7b8af7b9fa": {
          "type": "iconbox",
          "settings": {
            "title": "Flexible Payment",
            "description": "<p>Pay with Multiple Credit Cards<\/p>",
            "link": "",
            "button_label": "",
            "button_link": "",
            "button_style": "sf__btn-link",
            "button_size": ""
          }
        }
      },
      "block_order": [
        "16225125199f82d8fe-0",
        "16225125199f82d8fe-1",
        "16225125199f82d8fe-2",
        "71deafbb-3baf-443a-a087-3f7b8af7b9fa"
      ],
      "settings": {
        "heading": "",
        "subheading": "",
        "description": "",
        "header_alignment": "center",
        "container": "container",
        "background_color": "rgba(0,0,0,0)",
        "item_per_row": 4,
        "item_gap": 30,
        "item_gap_mobile": 10,
        "card_style": "horizontal",
        "image_max_width": "30px",
        "content_alignment": "start",
        "hover_effect": "none",
        "enable_slider": false,
        "show_pagination": true,
        "show_navigation": true,
        "use_scroll_mobile": false,
        "use_grid_column_mb": false,
        "custom_class": "sf__index-icon-box"
      }
    },
    "16225316461d1cff80": {
      "type": "collection-list",
      "blocks": {
        "16225316461d1cff80-1": {
          "type": "collection_block",
          "settings": {
            "collection": "bags",
            "title": "Leather Bag"
          }
        },
        "16225316461d1cff80-2": {
          "type": "collection_block",
          "settings": {
            "collection": "shoes",
            "title": "Shoes"
          }
        },
        "7a571158-7686-4e66-a693-4716fc905604": {
          "type": "collection_block",
          "settings": {
            "collection": "tops",
            "title": "Tops"
          }
        },
        "12985deb-0775-45ce-80f6-6be7f3150a91": {
          "type": "collection_block",
          "settings": {
            "collection": "blazer",
            "title": "Blazers"
          }
        },
        "07ebf095-1da2-4546-87f3-97e73a789e8d": {
          "type": "collection_block",
          "settings": {
            "collection": "basic",
            "title": "Basic"
          }
        },
        "694c01c9-a95f-4c09-9cf0-ec75f0131e98": {
          "type": "collection_block",
          "settings": {
            "collection": "glasses",
            "title": "Glasses"
          }
        },
        "6d4abb37-5aa2-4499-a2b0-5d85f0d36eec": {
          "type": "collection_block",
          "settings": {
            "collection": "sneakers",
            "title": "Sneakers"
          }
        },
        "65e38235-f03b-43c9-8590-38c9c656e51c": {
          "type": "collection_block",
          "settings": {
            "collection": "sandals",
            "title": "Sandals"
          }
        }
      },
      "block_order": [
        "16225316461d1cff80-1",
        "16225316461d1cff80-2",
        "7a571158-7686-4e66-a693-4716fc905604",
        "12985deb-0775-45ce-80f6-6be7f3150a91",
        "07ebf095-1da2-4546-87f3-97e73a789e8d",
        "694c01c9-a95f-4c09-9cf0-ec75f0131e98",
        "6d4abb37-5aa2-4499-a2b0-5d85f0d36eec",
        "65e38235-f03b-43c9-8590-38c9c656e51c"
      ],
      "settings": {
        "heading": "Season Collection",
        "subheading": "",
        "description": "",
        "header_alignment": "left",
        "container": "container-fluid",
        "background_color": "",
        "layout": "grid",
        "card_style": "inside",
        "text_alignment": "left",
        "hover_effect": "scaling-up",
        "show_product_count": true,
        "count_inline_title": true,
        "image_rounded": false,
        "items_per_row": 4,
        "item_gap": 30,
        "enable_slider": true,
        "show_pagination": true,
        "show_navigation": true,
        "autorotate": false,
        "autorotate_speed": 4,
        "use_scroll_mobile": true,
        "mobile_gap": 16,
        "hidden_slide_control_mobile": true,
        "custom_class": "sf__index-collection-list"
      }
    }
  },
  "order": [
    "1621243260e1af0c20",
    "16225316461d1cff80",
    "162251092958fcda7c",
    "16225125199f82d8fe"
  ]
}