{
  "current": {
    "favicon": "shopify:\/\/shop_images\/fav_icon_dark_1.png",
    "container_width": 1170,
    "container_fluid_width": 1620,
    "container_fluid_offset": 100,
    "color_primary": "#332d55",
    "color_body_text": "#332d55",
    "color_heading_text": "#332d55",
    "color_sub_text": "#696969",
    "color_btn_bg": "#332d55",
    "color_btn_bg_hover": "#332d55",
    "prod_sale_price_color": "#696969",
    "prod_type_color": "#696969",
    "prod_desc_color": "#696969",
    "color_main_bg": "#ffffff",
    "color_field_bg": "#ffffff",
    "color_annoucement_bg": "#e4efe8",
    "color_annoucement_text": "#332d55",
    "color_topbar_bg": "#ffffff",
    "color_topbar_text": "#696969",
    "color_header_bg": "#ffffff",
    "color_header_link": "#000000",
    "color_header_transparent": "#000000",
    "color_menu_bar_bg": "#ffffff",
    "color_menu_bar_text": "#000000",
    "color_footer_bg": "#ffffff",
    "color_footer_text": "#332d55",
    "color_footer_subtext": "#696969",
    "color_footer_link_hover": "#000000",
    "color_footer_bottom_bg": "#332d55",
    "color_footer_bottom_text": "#ffffff",
    "color_border": "#dedede",
    "img_overlay_opacity": 20,
    "tooltip_background_color": "#000000",
    "type_base_font": "roboto_condensed_n4",
    "use_custom_font_body": true,
    "custom_body_font": "https:\/\/cdn.shopify.com\/s\/files\/1\/0147\/0962\/0800\/files\/Sofia_Pro_Medium_Az.otf?v=1623401715@500\nhttps:\/\/cdn.shopify.com\/s\/files\/1\/0147\/0962\/0800\/files\/Sofia_Pro_Regular_Az.otf?v=1623401716@400\nhttps:\/\/cdn.shopify.com\/s\/files\/1\/0147\/0962\/0800\/files\/Sofia_Pro_Bold_Az.otf?v=1623401715@700",
    "custom_body_weight": "400",
    "type_base_size": 16,
    "type_base_line_height": 28,
    "type_header_font": "roboto_condensed_n7",
    "use_custom_font_heading": true,
    "custom_heading_font": "https:\/\/cdn.shopify.com\/s\/files\/1\/0147\/0962\/0800\/files\/Butler_Medium.otf?v=1623645011@500",
    "custom_heading_weight": "500",
    "type_header_base_size": 38,
    "btn_base_size": 16,
    "btn_weight": "500",
    "pcard_layout": "1",
    "pcard_alignment": "center",
    "pcard_image_ratio": "3\/4",
    "show_vendor": true,
    "variant_option_design1": "image",
    "variant_option_design3": "color",
    "show_variant_swatch_image": true,
    "product_colors": "red: #FF6961,\nyellow: #FDDA76,\nblack: #000000,\nblue: #8DB4D2,\ngreen: #C1E1C1,\npurple: #B19CD9,\nsilver: #EEEEEF,\nwhite: #FFFFFF,\nbrown: #836953,\nlight-brown: #feb035,\ndark-turquoise: #23cddc,\norange: #FFB347,\ntan: #E9D1BF,\nviolet: #B490B0,\npink: #FFD1DC,\ngrey: #E0E0E0,\nsky: #96BDC6,\npale-leaf: #CCD4BF",
    "filter_color1": "",
    "share_facebook": true,
    "share_pinterest": true,
    "social_twitter_link": "https:\/\/twitter.com\/home",
    "social_facebook_link": "https:\/\/facebook.com\/",
    "social_pinterest_link": "https:\/\/pinterest.com\/",
    "social_instagram_link": "https:\/\/instagram.com\/",
    "wishlist_page": "whishlist",
    "product_compare_page": "",
    "gm_api": "",
    "instagram_token": "",
    "custom_css": ".sf-search__form:not(.mobile).full-width {\n  background-color: #f5f5f5;\n}\n.sf__custom-heading,\n.sf__footer-block-newsletter .sf__footer-block-title {\n  font-size: 40px;\n  line-height: 52px;\n}\n[data-section-type=\"hero\"] .sf-hero__content {\n  padding: 45px 40px;\n  background: #fff;\n  border-radius: 10px;\n}\n[data-section-type=\"hero\"] .sf-hero__title {\n  background-image: url(https:\/\/cdn.shopify.com\/s\/files\/1\/0147\/0962\/0800\/files\/9.png?v=1623653737);\n  background-repeat: no-repeat;\n  background-size: 40px;\n  background-position: bottom;\n  padding-bottom: 15px;\n}\n[data-section-type=\"hero\"] .sf-hero__text {\n  color: var(--color-sub-text);\n  margin-bottom: 45px;\n}\n[data-section-type=\"hero\"] .sf-hero__btn,\n[data-section-type=\"hero\"] .sf-hero__btn .sf__btn {\n  width: 100%;\n}\n.content__box-162365417352ffafa1 {\n  padding-left: 0;\n}\n.content__box-16236466169462824c {\n  padding-right: 0;\n}\n.brands-list[data-section-type=\"brand-list\"] .sf-image img {\n  opacity: 0.3;\n  transition: opacity 0.3s ease-in-out;\n}\n\n.brands-list[data-section-type=\"brand-list\"] .sf-image:hover img {\n  opacity: 1;\n  cursor: pointer;\n}\n.content__subheading,\n.section__subheading,\n.sf-testimonials .rte,\n.slide__block-subtitle {\n  font-size: 20px;\n  line-height: 32px;\n}\n.content__subheading,\n.section__subheading,\n.sf-testimonials .rte {\n  color: var(--color-primary);\n}\n.sf__pcard-name {\n  color: var(--color-primary);\n}\n.sf__pcard-price .prod__price {\n  color: var(--color-primary);\n  font-weight: 700;\n}\n.sf__pcard-price.price--on-sale .prod__price {\n  color: #f86a55;\n}\n.sf__footer-block-title {\n  font-size: 24px;\n  line-height: 36px;\n}\n.sf-footer\n  .sf-footer__block.sf__footer-block-newsletter\n  form.sf__footer-form-newsletter\n  .sf__newletter__form-input {\n  background-color: #f5f5f5;\n  border-color: transparent;\n  border-radius: 10px;\n}\n.sf__footer-block-menu ul li {\n  line-height: 36px;\n}\n.sf-instagram .section-my {\n  margin-bottom: 30px;\n}\n.sf-footer .sf__footer-form-newsletter-icon {\n  display: none;\n}\n.sf-footer form.sf__footer-form-newsletter .sf__newletter__form-input {\n  padding-left: 1rem;\n}\n\n.sf-header__desktop .sf-search-form button {\n  order: 1;\n  padding-right: 0;\n}\n.sf-header__desktop .sf-search-form span {\n  order: 2;\n}\n.sf-header__desktop .sf-search-form {\n  min-width: 290px;\n  background-color: #f5f5f5;\n  border: none;\n}\n@media (max-width: 767px) {\n  [data-section-type=\"slider\"] .sf__slide-content--mobile .sf__mobile-button {\n    background-color: var(--color-btn-bg, var(--color-primary));\n    color: #fff;\n  }\n  .sf-custom__block.content__box-162365417352ffafa1 {\n    padding: calc(var(--column-gap-mobile, var(--column-gap)) \/ 2);\n  }\n}",
    "use_theme_currencies": true,
    "theme_currencies": "USD | EUR | GBP | VND",
    "sections": {
      "page-faqs": {
        "type": "page-faqs",
        "blocks": {
          "2802736b-f08f-4510-a4f7-4ad7d748992d": {
            "type": "content",
            "settings": {
              "content": "<div class=\"mb-10\"><img src=\"https:\/\/cdn.shopify.com\/s\/files\/1\/0561\/2742\/2636\/files\/faqs.jpg?v=1620784288\"><\/div>\n<h3 class=\"font-medium text-xl mb-4\">Awkwardness gives me great comfort. I’ve never been cool, but I’ve felt cool. I’ve been in the cool place, but I wasn’t really cool – I was trying to pass for hip or cool.<\/h3>\n<p>A girl should be two things: classy and fabulous. I am convinced that there can be luxury in simplicity. I wanted to dress the woman who lives and works, not the woman in a painting. It’s hard to balance everything. It’s always challenging. My relationships with producers or photographers – these are relationships that took years. I can’t get sucked into that celebrity thing, because I think it’s just crass. My aim is to make the poor look rich.<\/p>"
            }
          },
          "4e151238-4480-4122-b893-7f4a19886e4c": {
            "type": "accordion",
            "settings": {
              "title": "What shipping methods are availbale?",
              "content": "<p>Lorem ipsum dolor sit amet conse ctetur adipisicing elit, sed do eiusmod tempor incididunt ut labore et dolore magna aliqua. Ut enim ad minim veniam, quis nostrud exercitation ullamco laboris nisi ut aliquip ex ea commodo consequat. Duis aute irure dolor in reprehenderit in voluptate velit esse cillum dolore eu fugiat.<br\/><br\/>Ut enim ad minim veniam, quis nostrud exercitation ullamco laboris nisi ut aliquip ex ea commodo consequat. Duis aute irure dolor in reprehenderit.<\/p>",
              "open": true
            }
          },
          "c5d4d04d-f6c1-4d1e-99f0-3c221393a3cf": {
            "type": "accordion",
            "settings": {
              "title": "How long will it take to get my package?",
              "content": "<p>Lorem ipsum dolor sit amet conse ctetur adipisicing elit, sed do eiusmod tempor incididunt ut labore et dolore magna aliqua. Ut enim ad minim veniam, quis nostrud exercitation ullamco laboris nisi ut aliquip.<\/p>",
              "open": false
            }
          },
          "0131747b-8b40-432f-b634-b1289ec41911": {
            "type": "accordion",
            "settings": {
              "title": "Do you ship internationally?",
              "content": "<p>Lorem ipsum dolor sit amet conse ctetur adipisicing elit, sed do eiusmod tempor incididunt ut labore et dolore magna aliqua. Ut enim ad minim veniam, quis nostrud exercitation ullamco laboris nisi ut aliquip.<\/p>",
              "open": false
            }
          },
          "5d7206e9-5375-4da6-9a1f-24e1c46230b0": {
            "type": "accordion",
            "settings": {
              "title": "What payment methods are accepted?",
              "content": "<p>Lorem ipsum dolor sit amet conse ctetur adipisicing elit, sed do eiusmod tempor incididunt ut labore et dolore magna aliqua. Ut enim ad minim veniam, quis nostrud exercitation ullamco laboris nisi ut aliquip ex ea commodo consequat. Duis aute irure dolor in reprehenderit in voluptate velit esse cillum dolore eu fugiat.<\/p>",
              "open": false
            }
          },
          "4008f61e-055e-42ba-8969-cb3715c0aece": {
            "type": "accordion",
            "settings": {
              "title": "Is buying on-line safe?",
              "content": "<p>Lorem ipsum dolor sit amet conse ctetur adipisicing elit, sed do eiusmod tempor incididunt ut labore et dolore magna aliqua. Ut enim ad minim veniam, quis nostrud exercitation ullamco laboris nisi ut aliquip.<\/p>",
              "open": false
            }
          }
        },
        "block_order": [
          "2802736b-f08f-4510-a4f7-4ad7d748992d",
          "4e151238-4480-4122-b893-7f4a19886e4c",
          "c5d4d04d-f6c1-4d1e-99f0-3c221393a3cf",
          "0131747b-8b40-432f-b634-b1289ec41911",
          "5d7206e9-5375-4da6-9a1f-24e1c46230b0",
          "4008f61e-055e-42ba-8969-cb3715c0aece"
        ],
        "settings": {
          "menu": "faqs-menu"
        }
      },
      "collection-list": {
        "type": "collection-list",
        "settings": {
        }
      },
      "featured-collection": {
        "type": "featured-collection",
        "settings": {
          "collection": "frontpage"
        }
      },
      "featured-product": {
        "type": "featured-product",
        "settings": {
        }
      },
      "slider": {
        "type": "slider",
        "settings": {
        }
      },
      "header": {
        "type": "header",
        "blocks": {
          "59224d28-d657-4624-8d17-55b1c4ce8d9c": {
            "type": "product-list",
            "settings": {
              "heading": "Product",
              "container": "container-fluid",
              "stretch_width": false,
              "collection": "skincare",
              "limit": 6,
              "columns": 2
            }
          },
          "5b9aec5f-b955-4765-9a87-1962d613e909": {
            "type": "custom_html",
            "settings": {
              "heading": "Home",
              "container": "inherit",
              "html": ""
            }
          },
          "455bd616-faa9-4d06-a0bd-fe911520ed5c": {
            "type": "banner",
            "settings": {
              "heading": "Shop",
              "container": "inherit",
              "banner_style": "outside",
              "banner_link": "",
              "banner_title": "The new - season shoes edit",
              "banner_desc": "",
              "banner_button_text": "Shop now"
            }
          },
          "61b30526-4bb7-4b76-89f7-1ad9c955e462": {
            "type": "custom_html",
            "settings": {
              "heading": "Features",
              "container": "inherit",
              "html": ""
            }
          }
        },
        "block_order": [
          "59224d28-d657-4624-8d17-55b1c4ce8d9c",
          "5b9aec5f-b955-4765-9a87-1962d613e909",
          "455bd616-faa9-4d06-a0bd-fe911520ed5c",
          "61b30526-4bb7-4b76-89f7-1ad9c955e462"
        ],
        "settings": {
          "header_design": "logo-center-menu-left",
          "container": "container-fluid",
          "header_sticky": true,
          "transparent_on_top": false,
          "logo_text": "MINIMOG",
          "logo_max_width": 130,
          "sticky_logo_max_width": 105,
          "mobile_logo_max_width": 105,
          "main_menu": "main-menu",
          "secondary_menu": "",
          "uppercase_parent_level": false,
          "search": "show_full",
          "show_account_icon": true,
          "show_cart_icon": true,
          "show_wishlist_icon": true,
          "show_compare_icon": false,
          "show_currency_switcher": false,
          "show_language_switcher": false
        }
      },
      "footer": {
        "type": "footer",
        "blocks": {
          "e1687d03-ffcb-4524-9eff-e17d55a38e34": {
            "type": "newsletter",
            "settings": {
              "title": "Good emails.",
              "description": "Give your inbox some love with new products, tips, & more.",
              "email_placeholder": "Email address",
              "form_style": "bordered",
              "show_social": false,
              "width": "66%"
            }
          },
          "81b95927-e099-4a4a-9806-87a08383619b": {
            "type": "spacing",
            "settings": {
              "width": "25%"
            }
          },
          "bad8900e-c7b0-49a4-a135-6e23c797db37": {
            "type": "menu",
            "settings": {
              "menu": "main-menu",
              "title": "Useful Links",
              "width": "33%"
            }
          },
          "7bd61b9c-0a3d-4497-8f62-bebad77ac32c": {
            "type": "menu",
            "settings": {
              "menu": "main-menu",
              "title": "Infomation",
              "width": "33%"
            }
          }
        },
        "block_order": [
          "e1687d03-ffcb-4524-9eff-e17d55a38e34",
          "81b95927-e099-4a4a-9806-87a08383619b",
          "bad8900e-c7b0-49a4-a135-6e23c797db37",
          "7bd61b9c-0a3d-4497-8f62-bebad77ac32c"
        ],
        "settings": {
          "design": "footer-1",
          "container": "container",
          "bordered": false,
          "copyright": "©Brillare 2021",
          "show_currency_selector": false,
          "show_language_selector": false,
          "show_social_links": false,
          "show_payment_icons": true
        }
      },
      "collection-page-header": {
        "type": "collection-page-header",
        "blocks": {
          "63b52546-ccd0-4c50-84ff-57d203edba75": {
            "type": "banner",
            "settings": {
              "collection": ""
            }
          }
        },
        "block_order": [
          "63b52546-ccd0-4c50-84ff-57d203edba75"
        ],
        "settings": {
          "layout": "inside",
          "header_height": "small",
          "text_alignment": "center",
          "vertical_alignment": "center",
          "bg_color": "#ffffff",
          "enable_parallax": true,
          "show_breadcrumb": true,
          "upper_title": false
        }
      },
      "product-template": {
        "type": "product-template",
        "settings": {
          "container": "container",
          "layout": "layout-6",
          "show_tags": false,
          "show_vendor": false,
          "show_sku": false,
          "show_categories": false,
          "show_reviews_count": true,
          "show_quantity_selector": true,
          "enable_dynamic_checkout": true,
          "hide_atc_button": false,
          "show_atwl": true,
          "show_atcp": true,
          "show_ask_a_question": true,
          "show_social": true,
          "show_live_views": true,
          "live_views_text": "<p><strong>{{count_number}}<\/strong> <strong>people<\/strong> are viewing this right now<\/p>",
          "live_views_range": "20-30",
          "live_view_duration": "10",
          "live_view_icon_blinks": true,
          "show_delivery_times": true,
          "deliver_text": "<p><strong>Estimated Delivery:<\/strong><\/p>",
          "deliver_days": "3",
          "show_shipping_text": true,
          "shipping_text": "<p><strong>Free Shipping & Returns: <\/strong>On all orders over $75<\/p>",
          "show_trust_badges": true,
          "trust_badges_text": "<p>Guarantee safe & secure checkout<\/p>",
          "trust_badges_image": "shopify:\/\/shop_images\/trustbag_256x256_54bce3ff-a3d8-45ea-a570-24ce661296b8.png",
          "trust_badges_image_width": "320px",
          "use_sticky_atc": true,
          "sticky_atc_wishtlist": false,
          "sticky_atc_compare": false
        }
      },
      "product-details-tabs": {
        "type": "product-details-tabs",
        "blocks": {
          "4db8ad16-886f-47f7-9b57-fc68b39fb2d4": {
            "type": "description",
            "settings": {
              "header": "Product description"
            }
          },
          "1ea5a60e-ad9b-4101-9ade-2092b51b8dc7": {
            "type": "tab",
            "settings": {
              "header": "Shipping & Return",
              "content": "<p>Shipping cost is based on weight. Just add products to your cart and use the Shipping Calculator to see the shipping price.<\/p><p>We want you to be 100% satisfied with your purchase. Items can be returned or exchanged within 30 days of delivery.<\/p>"
            }
          },
          "43f601cc-dd12-4e91-9b8b-f351ee49e04a": {
            "type": "reviews",
            "settings": {
              "header": "Product reviews"
            }
          }
        },
        "block_order": [
          "4db8ad16-886f-47f7-9b57-fc68b39fb2d4",
          "1ea5a60e-ad9b-4101-9ade-2092b51b8dc7",
          "43f601cc-dd12-4e91-9b8b-f351ee49e04a"
        ],
        "settings": {
          "show_product_tabs": true,
          "container": "container",
          "bg_color": ""
        }
      },
      "product-reviews": {
        "type": "product-reviews",
        "settings": {
          "show_product_reviews": false,
          "container": "container-narrow",
          "heading": "Ratings and Reviews"
        }
      },
      "product-recommendations": {
        "type": "product-recommendations",
        "settings": {
          "show_product_recommendations": true,
          "container": "container",
          "heading": "You Might Also Like",
          "limit": 8,
          "columns": 4,
          "column_gap": 30,
          "enable_slider": true
        }
      },
      "brand-page-header": {
        "type": "brand-page-header",
        "blocks": {
          "09dfe2e1-10c2-4cee-a033-a90b143c85f3": {
            "type": "information",
            "settings": {
              "collection": "retrolie",
              "logo": "shopify:\/\/shop_images\/1.png",
              "content": "<p>Developed by Goop founder, wellness advocate and - academy award-winner, Gwyneth Paltrow, this high performing skincare line is where luxury formulas meet pure organic ingredients and the results are skin-changing. <\/p><p>Goop is passionate about the idea that beauty comes from the inside out. So they use clinically proven and best-in-class ingredients at active levels to create skin care, skin-boosting ingestibles, and body essentials that are luxurious, deliver high-performance results, and enliven the senses with exquisite textures and beautiful scents.<\/p>",
              "image_1": "shopify:\/\/shop_images\/1_8e8151b6-3555-4abf-8dd6-5347182bbcd0.jpg",
              "image_2": "shopify:\/\/shop_images\/2_9a1b3099-775a-4093-9ece-6cfaa04a06fe.jpg",
              "image_3": "shopify:\/\/shop_images\/3_7b9fc65c-8202-4449-a828-d03ac03c6d38.jpg"
            }
          },
          "c8ee188c-a84f-4cf2-a8af-aacb9bf78785": {
            "type": "information",
            "settings": {
              "collection": "abby",
              "logo": "shopify:\/\/shop_images\/2.png",
              "content": "<p>Developed by Goop founder, wellness advocate and - academy award-winner, Gwyneth Paltrow, this high performing skincare line is where luxury formulas meet pure organic ingredients and the results are skin-changing. <\/p><p>Goop is passionate about the idea that beauty comes from the inside out. So they use clinically proven and best-in-class ingredients at active levels to create skin care, skin-boosting ingestibles, and body essentials that are luxurious, deliver high-performance results, and enliven the senses with exquisite textures and beautiful scents.<\/p>",
              "image_1": "shopify:\/\/shop_images\/4.jpg",
              "image_2": "shopify:\/\/shop_images\/5.jpg",
              "image_3": "shopify:\/\/shop_images\/6.jpg"
            }
          },
          "e56a3991-3115-47d4-b7e6-43e962712fc6": {
            "type": "information",
            "settings": {
              "collection": "minimog",
              "logo": "shopify:\/\/shop_images\/3.png",
              "content": "<p>Developed by Goop founder, wellness advocate and - academy award-winner, Gwyneth Paltrow, this high performing skincare line is where luxury formulas meet pure organic ingredients and the results are skin-changing. <\/p><p>Goop is passionate about the idea that beauty comes from the inside out. So they use clinically proven and best-in-class ingredients at active levels to create skin care, skin-boosting ingestibles, and body essentials that are luxurious, deliver high-performance results, and enliven the senses with exquisite textures and beautiful scents.<\/p>",
              "image_1": "shopify:\/\/shop_images\/7.jpg",
              "image_2": "shopify:\/\/shop_images\/8.jpg",
              "image_3": "shopify:\/\/shop_images\/9.jpg"
            }
          },
          "98bac8d0-393b-4f50-91b8-052a49e29dd0": {
            "type": "information",
            "settings": {
              "collection": "brook",
              "logo": "shopify:\/\/shop_images\/4.png",
              "content": "<p>Developed by Goop founder, wellness advocate and - academy award-winner, Gwyneth Paltrow, this high performing skincare line is where luxury formulas meet pure organic ingredients and the results are skin-changing. <\/p><p>Goop is passionate about the idea that beauty comes from the inside out. So they use clinically proven and best-in-class ingredients at active levels to create skin care, skin-boosting ingestibles, and body essentials that are luxurious, deliver high-performance results, and enliven the senses with exquisite textures and beautiful scents.<\/p>",
              "image_1": "shopify:\/\/shop_images\/10.jpg",
              "image_2": "shopify:\/\/shop_images\/11.jpg",
              "image_3": "shopify:\/\/shop_images\/12.jpg"
            }
          },
          "2b4a1841-6d7a-468b-ba3b-a5fd307cf9aa": {
            "type": "information",
            "settings": {
              "collection": "learts",
              "logo": "shopify:\/\/shop_images\/5.png",
              "content": "<p>Developed by Goop founder, wellness advocate and - academy award-winner, Gwyneth Paltrow, this high performing skincare line is where luxury formulas meet pure organic ingredients and the results are skin-changing. <\/p><p>Goop is passionate about the idea that beauty comes from the inside out. So they use clinically proven and best-in-class ingredients at active levels to create skin care, skin-boosting ingestibles, and body essentials that are luxurious, deliver high-performance results, and enliven the senses with exquisite textures and beautiful scents.<\/p>",
              "image_1": "shopify:\/\/shop_images\/13.jpg",
              "image_2": "shopify:\/\/shop_images\/14.jpg",
              "image_3": "shopify:\/\/shop_images\/15.jpg"
            }
          },
          "b54aa75a-c232-474e-9d92-2027e31cd066": {
            "type": "information",
            "settings": {
              "collection": "vagabond",
              "logo": "shopify:\/\/shop_images\/6.png",
              "content": "<p>Developed by Goop founder, wellness advocate and - academy award-winner, Gwyneth Paltrow, this high performing skincare line is where luxury formulas meet pure organic ingredients and the results are skin-changing. <\/p><p>Goop is passionate about the idea that beauty comes from the inside out. So they use clinically proven and best-in-class ingredients at active levels to create skin care, skin-boosting ingestibles, and body essentials that are luxurious, deliver high-performance results, and enliven the senses with exquisite textures and beautiful scents.<\/p>",
              "image_1": "shopify:\/\/shop_images\/16.jpg",
              "image_2": "shopify:\/\/shop_images\/17.jpg",
              "image_3": "shopify:\/\/shop_images\/18.jpg"
            }
          }
        },
        "block_order": [
          "09dfe2e1-10c2-4cee-a033-a90b143c85f3",
          "c8ee188c-a84f-4cf2-a8af-aacb9bf78785",
          "e56a3991-3115-47d4-b7e6-43e962712fc6",
          "98bac8d0-393b-4f50-91b8-052a49e29dd0",
          "2b4a1841-6d7a-468b-ba3b-a5fd307cf9aa",
          "b54aa75a-c232-474e-9d92-2027e31cd066"
        ],
        "settings": {
        }
      },
      "collection-brand": {
        "type": "collection-brand",
        "settings": {
          "grid_layout": "grid",
          "pagination_limit": "12",
          "grid_columns": "3",
          "collection_paginate": "paginate",
          "show_filter": true,
          "sidebar": "leftColumn"
        }
      },
      "contact-information": {
        "type": "contact-information",
        "settings": {
        }
      },
      "maps": {
        "type": "maps",
        "settings": {
          "textx": "40.6700",
          "texty": "-73.9400",
          "zoom": "11",
          "text2": "New York"
        }
      },
      "contact-template": {
        "type": "contact-template",
        "blocks": {
          "458d6546-c5d0-4128-8fa6-162080bdf85f": {
            "type": "textblock",
            "settings": {
              "title": "Address",
              "content": "<p>7895 Piermont Dr NE Albuquerque, NM 198866, <a href=\"#\">See Our Stores<\/a><\/p>"
            }
          },
          "d2fd611c-a50a-4871-b401-b51dff320d34": {
            "type": "textblock",
            "settings": {
              "title": "Information",
              "content": "<p>+391 (0)35 2568 4593<\/p><p>hello@domain.com<\/p>"
            }
          },
          "159b3b43-a6d9-4cb9-b78d-04f5a5bae350": {
            "type": "socialmedia",
            "settings": {
              "title": "Social Media"
            }
          },
          "5c486a84-9bdd-4d24-8ac7-5c428593cf33": {
            "type": "textblock",
            "settings": {
              "title": "We're Open",
              "content": "<p>Our store has re-opened for shopping, exchanges<\/p><p>Every day 11am to 7pm<\/p>"
            }
          }
        },
        "block_order": [
          "458d6546-c5d0-4128-8fa6-162080bdf85f",
          "d2fd611c-a50a-4871-b401-b51dff320d34",
          "159b3b43-a6d9-4cb9-b78d-04f5a5bae350",
          "5c486a84-9bdd-4d24-8ac7-5c428593cf33"
        ],
        "settings": {
          "title": "We would love to hear from you.",
          "description": "<p>If you’ve got great products your making or looking to work with us then drop us a line.<\/p>"
        }
      },
      "product-details-accordion": {
        "type": "product-details-accordion",
        "settings": {
          "show_accordion": true,
          "use_container": false,
          "position": "bottom_info"
        }
      },
      "recent-viewed-products": {
        "type": "recent-viewed-products",
        "settings": {
          "heading": "Recently Viewed Products",
          "container": "container",
          "columns": 4,
          "column_gap": 30,
          "enable_slider": true,
          "show_product_page": true,
          "show_cart_page": true,
          "show_collection_page": false
        }
      },
      "product-features": {
        "type": "product-features",
        "blocks": {
          "0e3e4337-1a5c-4104-9f19-a5da48efa49f": {
            "type": "feature",
            "settings": {
              "image": "shopify:\/\/shop_images\/promo1.png",
              "title": "Free Shipping",
              "description": "<p>Get complimentary ground shipping on every <br\/>order.Don’t love it? Send it back, on us.<\/p>",
              "link": ""
            }
          },
          "9fab06c3-d29f-4c40-afcb-d58abbc69e3c": {
            "type": "feature",
            "settings": {
              "image": "shopify:\/\/shop_images\/promo2.png",
              "title": "Earn Points",
              "description": "<p>Join Minimog Rewards to earn gift cards<br\/>and enjoy exclusive member benefits.<\/p>",
              "link": ""
            }
          },
          "6cde7d11-40d2-4c68-a494-bf98eb8be957": {
            "type": "feature",
            "settings": {
              "image": "shopify:\/\/shop_images\/promo3.png",
              "title": "Money Back Gurantee",
              "description": "<p>We believe getting dressed should be the <br\/>easiest part of your day.<\/p>",
              "link": ""
            }
          }
        },
        "block_order": [
          "0e3e4337-1a5c-4104-9f19-a5da48efa49f",
          "9fab06c3-d29f-4c40-afcb-d58abbc69e3c",
          "6cde7d11-40d2-4c68-a494-bf98eb8be957"
        ],
        "settings": {
          "show_featured": true,
          "container": "container",
          "heading": "Why choose us?",
          "item_per_row": 3,
          "card_style": "vertical",
          "image_max_width": "70px",
          "content_alignment": "center"
        }
      },
      "1621243260e1af0c20": {
        "type": "slider",
        "blocks": {
          "1621243260e1af0c20-0": {
            "type": "slider_item",
            "settings": {
              "image_alignment": "center top",
              "content_in_container": true,
              "content_position": "left middle",
              "text_alignment": "left",
              "text_size": "medium",
              "text_color": "white",
              "subheading": "Invincible skin starts here",
              "title": "The best skin care &<br> acne products",
              "description": "",
              "button_text": "Shop Now",
              "button_link": "",
              "button_style": "sf__btn-white",
              "button_size": "",
              "show_footer": false,
              "footer_alignment": "end",
              "footer_text": "The ReCotton Tee",
              "footer_button": "Shop Now",
              "footer_link": "shopify:\/\/collections"
            }
          },
          "1621243260e1af0c20-1": {
            "type": "slider_item",
            "settings": {
              "image_alignment": "center top",
              "content_in_container": true,
              "content_position": "left middle",
              "text_alignment": "left",
              "text_size": "medium",
              "text_color": "white",
              "subheading": "Hot Trend",
              "title": "Shop vesel and<br> wall mount sinks",
              "description": "",
              "button_text": "Shop Now",
              "button_link": "",
              "button_style": "sf__btn-white",
              "button_size": "",
              "show_footer": false,
              "footer_alignment": "end",
              "footer_text": "The ReCotton Tee",
              "footer_button": "Shop Now",
              "footer_link": "shopify:\/\/collections"
            }
          },
          "1621243260e1af0c20-2": {
            "type": "slider_item",
            "settings": {
              "image_alignment": "center top",
              "content_in_container": true,
              "content_position": "left middle",
              "text_alignment": "left",
              "text_size": "medium",
              "text_color": "white",
              "subheading": "Simply Elegant",
              "title": "Quality never <br>goes out of style.",
              "description": "",
              "button_text": "Shop Now",
              "button_link": "",
              "button_style": "sf__btn-white",
              "button_size": "",
              "show_footer": false,
              "footer_alignment": "end",
              "footer_text": "The ReCotton Tee",
              "footer_button": "Shop Now",
              "footer_link": "shopify:\/\/collections"
            }
          }
        },
        "block_order": [
          "1621243260e1af0c20-0",
          "1621243260e1af0c20-1",
          "1621243260e1af0c20-2"
        ],
        "settings": {
          "container": "w-full",
          "slideshow_height": "medium",
          "show_overlay": false,
          "dots_position": "right",
          "dots_color": "dark",
          "show_dots": true,
          "show_arrows": false,
          "autorotate": true,
          "autorotate_speed": 5,
          "custom_class": ""
        }
      },
      "content-before-products": {
        "type": "content-before-products",
        "settings": {
          "container": "container-fluid",
          "background_color": "",
          "gap": 30,
          "gap_mobile": 16
        }
      },
      "collection-template": {
        "type": "collection-template",
        "settings": {
          "container": "container",
          "grid_layout": "grid",
          "grid_columns": "4",
          "pagination_limit": "12",
          "collection_paginate": "paginate",
          "show_filter": true,
          "sidebar": "fixed"
        }
      },
      "content-after-products": {
        "type": "content-after-products",
        "settings": {
          "container": "container-fluid",
          "background_color": "",
          "gap": 30,
          "gap_mobile": 16
        }
      },
      "annoucement": {
        "type": "annoucement",
        "settings": {
          "show_announcement": true,
          "homepage_only": true,
          "show_close": false,
          "message": "<span class=\"font-bold tracking-widest\" style=\"font-size: 15px;\">FREE SHIPPING ON ALL U.S. ORDERS $50+<\/span>",
          "message_link": "",
          "show_divider": false
        }
      },
      "1623403822b813a780": {
        "type": "instagram",
        "settings": {
          "heading": "Let’s be friends.",
          "subheading": "",
          "description": "Tag <span class=\"text-black\">@brillare<\/span> in your Instagram photos for a chance to be featured here.<br>\nFind more inspiration on<a href=\"\"> our Instagram.<\/a>",
          "header_alignment": "center",
          "container": "w-full",
          "background_color": "rgba(0,0,0,0)",
          "layout": "grid",
          "images_count": 5,
          "grid_columns": 5,
          "gap": 10,
          "mobile_gap": 10,
          "profile": "https:\/\/www.instagram.com\/minimog.trendy\/",
          "button_label": "",
          "custom_class": ""
        }
      },
      "16236457435037e9a5": {
        "type": "testimonials",
        "blocks": {
          "16236457435037e9a5-0": {
            "type": "testimonial",
            "settings": {
              "title": "",
              "description": "<p>“ The arch support is wonderful and helps for long hours on your body. The narrow heel is wonderfully ! “<\/p>",
              "footer": "<p>Dean D. US<\/p>",
              "image_text": "",
              "product": ""
            }
          },
          "16236457435037e9a5-1": {
            "type": "testimonial",
            "settings": {
              "title": "",
              "description": "<p>“ I was thrilled to be able to visit your store again! Love my new purchase.“<\/p>",
              "footer": "<p>Nancy W.<\/p>",
              "image_text": "",
              "product": ""
            }
          },
          "16236457435037e9a5-2": {
            "type": "testimonial",
            "settings": {
              "title": "",
              "description": "<p>“ I've been getting good wear out of the shirt. It's very light and soft, comfortable to wear. “<\/p>",
              "footer": "<p>Fernanda K.<\/p>",
              "image_text": "",
              "product": ""
            }
          },
          "16236457435037e9a5-3": {
            "type": "testimonial",
            "settings": {
              "title": "",
              "description": "<p>“ I just wanted to thank you for the impeccable service from you and your staff...I will always look forward to shopping at your store“<\/p>",
              "footer": "<p>Gloria T.<\/p>",
              "image_text": "",
              "product": ""
            }
          },
          "16236457435037e9a5-4": {
            "type": "testimonial",
            "settings": {
              "title": "",
              "description": "<p>“ Thanks for being so fabulous...and continuing to provide such a wonderful service “<\/p>",
              "footer": "<p>Zeferino G.<\/p>",
              "image_text": "",
              "product": ""
            }
          },
          "16236457435037e9a5-5": {
            "type": "testimonial",
            "settings": {
              "title": "",
              "description": "<p>“ You have been a real help and you have a great products and service, which I will certainly recommend to others.“<\/p>",
              "footer": "<p>Jayce M.<\/p>",
              "image_text": "",
              "product": ""
            }
          }
        },
        "block_order": [
          "16236457435037e9a5-0",
          "16236457435037e9a5-1",
          "16236457435037e9a5-2",
          "16236457435037e9a5-3",
          "16236457435037e9a5-4",
          "16236457435037e9a5-5"
        ],
        "settings": {
          "heading": "Happy Customers",
          "subheading": "",
          "description": "",
          "header_alignment": "center",
          "container": "container",
          "background_color": "#f5f5f5",
          "design": "testimonials-3",
          "show_stars": true,
          "autorotate": false,
          "show_navigation": true,
          "show_pagination": true,
          "star_color": "#f3bb2e",
          "custom_class": ""
        }
      },
      "16236466169462824c": {
        "type": "image-with-text",
        "settings": {
          "heading": "",
          "subheading": "",
          "container": "container",
          "background_color": "rgba(0,0,0,0)",
          "item_gap": 100,
          "item_gap_mobile": 30,
          "layout": "left",
          "image_column_size": "6",
          "title": "<span class=\"sf__custom-heading\">Custom Solutions for Your<br> Skin’s Unique Needs<\/span>",
          "sub_title": "Clean beauty essentials",
          "text": "<p>Shopping for skincare at the drugstore is frustrating. Buy it, try it,<br\/> toss it, repeat. Sound familiar?<br\/>Get skincare made to fit—with some of the top acne-busting<br\/> ingredients prescribed by dermatologists nationwide.<\/p>",
          "text_size": "medium",
          "content_alignment": "left",
          "button_label": "",
          "button_link": "",
          "button_style": "sf__btn-primary",
          "button_size": "",
          "custom_class": ""
        }
      },
      "162365322233f2157f": {
        "type": "featured-collection",
        "settings": {
          "heading": "Explore The Latest clean<br> beauty essentials",
          "subheading": "Clean beauty made easy",
          "description": "",
          "header_alignment": "center",
          "container": "container",
          "background_color": "rgba(0,0,0,0)",
          "collection": "skincare",
          "product_to_show": 3,
          "items_per_row": 3,
          "item_gap": 30,
          "pcard_layout": "",
          "pcard_image_ratio": "1\/1",
          "show_vendor": false,
          "enable_slider": false,
          "show_pagination": false,
          "show_navigation": false,
          "button_type": "link",
          "button_text": "",
          "button_style": "sf__btn-primary",
          "button_size": "",
          "infinite_load": false,
          "max_page_load": 3,
          "use_scroll_mobile": true,
          "item_gap_mobile": 10,
          "custom_class": ""
        }
      },
      "1623653344881e89b1": {
        "type": "image-with-text-2",
        "settings": {
          "container": "w-full",
          "hero_size": "medium",
          "show_overlay": false,
          "bg_position": "center",
          "parallax": false,
          "content_in_container": true,
          "content_position": "right middle",
          "text_alignment": "center",
          "text_size": "medium",
          "text_color": "dark",
          "title": "Clean Beauty<br> Made Easy",
          "subtitle": "Featured product",
          "text": "<p>Get a powerful custom cream<br\/> mixed just for you.<\/p>",
          "button_label": "Buy Now<span class=\"px-3\">| <\/span>$39.00",
          "button_link": "",
          "button_style": "sf__btn-primary",
          "button_size": "",
          "custom_class": ""
        }
      },
      "162365417352ffafa1": {
        "type": "image-with-text",
        "settings": {
          "heading": "",
          "subheading": "",
          "container": "container",
          "background_color": "rgba(0,0,0,0)",
          "item_gap": 100,
          "item_gap_mobile": 30,
          "layout": "right",
          "image_column_size": "6",
          "title": "<span class=\"sf__custom-heading\">Everything You Need for<br> Glowing Skin—in One<br> Smart Box.<\/span>",
          "sub_title": "The best deals",
          "text": "<p>Shopping for skincare at the drugstore is frustrating. Buy it, try it,<br\/> toss it, repeat. Sound familiar?<br\/>Get skincare made to fit—with some of the top acne-busting<br\/> ingredients prescribed by dermatologists nationwide.<\/p>",
          "text_size": "medium",
          "content_alignment": "left",
          "button_label": "Buy now<span class=\"px-3\">|<\/span>$89.00",
          "button_link": "",
          "button_style": "sf__btn-primary",
          "button_size": "",
          "custom_class": ""
        }
      },
      "162365459011662372": {
        "type": "brands-list",
        "blocks": {
          "162365459011662372-0": {
            "type": "image",
            "settings": {
              "image_link": "",
              "max_width": "150px"
            }
          },
          "162365459011662372-1": {
            "type": "image",
            "settings": {
              "image_link": "",
              "max_width": "150px"
            }
          },
          "584ae60f-d767-4a4a-a223-fffbb32262a8": {
            "type": "image",
            "settings": {
              "image_link": "",
              "max_width": "150px"
            }
          },
          "162365459011662372-2": {
            "type": "image",
            "settings": {
              "image_link": "",
              "max_width": "150px"
            }
          },
          "162365459011662372-3": {
            "type": "image",
            "settings": {
              "image_link": "",
              "max_width": "150px"
            }
          },
          "ed12f2e5-f664-4f67-aae9-47ded2099ea0": {
            "type": "image",
            "settings": {
              "image_link": "",
              "max_width": "150px"
            }
          }
        },
        "block_order": [
          "162365459011662372-0",
          "162365459011662372-1",
          "584ae60f-d767-4a4a-a223-fffbb32262a8",
          "162365459011662372-2",
          "162365459011662372-3",
          "ed12f2e5-f664-4f67-aae9-47ded2099ea0"
        ],
        "settings": {
          "heading": "As featured on:",
          "subheading": "",
          "header_alignment": "center",
          "container": "container",
          "background_color": "#f5f5f5",
          "item_per_row": 6,
          "enable_slider": true,
          "autorotate": true,
          "autorotate_speed": 3,
          "custom_class": ""
        }
      },
      "mobile-sticky-bar": {
        "type": "mobile-sticky-bar",
        "settings": {
          "show_mobile_sticky": true,
          "show_home_icon": true,
          "show_collection_icon": true,
          "show_cart_icon": true,
          "show_search_icon": true,
          "show_account_icon": false,
          "show_wishlist_icon": false
        }
      }
    },
    "content_for_index": [
      "1621243260e1af0c20",
      "16236466169462824c",
      "162365459011662372",
      "162365322233f2157f",
      "1623653344881e89b1",
      "162365417352ffafa1",
      "16236457435037e9a5",
      "1623403822b813a780"
    ]
  },
  "presets": {
    "Default": {
      "sections": {
        "featured-collection": {
          "type": "featured-collection",
          "settings": {
            "collection": "frontpage"
          }
        },
        "featured-product": {
          "type": "featured-product",
          "settings": {
          }
        }
      },
      "content_for_index": [
        "featured-collection",
        "featured-product"
      ]
    }
  }
}