{
  "current": {
    "favicon": "shopify:\/\/shop_images\/fav_icon_dark_1.png",
    "show_scroll_top_button": true,
    "color_primary": "#000",
    "color_sub_text": "#666666",
    "color_btn_bg_hover": "#000000",
    "prod_sale_price_color": "#999999",
    "color_header_transparent": "#ffffff",
    "color_footer_bg": "#efeded",
    "color_footer_text": "#000",
    "color_footer_link": "#666666",
    "color_footer_link_hover": "#000000",
    "color_footer_bg_mb": "#efeded",
    "color_footer_bottom_bg_mb": "#efeded",
    "color_border": "#d9d9d9",
    "img_overlay_opacity": 20,
    "use_custom_font_body": true,
    "custom_body_font": "https:\/\/cdn.shopify.com\/s\/files\/1\/0561\/2742\/2636\/files\/Poppins-Medium.ttf?v=1621237713@500\nhttps:\/\/cdn.shopify.com\/s\/files\/1\/0561\/2742\/2636\/files\/Poppins-Bold.ttf?v=1619606091@700",
    "custom_body_weight": "500",
    "type_base_size": 14,
    "use_custom_font_heading": true,
    "custom_heading_font": "https:\/\/cdn.shopify.com\/s\/files\/1\/0561\/2742\/2636\/files\/Poppins-ExtraBold.ttf?v=1619606131@800\nhttps:\/\/cdn.shopify.com\/s\/files\/1\/0561\/2742\/2636\/files\/Poppins-Bold.ttf?v=1619606091@700",
    "custom_heading_weight": "700",
    "type_header_base_size": 34,
    "pcard_layout": "2",
    "pcard_alignment": "center",
    "pcard_image_ratio": "1\/1",
    "show_second_img": true,
    "show_vendor": false,
    "variant_option_design1": "button",
    "variant_option_design2": "color",
    "product_colors": "red: #ff0000,\nyellow: #ffff00,\nblack: #000000,\nblue: #0000FF,\ngreen: #00ff00,\npurple: #800080,\nsilver: #c0c0c0,\nwhite: #F1F1F1,\nbrown: #7B3F00,\nlight-brown: #feb035,\ndark-turquoise: #23cddc,\norange: #fe9001,\ntan: #eacea7,\nviolet: #EE82EE,\npink: #FFC0CB,\ngrey: #808080,\npale: #888888",
    "social_twitter_link": "https:\/\/twitter.com\/home",
    "social_facebook_link": "https:\/\/facebook.com\/",
    "social_pinterest_link": "https:\/\/pinterest.com\/",
    "social_instagram_link": "https:\/\/instagram.com\/",
    "popular_search_queries": "Cotton, Men, Backpack",
    "wishlist_page": "",
    "product_compare_page": "",
    "instagram_token": "",
    "custom_css": ".section__heading {\n  letter-spacing: 4px;\n}\n.sf__pcard-name {\n  font-weight: 700;\n  text-transform: uppercase;\n  letter-spacing: 1px;\n}\n\n.sf__index-featured-collection-1 .section-py {\n  padding-top: 0;\n  border-bottom: 1px solid #eee;\n}\n[data-section-type=\"instagram\"] .section-my {\n  margin-bottom: 0;\n}\n.sf__blog-cardTitle {\n  text-transform: uppercase;\n  letter-spacing: 0.5px;\n  font-size: 16px;\n}\n.sf-footer__block-inner h3 {\n  letter-spacing: 0.5px;\n}\n\n.sf__btn {\n  font-weight: 700;\n  border-radius: 0;\n}\n.sf-nav li a.sf__parent-item {\n  font-weight: 700;\n}\n\n@media (min-width: 1280px) {\n  #sf-custom__block--83270816-f06f-4d76-b586-fbb8cb411781 {\n    padding: 80px 130px;\n    background: #efefef;\n  }\n  .sf__footer-bottom-inner {\n    border-top: 1px solid #dedede;\n  }\n}\n@media (max-width: 767px) {\n  .sf__index-featured-collection .sf__featured-collection-button .sf__btn,\n  .sf__blog-post  .sf__blog-post-button .sf__btn {\n    width: 100%;\n  }\n}",
    "sale_popup_collection": "sale",
    "sale_popup_time": "{{time}} ago - {{location}}",
    "sale_popup_locations": "Khiri Rat Nikhom Thailand, Morgantown United States, Wuhu China, East Quincy United States, Raumbach Germany, Wuyang China, Tondela Portugal, Lemito Indonesia, N'Djamena Chad, Yanbei China, Silvassa India, Quangang China, Le Pallet France, Servon-sur-Vilaine France, Tumut Australia, Goodman United States, Keluke China, Rauchenwarth Austria, Harran Turkey",
    "sale_popup_delay": "10-15",
    "sale_popup_show_after": 3,
    "sale_popup_max": 2,
    "use_theme_currencies": true,
    "size_chart": "size-guide",
    "sale_popup_show_on_mobile": true,
    "sections": {
      "header": {
        "type": "header",
        "blocks": {
          "e144333d-4cd0-4bb1-bdaf-8bb5cd082d4b": {
            "type": "topbar",
            "settings": {
              "show_divider": false,
              "show_phone_numb": false,
              "show_email": false,
              "show_social_links": true,
              "show_stores_page": false,
              "show_currency_switcher": true,
              "show_language_switcher": true,
              "alert_message": "Free Express Shipping on AU orders $200+"
            }
          },
          "ed8dae13-1301-488f-abed-0ed65c9e84e8": {
            "type": "banner",
            "settings": {
              "heading": "Shop",
              "container": "inherit",
              "banner_style": "outside",
              "banner_link": "",
              "banner_title": "New collection",
              "banner_desc": "",
              "banner_button_text": "Shop now"
            }
          },
          "b4a15f57-15bf-4e85-afcd-9aca4c50477f": {
            "type": "product-list",
            "settings": {
              "heading": "Product",
              "container": "inherit",
              "stretch_width": false,
              "collection": "hat",
              "limit": 6,
              "columns": 2
            }
          },
          "413f713a-4210-43e4-8fb8-564fd68b2b7e": {
            "type": "custom_html",
            "settings": {
              "heading": "Features",
              "container": "inherit",
              "html": ""
            }
          }
        },
        "block_order": [
          "e144333d-4cd0-4bb1-bdaf-8bb5cd082d4b",
          "ed8dae13-1301-488f-abed-0ed65c9e84e8",
          "b4a15f57-15bf-4e85-afcd-9aca4c50477f",
          "413f713a-4210-43e4-8fb8-564fd68b2b7e"
        ],
        "settings": {
          "header_design": "logo-center-menu-left",
          "container": "container-fluid",
          "header_sticky": true,
          "transparent_on_top": true,
          "logo_text": "MINIMOG",
          "logo_max_width": 45,
          "sticky_logo_max_width": 45,
          "mobile_logo_max_width": 40,
          "main_menu": "main-menu",
          "secondary_menu": "",
          "uppercase_parent_level": true,
          "search": "show_icon",
          "show_account_icon": true,
          "show_cart_icon": true,
          "show_wishlist_icon": true,
          "show_compare_icon": false,
          "show_currency_switcher": false,
          "show_language_switcher": false
        }
      },
      "footer": {
        "type": "footer",
        "blocks": {
          "8d6ff29d-e8b7-411b-addc-ed3b7d2f67b3": {
            "type": "newsletter",
            "settings": {
              "title": "SUBSCRIBE",
              "description": "Enter your email below to get 10% for the next purchase.",
              "email_placeholder": "Enter your email",
              "form_style": "bordered",
              "show_social": false,
              "width": "33%"
            }
          },
          "4ba1e133-d3a2-486b-94a8-b2e0363b305b": {
            "type": "spacing",
            "settings": {
              "width": "25%"
            }
          },
          "d5978e13-bd48-4f66-bbbe-5b0e5bb800f5": {
            "type": "menu",
            "settings": {
              "menu": "main-menu",
              "title": "SERVICES",
              "width": "25%"
            }
          },
          "85209d5e-c364-489f-8320-73d204b3ed46": {
            "type": "menu",
            "settings": {
              "menu": "main-menu",
              "title": "INFORMATION",
              "width": "25%"
            }
          },
          "3c9af62c-39c1-4db8-9e9d-d23c9ec3b8a9": {
            "type": "menu",
            "settings": {
              "menu": "main-menu",
              "title": "CONTACT",
              "width": "25%"
            }
          }
        },
        "block_order": [
          "8d6ff29d-e8b7-411b-addc-ed3b7d2f67b3",
          "4ba1e133-d3a2-486b-94a8-b2e0363b305b",
          "d5978e13-bd48-4f66-bbbe-5b0e5bb800f5",
          "85209d5e-c364-489f-8320-73d204b3ed46",
          "3c9af62c-39c1-4db8-9e9d-d23c9ec3b8a9"
        ],
        "settings": {
          "design": "footer-3",
          "container": "container-fluid",
          "bordered": false,
          "copyright": "© MINIMOG 2020",
          "show_currency_selector": false,
          "show_language_selector": false,
          "show_social_links": true,
          "show_payment_icons": true
        }
      },
      "annoucement": {
        "type": "annoucement",
        "settings": {
          "show_announcement": false,
          "homepage_only": true,
          "show_close": true,
          "message": "<p>Free shipping for all orders from $60+<\/p>",
          "message_link": "",
          "show_divider": false
        }
      },
      "mobile-sticky-bar": {
        "type": "mobile-sticky-bar",
        "settings": {
          "show_mobile_sticky": true,
          "show_home_icon": true,
          "show_collection_icon": true,
          "show_cart_icon": true,
          "show_search_icon": true,
          "show_account_icon": false,
          "show_wishlist_icon": false
        }
      }
    }
  },
  "presets": {
    "Default": {
      "sections": {
        "featured-collection": {
          "type": "featured-collection",
          "settings": {
            "collection": "frontpage"
          }
        },
        "featured-product": {
          "type": "featured-product",
          "settings": {
          }
        }
      },
      "content_for_index": [
        "featured-collection",
        "featured-product"
      ]
    }
  }
}