{
  "current": {
    "favicon": "shopify:\/\/shop_images\/fav_icon_dark_1.png",
    "container_width": 1410,
    "container_fluid_offset": 100,
    "color_primary": "#000",
    "color_heading_text": "#000000",
    "color_sub_text": "#666666",
    "color_btn_bg_hover": "#000000",
    "color_field_bg": "#ffffff",
    "color_annoucement_bg": "#000000",
    "color_annoucement_text": "#ffffff",
    "color_topbar_bg": "rgba(0,0,0,0)",
    "color_topbar_text": "#000000",
    "color_header_bg": "#ffffff",
    "color_header_link": "#000000",
    "color_header_transparent": "#ffffff",
    "bg_cart_wishlist_count": "#da3f3f",
    "color_menu_bar_bg": "#000000",
    "color_menu_bar_text": "#ffffff",
    "color_footer_bg": "#f5f5f5",
    "color_footer_text": "#000000",
    "color_footer_link": "#666666",
    "color_footer_link_hover": "#000000",
    "color_footer_bottom_bg": "#f5f5f5",
    "color_footer_bottom_text": "#000000",
    "img_overlay_opacity": 20,
    "use_custom_font_body": true,
    "custom_body_font": "https:\/\/cdn.shopify.com\/s\/files\/1\/0561\/2742\/2636\/files\/Jost-Light.ttf?v=1618297125@300\nhttps:\/\/cdn.shopify.com\/s\/files\/1\/0561\/2742\/2636\/files\/Jost-Regular.ttf?v=1618297125@400\nhttps:\/\/cdn.shopify.com\/s\/files\/1\/0561\/2742\/2636\/files\/Jost-Medium.ttf?v=1618297125@500\nhttps:\/\/cdn.shopify.com\/s\/files\/1\/0561\/2742\/2636\/files\/Jost-SemiBold.ttf?v=1618297125@600\nhttps:\/\/cdn.shopify.com\/s\/files\/1\/0561\/2742\/2636\/files\/Jost-Bold.ttf?v=1618297125@700",
    "use_custom_font_heading": true,
    "custom_heading_font": "https:\/\/cdn.shopify.com\/s\/files\/1\/0561\/2742\/2636\/files\/Jost-Light.ttf?v=1618297125@300\nhttps:\/\/cdn.shopify.com\/s\/files\/1\/0561\/2742\/2636\/files\/Jost-Regular.ttf?v=1618297125@400\nhttps:\/\/cdn.shopify.com\/s\/files\/1\/0561\/2742\/2636\/files\/Jost-Medium.ttf?v=1618297125@500\nhttps:\/\/cdn.shopify.com\/s\/files\/1\/0561\/2742\/2636\/files\/Jost-SemiBold.ttf?v=1618297125@600\nhttps:\/\/cdn.shopify.com\/s\/files\/1\/0561\/2742\/2636\/files\/Jost-Bold.ttf?v=1618297125@700",
    "variant_option_design1": "button",
    "product_colors": "red: #FF6961,\nyellow: #FDDA76,\nblack: #000000,\nblack band: #000000,\nblue: #8DB4D2,\ngreen: #C1E1C1,\npurple: #B19CD9,\nsilver: #EEEEEF,\nwhite: #FFFFFF,\nbrown: #836953,\nlight brown: #B5651D,\ndark turquoise: #23cddc,\norange: #FFB347,\ntan: #E9D1BF,\nviolet: #B490B0,\npink: #FFD1DC,\ngrey: #E0E0E0,\nsky: #96BDC6,\npale leaf: #CCD4BF,\nlight blue: #b1c5d4,\ndark grey: #aca69f,\nbeige: #EBE6DB,\nbeige band: #EED9C4,\ndark blue: #063e66,\ncream: #FFFFCC,\nlight pink: #FBCFCD,\nmint: #bedce3,\ndark gray: #3A3B3C,\nrosy brown: #c4a287,\nlight grey:#D3D3D3,\ncopper: #B87333,\nrose gold: #ECC5C0,\nnight blue: #151B54,\ncoral: #FF7F50,\nlight purple: #C6AEC7",
    "filter_color1": "gingham",
    "filter_color2": "flannel",
    "social_twitter_link": "https:\/\/twitter.com\/home",
    "social_facebook_link": "https:\/\/facebook.com\/",
    "social_pinterest_link": "https:\/\/pinterest.com\/",
    "social_instagram_link": "https:\/\/instagram.com\/",
    "wishlist_page": "",
    "product_compare_page": "",
    "gm_api": "",
    "instagram_token": "",
    "custom_css": "#header [style*=\"--aspect-ratio\"] &gt;\n:first-child {\n  object-fit: contain;\n}\n.sf__collection-container {\n  padding-bottom: 0;\n}\n.sf__index-collection-list sup {\n  top: -1em;\n  right: -0.2em;\n}\n@media (min-width: 768px) {\n  .sf__index-collection-list .section-my {\n    margin-top: 30px;\n  }\n}\n\n.sf__index-icon-box {\n  border-top: 1px solid #eeeeee;\n}\n.sf__index-icon-box .section-py {\n  padding-top: 40px;\n  padding-bottom: 40px;\n}\n.sf__index-icon-box .sf-icon-box__text h3 {\n  font-weight: 500;\n  font-size: 20px;\n}\n.sf__index-icon-box .sf-icon-box__text .rte {\n  color: #777777;\n}\n\n@media (max-width: 767px) {\n  .sf__index-icon-box {\n    border-top: 0;\n  }\n  .sf__index-icon-box .section-py {\n    padding-top: 0;\n  }\n  .sf__index-collection-list .section-my {\n    margin-top: 16px;\n  }\n}\n@media (max-width: 576px) {\n  .sf__index-featured-collection .sf__btn-primary {\n    width: 100%;\n  }\n}\n.sf__index-collection-list .collection-card__info h3:hover {\n  color: #666666;\n}",
    "sections": {
      "header": {
        "type": "header",
        "blocks": {
          "dd7d9431-2c50-49c4-80ca-c5c72efe9b82": {
            "type": "banner",
            "settings": {
              "heading": "Shop",
              "container": "container",
              "banner_style": "outside",
              "banner_link": "",
              "banner_title": "The New - Season Shoes Edit",
              "banner_desc": "",
              "banner_button_text": "Shop Now"
            }
          },
          "ac06ce3f-bc87-4fc4-9e4c-898c841af531": {
            "type": "custom_html",
            "settings": {
              "heading": "Home",
              "container": "container",
              "html": ""
            }
          },
          "c0304903-95ee-4d64-aa32-5c27237a6dd6": {
            "type": "product-list",
            "settings": {
              "heading": "Products",
              "container": "container-fluid",
              "stretch_width": false,
              "collection": "this-weeks-highlights",
              "limit": 6,
              "columns": 2
            }
          },
          "50f94db9-755c-4643-845f-cea4112b8da6": {
            "type": "custom_html",
            "settings": {
              "heading": "Features",
              "container": "inherit",
              "html": ""
            }
          }
        },
        "block_order": [
          "dd7d9431-2c50-49c4-80ca-c5c72efe9b82",
          "ac06ce3f-bc87-4fc4-9e4c-898c841af531",
          "c0304903-95ee-4d64-aa32-5c27237a6dd6",
          "50f94db9-755c-4643-845f-cea4112b8da6"
        ],
        "settings": {
          "header_design": "logo-center-menu-left",
          "container": "container-fluid",
          "header_sticky": true,
          "transparent_on_top": true,
          "logo_text": "MINIMOG",
          "logo_max_width": 145,
          "sticky_logo_max_width": 140,
          "mobile_logo_max_width": 105,
          "main_menu": "main-menu",
          "secondary_menu": "",
          "uppercase_parent_level": false,
          "search": "show_icon",
          "show_account_icon": true,
          "show_cart_icon": true,
          "show_wishlist_icon": true,
          "show_compare_icon": false,
          "show_currency_switcher": false,
          "show_language_switcher": false
        }
      },
      "footer": {
        "type": "footer",
        "blocks": {
          "c5f5a464-8b3c-4c63-94a1-aef3586482aa": {
            "type": "our_store",
            "settings": {
              "title": "Company",
              "description": "<p>Find a location nearest you. <br\/><a href=\"\/pages\/contact-us\" title=\"Contact Us\"><span style=\"text-decoration:underline\">See our stores<\/span><\/a><\/p>",
              "show_email": true,
              "show_phone": true,
              "show_socials_link": false,
              "width": "25%"
            }
          },
          "d5978e13-bd48-4f66-bbbe-5b0e5bb800f5": {
            "type": "menu",
            "settings": {
              "menu": "main-menu",
              "title": "Information",
              "width": "25%"
            }
          },
          "85209d5e-c364-489f-8320-73d204b3ed46": {
            "type": "menu",
            "settings": {
              "menu": "main-menu",
              "title": "Quick links",
              "width": "25%"
            }
          },
          "8d6ff29d-e8b7-411b-addc-ed3b7d2f67b3": {
            "type": "newsletter",
            "settings": {
              "title": "Subscribe",
              "description": "Enter your email below to be the first to know about new collections and product launches.",
              "email_placeholder": "Enter your email",
              "form_style": "bordered",
              "show_social": false,
              "width": "25%"
            }
          }
        },
        "block_order": [
          "c5f5a464-8b3c-4c63-94a1-aef3586482aa",
          "d5978e13-bd48-4f66-bbbe-5b0e5bb800f5",
          "85209d5e-c364-489f-8320-73d204b3ed46",
          "8d6ff29d-e8b7-411b-addc-ed3b7d2f67b3"
        ],
        "settings": {
          "design": "footer-2",
          "container": "container-fluid",
          "bordered": true,
          "copyright": "© MINIMOG 2021",
          "show_currency_selector": false,
          "show_language_selector": false,
          "show_social_links": true,
          "show_payment_icons": true
        }
      },
      "annoucement": {
        "type": "annoucement",
        "settings": {
          "show_announcement": false,
          "homepage_only": true,
          "show_close": true,
          "message": "Free shipping for all orders from $60+",
          "message_link": "",
          "show_divider": false
        }
      },
      "mobile-sticky-bar": {
        "type": "mobile-sticky-bar",
        "settings": {
          "show_mobile_sticky": true,
          "show_home_icon": true,
          "show_collection_icon": true,
          "show_cart_icon": true,
          "show_search_icon": true,
          "show_account_icon": false,
          "show_wishlist_icon": false
        }
      }
    }
  },
  "presets": {
    "Default": {
      "sections": {
        "featured-collection": {
          "type": "featured-collection",
          "settings": {
            "collection": "frontpage"
          }
        },
        "featured-product": {
          "type": "featured-product",
          "settings": {
          }
        }
      },
      "content_for_index": [
        "featured-collection",
        "featured-product"
      ]
    }
  }
}