{
  "current": {
    "favicon": "shopify:\/\/shop_images\/fav_icon_dark_1.png",
    "container_width": 1410,
    "container_fluid_width": 1620,
    "container_fluid_offset": 100,
    "color_primary": "#000000",
    "color_body_text": "#000000",
    "color_heading_text": "#000000",
    "color_sub_text": "#696969",
    "color_btn_bg_hover": "#000000",
    "prod_sale_price_color": "#666666",
    "prod_type_color": "#666666",
    "prod_desc_color": "#696969",
    "color_main_bg": "#ffffff",
    "color_field_bg": "#ffffff",
    "color_annoucement_bg": "#f8f9bd",
    "color_annoucement_text": "#000000",
    "color_topbar_bg": "#ffffff",
    "color_topbar_text": "#000000",
    "color_header_bg": "#ffffff",
    "color_header_link": "#000000",
    "color_header_transparent": "#000000",
    "color_menu_bar_bg": "#ffffff",
    "color_menu_bar_text": "#000000",
    "color_footer_bg": "#f5f5f5",
    "color_footer_text": "#000000",
    "color_footer_subtext": "#666666",
    "color_footer_link_hover": "#000000",
    "color_footer_bottom_bg": "#f5f5f5",
    "color_footer_bottom_text": "#666666",
    "color_border": "#dedede",
    "img_overlay_opacity": 20,
    "tooltip_background_color": "#000000",
    "type_base_font": "roboto_condensed_n4",
    "use_custom_font_body": true,
    "custom_body_font": "https:\/\/cdn.shopify.com\/s\/files\/1\/0147\/0962\/0800\/files\/Sofia_Pro_Regular_Az.otf?v=1623401716@400\nhttps:\/\/cdn.shopify.com\/s\/files\/1\/0147\/0962\/0800\/files\/Sofia_Pro_Medium_Az.otf?v=1623401715@500\nhttps:\/\/cdn.shopify.com\/s\/files\/1\/0147\/0962\/0800\/files\/Sofia_Pro_Bold_Az.otf?v=1623401715@700",
    "custom_body_weight": "400",
    "type_base_line_height": 26,
    "type_header_font": "roboto_condensed_n7",
    "use_custom_font_heading": true,
    "custom_heading_font": "https:\/\/cdn.shopify.com\/s\/files\/1\/0147\/0962\/0800\/files\/Sofia_Pro_Regular_Az.otf?v=1623401716@400\nhttps:\/\/cdn.shopify.com\/s\/files\/1\/0147\/0962\/0800\/files\/Sofia_Pro_Medium_Az.otf?v=1623401715@500\nhttps:\/\/cdn.shopify.com\/s\/files\/1\/0147\/0962\/0800\/files\/Sofia_Pro_Bold_Az.otf?v=1623401715@700",
    "custom_heading_weight": "500",
    "type_header_base_size": 40,
    "btn_weight": "500",
    "pcard_layout": "1",
    "pcard_alignment": "center",
    "pcard_image_ratio": "3\/4",
    "show_vendor": false,
    "variant_option_design1": "image",
    "variant_option_design3": "color",
    "show_variant_swatch_image": true,
    "product_colors": "red: #FF6961,\nyellow: #FDDA76,\nblack: #000000,\nblue: #8DB4D2,\ngreen: #C1E1C1,\npurple: #B19CD9,\nsilver: #EEEEEF,\nwhite: #FFFFFF,\nbrown: #836953,\nlight-brown: #feb035,\ndark-turquoise: #23cddc,\norange: #FFB347,\ntan: #E9D1BF,\nviolet: #B490B0,\npink: #FFD1DC,\ngrey: #E0E0E0,\nsky: #96BDC6,\npale-leaf: #CCD4BF",
    "filter_color1": "",
    "share_facebook": true,
    "share_pinterest": true,
    "social_twitter_link": "https:\/\/twitter.com\/home",
    "social_facebook_link": "https:\/\/facebook.com\/",
    "social_pinterest_link": "https:\/\/pinterest.com\/",
    "social_instagram_link": "https:\/\/instagram.com\/",
    "wishlist_page": "whishlist",
    "product_compare_page": "",
    "gm_api": "",
    "instagram_token": "",
    "custom_css": ".sf-header .sf-header__desktop .sf-menu-logo-bar {\n  padding-top: 1rem;\n}\n.sf-header .sf-header__desktop .sf-search-form {\n  min-width: 270px;\n  justify-content: space-between;\n  padding-right: 0;\n}\n.sf-header .sf-header__desktop .sf-search-form button.items-center {\n  order: 2;\n}\n.sf-header .sf-header__desktop .sf-search-form span.whitespace-nowrap {\n  order: 1;\n}\n\n.custom__heading-style1 {\n  font-size: 48px;\n  line-height: 56px;\n}\n.custom__heading-style2 {\n  font-size: 34px;\n  line-height: 44px;\n}\n[data-section-type=\"custom-content\"]:first-child .section-my {\n  margin-top: 15px;\n}\n\n.sf-press .section-my {\n  margin-top: 0;\n  margin-bottom: 0;\n}\n.sf-press .press-content__item .rte p {\n  font-size: 24px;\n  line-height: 36px;\n}\n[data-section-type=\"icon-box\"] .sf-icon-box__text {\n  margin-top: 30px;\n}\n[data-section-type=\"icon-box\"] .sf-icon-box__text h3 {\n  font-size: 20px;\n  line-height: 32px;\n  margin-bottom: 7px;\n}\n.subheading-hot__label {\n  padding: 6px 20px;\n  border-radius: 5px;\n  font-size: 18px;\n  line-height: 28px;\n  color: #e56137;\n  background-color: rgba(229, 97, 55, 0.1);\n}\n.slide__block-description,\n.sf-hero__text {\n  color: var(--color-sub-text);\n}\n#sf-custom__block--162340349987ddcc8f-0 {\n  padding-left: 100px;\n}\n.sf__footer-block-menu .sf__footer-block-title {\n  font-size: 24px;\n  line-height: 32px;\n}\n.sf__footer-block-menu ul li {\n  list-style: 36px;\n}\n.sf__footer-block-newsletter .sf__footer-block-title {\n  font-size: 36px;\n  line-height: 54px;\n}\n.sf-tab-header {\n  font-size: 18px;\n}\n.product-tabs .section__header {\n  margin-bottom: 30px;\n}\n[data-section-type=\"custom-content\"]:first-child .sf__btn.sf__btn-link {\n  border-bottom: none;\n}\n.sf-instagram .section-my {\n  margin-bottom: 50px;\n}\n.sf-press .press-inner {\n  background: #e7f2f4;\n  padding: 40px;\n}\n\n@media (min-width: 1025px) {\n  .sf-press .press-inner {\n    padding: 95px 150px;\n  }\n}\n@media (max-width: 767px) {\n  #sf-custom__block--162340349987ddcc8f-1 {\n    display: none;\n  }\n  #sf-custom__block--162340349987ddcc8f-0 {\n    padding-left: 10px;\n  }\n  #sf-custom__block--162340349987ddcc8f-0 .content__heading {\n    font-size: 2rem;\n  }\n  [data-section-type=\"hero\"] .sf-hero {\n    overflow: unset;\n    margin-bottom: 300px;\n  }\n  [data-section-type=\"hero\"] .sf-hero .sf-hero__inner {\n    transform: translate3d(0, 265px, 0);\n    padding-top: 1rem;\n    padding-bottom: 1rem;\n  }\n}\n@media (max-width: 767px) {\n  .sf-footer .sf-footer__center span img {\n    margin: 0;\n    width: 5rem;\n  }\n  [data-section-type=\"instagram\"] .section__description {\n    margin-top: 0;\n  }\n}",
    "use_theme_currencies": true,
    "theme_currencies": "USD | EUR | GBP | VND",
    "sections": {
      "page-faqs": {
        "type": "page-faqs",
        "blocks": {
          "2802736b-f08f-4510-a4f7-4ad7d748992d": {
            "type": "content",
            "settings": {
              "content": "<div class=\"mb-10\"><img src=\"https:\/\/cdn.shopify.com\/s\/files\/1\/0561\/2742\/2636\/files\/faqs.jpg?v=1620784288\"><\/div>\n<h3 class=\"font-medium text-xl mb-4\">Awkwardness gives me great comfort. I’ve never been cool, but I’ve felt cool. I’ve been in the cool place, but I wasn’t really cool – I was trying to pass for hip or cool.<\/h3>\n<p>A girl should be two things: classy and fabulous. I am convinced that there can be luxury in simplicity. I wanted to dress the woman who lives and works, not the woman in a painting. It’s hard to balance everything. It’s always challenging. My relationships with producers or photographers – these are relationships that took years. I can’t get sucked into that celebrity thing, because I think it’s just crass. My aim is to make the poor look rich.<\/p>"
            }
          },
          "4e151238-4480-4122-b893-7f4a19886e4c": {
            "type": "accordion",
            "settings": {
              "title": "What shipping methods are availbale?",
              "content": "<p>Lorem ipsum dolor sit amet conse ctetur adipisicing elit, sed do eiusmod tempor incididunt ut labore et dolore magna aliqua. Ut enim ad minim veniam, quis nostrud exercitation ullamco laboris nisi ut aliquip ex ea commodo consequat. Duis aute irure dolor in reprehenderit in voluptate velit esse cillum dolore eu fugiat.<br\/><br\/>Ut enim ad minim veniam, quis nostrud exercitation ullamco laboris nisi ut aliquip ex ea commodo consequat. Duis aute irure dolor in reprehenderit.<\/p>",
              "open": true
            }
          },
          "c5d4d04d-f6c1-4d1e-99f0-3c221393a3cf": {
            "type": "accordion",
            "settings": {
              "title": "How long will it take to get my package?",
              "content": "<p>Lorem ipsum dolor sit amet conse ctetur adipisicing elit, sed do eiusmod tempor incididunt ut labore et dolore magna aliqua. Ut enim ad minim veniam, quis nostrud exercitation ullamco laboris nisi ut aliquip.<\/p>",
              "open": false
            }
          },
          "0131747b-8b40-432f-b634-b1289ec41911": {
            "type": "accordion",
            "settings": {
              "title": "Do you ship internationally?",
              "content": "<p>Lorem ipsum dolor sit amet conse ctetur adipisicing elit, sed do eiusmod tempor incididunt ut labore et dolore magna aliqua. Ut enim ad minim veniam, quis nostrud exercitation ullamco laboris nisi ut aliquip.<\/p>",
              "open": false
            }
          },
          "5d7206e9-5375-4da6-9a1f-24e1c46230b0": {
            "type": "accordion",
            "settings": {
              "title": "What payment methods are accepted?",
              "content": "<p>Lorem ipsum dolor sit amet conse ctetur adipisicing elit, sed do eiusmod tempor incididunt ut labore et dolore magna aliqua. Ut enim ad minim veniam, quis nostrud exercitation ullamco laboris nisi ut aliquip ex ea commodo consequat. Duis aute irure dolor in reprehenderit in voluptate velit esse cillum dolore eu fugiat.<\/p>",
              "open": false
            }
          },
          "4008f61e-055e-42ba-8969-cb3715c0aece": {
            "type": "accordion",
            "settings": {
              "title": "Is buying on-line safe?",
              "content": "<p>Lorem ipsum dolor sit amet conse ctetur adipisicing elit, sed do eiusmod tempor incididunt ut labore et dolore magna aliqua. Ut enim ad minim veniam, quis nostrud exercitation ullamco laboris nisi ut aliquip.<\/p>",
              "open": false
            }
          }
        },
        "block_order": [
          "2802736b-f08f-4510-a4f7-4ad7d748992d",
          "4e151238-4480-4122-b893-7f4a19886e4c",
          "c5d4d04d-f6c1-4d1e-99f0-3c221393a3cf",
          "0131747b-8b40-432f-b634-b1289ec41911",
          "5d7206e9-5375-4da6-9a1f-24e1c46230b0",
          "4008f61e-055e-42ba-8969-cb3715c0aece"
        ],
        "settings": {
          "menu": "faqs-menu"
        }
      },
      "collection-list": {
        "type": "collection-list",
        "settings": {
        }
      },
      "featured-collection": {
        "type": "featured-collection",
        "settings": {
          "collection": "frontpage"
        }
      },
      "featured-product": {
        "type": "featured-product",
        "settings": {
        }
      },
      "slider": {
        "type": "slider",
        "settings": {
        }
      },
      "header": {
        "type": "header",
        "blocks": {
          "59224d28-d657-4624-8d17-55b1c4ce8d9c": {
            "type": "product-list",
            "settings": {
              "heading": "Product",
              "container": "container-fluid",
              "stretch_width": false,
              "collection": "nail-polish",
              "limit": 6,
              "columns": 2
            }
          },
          "5b9aec5f-b955-4765-9a87-1962d613e909": {
            "type": "custom_html",
            "settings": {
              "heading": "Home",
              "container": "inherit",
              "html": ""
            }
          },
          "c2a2a904-1d44-443e-a288-8d1462b47684": {
            "type": "banner",
            "settings": {
              "heading": "Shop",
              "container": "inherit",
              "banner_style": "outside",
              "banner_link": "",
              "banner_title": "The new - season shoes edit",
              "banner_desc": "",
              "banner_button_text": "Shop now"
            }
          },
          "b3b4dbbd-428e-41a0-a842-10f15cae4d42": {
            "type": "custom_html",
            "settings": {
              "heading": "Features",
              "container": "inherit",
              "html": ""
            }
          }
        },
        "block_order": [
          "59224d28-d657-4624-8d17-55b1c4ce8d9c",
          "5b9aec5f-b955-4765-9a87-1962d613e909",
          "c2a2a904-1d44-443e-a288-8d1462b47684",
          "b3b4dbbd-428e-41a0-a842-10f15cae4d42"
        ],
        "settings": {
          "header_design": "logo-center__2l",
          "container": "container-fluid",
          "header_sticky": true,
          "transparent_on_top": false,
          "logo_text": "MINIMOG",
          "logo_max_width": 120,
          "sticky_logo_max_width": 105,
          "mobile_logo_max_width": 105,
          "main_menu": "main-menu",
          "secondary_menu": "",
          "uppercase_parent_level": false,
          "search": "show_full",
          "show_account_icon": true,
          "show_cart_icon": true,
          "show_wishlist_icon": true,
          "show_compare_icon": false,
          "show_currency_switcher": false,
          "show_language_switcher": false
        }
      },
      "footer": {
        "type": "footer",
        "blocks": {
          "bad8900e-c7b0-49a4-a135-6e23c797db37": {
            "type": "menu",
            "settings": {
              "menu": "main-menu",
              "title": "About",
              "width": "33%"
            }
          },
          "7bd61b9c-0a3d-4497-8f62-bebad77ac32c": {
            "type": "menu",
            "settings": {
              "menu": "main-menu",
              "title": "Infomation",
              "width": "33%"
            }
          },
          "b5b4a704-53dc-49e3-a3ef-1a43d50f0db7": {
            "type": "spacing",
            "settings": {
              "width": "25%"
            }
          },
          "e1687d03-ffcb-4524-9eff-e17d55a38e34": {
            "type": "newsletter",
            "settings": {
              "title": "Don’t miss a thing",
              "description": "Enter your email below to be the first to know about new collections and product launches.",
              "email_placeholder": "Enter your email",
              "form_style": "bordered",
              "show_social": false,
              "width": "50%"
            }
          }
        },
        "block_order": [
          "bad8900e-c7b0-49a4-a135-6e23c797db37",
          "7bd61b9c-0a3d-4497-8f62-bebad77ac32c",
          "b5b4a704-53dc-49e3-a3ef-1a43d50f0db7",
          "e1687d03-ffcb-4524-9eff-e17d55a38e34"
        ],
        "settings": {
          "design": "footer-3",
          "container": "container-fluid",
          "bordered": false,
          "copyright": "<img class=\"w-36 mx-auto\" src=\"https:\/\/cdn.shopify.com\/s\/files\/1\/0147\/0962\/0800\/files\/logo_4ff66151-6213-4010-bf70-6d513b828ba7.png?v=1623402187\">",
          "show_currency_selector": false,
          "show_language_selector": false,
          "show_social_links": true,
          "show_payment_icons": true
        }
      },
      "collection-page-header": {
        "type": "collection-page-header",
        "blocks": {
          "63b52546-ccd0-4c50-84ff-57d203edba75": {
            "type": "banner",
            "settings": {
              "collection": ""
            }
          }
        },
        "block_order": [
          "63b52546-ccd0-4c50-84ff-57d203edba75"
        ],
        "settings": {
          "layout": "inside",
          "header_height": "small",
          "text_alignment": "center",
          "vertical_alignment": "center",
          "bg_color": "#ffffff",
          "enable_parallax": true,
          "show_breadcrumb": true,
          "upper_title": false
        }
      },
      "product-template": {
        "type": "product-template",
        "settings": {
          "container": "container",
          "layout": "layout-6",
          "show_tags": false,
          "show_vendor": false,
          "show_sku": false,
          "show_categories": false,
          "show_reviews_count": true,
          "show_quantity_selector": true,
          "enable_dynamic_checkout": true,
          "hide_atc_button": false,
          "show_atwl": true,
          "show_atcp": true,
          "show_ask_a_question": true,
          "show_social": true,
          "show_live_views": true,
          "live_views_text": "<p><strong>{{count_number}}<\/strong> <strong>people<\/strong> are viewing this right now<\/p>",
          "live_views_range": "20-30",
          "live_view_duration": "10",
          "live_view_icon_blinks": true,
          "show_delivery_times": true,
          "deliver_text": "<p><strong>Estimated Delivery:<\/strong><\/p>",
          "deliver_days": "3",
          "show_shipping_text": true,
          "shipping_text": "<p><strong>Free Shipping & Returns: <\/strong>On all orders over $75<\/p>",
          "show_trust_badges": true,
          "trust_badges_text": "<p>Guarantee safe & secure checkout<\/p>",
          "trust_badges_image": "shopify:\/\/shop_images\/trustbag_256x256_54bce3ff-a3d8-45ea-a570-24ce661296b8.png",
          "trust_badges_image_width": "320px",
          "use_sticky_atc": true,
          "sticky_atc_wishtlist": false,
          "sticky_atc_compare": false
        }
      },
      "product-details-tabs": {
        "type": "product-details-tabs",
        "blocks": {
          "4db8ad16-886f-47f7-9b57-fc68b39fb2d4": {
            "type": "description",
            "settings": {
              "header": "Product description"
            }
          },
          "ecc709c2-2a15-490d-9c05-f23f564f07ad": {
            "type": "tab",
            "settings": {
              "header": "Shipping & Return",
              "content": "<p>Shipping cost is based on weight. Just add products to your cart and use the Shipping Calculator to see the shipping price.<\/p><p>We want you to be 100% satisfied with your purchase. Items can be returned or exchanged within 30 days of delivery.<\/p>",
              "content_page": ""
            }
          },
          "ee3d3842-3076-4b5c-bd55-ef34b6a41cec": {
            "type": "reviews",
            "settings": {
              "header": "Product reviews"
            }
          }
        },
        "block_order": [
          "4db8ad16-886f-47f7-9b57-fc68b39fb2d4",
          "ecc709c2-2a15-490d-9c05-f23f564f07ad",
          "ee3d3842-3076-4b5c-bd55-ef34b6a41cec"
        ],
        "settings": {
          "show_product_tabs": true,
          "container": "container",
          "bg_color": ""
        }
      },
      "product-reviews": {
        "type": "product-reviews",
        "settings": {
          "show_product_reviews": false,
          "container": "container-narrow",
          "heading": "Ratings and Reviews"
        }
      },
      "product-recommendations": {
        "type": "product-recommendations",
        "settings": {
          "show_product_recommendations": true,
          "container": "container",
          "heading": "You Might Also Like",
          "limit": 8,
          "columns": 4,
          "column_gap": 30,
          "enable_slider": true
        }
      },
      "brand-page-header": {
        "type": "brand-page-header",
        "blocks": {
          "09dfe2e1-10c2-4cee-a033-a90b143c85f3": {
            "type": "information",
            "settings": {
              "collection": "retrolie",
              "logo": "shopify:\/\/shop_images\/1.png",
              "content": "<p>Developed by Goop founder, wellness advocate and - academy award-winner, Gwyneth Paltrow, this high performing skincare line is where luxury formulas meet pure organic ingredients and the results are skin-changing. <\/p><p>Goop is passionate about the idea that beauty comes from the inside out. So they use clinically proven and best-in-class ingredients at active levels to create skin care, skin-boosting ingestibles, and body essentials that are luxurious, deliver high-performance results, and enliven the senses with exquisite textures and beautiful scents.<\/p>",
              "image_1": "shopify:\/\/shop_images\/1_8e8151b6-3555-4abf-8dd6-5347182bbcd0.jpg",
              "image_2": "shopify:\/\/shop_images\/2_9a1b3099-775a-4093-9ece-6cfaa04a06fe.jpg",
              "image_3": "shopify:\/\/shop_images\/3_7b9fc65c-8202-4449-a828-d03ac03c6d38.jpg"
            }
          },
          "c8ee188c-a84f-4cf2-a8af-aacb9bf78785": {
            "type": "information",
            "settings": {
              "collection": "abby",
              "logo": "shopify:\/\/shop_images\/2.png",
              "content": "<p>Developed by Goop founder, wellness advocate and - academy award-winner, Gwyneth Paltrow, this high performing skincare line is where luxury formulas meet pure organic ingredients and the results are skin-changing. <\/p><p>Goop is passionate about the idea that beauty comes from the inside out. So they use clinically proven and best-in-class ingredients at active levels to create skin care, skin-boosting ingestibles, and body essentials that are luxurious, deliver high-performance results, and enliven the senses with exquisite textures and beautiful scents.<\/p>",
              "image_1": "shopify:\/\/shop_images\/4.jpg",
              "image_2": "shopify:\/\/shop_images\/5.jpg",
              "image_3": "shopify:\/\/shop_images\/6.jpg"
            }
          },
          "e56a3991-3115-47d4-b7e6-43e962712fc6": {
            "type": "information",
            "settings": {
              "collection": "minimog",
              "logo": "shopify:\/\/shop_images\/3.png",
              "content": "<p>Developed by Goop founder, wellness advocate and - academy award-winner, Gwyneth Paltrow, this high performing skincare line is where luxury formulas meet pure organic ingredients and the results are skin-changing. <\/p><p>Goop is passionate about the idea that beauty comes from the inside out. So they use clinically proven and best-in-class ingredients at active levels to create skin care, skin-boosting ingestibles, and body essentials that are luxurious, deliver high-performance results, and enliven the senses with exquisite textures and beautiful scents.<\/p>",
              "image_1": "shopify:\/\/shop_images\/7.jpg",
              "image_2": "shopify:\/\/shop_images\/8.jpg",
              "image_3": "shopify:\/\/shop_images\/9.jpg"
            }
          },
          "98bac8d0-393b-4f50-91b8-052a49e29dd0": {
            "type": "information",
            "settings": {
              "collection": "brook",
              "logo": "shopify:\/\/shop_images\/4.png",
              "content": "<p>Developed by Goop founder, wellness advocate and - academy award-winner, Gwyneth Paltrow, this high performing skincare line is where luxury formulas meet pure organic ingredients and the results are skin-changing. <\/p><p>Goop is passionate about the idea that beauty comes from the inside out. So they use clinically proven and best-in-class ingredients at active levels to create skin care, skin-boosting ingestibles, and body essentials that are luxurious, deliver high-performance results, and enliven the senses with exquisite textures and beautiful scents.<\/p>",
              "image_1": "shopify:\/\/shop_images\/10.jpg",
              "image_2": "shopify:\/\/shop_images\/11.jpg",
              "image_3": "shopify:\/\/shop_images\/12.jpg"
            }
          },
          "2b4a1841-6d7a-468b-ba3b-a5fd307cf9aa": {
            "type": "information",
            "settings": {
              "collection": "learts",
              "logo": "shopify:\/\/shop_images\/5.png",
              "content": "<p>Developed by Goop founder, wellness advocate and - academy award-winner, Gwyneth Paltrow, this high performing skincare line is where luxury formulas meet pure organic ingredients and the results are skin-changing. <\/p><p>Goop is passionate about the idea that beauty comes from the inside out. So they use clinically proven and best-in-class ingredients at active levels to create skin care, skin-boosting ingestibles, and body essentials that are luxurious, deliver high-performance results, and enliven the senses with exquisite textures and beautiful scents.<\/p>",
              "image_1": "shopify:\/\/shop_images\/13.jpg",
              "image_2": "shopify:\/\/shop_images\/14.jpg",
              "image_3": "shopify:\/\/shop_images\/15.jpg"
            }
          },
          "b54aa75a-c232-474e-9d92-2027e31cd066": {
            "type": "information",
            "settings": {
              "collection": "vagabond",
              "logo": "shopify:\/\/shop_images\/6.png",
              "content": "<p>Developed by Goop founder, wellness advocate and - academy award-winner, Gwyneth Paltrow, this high performing skincare line is where luxury formulas meet pure organic ingredients and the results are skin-changing. <\/p><p>Goop is passionate about the idea that beauty comes from the inside out. So they use clinically proven and best-in-class ingredients at active levels to create skin care, skin-boosting ingestibles, and body essentials that are luxurious, deliver high-performance results, and enliven the senses with exquisite textures and beautiful scents.<\/p>",
              "image_1": "shopify:\/\/shop_images\/16.jpg",
              "image_2": "shopify:\/\/shop_images\/17.jpg",
              "image_3": "shopify:\/\/shop_images\/18.jpg"
            }
          }
        },
        "block_order": [
          "09dfe2e1-10c2-4cee-a033-a90b143c85f3",
          "c8ee188c-a84f-4cf2-a8af-aacb9bf78785",
          "e56a3991-3115-47d4-b7e6-43e962712fc6",
          "98bac8d0-393b-4f50-91b8-052a49e29dd0",
          "2b4a1841-6d7a-468b-ba3b-a5fd307cf9aa",
          "b54aa75a-c232-474e-9d92-2027e31cd066"
        ],
        "settings": {
        }
      },
      "collection-brand": {
        "type": "collection-brand",
        "settings": {
          "grid_layout": "grid",
          "pagination_limit": "12",
          "grid_columns": "3",
          "collection_paginate": "paginate",
          "show_filter": true,
          "sidebar": "leftColumn"
        }
      },
      "contact-information": {
        "type": "contact-information",
        "settings": {
        }
      },
      "maps": {
        "type": "maps",
        "settings": {
          "textx": "40.6700",
          "texty": "-73.9400",
          "zoom": "11",
          "text2": "New York"
        }
      },
      "contact-template": {
        "type": "contact-template",
        "blocks": {
          "458d6546-c5d0-4128-8fa6-162080bdf85f": {
            "type": "textblock",
            "settings": {
              "title": "Address",
              "content": "<p>7895 Piermont Dr NE Albuquerque, NM 198866, <a href=\"#\">See Our Stores<\/a><\/p>"
            }
          },
          "d2fd611c-a50a-4871-b401-b51dff320d34": {
            "type": "textblock",
            "settings": {
              "title": "Information",
              "content": "<p>+391 (0)35 2568 4593<\/p><p>hello@domain.com<\/p>"
            }
          },
          "159b3b43-a6d9-4cb9-b78d-04f5a5bae350": {
            "type": "socialmedia",
            "settings": {
              "title": "Social Media"
            }
          },
          "5c486a84-9bdd-4d24-8ac7-5c428593cf33": {
            "type": "textblock",
            "settings": {
              "title": "We're Open",
              "content": "<p>Our store has re-opened for shopping, exchanges<\/p><p>Every day 11am to 7pm<\/p>"
            }
          }
        },
        "block_order": [
          "458d6546-c5d0-4128-8fa6-162080bdf85f",
          "d2fd611c-a50a-4871-b401-b51dff320d34",
          "159b3b43-a6d9-4cb9-b78d-04f5a5bae350",
          "5c486a84-9bdd-4d24-8ac7-5c428593cf33"
        ],
        "settings": {
          "title": "We would love to hear from you.",
          "description": "<p>If you’ve got great products your making or looking to work with us then drop us a line.<\/p>"
        }
      },
      "product-details-accordion": {
        "type": "product-details-accordion",
        "settings": {
          "show_accordion": true,
          "use_container": false,
          "position": "bottom_info"
        }
      },
      "recent-viewed-products": {
        "type": "recent-viewed-products",
        "settings": {
          "heading": "Recently Viewed Products",
          "container": "container",
          "columns": 4,
          "column_gap": 30,
          "enable_slider": true,
          "show_product_page": true,
          "show_cart_page": true,
          "show_collection_page": false
        }
      },
      "product-features": {
        "type": "product-features",
        "blocks": {
          "13bbe815-0071-4307-851d-855b254736bf": {
            "type": "feature",
            "settings": {
              "image": "shopify:\/\/shop_images\/promo1.png",
              "title": "Free Shipping",
              "description": "<p>Get complimentary ground shipping on every <br\/>order.Don’t love it? Send it back, on us.<\/p>",
              "link": ""
            }
          },
          "a94c6a27-b2f6-4ad8-91bd-0fe8b6c97038": {
            "type": "feature",
            "settings": {
              "image": "shopify:\/\/shop_images\/promo2.png",
              "title": "Earn Points",
              "description": "<p>Join Minimog Rewards to earn gift cards<br\/>and enjoy exclusive member benefits.<\/p>",
              "link": ""
            }
          },
          "714ee428-5735-4485-bbec-44f93fc1230a": {
            "type": "feature",
            "settings": {
              "image": "shopify:\/\/shop_images\/promo3.png",
              "title": "Money Back Gurantee",
              "description": "<p>We believe getting dressed should be the <br\/>easiest part of your day.<\/p>",
              "link": ""
            }
          }
        },
        "block_order": [
          "13bbe815-0071-4307-851d-855b254736bf",
          "a94c6a27-b2f6-4ad8-91bd-0fe8b6c97038",
          "714ee428-5735-4485-bbec-44f93fc1230a"
        ],
        "settings": {
          "show_featured": false,
          "container": "container",
          "heading": "Why choose us?",
          "item_per_row": 3,
          "card_style": "vertical",
          "image_max_width": "70px",
          "content_alignment": "center"
        }
      },
      "1621243260e1af0c20": {
        "type": "slider",
        "blocks": {
          "1621243260e1af0c20-0": {
            "type": "slider_item",
            "settings": {
              "image_alignment": "center top",
              "content_in_container": false,
              "content_position": "left middle",
              "text_alignment": "left",
              "text_size": "medium",
              "text_color": "black",
              "subheading": "",
              "title": "Give a makeover<br> to your hands.",
              "description": "<p>High shine, long-lasting, vegan nail polishes in a<br\/> range of fashion colours and finishes <\/p>",
              "button_text": "Shop Now",
              "button_link": "",
              "button_style": "sf__btn-primary",
              "button_size": "",
              "show_footer": false,
              "footer_alignment": "end",
              "footer_text": "The ReCotton Tee",
              "footer_button": "Shop Now",
              "footer_link": "shopify:\/\/collections"
            }
          },
          "1621243260e1af0c20-1": {
            "type": "slider_item",
            "settings": {
              "image_alignment": "center top",
              "content_in_container": false,
              "content_position": "left middle",
              "text_alignment": "left",
              "text_size": "medium",
              "text_color": "black",
              "subheading": "",
              "title": "Fall in love with<br> your nails!",
              "description": "<p>High shine, long-lasting, vegan nail polishes in a<br\/> range of fashion colours and finishes <\/p>",
              "button_text": "Shop Now",
              "button_link": "",
              "button_style": "sf__btn-primary",
              "button_size": "",
              "show_footer": false,
              "footer_alignment": "end",
              "footer_text": "The ReCotton Tee",
              "footer_button": "Shop Now",
              "footer_link": "shopify:\/\/collections"
            }
          },
          "1621243260e1af0c20-2": {
            "type": "slider_item",
            "settings": {
              "image_alignment": "center top",
              "content_in_container": false,
              "content_position": "left middle",
              "text_alignment": "left",
              "text_size": "medium",
              "text_color": "black",
              "subheading": "",
              "title": "Bringing Joy in life<br> with colors.",
              "description": "<p>High shine, long-lasting, vegan nail polishes in a<br\/> range of fashion colours and finishes <\/p>",
              "button_text": "Shop Now",
              "button_link": "",
              "button_style": "sf__btn-primary",
              "button_size": "",
              "show_footer": false,
              "footer_alignment": "end",
              "footer_text": "The ReCotton Tee",
              "footer_button": "Shop Now",
              "footer_link": "shopify:\/\/collections"
            }
          }
        },
        "block_order": [
          "1621243260e1af0c20-0",
          "1621243260e1af0c20-1",
          "1621243260e1af0c20-2"
        ],
        "settings": {
          "container": "container-fluid",
          "slideshow_height": "medium",
          "show_overlay": false,
          "dots_position": "bottom",
          "dots_color": "dark",
          "show_dots": true,
          "show_arrows": false,
          "autorotate": true,
          "autorotate_speed": 5,
          "custom_class": ""
        }
      },
      "content-before-products": {
        "type": "content-before-products",
        "settings": {
          "container": "container-fluid",
          "background_color": "",
          "gap": 30,
          "gap_mobile": 16
        }
      },
      "collection-template": {
        "type": "collection-template",
        "settings": {
          "container": "container",
          "grid_layout": "grid",
          "grid_columns": "4",
          "pagination_limit": "12",
          "collection_paginate": "paginate",
          "show_filter": true,
          "sidebar": "fixed"
        }
      },
      "content-after-products": {
        "type": "content-after-products",
        "settings": {
          "container": "container-fluid",
          "background_color": "",
          "gap": 30,
          "gap_mobile": 16
        }
      },
      "annoucement": {
        "type": "annoucement",
        "settings": {
          "show_announcement": true,
          "homepage_only": true,
          "show_close": false,
          "message": "<span class=\"font-bold tracking-widest\" style=\"font-size: 15px;\">FREE SHIPPING ON ALL U.S. ORDERS $50+<\/span>",
          "message_link": "",
          "show_divider": false
        }
      },
      "1623402591881bd3d0": {
        "type": "custom-content",
        "blocks": {
          "a55d023f-4a4a-4055-a670-688311e9f6b0": {
            "type": "image_card",
            "settings": {
              "width": "33%",
              "content_position": "top_left",
              "content_alignment": "left",
              "text_size": "medium",
              "text_color": "black",
              "link": "",
              "title": "Summer collection",
              "subtitle": "",
              "button_label": "<p class=\"flex items-center\">Shop now <span class=\"ml-2\"><img class=\"w-4 h-4\" src=\"https:\/\/cdn.shopify.com\/s\/files\/1\/0147\/0962\/0800\/files\/ArrowRight.png?v=1623634915\"><\/span><\/p>",
              "button_style": "sf__btn-link",
              "button_size": "",
              "block_custom_class": ""
            }
          },
          "1f7a65f7-6a32-4057-bd82-79fdb2e7dc7f": {
            "type": "image_card",
            "settings": {
              "width": "33%",
              "content_position": "top_left",
              "content_alignment": "left",
              "text_size": "medium",
              "text_color": "black",
              "image": "shopify:\/\/shop_images\/5.jpg",
              "link": "",
              "title": "What’s new?",
              "subtitle": "",
              "button_label": "<p class=\"flex items-center\">Discover now <span class=\"ml-2\"><img class=\"w-4 h-4\" src=\"https:\/\/cdn.shopify.com\/s\/files\/1\/0147\/0962\/0800\/files\/ArrowRight.png?v=1623634915\"><\/span><\/p>",
              "button_style": "sf__btn-link",
              "button_size": "",
              "block_custom_class": ""
            }
          },
          "8660626a-e74b-4cdc-9967-ea96da466765": {
            "type": "image_card",
            "settings": {
              "width": "33%",
              "content_position": "top_left",
              "content_alignment": "left",
              "text_size": "medium",
              "text_color": "black",
              "link": "",
              "title": "Tips & trends",
              "subtitle": "",
              "button_label": "<p class=\"flex items-center\">Discover now <span class=\"ml-2\"><img class=\"w-4 h-4\" src=\"https:\/\/cdn.shopify.com\/s\/files\/1\/0147\/0962\/0800\/files\/ArrowRight.png?v=1623634915\"><\/span><\/p>",
              "button_style": "sf__btn-link",
              "button_size": "",
              "block_custom_class": ""
            }
          }
        },
        "block_order": [
          "a55d023f-4a4a-4055-a670-688311e9f6b0",
          "1f7a65f7-6a32-4057-bd82-79fdb2e7dc7f",
          "8660626a-e74b-4cdc-9967-ea96da466765"
        ],
        "settings": {
          "heading": "",
          "subheading": "",
          "description": "",
          "header_alignment": "center",
          "container": "container-fluid",
          "background_color": "",
          "gap": 30,
          "use_scroll_mobile": false,
          "gap_mobile": 16,
          "custom_class": ""
        }
      },
      "162340289098676a87": {
        "type": "product-tabs",
        "blocks": {
          "162340289098676a87-0": {
            "type": "tab",
            "settings": {
              "title": "Nail polish",
              "collection": "nail-polishing"
            }
          },
          "162340289098676a87-1": {
            "type": "tab",
            "settings": {
              "title": "Nail care",
              "collection": "nail-care"
            }
          },
          "157c21e7-40ed-41e7-bc07-e9e9989c9123": {
            "type": "tab",
            "settings": {
              "title": "The systems",
              "collection": "nail-polish"
            }
          }
        },
        "block_order": [
          "162340289098676a87-0",
          "162340289098676a87-1",
          "157c21e7-40ed-41e7-bc07-e9e9989c9123"
        ],
        "settings": {
          "heading": "Shop bestsellers",
          "subheading": "",
          "description": "",
          "header_alignment": "center",
          "container": "container-fluid",
          "background_color": "rgba(0,0,0,0)",
          "tab_header": "horizontal",
          "limit": 8,
          "show_button": false,
          "button_type": "link",
          "button_label": "View all",
          "button_style": "sf__btn-primary",
          "button_size": "",
          "pcard_layout": "",
          "pcard_image_ratio": "",
          "show_vendor": false,
          "items_per_row": 4,
          "item_gap": 30,
          "item_gap_mobile": 10,
          "enable_slider": false,
          "show_pagination": false,
          "show_navigation": false,
          "custom_class": ""
        }
      },
      "16234029203ab354b1": {
        "type": "press",
        "blocks": {
          "16234029203ab354b1-0": {
            "type": "news",
            "settings": {
              "title": "<p>“ Millions of combinations, meaning you get a totally unique piece of furniture exactly the way you want it.”<\/p>",
              "image": "shopify:\/\/shop_images\/1.png",
              "image_width": "130px",
              "url": ""
            }
          },
          "16234029203ab354b1-1": {
            "type": "news",
            "settings": {
              "title": "<p>“ Millions of combinations, meaning you get a totally unique piece of furniture exactly the way you want it.”<\/p>",
              "image": "shopify:\/\/shop_images\/2.png",
              "image_width": "130px",
              "url": ""
            }
          },
          "16234029203ab354b1-2": {
            "type": "news",
            "settings": {
              "title": "<p>“ Millions of combinations, meaning you get a totally unique piece of furniture exactly the way you want it.”<\/p>",
              "image": "shopify:\/\/shop_images\/3.png",
              "image_width": "150px",
              "url": ""
            }
          },
          "16234029203ab354b1-3": {
            "type": "news",
            "settings": {
              "title": "<p>“ Millions of combinations, meaning you get a totally unique piece of furniture exactly the way you want it.”<\/p>",
              "image_width": "150px",
              "url": ""
            }
          },
          "16234029203ab354b1-4": {
            "type": "news",
            "settings": {
              "title": "<p>“ Millions of combinations, meaning you get a totally unique piece of furniture exactly the way you want it.”<\/p>",
              "image_width": "150px",
              "url": ""
            }
          },
          "16234029203ab354b1-5": {
            "type": "news",
            "settings": {
              "title": "<p>“ Millions of combinations, meaning you get a totally unique piece of furniture exactly the way you want it.”<\/p>",
              "image_width": "140px",
              "url": ""
            }
          }
        },
        "block_order": [
          "16234029203ab354b1-0",
          "16234029203ab354b1-1",
          "16234029203ab354b1-2",
          "16234029203ab354b1-3",
          "16234029203ab354b1-4",
          "16234029203ab354b1-5"
        ],
        "settings": {
          "heading": "",
          "subheading": "",
          "description": "",
          "header_alignment": "center",
          "container": "container-fluid",
          "background_color": "rgba(0,0,0,0)",
          "show_divider": false,
          "autoplay": false,
          "custom_class": ""
        }
      },
      "1623403186efcbaba1": {
        "type": "icon-box",
        "blocks": {
          "16234031860362bffa-0": {
            "type": "iconbox",
            "settings": {
              "title": "Cruelty free & Vegan",
              "description": "<p>High shine, long-lasting, vegan nail<br\/> polishes in a range of fashion colours<br\/> and finishes <\/p>",
              "link": "",
              "button_label": "",
              "button_link": "",
              "button_style": "sf__btn-link",
              "button_size": ""
            }
          },
          "16234031860362bffa-1": {
            "type": "iconbox",
            "settings": {
              "image": "shopify:\/\/shop_images\/11.png",
              "title": "Carbon neutral",
              "description": "<p>High shine, long-lasting, vegan nail<br\/> polishes in a range of fashion colours<br\/> and finishes <\/p>",
              "link": "",
              "button_label": "",
              "button_link": "",
              "button_style": "sf__btn-link",
              "button_size": ""
            }
          },
          "16234031860362bffa-2": {
            "type": "iconbox",
            "settings": {
              "image": "shopify:\/\/shop_images\/12.png",
              "title": "B Corp",
              "description": "<p>High shine, long-lasting, vegan nail<br\/> polishes in a range of fashion colours<br\/> and finishes <\/p>",
              "link": "",
              "button_label": "",
              "button_link": "",
              "button_style": "sf__btn-link",
              "button_size": ""
            }
          },
          "cc7106de-22af-4f98-8f92-2161f84dd2cf": {
            "type": "iconbox",
            "settings": {
              "image": "shopify:\/\/shop_images\/13.png",
              "title": "We give back",
              "description": "<p>High shine, long-lasting, vegan nail<br\/> polishes in a range of fashion colours<br\/> and finishes <\/p>",
              "link": "",
              "button_label": "",
              "button_link": "",
              "button_style": "sf__btn-link",
              "button_size": ""
            }
          }
        },
        "block_order": [
          "16234031860362bffa-0",
          "16234031860362bffa-1",
          "16234031860362bffa-2",
          "cc7106de-22af-4f98-8f92-2161f84dd2cf"
        ],
        "settings": {
          "heading": "Why shop with Sally?",
          "subheading": "",
          "description": "",
          "header_alignment": "center",
          "container": "container-fluid",
          "background_color": "rgba(0,0,0,0)",
          "item_per_row": 4,
          "item_gap": 30,
          "item_gap_mobile": 10,
          "card_style": "vertical",
          "image_max_width": "60px",
          "content_alignment": "start",
          "hover_effect": "none",
          "enable_slider": false,
          "show_pagination": false,
          "show_navigation": false,
          "use_scroll_mobile": true,
          "use_grid_column_mb": false,
          "custom_class": ""
        }
      },
      "162340349987ddcc8f": {
        "type": "custom-content",
        "blocks": {
          "162340349987ddcc8f-1": {
            "type": "image",
            "settings": {
              "width": "25%",
              "alignment": "center",
              "block_custom_class": ""
            }
          },
          "7b16cdec-ef87-4d07-b5b7-5fe7eaaa6ab9": {
            "type": "image",
            "settings": {
              "width": "33%",
              "alignment": "center",
              "block_custom_class": ""
            }
          },
          "162340349987ddcc8f-0": {
            "type": "text",
            "settings": {
              "title": "We’re fixing nail<br> polish for good.",
              "subheading": "<span class=\"subheading-hot__label\">Hot Deals<\/span>",
              "text": "<p>High shine, long-lasting, vegan nail polishes in a<br\/> range of fashion colours and finishes <\/p>",
              "width": "33%",
              "alignment": "center",
              "align_text": "left",
              "text_size": "medium",
              "text_color": "black",
              "button_label": "Shop The Look",
              "button_link": "",
              "button_style": "sf__btn-primary",
              "button_size": "",
              "block_custom_class": ""
            }
          }
        },
        "block_order": [
          "162340349987ddcc8f-1",
          "7b16cdec-ef87-4d07-b5b7-5fe7eaaa6ab9",
          "162340349987ddcc8f-0"
        ],
        "settings": {
          "heading": "",
          "subheading": "",
          "description": "",
          "header_alignment": "center",
          "container": "container-fluid",
          "background_color": "",
          "gap": 50,
          "use_scroll_mobile": false,
          "gap_mobile": 16,
          "custom_class": ""
        }
      },
      "1623403718c335aec4": {
        "type": "image-with-text-2",
        "settings": {
          "container": "container-fluid",
          "hero_size": "medium",
          "show_overlay": false,
          "bg_position": "center",
          "parallax": false,
          "content_in_container": false,
          "content_position": "left middle",
          "text_alignment": "left",
          "text_size": "medium",
          "text_color": "dark",
          "title": "Freshly picked<br>\nis here!",
          "subtitle": "",
          "text": "<p>High shine, long-lasting, vegan nail polishes in a<br\/> range of fashion colours and finishes <\/p>",
          "button_label": "Shop now",
          "button_link": "",
          "button_style": "sf__btn-primary",
          "button_size": "",
          "custom_class": ""
        }
      },
      "1623403822b813a780": {
        "type": "instagram",
        "settings": {
          "heading": "Give us your best shot!",
          "subheading": "",
          "description": "@sally_nailspolish",
          "header_alignment": "center",
          "container": "container-fluid",
          "background_color": "rgba(0,0,0,0)",
          "layout": "grid",
          "images_count": 4,
          "grid_columns": 4,
          "gap": 50,
          "mobile_gap": 10,
          "profile": "https:\/\/www.instagram.com\/minimog.trendy\/",
          "button_label": "",
          "custom_class": ""
        }
      },
      "mobile-sticky-bar": {
        "type": "mobile-sticky-bar",
        "settings": {
          "show_mobile_sticky": true,
          "show_home_icon": true,
          "show_collection_icon": true,
          "show_cart_icon": true,
          "show_search_icon": true,
          "show_account_icon": false,
          "show_wishlist_icon": false
        }
      }
    },
    "content_for_index": [
      "1621243260e1af0c20",
      "1623402591881bd3d0",
      "162340289098676a87",
      "16234029203ab354b1",
      "1623403186efcbaba1",
      "162340349987ddcc8f",
      "1623403718c335aec4",
      "1623403822b813a780"
    ]
  },
  "presets": {
    "Default": {
      "sections": {
        "featured-collection": {
          "type": "featured-collection",
          "settings": {
            "collection": "frontpage"
          }
        },
        "featured-product": {
          "type": "featured-product",
          "settings": {
          }
        }
      },
      "content_for_index": [
        "featured-collection",
        "featured-product"
      ]
    }
  }
}