{
  "sections": {
    "1621243260e1af0c20": {
      "type": "slider",
      "blocks": {
        "1621243260e1af0c20-0": {
          "type": "slider_item",
          "settings": {
            "image_alignment": "center top",
            "content_in_container": false,
            "content_position": "left middle",
            "text_alignment": "left",
            "text_size": "medium",
            "text_color": "black",
            "subheading": "",
            "title": "Give a makeover<br> to your hands.",
            "description": "<p>High shine, long-lasting, vegan nail polishes in a<br\/> range of fashion colours and finishes <\/p>",
            "button_text": "Shop Now",
            "button_link": "",
            "button_style": "sf__btn-primary",
            "button_size": "",
            "show_footer": false,
            "footer_alignment": "end",
            "footer_text": "The ReCotton Tee",
            "footer_button": "Shop Now",
            "footer_link": "shopify:\/\/collections"
          }
        },
        "1621243260e1af0c20-1": {
          "type": "slider_item",
          "settings": {
            "image_alignment": "center top",
            "content_in_container": false,
            "content_position": "left middle",
            "text_alignment": "left",
            "text_size": "medium",
            "text_color": "black",
            "subheading": "",
            "title": "Fall in love with<br> your nails!",
            "description": "<p>High shine, long-lasting, vegan nail polishes in a<br\/> range of fashion colours and finishes <\/p>",
            "button_text": "Shop Now",
            "button_link": "",
            "button_style": "sf__btn-primary",
            "button_size": "",
            "show_footer": false,
            "footer_alignment": "end",
            "footer_text": "The ReCotton Tee",
            "footer_button": "Shop Now",
            "footer_link": "shopify:\/\/collections"
          }
        },
        "1621243260e1af0c20-2": {
          "type": "slider_item",
          "settings": {
            "image_alignment": "center top",
            "content_in_container": false,
            "content_position": "left middle",
            "text_alignment": "left",
            "text_size": "medium",
            "text_color": "black",
            "subheading": "",
            "title": "Bringing Joy in life<br> with colors.",
            "description": "<p>High shine, long-lasting, vegan nail polishes in a<br\/> range of fashion colours and finishes <\/p>",
            "button_text": "Shop Now",
            "button_link": "",
            "button_style": "sf__btn-primary",
            "button_size": "",
            "show_footer": false,
            "footer_alignment": "end",
            "footer_text": "The ReCotton Tee",
            "footer_button": "Shop Now",
            "footer_link": "shopify:\/\/collections"
          }
        }
      },
      "block_order": [
        "1621243260e1af0c20-0",
        "1621243260e1af0c20-1",
        "1621243260e1af0c20-2"
      ],
      "settings": {
        "container": "container-fluid",
        "slideshow_height": "medium",
        "show_overlay": false,
        "dots_position": "bottom",
        "dots_color": "dark",
        "show_dots": true,
        "show_arrows": false,
        "autorotate": true,
        "autorotate_speed": 5,
        "custom_class": ""
      }
    },
    "1623402591881bd3d0": {
      "type": "custom-content",
      "blocks": {
        "a55d023f-4a4a-4055-a670-688311e9f6b0": {
          "type": "image_card",
          "settings": {
            "width": "33%",
            "content_position": "top_left",
            "content_alignment": "left",
            "text_size": "medium",
            "text_color": "black",
            "link": "",
            "title": "Summer collection",
            "subtitle": "",
            "button_label": "<p class=\"flex items-center\">Shop now <span class=\"ml-2\"><img class=\"w-4 h-4\" src=\"https:\/\/cdn.shopify.com\/s\/files\/1\/0147\/0962\/0800\/files\/ArrowRight.png?v=1623634915\"><\/span><\/p>",
            "button_style": "sf__btn-link",
            "button_size": "",
            "block_custom_class": ""
          }
        },
        "1f7a65f7-6a32-4057-bd82-79fdb2e7dc7f": {
          "type": "image_card",
          "settings": {
            "width": "33%",
            "content_position": "top_left",
            "content_alignment": "left",
            "text_size": "medium",
            "text_color": "black",
            "image": "shopify:\/\/shop_images\/5.jpg",
            "link": "",
            "title": "What’s new?",
            "subtitle": "",
            "button_label": "<p class=\"flex items-center\">Discover now <span class=\"ml-2\"><img class=\"w-4 h-4\" src=\"https:\/\/cdn.shopify.com\/s\/files\/1\/0147\/0962\/0800\/files\/ArrowRight.png?v=1623634915\"><\/span><\/p>",
            "button_style": "sf__btn-link",
            "button_size": "",
            "block_custom_class": ""
          }
        },
        "8660626a-e74b-4cdc-9967-ea96da466765": {
          "type": "image_card",
          "settings": {
            "width": "33%",
            "content_position": "top_left",
            "content_alignment": "left",
            "text_size": "medium",
            "text_color": "black",
            "link": "",
            "title": "Tips & trends",
            "subtitle": "",
            "button_label": "<p class=\"flex items-center\">Discover now <span class=\"ml-2\"><img class=\"w-4 h-4\" src=\"https:\/\/cdn.shopify.com\/s\/files\/1\/0147\/0962\/0800\/files\/ArrowRight.png?v=1623634915\"><\/span><\/p>",
            "button_style": "sf__btn-link",
            "button_size": "",
            "block_custom_class": ""
          }
        }
      },
      "block_order": [
        "a55d023f-4a4a-4055-a670-688311e9f6b0",
        "1f7a65f7-6a32-4057-bd82-79fdb2e7dc7f",
        "8660626a-e74b-4cdc-9967-ea96da466765"
      ],
      "settings": {
        "heading": "",
        "subheading": "",
        "description": "",
        "header_alignment": "center",
        "container": "container-fluid",
        "background_color": "",
        "gap": 30,
        "use_scroll_mobile": false,
        "gap_mobile": 16,
        "custom_class": ""
      }
    },
    "162340289098676a87": {
      "type": "product-tabs",
      "blocks": {
        "162340289098676a87-0": {
          "type": "tab",
          "settings": {
            "title": "Nail polish",
            "collection": "nail-polishing"
          }
        },
        "162340289098676a87-1": {
          "type": "tab",
          "settings": {
            "title": "Nail care",
            "collection": "nail-care"
          }
        },
        "157c21e7-40ed-41e7-bc07-e9e9989c9123": {
          "type": "tab",
          "settings": {
            "title": "The systems",
            "collection": "nail-polish"
          }
        }
      },
      "block_order": [
        "162340289098676a87-0",
        "162340289098676a87-1",
        "157c21e7-40ed-41e7-bc07-e9e9989c9123"
      ],
      "settings": {
        "heading": "Shop bestsellers",
        "subheading": "",
        "description": "",
        "header_alignment": "center",
        "container": "container-fluid",
        "background_color": "rgba(0,0,0,0)",
        "tab_header": "horizontal",
        "limit": 8,
        "show_button": false,
        "button_type": "link",
        "button_label": "View all",
        "button_style": "sf__btn-primary",
        "button_size": "",
        "pcard_layout": "",
        "pcard_image_ratio": "",
        "show_vendor": false,
        "items_per_row": 4,
        "item_gap": 30,
        "item_gap_mobile": 10,
        "enable_slider": false,
        "show_pagination": false,
        "show_navigation": false,
        "custom_class": ""
      }
    },
    "16234029203ab354b1": {
      "type": "press",
      "blocks": {
        "16234029203ab354b1-0": {
          "type": "news",
          "settings": {
            "title": "<p>“ Millions of combinations, meaning you get a totally unique piece of furniture exactly the way you want it.”<\/p>",
            "image": "shopify:\/\/shop_images\/1.png",
            "image_width": "130px",
            "url": ""
          }
        },
        "16234029203ab354b1-1": {
          "type": "news",
          "settings": {
            "title": "<p>“ Millions of combinations, meaning you get a totally unique piece of furniture exactly the way you want it.”<\/p>",
            "image": "shopify:\/\/shop_images\/2.png",
            "image_width": "130px",
            "url": ""
          }
        },
        "16234029203ab354b1-2": {
          "type": "news",
          "settings": {
            "title": "<p>“ Millions of combinations, meaning you get a totally unique piece of furniture exactly the way you want it.”<\/p>",
            "image": "shopify:\/\/shop_images\/3.png",
            "image_width": "150px",
            "url": ""
          }
        },
        "16234029203ab354b1-3": {
          "type": "news",
          "settings": {
            "title": "<p>“ Millions of combinations, meaning you get a totally unique piece of furniture exactly the way you want it.”<\/p>",
            "image_width": "150px",
            "url": ""
          }
        },
        "16234029203ab354b1-4": {
          "type": "news",
          "settings": {
            "title": "<p>“ Millions of combinations, meaning you get a totally unique piece of furniture exactly the way you want it.”<\/p>",
            "image_width": "150px",
            "url": ""
          }
        },
        "16234029203ab354b1-5": {
          "type": "news",
          "settings": {
            "title": "<p>“ Millions of combinations, meaning you get a totally unique piece of furniture exactly the way you want it.”<\/p>",
            "image_width": "140px",
            "url": ""
          }
        }
      },
      "block_order": [
        "16234029203ab354b1-0",
        "16234029203ab354b1-1",
        "16234029203ab354b1-2",
        "16234029203ab354b1-3",
        "16234029203ab354b1-4",
        "16234029203ab354b1-5"
      ],
      "settings": {
        "heading": "",
        "subheading": "",
        "description": "",
        "header_alignment": "center",
        "container": "container-fluid",
        "background_color": "rgba(0,0,0,0)",
        "show_divider": false,
        "autoplay": false,
        "custom_class": ""
      }
    },
    "1623403186efcbaba1": {
      "type": "icon-box",
      "blocks": {
        "16234031860362bffa-0": {
          "type": "iconbox",
          "settings": {
            "title": "Cruelty free & Vegan",
            "description": "<p>High shine, long-lasting, vegan nail<br\/> polishes in a range of fashion colours<br\/> and finishes <\/p>",
            "link": "",
            "button_label": "",
            "button_link": "",
            "button_style": "sf__btn-link",
            "button_size": ""
          }
        },
        "16234031860362bffa-1": {
          "type": "iconbox",
          "settings": {
            "image": "shopify:\/\/shop_images\/11.png",
            "title": "Carbon neutral",
            "description": "<p>High shine, long-lasting, vegan nail<br\/> polishes in a range of fashion colours<br\/> and finishes <\/p>",
            "link": "",
            "button_label": "",
            "button_link": "",
            "button_style": "sf__btn-link",
            "button_size": ""
          }
        },
        "16234031860362bffa-2": {
          "type": "iconbox",
          "settings": {
            "image": "shopify:\/\/shop_images\/12.png",
            "title": "B Corp",
            "description": "<p>High shine, long-lasting, vegan nail<br\/> polishes in a range of fashion colours<br\/> and finishes <\/p>",
            "link": "",
            "button_label": "",
            "button_link": "",
            "button_style": "sf__btn-link",
            "button_size": ""
          }
        },
        "cc7106de-22af-4f98-8f92-2161f84dd2cf": {
          "type": "iconbox",
          "settings": {
            "image": "shopify:\/\/shop_images\/13.png",
            "title": "We give back",
            "description": "<p>High shine, long-lasting, vegan nail<br\/> polishes in a range of fashion colours<br\/> and finishes <\/p>",
            "link": "",
            "button_label": "",
            "button_link": "",
            "button_style": "sf__btn-link",
            "button_size": ""
          }
        }
      },
      "block_order": [
        "16234031860362bffa-0",
        "16234031860362bffa-1",
        "16234031860362bffa-2",
        "cc7106de-22af-4f98-8f92-2161f84dd2cf"
      ],
      "settings": {
        "heading": "Why shop with Sally?",
        "subheading": "",
        "description": "",
        "header_alignment": "center",
        "container": "container-fluid",
        "background_color": "rgba(0,0,0,0)",
        "item_per_row": 4,
        "item_gap": 30,
        "item_gap_mobile": 10,
        "card_style": "vertical",
        "image_max_width": "60px",
        "content_alignment": "start",
        "hover_effect": "none",
        "enable_slider": false,
        "show_pagination": false,
        "show_navigation": false,
        "use_scroll_mobile": true,
        "use_grid_column_mb": false,
        "custom_class": ""
      }
    },
    "162340349987ddcc8f": {
      "type": "custom-content",
      "blocks": {
        "162340349987ddcc8f-1": {
          "type": "image",
          "settings": {
            "width": "25%",
            "alignment": "center",
            "block_custom_class": ""
          }
        },
        "7b16cdec-ef87-4d07-b5b7-5fe7eaaa6ab9": {
          "type": "image",
          "settings": {
            "width": "33%",
            "alignment": "center",
            "block_custom_class": ""
          }
        },
        "162340349987ddcc8f-0": {
          "type": "text",
          "settings": {
            "title": "We’re fixing nail<br> polish for good.",
            "subheading": "<span class=\"subheading-hot__label\">Hot Deals<\/span>",
            "text": "<p>High shine, long-lasting, vegan nail polishes in a<br\/> range of fashion colours and finishes <\/p>",
            "width": "33%",
            "alignment": "center",
            "align_text": "left",
            "text_size": "medium",
            "text_color": "black",
            "button_label": "Shop The Look",
            "button_link": "",
            "button_style": "sf__btn-primary",
            "button_size": "",
            "block_custom_class": ""
          }
        }
      },
      "block_order": [
        "162340349987ddcc8f-1",
        "7b16cdec-ef87-4d07-b5b7-5fe7eaaa6ab9",
        "162340349987ddcc8f-0"
      ],
      "settings": {
        "heading": "",
        "subheading": "",
        "description": "",
        "header_alignment": "center",
        "container": "container-fluid",
        "background_color": "",
        "gap": 50,
        "use_scroll_mobile": false,
        "gap_mobile": 16,
        "custom_class": ""
      }
    },
    "1623403718c335aec4": {
      "type": "image-with-text-2",
      "settings": {
        "container": "container-fluid",
        "hero_size": "medium",
        "show_overlay": false,
        "bg_position": "center",
        "parallax": false,
        "content_in_container": false,
        "content_position": "left middle",
        "text_alignment": "left",
        "text_size": "medium",
        "text_color": "dark",
        "title": "Freshly picked<br>\nis here!",
        "subtitle": "",
        "text": "<p>High shine, long-lasting, vegan nail polishes in a<br\/> range of fashion colours and finishes <\/p>",
        "button_label": "Shop now",
        "button_link": "",
        "button_style": "sf__btn-primary",
        "button_size": "",
        "custom_class": ""
      }
    },
    "1623403822b813a780": {
      "type": "instagram",
      "settings": {
        "heading": "Give us your best shot!",
        "subheading": "",
        "description": "@sally_nailspolish",
        "header_alignment": "center",
        "container": "container-fluid",
        "background_color": "rgba(0,0,0,0)",
        "layout": "grid",
        "images_count": 4,
        "grid_columns": 4,
        "gap": 50,
        "mobile_gap": 10,
        "profile": "https:\/\/www.instagram.com\/minimog.trendy\/",
        "button_label": "",
        "custom_class": ""
      }
    }
  },
  "order": [
    "1621243260e1af0c20",
    "1623402591881bd3d0",
    "162340289098676a87",
    "16234029203ab354b1",
    "1623403186efcbaba1",
    "162340349987ddcc8f",
    "1623403718c335aec4",
    "1623403822b813a780"
  ]
}