{
  "sections": {
    "162079482605c70500": {
      "type": "custom-content",
      "blocks": {
        "798c3f4b-3856-4a42-8aea-af90f9d5f0e4": {
          "type": "product_bundles",
          "settings": {
            "width": "50%",
            "alignment": "center",
            "title": "BUNDLE & SAVE",
            "subheading": "SHOP THIS LOOK",
            "product_1": "the-perform-black-legging",
            "product_2": "the-workout-bra",
            "product_3": "the-yoga-block",
            "product_4": "",
            "product_5": "",
            "block_custom_class": ""
          }
        },
        "e9c848bf-9663-4761-86ce-78523afbfcd3": {
          "type": "lookbook",
          "settings": {
            "width": "50%",
            "top_1": 37,
            "left_1": 55,
            "product_1": "the-workout-bra",
            "top_2": 56,
            "left_2": 9,
            "product_2": "the-perform-black-legging",
            "top_3": 86,
            "left_3": 73,
            "product_3": "the-yoga-block",
            "top_4": 0,
            "left_4": 0,
            "product_4": "",
            "top_5": 20,
            "left_5": 0,
            "product_5": "",
            "block_custom_class": ""
          }
        }
      },
      "block_order": [
        "798c3f4b-3856-4a42-8aea-af90f9d5f0e4",
        "e9c848bf-9663-4761-86ce-78523afbfcd3"
      ],
      "settings": {
        "heading": "",
        "subheading": "",
        "description": "",
        "header_alignment": "center",
        "container": "container",
        "background_color": "",
        "gap": 30,
        "use_scroll_mobile": false,
        "gap_mobile": 16,
        "custom_class": "sf__index-custom-content"
      }
    },
    "16207951391d921d60": {
      "type": "instagram",
      "settings": {
        "heading": "SHARE IN THE<br> LOVE.",
        "subheading": "#MINIMOG.TRENDY",
        "description": "",
        "header_alignment": "center",
        "container": "w-full",
        "background_color": "#f3f3f3",
        "layout": "metro",
        "images_count": 8,
        "grid_columns": 4,
        "gap": 0,
        "mobile_gap": 16,
        "profile": "https:\/\/www.instagram.com\/minimog.trendy\/",
        "button_label": "Follow us on Instagram",
        "custom_class": "sf__index-instagram"
      }
    },
    "162079537838c4574f": {
      "type": "brands-list",
      "blocks": {
        "162079537838c4574f-0": {
          "type": "image",
          "settings": {
            "image_link": "",
            "max_width": "100px"
          }
        },
        "fb8b9e24-e778-4de1-8f73-44cf726bdba4": {
          "type": "image",
          "settings": {
            "image_link": "",
            "max_width": "130px"
          }
        },
        "162079537838c4574f-2": {
          "type": "image",
          "settings": {
            "image_link": "",
            "max_width": "120px"
          }
        },
        "162079537838c4574f-3": {
          "type": "image",
          "settings": {
            "image_link": "",
            "max_width": "120px"
          }
        },
        "162079537838c4574f-1": {
          "type": "image",
          "settings": {
            "image_link": "",
            "max_width": "110px"
          }
        },
        "32e0ff0d-468b-49d4-9cd9-4165a37d7e07": {
          "type": "image",
          "settings": {
            "image_link": "",
            "max_width": "120px"
          }
        }
      },
      "block_order": [
        "162079537838c4574f-0",
        "fb8b9e24-e778-4de1-8f73-44cf726bdba4",
        "162079537838c4574f-2",
        "162079537838c4574f-3",
        "162079537838c4574f-1",
        "32e0ff0d-468b-49d4-9cd9-4165a37d7e07"
      ],
      "settings": {
        "heading": "",
        "subheading": "",
        "header_alignment": "center",
        "container": "container-fluid",
        "background_color": "#ffffff",
        "item_per_row": 6,
        "enable_slider": true,
        "autorotate": true,
        "autorotate_speed": 3,
        "custom_class": "sf__index-brand"
      }
    },
    "1620805367beb697d9": {
      "type": "blog-posts",
      "settings": {
        "heading": "LATEST POST",
        "subheading": "OUR BLOG",
        "description": "",
        "header_alignment": "center",
        "container": "container",
        "background_color": "rgba(0,0,0,0)",
        "blog": "mix-and-match",
        "limit": 3,
        "column": 3,
        "column_gap": 30,
        "mobile_gap": 16,
        "article_image_aspect_ratio": "16\/9",
        "article_align_content": "text-center",
        "article_show_tags": false,
        "article_show_date": true,
        "article_show_excerpt": false,
        "article_show_button": false,
        "button_link": "",
        "button_text": "View More",
        "button_style": "sf__btn-primary",
        "button_size": "",
        "use_scroll_mobile": false,
        "custom_class": "sf__index-blog-post"
      }
    },
    "1620805637438b372e": {
      "type": "featured-collection",
      "settings": {
        "heading": "BEST SELLERS",
        "subheading": "IN SEASON",
        "description": "",
        "header_alignment": "left",
        "container": "container-fluid",
        "background_color": "#f3f3f3",
        "collection": "active-wear",
        "product_to_show": 12,
        "items_per_row": 5,
        "item_gap": 30,
        "pcard_layout": "",
        "pcard_image_ratio": "",
        "show_vendor": false,
        "enable_slider": true,
        "show_pagination": false,
        "show_navigation": true,
        "button_type": "link",
        "button_text": "SHOP NOW",
        "button_style": "sf__btn-secondary",
        "button_size": "",
        "infinite_load": false,
        "max_page_load": 3,
        "use_scroll_mobile": true,
        "item_gap_mobile": 16,
        "custom_class": "sf__index-featured-collection"
      }
    },
    "16208058842d075672": {
      "type": "custom-content",
      "blocks": {
        "ac4d9413-8ad0-48ec-8eb4-03e42983f625": {
          "type": "image_card",
          "settings": {
            "width": "33%",
            "content_position": "bottom_center",
            "content_alignment": "center",
            "text_size": "medium",
            "text_color": "black",
            "link": "shopify:\/\/collections\/active-wear",
            "title": "",
            "subtitle": "",
            "button_label": "CROPTOPS",
            "button_style": "sf__btn-white",
            "button_size": "",
            "block_custom_class": ""
          }
        },
        "c7894ae7-1d1d-4f78-aa96-693499f80c68": {
          "type": "image_card",
          "settings": {
            "width": "33%",
            "content_position": "bottom_center",
            "content_alignment": "center",
            "text_size": "medium",
            "text_color": "black",
            "link": "shopify:\/\/collections\/active-wear",
            "title": "",
            "subtitle": "",
            "button_label": "LEGGING",
            "button_style": "sf__btn-white",
            "button_size": "",
            "block_custom_class": ""
          }
        },
        "16208058842d075672-0": {
          "type": "text",
          "settings": {
            "title": "HOT THIS WEEK",
            "subheading": "CATEGORIES",
            "text": "<p>Luxe, lightweight, and made with the perfect blend<br\/> of cashmere and cotton, our Sonoma Pillows and<br\/> Throws are inspired by the basics.<\/p>",
            "width": "33%",
            "alignment": "center",
            "align_text": "center",
            "text_size": "medium",
            "text_color": "black",
            "button_label": "SHOP ALL ITEMS",
            "button_link": "shopify:\/\/collections\/active-wear",
            "button_style": "sf__btn-link",
            "button_size": "",
            "block_custom_class": ""
          }
        }
      },
      "block_order": [
        "ac4d9413-8ad0-48ec-8eb4-03e42983f625",
        "c7894ae7-1d1d-4f78-aa96-693499f80c68",
        "16208058842d075672-0"
      ],
      "settings": {
        "heading": "",
        "subheading": "",
        "description": "",
        "header_alignment": "center",
        "container": "container-fluid",
        "background_color": "",
        "gap": 30,
        "use_scroll_mobile": false,
        "gap_mobile": 16,
        "custom_class": "sf__index-custom-content"
      }
    },
    "162080618174803be6": {
      "type": "newsletter",
      "settings": {
        "container": "container",
        "background_color": "",
        "form_layout": "horizontal",
        "form_design": "2",
        "heading": "LET'S STAY IN TOUCH",
        "description": "<p>We’ll shout you $10 off your first order.<\/p>",
        "email_placeholder": "Enter your email address",
        "submit_button": "SUBSCRIBE",
        "text_color": "black",
        "show_icon": true,
        "icon_img_width": "30",
        "show_agreement": false,
        "term_condition_text": "<p>I agree to the Terms and Conditions.<\/p>"
      }
    },
    "162080663620b95195": {
      "type": "slider",
      "blocks": {
        "162080663620b95195-0": {
          "type": "slider_item",
          "settings": {
            "image_alignment": "center middle",
            "content_in_container": false,
            "content_position": "left bottom",
            "text_alignment": "left",
            "text_size": "large",
            "text_color": "white",
            "subheading": "SUMMER SALE",
            "title": "PERFORMER",
            "description": "",
            "button_text": "SHOP NOW",
            "button_link": "",
            "button_style": "sf__btn-white",
            "button_size": "",
            "show_footer": false,
            "footer_alignment": "end",
            "footer_text": "New Collection",
            "footer_button": "Shop Now",
            "footer_link": ""
          }
        },
        "162080663620b95195-1": {
          "type": "slider_item",
          "settings": {
            "image_alignment": "center middle",
            "content_in_container": false,
            "content_position": "left bottom",
            "text_alignment": "left",
            "text_size": "large",
            "text_color": "white",
            "subheading": "NEW ARRIVALS",
            "title": "DYNAMIC OUTFIT",
            "description": "",
            "button_text": "SHOP NOW",
            "button_link": "",
            "button_style": "sf__btn-white",
            "button_size": "",
            "show_footer": false,
            "footer_alignment": "end",
            "footer_text": "New Collection",
            "footer_button": "Shop Now",
            "footer_link": ""
          }
        },
        "162080663620b95195-2": {
          "type": "slider_item",
          "settings": {
            "image_alignment": "center middle",
            "content_in_container": false,
            "content_position": "left bottom",
            "text_alignment": "left",
            "text_size": "large",
            "text_color": "white",
            "subheading": "NEW COLLECTION",
            "title": "ENERGY 2-PIECE",
            "description": "",
            "button_text": "SHOP NOW",
            "button_link": "",
            "button_style": "sf__btn-white",
            "button_size": "",
            "show_footer": false,
            "footer_alignment": "end",
            "footer_text": "New Collection",
            "footer_button": "Shop Now",
            "footer_link": ""
          }
        }
      },
      "block_order": [
        "162080663620b95195-0",
        "162080663620b95195-1",
        "162080663620b95195-2"
      ],
      "settings": {
        "container": "w-full",
        "slideshow_height": "fullscreen",
        "show_overlay": false,
        "dots_position": "right",
        "dots_color": "light",
        "show_dots": true,
        "show_arrows": false,
        "autorotate": true,
        "autorotate_speed": 5,
        "custom_class": "sf__index-slideshow"
      }
    },
    "162676501106f4b388": {
      "type": "testimonials",
      "blocks": {
        "162676501106f4b388-0": {
          "type": "testimonial",
          "settings": {
            "title": "Love it so much",
            "description": "<p>\"I've been getting good wear out of the shirt. It's very light and soft, comfortable to wear.\"<\/p>",
            "footer": "<p>Dean D. US<\/p>",
            "image_text": "",
            "product": ""
          }
        },
        "162676501106f4b388-1": {
          "type": "testimonial",
          "settings": {
            "title": "Love my new purchase",
            "description": "<p>\"Thanks for being so fabulous...and continuing to provide such a wonderful service.\"<\/p>",
            "footer": "<p>Gloria T. US<\/p>",
            "image_text": "",
            "product": ""
          }
        },
        "162676501106f4b388-2": {
          "type": "testimonial",
          "settings": {
            "title": "Great products and services",
            "description": "<p>\"Thank you so much for your help in finding some new clothes that I needed desperately.\"<\/p>",
            "footer": "<p>Zeferino G. Canada<\/p>",
            "image_text": "",
            "product": ""
          }
        }
      },
      "block_order": [
        "162676501106f4b388-0",
        "162676501106f4b388-1",
        "162676501106f4b388-2"
      ],
      "settings": {
        "heading": "OVER 10.000 REVIEWS",
        "subheading": "OUR REVIEWS",
        "description": "",
        "header_alignment": "center",
        "container": "container",
        "background_color": "#f5f1ed",
        "design": "testimonials-3",
        "show_stars": true,
        "autorotate": false,
        "show_navigation": true,
        "show_pagination": true,
        "star_color": "#000000",
        "custom_class": "sf__index-testimonial"
      }
    }
  },
  "order": [
    "162080663620b95195",
    "16208058842d075672",
    "1620805637438b372e",
    "162079482605c70500",
    "162676501106f4b388",
    "1620805367beb697d9",
    "162079537838c4574f",
    "16207951391d921d60",
    "162080618174803be6"
  ]
}