{
  "sections": {
    "162116424311055429": {
      "type": "instagram",
      "settings": {
        "heading": "Come Chill with Us",
        "subheading": "",
        "description": "@e.Sapce_store",
        "header_alignment": "center",
        "container": "w-full",
        "background_color": "rgba(0,0,0,0)",
        "layout": "grid",
        "images_count": 5,
        "grid_columns": 5,
        "gap": 20,
        "mobile_gap": 20,
        "profile": "https:\/\/www.instagram.com\/minimog.trendy\/",
        "button_label": "",
        "custom_class": "sf__index-instagram"
      }
    },
    "1621243260e1af0c20": {
      "type": "slider",
      "blocks": {
        "1621243260e1af0c20-0": {
          "type": "slider_item",
          "settings": {
            "image_alignment": "center middle",
            "content_in_container": true,
            "content_position": "left middle",
            "text_alignment": "left",
            "text_size": "medium",
            "text_color": "black",
            "subheading": "<span class=\"uppercase sf__heading-color\">Your house’s best mate.<\/span>",
            "title": "<span class=\"sf__heading-color\">A Reflection of Your<br> Decoration Choices<\/span>",
            "description": "",
            "button_text": "Shop now",
            "button_link": "",
            "button_style": "sf__btn-primary",
            "button_size": "",
            "show_footer": false,
            "footer_alignment": "end",
            "footer_text": "New Collection",
            "footer_button": "Shop Now",
            "footer_link": ""
          }
        },
        "1621243260e1af0c20-1": {
          "type": "slider_item",
          "settings": {
            "image_alignment": "center middle",
            "content_in_container": true,
            "content_position": "left middle",
            "text_alignment": "left",
            "text_size": "medium",
            "text_color": "black",
            "subheading": "<span class=\"uppercase sf__heading-color\">Make waves<\/span>",
            "title": "<span class=\"sf__heading-color\">Quality never goes out of style<\/span>",
            "description": "",
            "button_text": "Shop now",
            "button_link": "",
            "button_style": "sf__btn-primary",
            "button_size": "",
            "show_footer": false,
            "footer_alignment": "end",
            "footer_text": "New Collection",
            "footer_button": "Shop Now",
            "footer_link": ""
          }
        },
        "1621243260e1af0c20-2": {
          "type": "slider_item",
          "settings": {
            "image_alignment": "center middle",
            "content_in_container": true,
            "content_position": "left middle",
            "text_alignment": "left",
            "text_size": "medium",
            "text_color": "black",
            "subheading": "<span class=\"uppercase sf__heading-color\">Stay Classy<\/span>",
            "title": "<span class=\"sf__heading-color\">Delight in the details.<\/span>",
            "description": "",
            "button_text": "Shop now",
            "button_link": "",
            "button_style": "sf__btn-primary",
            "button_size": "",
            "show_footer": false,
            "footer_alignment": "end",
            "footer_text": "New Collection",
            "footer_button": "Shop Now",
            "footer_link": ""
          }
        }
      },
      "block_order": [
        "1621243260e1af0c20-0",
        "1621243260e1af0c20-1",
        "1621243260e1af0c20-2"
      ],
      "settings": {
        "container": "w-full",
        "slideshow_height": "fullscreen",
        "show_overlay": false,
        "dots_position": "right",
        "dots_color": "light",
        "show_dots": true,
        "show_arrows": false,
        "autorotate": true,
        "autorotate_speed": 5,
        "custom_class": ""
      }
    },
    "162209953296371dbc": {
      "type": "icon-box",
      "blocks": {
        "162209953296371dbc-2": {
          "type": "iconbox",
          "settings": {
            "title": "<div class=\"sf__font-size-20 sf__font-weight-semibold hide_br_mb\">“Also the customer service is<br> phenomenal. I would purchase again.”<\/div>",
            "description": "",
            "link": "",
            "button_label": "",
            "button_link": "",
            "button_style": "sf__btn-link",
            "button_size": ""
          }
        },
        "162209953296371dbc-1": {
          "type": "iconbox",
          "settings": {
            "title": "<div class=\"hide_br_mb sf__font-size-20 sf__font-weight-semibold\">“Great product line. Very attentive staff<br> to deal with.”<\/div>",
            "description": "",
            "link": "",
            "button_label": "",
            "button_link": "",
            "button_style": "sf__btn-link",
            "button_size": ""
          }
        },
        "162209953296371dbc-0": {
          "type": "iconbox",
          "settings": {
            "title": "<div class=\"hide_br_mb sf__font-size-20 sf__font-weight-semibold\">\"Looking to affordably upgrade your<br> everyday dinnerware? Look no further<br> than e.Space\"<\/div>",
            "description": "",
            "link": "",
            "button_label": "",
            "button_link": "",
            "button_style": "sf__btn-link",
            "button_size": ""
          }
        }
      },
      "block_order": [
        "162209953296371dbc-2",
        "162209953296371dbc-1",
        "162209953296371dbc-0"
      ],
      "settings": {
        "heading": "As <span class=\"sf__text-style1\">featured<\/span> on:",
        "subheading": "",
        "description": "",
        "header_alignment": "center",
        "container": "container",
        "background_color": "rgba(0,0,0,0)",
        "item_per_row": 3,
        "item_gap": 30,
        "item_gap_mobile": 10,
        "card_style": "vertical",
        "image_max_width": "150px",
        "content_alignment": "center",
        "hover_effect": "none",
        "enable_slider": true,
        "show_pagination": true,
        "show_navigation": false,
        "use_scroll_mobile": true,
        "use_grid_column_mb": false,
        "custom_class": "sf__index-icon-box"
      }
    },
    "1622101295c7d1aa4c": {
      "type": "icon-box",
      "blocks": {
        "1622101295c7d1aa4c-0": {
          "type": "iconbox",
          "settings": {
            "title": "<div class=\"hide_br_mb sf__font-size-18 sf__font-weight-semibold\">Answer a few quick questions<br> about your lifestyle.<\/div>",
            "description": "",
            "link": "",
            "button_label": "",
            "button_link": "",
            "button_style": "sf__btn-link",
            "button_size": ""
          }
        },
        "1622101295c7d1aa4c-1": {
          "type": "iconbox",
          "settings": {
            "title": "<div class=\"hide_br_mb sf__font-size-18 sf__font-weight-semibold\">Your colours - Choose your<br> palette.<\/div>",
            "description": "",
            "link": "",
            "button_label": "",
            "button_link": "",
            "button_style": "sf__btn-link",
            "button_size": ""
          }
        },
        "1622101295c7d1aa4c-2": {
          "type": "iconbox",
          "settings": {
            "title": "<div class=\"hide_br_mb sf__font-size-18 sf__font-weight-semibold\">Accept (or tweak) your customized<br> recommendations.<\/div>",
            "description": "",
            "link": "",
            "button_label": "",
            "button_link": "",
            "button_style": "sf__btn-link",
            "button_size": ""
          }
        },
        "de97b43c-9a8b-488e-941e-36cf14cc4b0f": {
          "type": "iconbox",
          "settings": {
            "title": "<div class=\"hide_br_mb sf__font-size-18 sf__font-weight-semibold\">Decorate your house; paint<br> your life.<\/div>",
            "description": "",
            "link": "",
            "button_label": "",
            "button_link": "",
            "button_style": "sf__btn-link",
            "button_size": ""
          }
        }
      },
      "block_order": [
        "1622101295c7d1aa4c-0",
        "1622101295c7d1aa4c-1",
        "1622101295c7d1aa4c-2",
        "de97b43c-9a8b-488e-941e-36cf14cc4b0f"
      ],
      "settings": {
        "heading": "",
        "subheading": "",
        "description": "",
        "header_alignment": "center",
        "container": "container",
        "background_color": "#f0eee8",
        "item_per_row": 4,
        "item_gap": 30,
        "item_gap_mobile": 10,
        "card_style": "vertical",
        "image_max_width": "70px",
        "content_alignment": "center",
        "hover_effect": "none",
        "enable_slider": true,
        "show_pagination": true,
        "show_navigation": false,
        "use_scroll_mobile": true,
        "use_grid_column_mb": false,
        "custom_class": ""
      }
    },
    "1622102101fd8de171": {
      "type": "featured-collection",
      "settings": {
        "heading": "Create A <span class=\"sf__text-style1\">Unique<\/span> Style with Us.",
        "subheading": "FEATURED PRODUCTS",
        "description": "",
        "header_alignment": "center",
        "container": "container",
        "background_color": "rgba(0,0,0,0)",
        "collection": "housewares",
        "product_to_show": 3,
        "items_per_row": 3,
        "item_gap": 30,
        "pcard_layout": "",
        "pcard_image_ratio": "",
        "show_vendor": false,
        "enable_slider": false,
        "show_pagination": false,
        "show_navigation": false,
        "button_type": "link",
        "button_text": "View all product",
        "button_style": "sf__btn-primary",
        "button_size": "",
        "infinite_load": false,
        "max_page_load": 3,
        "use_scroll_mobile": true,
        "item_gap_mobile": 10,
        "custom_class": "sf__index-featured-collection"
      }
    },
    "162210227148d9bc93": {
      "type": "testimonials",
      "blocks": {
        "162210227148d9bc93-0": {
          "type": "testimonial",
          "settings": {
            "title": "Love my new purchase",
            "description": "<p>I was thrilled to be able to visit your store again! Love my new purchase.<\/p>",
            "footer": "<p>Shane T.<\/p>",
            "image_text": "",
            "product": ""
          }
        },
        "162210227148d9bc93-1": {
          "type": "testimonial",
          "settings": {
            "title": "What a delight to find you",
            "description": "<p>I've been getting good wear out of the shirt. It's very light and soft, comfortable to wear.<\/p>",
            "footer": "<p>Fernanda K.<\/p>",
            "image_text": "",
            "product": ""
          }
        },
        "162210227148d9bc93-2": {
          "type": "testimonial",
          "settings": {
            "title": "Thanks for being so fabulous!",
            "description": "<p>Thanks for the lovely time shopping and all the good work you do.<\/p>",
            "footer": "<p>Gloria T.<\/p>",
            "image_text": "",
            "product": ""
          }
        },
        "162210227148d9bc93-3": {
          "type": "testimonial",
          "settings": {
            "title": "I will certainly recommend to others.",
            "description": "<p>I was recently at your store, what a delight to find you!<\/p>",
            "footer": "<p>Zeferino G.<\/p>",
            "image_text": "",
            "product": ""
          }
        },
        "162210227148d9bc93-4": {
          "type": "testimonial",
          "settings": {
            "title": "A great store you can find.",
            "description": "<p>Thanks for being so fabulous...and continuing to provide such a wonderful service<\/p>",
            "footer": "<p>Denzil A.<\/p>",
            "image_text": "",
            "product": ""
          }
        },
        "162210227148d9bc93-5": {
          "type": "testimonial",
          "settings": {
            "title": "Thank you for your help!",
            "description": "<p>Thank you so much for your help in finding some new clothes that I needed desperately.<\/p>",
            "footer": "<p>Adelia C.<\/p>",
            "image_text": "",
            "product": ""
          }
        }
      },
      "block_order": [
        "162210227148d9bc93-0",
        "162210227148d9bc93-1",
        "162210227148d9bc93-2",
        "162210227148d9bc93-3",
        "162210227148d9bc93-4",
        "162210227148d9bc93-5"
      ],
      "settings": {
        "heading": "",
        "subheading": "",
        "description": "",
        "header_alignment": "center",
        "container": "w-full",
        "background_color": "#e6f0f2",
        "design": "testimonials-4",
        "show_stars": true,
        "autorotate": false,
        "show_navigation": true,
        "show_pagination": false,
        "star_color": "#322b81",
        "custom_class": "sf__index-testimonial"
      }
    },
    "1622104207398b7347": {
      "type": "blog-posts",
      "settings": {
        "heading": "",
        "subheading": "",
        "description": "",
        "header_alignment": "center",
        "container": "container",
        "background_color": "rgba(0,0,0,0)",
        "blog": "housewares",
        "limit": 3,
        "column": 3,
        "column_gap": 30,
        "mobile_gap": 10,
        "article_image_aspect_ratio": "3\/4",
        "article_align_content": "text-left",
        "article_show_tags": false,
        "article_show_date": false,
        "article_show_excerpt": false,
        "article_show_button": true,
        "button_link": "",
        "button_text": "",
        "button_style": "sf__btn-primary",
        "button_size": "",
        "use_scroll_mobile": true,
        "custom_class": "sf__index-blog-posts"
      }
    },
    "1622104533c8fb705d": {
      "type": "custom-content",
      "blocks": {
        "d45b6f85-8bf5-46e3-a887-04aeb6940c20": {
          "type": "html",
          "settings": {
            "code": "<div class=\"inline-flex items-center lg:flex-row flex-col custom__html\">\n<div class=\"block__text\">\n<p class=\"mb-2.5\">Redefining creativity.<\/p>\n<h3 class=\"mb-0 font-semibold hide_br_mb\">Connecting homes &amp;<br> improving lives.<\/h3>\n<\/div>\n<div><a href=\"\/collections\/all\" class=\"sf__btn sf__btn-primary\">View all products<\/a><\/div>\n<\/div>",
            "width": "100%",
            "block_custom_class": ""
          }
        }
      },
      "block_order": [
        "d45b6f85-8bf5-46e3-a887-04aeb6940c20"
      ],
      "settings": {
        "heading": "",
        "subheading": "",
        "description": "",
        "header_alignment": "center",
        "container": "container-fluid",
        "background_color": "",
        "gap": 30,
        "use_scroll_mobile": false,
        "gap_mobile": 16,
        "custom_class": "sf__index-custom-content-2"
      }
    },
    "1622105990d12b473e": {
      "type": "featured-product-slider",
      "blocks": {
        "144f20b4-2d90-467d-a322-d897aa234374": {
          "type": "product",
          "settings": {
            "heading": "Entryway Rack",
            "description": "<p>Turn organization into decor with a multi-use, three-tier rack that’s beautiful in any room<\/p>",
            "product": "entryway-rack"
          }
        },
        "48a645de-f01e-448f-96ad-3dfe8c3fe1b6": {
          "type": "product",
          "settings": {
            "heading": "Sevi Dinner Plate",
            "description": "<p>Turn organization into decor with a multi-use, three-tier rack that’s beautiful in any room<\/p>",
            "product": "sevi-dinner-plate"
          }
        }
      },
      "block_order": [
        "144f20b4-2d90-467d-a322-d897aa234374",
        "48a645de-f01e-448f-96ad-3dfe8c3fe1b6"
      ],
      "settings": {
        "heading": "<span class=\"sf__text-style1\">Refresh<\/span> Your Home Ware Style",
        "subheading": "THE CORE COLLECTION",
        "description": "",
        "header_alignment": "center",
        "container": "container",
        "background_color": "#f0eee8",
        "image_placement": "left",
        "slide_autoplay": true,
        "show_navigation": true,
        "show_pagination": false,
        "autorotate_speed": 5,
        "pcard_alignment": "center",
        "pcard_image_ratio": "1\/1",
        "show_vendor": false,
        "custom_class": "sf__index-product-slider"
      }
    }
  },
  "order": [
    "1621243260e1af0c20",
    "162209953296371dbc",
    "1622105990d12b473e",
    "1622101295c7d1aa4c",
    "1622102101fd8de171",
    "162210227148d9bc93",
    "1622104207398b7347",
    "1622104533c8fb705d",
    "162116424311055429"
  ]
}