{"current":{"layout_rtl":false,"layout_smooth_scroll":false,"layout_preloader":false,"layout-show_breadcrumbs":true,"layout-container_default":"boxed","layout-container_default_reverse":"mogo|contacts","layout-container_collection":"sidebar_left","layout-container_blog":"boxed","favicon":"shopify:\/\/shop_images\/favicon.png","font_name":"'Muli', sans-serif","font_url":"Muli:300,400,600,700,800","font2_name":"'Montserrat', sans-serif","font2_url":"Montserrat:300,400,500,600,700","font3_name":"'Open Sans', sans-serif","font3_url":"Open+Sans","enable_fonts_url":false,"fonts_url":"https:\/\/fonts.googleapis.com\/css?family=Muli:300,400,600,700,800%7CMontserrat:300,400,500,600,700%7COpen+Sans","color_theme":"#fe5a1a","color_theme2":"#ffffff","color_theme3":"#777777","color_theme4":"#333333","color_theme5":"#b7b7b7","color_theme6":"#f5f5f5","color_theme7":"#d8d8d8","color_theme8":"#ebebeb","color_theme9":"#161616","color_theme10":"#0d0d0d","color_theme11":"#1cc373","color_theme12":"#fc2a2e","color_theme13":"#53d3eb","color_theme14":"#fec01a","color_theme_transparent":"#fffffa","color_theme_c":"","color_theme_paragraph_c":"","color_theme_head_c":"","color_theme_link_c":"","color_theme_link_act_c":"","color_theme_icon_c":"","color_theme_icon_act_c":"","color_theme_success":"","color_theme_error":"","collection-show_sort_by":true,"collection-show_info":true,"collection-show_length":true,"collection-show_view":true,"collection_pagination_type":"load_more","pagination_limit":"9","collection_view":"grid","collection_row_length":"3","collection_empty_image":"","collection_empty_image_width":180,"collection_empty_btn_link":"","prd-show_lbl_new":true,"prd-show_lbl_hot":true,"prd-show_lbl_sale":true,"prd-show_lbl_sale_percent":true,"prd-show_lbl_instock":false,"prd-show_lbl_sold_out":true,"prd-show_review":true,"prd-hide-empty-review":true,"prd-show_btn_addtocart":true,"prd-show_btn_whishlist":true,"prd-show_btn_quickview":true,"prd-show_options":true,"prd-check_btns_state":true,"prd-btns_action":"toggle","prd-show_btn_addtocart-popup":true,"prd-show_collections":false,"prd-show_price":true,"prd-show_description":true,"prd-show_countdown":true,"qv-status":true,"qv-show_sku":true,"qv-show_availability":true,"qv-show_name":true,"qv-show_collections":false,"qv-show_price":true,"qv-show_countdown":true,"qv-show_description":true,"qv-show_buttons":true,"qv-show_cart_btn":true,"qv-show_wishlist_btn":true,"qv-check_buttons_status":true,"qv-show_options":true,"qv-show_vendor":true,"qv-show_type":true,"qv-show_barcode":true,"qv-show_viewfull":true,"qv-show_tags":false,"qv-enable_gallery_zoom":true,"qv-show_gallery_arrows":true,"mailchimp_form_action":"\/\/myshopify.us16.list-manage.com\/subscribe\/post?u=92aca518559f32afd1a9f6574&amp;id=c988e41375","newsletter_show_popup":true,"newsletter_popup_promo_text":"<div class=\"tt-newsletter-popup__text-01\">\n<span>15<\/span><span><span>%<\/span><span>off<\/span><\/span>\n<\/div><div class=\"tt-newsletter-popup__text-02\"><p>Your Next Purchase When You Sign Up.<\/p><\/div><p>By signing up, you accept the terms & Privacy Policy.<\/p>","newsletter-show_socials":true,"newsletter-show_facebook":true,"newsletter-show_google":true,"newsletter-show_twitter":true,"newsletter-show_instagram":false,"newsletter-show_youtube":true,"newsletter-show_pinterest":false,"newsletter-show_skype":false,"newsletter-show_behance":true,"social_facebook_link":"https:\/\/www.facebook.com\/Tonytemplates\/","social_google_link":"https:\/\/plus.google.com\/u\/0\/104281133694904613514","social_twitter_link":"https:\/\/twitter.com\/TonyTemplates","social_instagram_link":"#","social_youtube_link":"https:\/\/www.youtube.com\/channel\/UCT6mAO5Xkt57LXyw10UG8QQ?view_as=subscriber","social_pinterest_link":"#","social_skype_link":"#","social_behance_link":"https:\/\/www.behance.net\/max4687","show_multiple_currencies":true,"currency_format":"money_format","supported_currencies":"INR GBP CAD USD AUD EUR JPY","default_currency":"USD","show_multiple_languages":true,"languages":"languages","default_language":"English","wishlist-status":true,"wishlist-empty_image":"","wishlist-empty_image_width":180,"open_date":"2017-10-31 00:00:00","comming_image":"","comming_image_pos":"right","page_404_media_type":"icon_grey","page404_image":"","cart_notes_enable":true,"visa":"#visa","discover":"#discover","mastercard":"#mastercard","amex":"#amex","paypal":"#paypal","stripe":"#stripe","animation":0.7,"color_header_transparent":false,"color_header_d_transparent":20,"color_header_m_transparent":30,"color_header_bg":"","color_header_bg2":"","color_header_bd":"","color_header_btn_menu_c":"","color_header_btn_search_c":"","color_header_btn_search_close_c":"","color_header_btn_user_c":"","color_header_btn_wishlist_c":"","color_header_btn_cart_c":"","color_header_btn_settings_c":"","color_header_btn_info_c":"","color_header_btns_act_m_c":"","color_header_counter_bg":"","color_header_counter_c":"","color_header_search_c":"","color_header_tape_bg":"","color_header_tape_text_c":"","color_header_tape_icon_c":"","color_header_social_type":"2","color_menu_c":"","color_menu_h_c":"","color_menu_act_c":"","color_menu_mm_bg":"","color_menu_mm_c":"","color_menu_mm_h_c":"","color_menu_title_c":"","color_menu_title_h_c":"","color_menu_dd_bg":"","color_menu_m_bg":"","color_menu_m_bd":"","color_menu_m_c":"","color_menu_act_m_c":"","color_menu_curtain_m_bg":"","color_menu_curtain_m_transparent":50,"color_input_bg":"","color_input_bd":"","color_input_c":"","color_input_f_bg":"","color_input_f_bd":"","color_btn_bg":"","color_btn_bd":"","color_btn_c":"","color_btn_h_bg":"","color_btn_h_bd":"","color_btn_h_c":"","color_btn_act_bg":"","color_btn_act_bd":"","color_btn_act_c":"","color_btn2_bg":"","color_btn2_bd":"","color_btn2_c":"","color_btn2_h_bg":"","color_btn2_h_bd":"","color_btn2_h_c":"","color_btn2_act_bg":"","color_btn2_act_bd":"","color_btn2_act_c":"","color_btn3_bg":"","color_btn3_bd":"","color_btn3_c":"","color_btn3_h_bg":"","color_btn3_h_bd":"","color_btn3_h_c":"","color_btn3_act_bg":"","color_btn3_act_bd":"","color_btn3_act_c":"","color_btn4_bg":"","color_btn4_bd":"","color_btn4_c":"","color_btn4_h_bg":"","color_btn4_h_bd":"","color_btn4_h_c":"","color_btn4_act_bg":"","color_btn4_act_bd":"","color_btn4_act_c":"","color_btn5_bg":"","color_btn5_bd":"","color_btn5_c":"","color_btn5_h_bg":"","color_btn5_h_bd":"","color_btn5_h_c":"","color_btn5_act_bg":"","color_btn5_act_bd":"","color_btn5_act_c":"","color_btn6_bg":"","color_btn6_bd":"","color_btn6_c":"","color_btn6_h_bg":"","color_btn6_h_bd":"","color_btn6_h_c":"","color_btn6_act_bg":"","color_btn6_act_bd":"","color_btn6_act_c":"","color_btn7_bg":"","color_btn7_bd":"","color_btn7_c":"","color_btn7_h_bg":"","color_btn7_h_bd":"","color_btn7_h_c":"","color_btn7_act_bg":"","color_btn7_act_bd":"","color_btn7_act_c":"","color_btn8_bg":"","color_btn8_bd":"","color_btn8_c":"","color_btn8_h_bg":"","color_btn8_h_bd":"","color_btn8_h_c":"","color_btn8_act_bg":"","color_btn8_act_bd":"","color_btn8_act_c":"","color_label_c":"","color_label_sale":"","color_label_sale_percent":"","color_label_new":"","color_label_hot":"","color_label_in_stock":"","color_label_out_stock":"","color_social_bg":"","color_social_bd":"","color_social_icon_c":"","color_social_h_bg":"","color_social_h_bd":"","color_social_icon_h_c":"","color_social2_bg":"","color_social2_bd":"","color_social2_icon_c":"","color_social2_h_bg":"","color_social2_h_bd":"","color_social2_icon_h_c":"","color_social3_bg":"","color_social3_bd":"","color_social3_icon_c":"","color_social3_h_bg":"","color_social3_h_bd":"","color_social3_icon_h_c":"","color_social4_bg":"","color_social4_bd":"","color_social4_icon_c":"","color_social4_h_bg":"","color_social4_h_bd":"","color_social4_icon_h_c":"","color_newsletter_bg":"","color_newsletter_bd":"","color_newsletter_c":"","color_newsletter_f_bg":"","color_newsletter_f_bd":"","color_newsletter_btn_bg":"","color_newsletter_btn_bd":"","color_newsletter_btn_c":"","color_newsletter_btn_h_bg":"","color_newsletter_btn_h_bd":"","color_newsletter_btn_h_c":"","color_newsletter2_bg":"","color_newsletter2_bd":"","color_newsletter2_c":"","color_newsletter2_f_bg":"","color_newsletter2_f_bd":"","color_newsletter2_btn_bg":"","color_newsletter2_btn_bd":"","color_newsletter2_btn_c":"","color_newsletter2_btn_h_bg":"","color_newsletter2_btn_h_bd":"","color_newsletter2_btn_h_c":"","color_newsletter3_bg":"","color_newsletter3_bd":"","color_newsletter3_c":"","color_newsletter3_f_bg":"","color_newsletter3_f_bd":"","color_newsletter3_btn_bg":"","color_newsletter3_btn_bd":"","color_newsletter3_btn_c":"","color_newsletter3_btn_h_bg":"","color_newsletter3_btn_h_bd":"","color_newsletter3_btn_h_c":"","color_popup_news_social_type":"3","color_popup_news_newsletter_type":"2","color_price_c":"","color_price_sale_c":"","color_promobox_c":"","color_promobox_hover_c":"","color_promobox_hover_c2":"","color_promobox_hover_c3":"","color_password_newsletter_type":"3","color_sidebar_social_type":"4","color_sidebar_newsletter_type":"1","color_footer_bg":"","color_footer_tape_bg":"","color_footer_menu_title_c":"","color_footer_menu_c":"","color_footer_h_c":"","color_footer_info_c":"","color_footer_info_link_c":"","color_footer_newsletter_c":"","color_footer_newsletter_c2":"","color_footer_copyright_c":"","color_footer_copyright_link_c":"","color_footer_copyright_link_h_c":"","color_footer_payment_icon_c":"","color_footer_payment_icon_h_c":"","color_footer_btn_up_bg":"","color_footer_btn_up_bd":"","color_footer_btn_up_icon_c":"","color_footer_social_type":"1","color_footer_newsletter_type":"1","dev_enable_custom_css":false,"dev_enable_custom_js":false,"color_theme_custom":"","color_theme_custom2":"","color_theme_custom3":"","color_theme_custom4":"","color_theme_custom5":"","checkout_header_image":"","checkout_logo_image":"","checkout_logo_position":"left","checkout_logo_size":"medium","checkout_body_background_image":"","checkout_body_background_color":"#fff","checkout_input_background_color_mode":"white","checkout_sidebar_background_image":"","checkout_sidebar_background_color":"#fafafa","checkout_heading_font":"Helvetica Neue","checkout_body_font":"Helvetica Neue","checkout_accent_color":"#1990c6","checkout_button_color":"#1990c6","checkout_error_color":"#ff6d6d","qv-show_desc":true,"qv-show_gallery_btn_zoom":false,"layout_container":"fullwidth","layout_sidebar":"disable","layout_sidebar_blog":"left","type_base_size":"16px","color_primary":"#000","color_body_text":"#000","color_body_text_mogo":"#111111","color_body_background":"#ffffff","social_sharing_blog":true,"share_facebook":true,"share_twitter":true,"share_pinterest":true,"prd-lbl-new":true,"prd-lbl-hot":true,"prd-lbl-sale":true,"prd-lbl-sale-percent":true,"prd-lbl-instock":false,"prd-lbl-sold-out":true,"prd-show-review":true,"prd-show-addtocart":true,"prd-show-whishlist":true,"prd-show-quickview":true,"prd-show-options":true,"prd-show-addtocart-popup":true,"prd-show-collections":false,"prd-show-price":true,"prd-show-desc":true,"prd-show-countdown":true,"qv-show-sku":true,"qv-show-avail":true,"qv-show-countdown":true,"qv-show-description":true,"qv-show-buttons":true,"qv-show-options":true,"qv-show-vendor":true,"qv-show-type":true,"qv-show-barcode":true,"qv-show-viewfull":true,"qv-show-tags":true,"prd-lbl-sale-num":false,"prd-lbl-sale-num-remove":false,"social_snapchat_link":"","social_tumblr_link":"","social_vimeo_link":"","sections":{"header":{"type":"header","settings":{"logo":"shopify:\/\/shop_images\/logo.png","logo_max_width":130,"logo_animate":false,"main_linklist":"main-menu","type":"1","sticky":true,"login_form":false}},"footer":{"type":"footer","blocks":{"1503914487235":{"type":"logo","settings":{"logo":"shopify:\/\/shop_images\/Logo260px.png","logo_max_width":130}},"1503914501180":{"type":"menu","settings":{"caption_enable":false,"caption":"About Us","type":"about-us"}},"1503914532278":{"type":"menu_02","settings":{"caption_enable":false,"caption":"","type":"menu-2"}},"1503914579480":{"type":"menu_03","settings":{"caption_enable":false,"caption":"","type":"menu-3"}},"1503914607681":{"type":"subscribe","settings":{"caption_enable":true,"caption":"Newsletter Signup","text_top":"<p>Sign up for our e-mail and be the first who know our special offers! Furthermore, we will give a <em><strong>15% discount<\/strong><\/em> on the next order after you sign up.<\/p>"}},"1503914617835":{"type":"social","settings":{"caption_enable":true,"caption":"Follow Us","show_facebook":true,"show_google":true,"show_twitter":true,"show_instagram":true,"show_youtube":true,"show_pinterest":true,"show_skype":true,"show_behance":true}}},"block_order":["1503914487235","1503914501180","1503914532278","1503914579480","1503914607681","1503914617835"],"settings":{"type":"1","show_copyright":true,"show_totop_desktop":true,"btn_top_limit":"1000"}},"1504161678752":{"type":"revolution-slider","blocks":{"1504161690820":{"type":"revslide_image","settings":{"image":"shopify:\/\/shop_images\/slide-01.jpg","style":"1","info_state":true,"url":"shopify:\/\/products\/beats-pro","product_id":"beats-pro","button_icon":"icon-shop24","text_01":"Speaker Bottle","text_02":"$121","text_03":"Portable Bluetooth stereo speakers","info_pos_hor":"left","info_pos_vert":"center","info_offset_hor":"76","info_offset_vert":"0","info_align":"left","info_width":"700","info_parallaxlevel":"3","color_text_01_c":"","color_text_02_c":"","color_text_03_c":"","color_btn_style":"7","custom_content_info_state":false,"custom_content_info":"<div class=\"tt-sr__design-white\">Text line 1<\/div><span class=\"tt-sr__design-white\">Text line 2<\/span><p class=\"tt-sr__design-white\">Text line 3<\/p><a href=\"#\" class=\"tt-btn tt-btn--hover-effect tt-btn--big tt-btn--design-white\"><i class=\"icon-shop24\"><\/i><\/a>","custom_param_slide":"","custom_param_img":"","custom_param_info":""}},"1504161694208":{"type":"revslide_image","settings":{"image":"shopify:\/\/shop_images\/slide-02.jpg","style":"1","info_state":true,"url":"","product_id":"apple-iwatch","button_icon":"icon-shop24","text_01":"Smart Watches","text_02":"$349","text_03":"Just what you need. Right when you need it.","info_pos_hor":"left","info_pos_vert":"center","info_offset_hor":"76","info_offset_vert":"0","info_align":"left","info_width":"700","info_parallaxlevel":"3","color_text_01_c":"","color_text_02_c":"","color_text_03_c":"","color_btn_style":"7","custom_content_info_state":false,"custom_content_info":"<div class=\"tt-sr__design-white\">Text line 1<\/div><span class=\"tt-sr__design-white\">Text line 2<\/span><p class=\"tt-sr__design-white\">Text line 3<\/p><a href=\"#\" class=\"tt-btn tt-btn--hover-effect tt-btn--big tt-btn--design-white\"><i class=\"icon-shop24\"><\/i><\/a>","custom_param_slide":"","custom_param_img":"","custom_param_info":""}},"1504618531284":{"type":"revslide_image","settings":{"image":"shopify:\/\/shop_images\/slide-03.jpg","style":"1","info_state":true,"url":"","product_id":"mi-power-bank-2nd-10000mah","button_icon":"icon-shop24","text_01":"Power Bank","text_02":"$49","text_03":"Elegant and fresh. A most attractive mobile power supply.","info_pos_hor":"left","info_pos_vert":"center","info_offset_hor":"76","info_offset_vert":"0","info_align":"left","info_width":"700","info_parallaxlevel":"3","color_text_01_c":"","color_text_02_c":"","color_text_03_c":"","color_btn_style":"7","custom_content_info_state":false,"custom_content_info":"<div class=\"tt-sr__design-white\">Text line 1<\/div><span class=\"tt-sr__design-white\">Text line 2<\/span><p class=\"tt-sr__design-white\">Text line 3<\/p><a href=\"#\" class=\"tt-btn tt-btn--hover-effect tt-btn--big tt-btn--design-white\"><i class=\"icon-shop24\"><\/i><\/a>","custom_param_slide":"","custom_param_img":"","custom_param_info":""}},"1511775540882":{"type":"revslide_image","settings":{"image":"shopify:\/\/shop_images\/slide-slice.png","style":"1","info_state":true,"url":"","product_id":"samsung-kettle-5-1a","button_icon":"icon-shop24","text_01":"PNG","text_02":"Text line 2","text_03":"Text line 3","info_pos_hor":"left","info_pos_vert":"center","info_offset_hor":"76","info_offset_vert":"0","info_align":"left","info_width":"700","info_parallaxlevel":"3","color_text_01_c":"","color_text_02_c":"","color_text_03_c":"","color_btn_style":"7","custom_content_info_state":false,"custom_content_info":"<div class=\"tt-sr__design-white\">Text line 1<\/div><span class=\"tt-sr__design-white\">Text line 2<\/span><p class=\"tt-sr__design-white\">Text line 3<\/p><a href=\"#\" class=\"tt-btn tt-btn--hover-effect tt-btn--big tt-btn--design-white\"><i class=\"icon-shop24\"><\/i><\/a>","custom_param_slide":"","custom_param_img":"","custom_param_info":""}},"1504618572036":{"type":"revslide_image","settings":{"image":"shopify:\/\/shop_images\/slide-05.jpg","style":"1","info_state":true,"url":"","product_id":"xiaomi-mi-bluetooth-speaker","button_icon":"icon-shop24","text_01":"Wireless Speaker","text_02":"$78","text_03":"Portable Bluetooth stereo speakers","info_pos_hor":"left","info_pos_vert":"center","info_offset_hor":"76","info_offset_vert":"0","info_align":"left","info_width":"700","info_parallaxlevel":"3","color_text_01_c":"","color_text_02_c":"","color_text_03_c":"","color_btn_style":"7","custom_content_info_state":false,"custom_content_info":"<div class=\"tt-sr__design-white\">Text line 1<\/div><span class=\"tt-sr__design-white\">Text line 2<\/span><p class=\"tt-sr__design-white\">Text line 3<\/p><a href=\"#\" class=\"tt-btn tt-btn--hover-effect tt-btn--big tt-btn--design-white\"><i class=\"icon-shop24\"><\/i><\/a>","custom_param_slide":"","custom_param_img":"","custom_param_info":""}},"1504618597249":{"type":"revslide_image","settings":{"image":"shopify:\/\/shop_images\/slide-06.jpg","style":"1","info_state":true,"url":"","product_id":"gotto-on-ear-headphone","button_icon":"icon-shop24","text_01":"Headphone","text_02":"$127","text_03":"Superior sound quality","info_pos_hor":"left","info_pos_vert":"center","info_offset_hor":"76","info_offset_vert":"0","info_align":"left","info_width":"700","info_parallaxlevel":"3","color_text_01_c":"","color_text_02_c":"","color_text_03_c":"","color_btn_style":"7","custom_content_info_state":false,"custom_content_info":"<div class=\"tt-sr__design-white\">Text line 1<\/div><span class=\"tt-sr__design-white\">Text line 2<\/span><p class=\"tt-sr__design-white\">Text line 3<\/p><a href=\"#\" class=\"tt-btn tt-btn--hover-effect tt-btn--big tt-btn--design-white\"><i class=\"icon-shop24\"><\/i><\/a>","custom_param_slide":"","custom_param_img":"","custom_param_info":""}},"1504161685663":{"type":"revslide_video","settings":{"type":"mp4","video_url":"https:\/\/cdn.shopify.com\/s\/files\/1\/2235\/6053\/files\/video.mp4?5319012367512207397","video_link_url":""}}},"block_order":["1504161690820","1504161694208","1504618531284","1511775540882","1504618572036","1504618597249","1504161685663"],"settings":{"timeout":"10","nav_style":"1"}},"1504619204161":{"type":"home-4banners","blocks":{"1504619204161-0":{"type":"banner-4","settings":{"image":"shopify:\/\/shop_images\/promobox-01.jpg","image-hover-animation":"right","url":"","text1":"Watches","text1-position":"top left","text2":"28","text2-p2":"products","text2-position":"v-center h-center","color_title_c":"","color_title_h_c":"","color_info_h_c":"","color_quantity_h_c":"#fe5a1a","color_h_bg":""}},"1504619204161-1":{"type":"banner-4","settings":{"image":"shopify:\/\/shop_images\/promobox-02_399c6903-2f5e-4b92-8237-e28c8c4d1291.jpg","image-hover-animation":"right","url":"","text1":"Trackers","text1-position":"top left","text2":"18","text2-p2":"products","text2-position":"v-center h-center","color_title_c":"#ffffff","color_title_h_c":"#ffffff","color_info_h_c":"#ffffff","color_quantity_h_c":"#fe5a1a","color_h_bg":"#000000"}},"1504619204161-2":{"type":"banner-4","settings":{"image":"shopify:\/\/shop_images\/promobox-03.jpg","image-hover-animation":"right","url":"","text1":"Headphones","text1-position":"top left","text2":"37","text2-p2":"products","text2-position":"v-center h-center","color_title_c":"#ffffff","color_title_h_c":"#ffffff","color_info_h_c":"#ffffff","color_quantity_h_c":"","color_h_bg":"#3bc7f5"}},"1504619204161-3":{"type":"banner-4","settings":{"image":"shopify:\/\/shop_images\/promobox-04_1e4f69c9-1988-440a-afb6-4398f01e5872.jpg","image-hover-animation":"right","url":"","text1":"Earphones","text1-position":"top left","text2":"58","text2-p2":"products","text2-position":"v-center h-center","color_title_c":"#ffffff","color_title_h_c":"#ffffff","color_info_h_c":"#ffffff","color_quantity_h_c":"#ffffff","color_h_bg":"#fe5a1a"}}},"block_order":["1504619204161-0","1504619204161-1","1504619204161-2","1504619204161-3"],"settings":{}},"1504619533211":{"type":"home-infobox","blocks":{"1504619533211-0":{"type":"text-banner","settings":{"text-banner-icon":"icon-phone","text-banner-url":"","text-banner-text1":"+(777) 2345 7885","text-banner-text2":"<p>Toll-free hotline. 7 days a week from <em><strong>10.00 a.m. to 6.00 p.m.<\/strong><\/em><\/p>"}},"1504619533211-1":{"type":"text-banner","settings":{"text-banner-icon":"icon-box","text-banner-url":"","text-banner-text1":"Free Shipping","text-banner-text2":"<p>Shipping prices for any form of delivery and order&rsquo;s cost is constant - $49. A free shipping is available for orders <em><strong>more than $99.<\/strong><\/em><\/p>"}},"1504619533211-2":{"type":"text-banner","settings":{"text-banner-icon":"icon-left","text-banner-url":"","text-banner-text1":"Returns and Exchanges","text-banner-text2":"<p>Any goods, that was bought in our online store, can be returned during <em><strong>30 days<\/strong><\/em> since purchase date.<\/p>"}}},"block_order":["1504619533211-0","1504619533211-1","1504619533211-2"],"settings":{"text-banner-type":"type1","text-banner-appearance":"fullwidth","color_icon":"","color_text1":"","color_background":"","color_border":"","border_bottom":false,"border_top":false}},"1505897593590":{"type":"home-products","settings":{"collection":"frontpage","products_per_row":"4","limit":"8","sec-prd-type":"desconhover","sec-width":"fullwidth","sec-margin":"none","sec-margin-custom":"10px"}},"collection-head":{"type":"collection-head","blocks":{"1511776861713":{"type":"head","settings":{"for_collection":"audio","title_type":"banner","text_color":"#ffffff","banner_animate":"scale","link_url_01":"https:\/\/mogo1.myshopify.com\/collections\/all-products\/Wireless","link_title_01":"Wireless","link_image_01":"shopify:\/\/shop_images\/subcategory-01.jpg","link_url_02":"https:\/\/mogo1.myshopify.com\/collections\/all-products\/Bluetooth-Enabled","link_title_02":"Bluetooth","link_image_02":"shopify:\/\/shop_images\/subcategory-02.jpg","link_url_03":"https:\/\/mogo1.myshopify.com\/collections\/all-products\/Rechargeable","link_title_03":"Rechargeable","link_image_03":"shopify:\/\/shop_images\/subcategory-03.jpg","link_url_04":"https:\/\/mogo1.myshopify.com\/collections\/all-products\/USB-Device-Charging","link_title_04":"USB Charging","link_image_04":"shopify:\/\/shop_images\/subcategory-04.jpg"}},"1511798204170":{"type":"head","settings":{"for_collection":"watches","title_type":"banner","text_color":"#333333","banner_animate":"scale","link_url_01":"","link_title_01":"Link Title #1","link_image_01":"","link_url_02":"","link_title_02":"Link Title #2","link_image_02":"","link_url_03":"","link_title_03":"Link Title #3","link_image_03":"","link_url_04":"","link_title_04":"Link Title #4","link_image_04":""}},"1511798592078":{"type":"head","settings":{"for_collection":"trackers","title_type":"name","text_color":"#ffffff","banner_animate":"scale","link_url_01":"","link_title_01":"Link Title #1","link_image_01":"","link_url_02":"","link_title_02":"Link Title #2","link_image_02":"","link_url_03":"","link_title_03":"Link Title #3","link_image_03":"","link_url_04":"","link_title_04":"Link Title #4","link_image_04":""}},"1511798633403":{"type":"head","settings":{"for_collection":"power-banks","title_type":"banner","text_color":"#333333","banner_animate":"scale","link_url_01":"https:\/\/mogo1.myshopify.com\/collections\/all-products\/USB-Port(s)","link_title_01":"USB Port","link_image_01":"shopify:\/\/shop_images\/subcategory-01.jpg","link_url_02":"https:\/\/mogo1.myshopify.com\/collections\/all-products\/Overload-Protection","link_title_02":"Overload Protection","link_image_02":"shopify:\/\/shop_images\/subcategory-02.jpg","link_url_03":"https:\/\/mogo1.myshopify.com\/collections\/all-products\/Rechargeable","link_title_03":"Rechargeable","link_image_03":"shopify:\/\/shop_images\/subcategory-03.jpg","link_url_04":"https:\/\/mogo1.myshopify.com\/collections\/all-products\/Wireless","link_title_04":"Wireless","link_image_04":"shopify:\/\/shop_images\/subcategory-04.jpg"}}},"block_order":["1511776861713","1511798204170","1511798592078","1511798633403"],"settings":{"show_title_default":true}},"collection-sidebar":{"type":"collection-sidebar","blocks":{"1511778008720":{"type":"current_filters","settings":{"caption":"Current Filters"}},"1511776904994":{"type":"collection","settings":{"caption":"Collection","list":"Audio, Watches, Trackers, Power Banks"}},"1511778621616":{"type":"price","settings":{"caption":"Price","min":"0","max":"500","step":100,"symbol":"$","symbol_pos":"before"}},"1511803883318":{"type":"tag","settings":{"caption":"Size","list":"XS, S, M, L, XL, XXL"}},"1511777927767":{"type":"color","settings":{"caption":"Color"}},"1511777666328":{"type":"tag","settings":{"caption":"Price","list":"$0-$100, $100-$200, $200-$300, $300-$400, $400-$500"}},"1511807482528":{"type":"tag","settings":{"caption":"Vendor","list":"Apple,Beats,Gotto,Huawei,Meizu,Xiaomi,Samsung"}},"1511777932583":{"type":"color_item","settings":{"name":"Black","picker_bg":"#040404","picker_bd":"","picker_arrow":"","image":""}},"1511777960336":{"type":"color_item","settings":{"name":"White","picker_bg":"#ffffff","picker_bd":"#c4c4c4","picker_arrow":"#c4c4c4","image":""}},"1511778169373":{"type":"color_item","settings":{"name":"Orange","picker_bg":"#fe5a1a","picker_bd":"","picker_arrow":"","image":""}},"1511778203263":{"type":"color_item","settings":{"name":"Blue","picker_bg":"#0084ff","picker_bd":"","picker_arrow":"","image":""}},"1511778228598":{"type":"color_item","settings":{"name":"Grey","picker_bg":"#9d9d9d","picker_bd":"","picker_arrow":"","image":""}},"1511779139142":{"type":"products","settings":{"caption":"Products","collection":"power-banks"}}},"block_order":["1511778008720","1511776904994","1511778621616","1511803883318","1511777927767","1511777666328","1511807482528","1511777932583","1511777960336","1511778169373","1511778203263","1511778228598","1511779139142"],"settings":{}},"page-gallery":{"type":"page-gallery","blocks":{"1511790936092":{"type":"gallery-image","settings":{"url":"shopify:\/\/products\/apple-iwatch","image":"shopify:\/\/shop_images\/gallery-masonry-01.jpg","image-hover-animation":"right","caption":"Apple iWatch","text":"Watches, Trackers","color_caption_c":"","color_text_c":"","color_h_bg":""}},"1511791191865":{"type":"gallery-image","settings":{"url":"#","image":"shopify:\/\/shop_images\/gallery-masonry-02.jpg","image-hover-animation":"right","caption":"Meizu Tracker","text":"Watches, Trackers","color_caption_c":"","color_text_c":"","color_h_bg":""}},"1511791215684":{"type":"gallery-image","settings":{"url":"#","image":"shopify:\/\/shop_images\/gallery-masonry-03.jpg","image-hover-animation":"right","caption":"Power banks","text":"Watches, Trackers, Power","color_caption_c":"","color_text_c":"","color_h_bg":""}},"1511791230211":{"type":"gallery-image","settings":{"url":"#","image":"shopify:\/\/shop_images\/gallery-masonry-04.jpg","image-hover-animation":"right","caption":"Headphone","text":"Watches, Trackers, Audio","color_caption_c":"","color_text_c":"","color_h_bg":""}},"1511791243059":{"type":"gallery-image","settings":{"url":"#","image":"shopify:\/\/shop_images\/gallery-masonry-05.jpg","image-hover-animation":"right","caption":"Duis Aute Irure Dolor","text":"Watches, Trackers","color_caption_c":"","color_text_c":"","color_h_bg":""}},"1511791257773":{"type":"gallery-image","settings":{"url":"#","image":"shopify:\/\/shop_images\/gallery-masonry-06.jpg","image-hover-animation":"right","caption":"Duis Aute Irure Dolor","text":"Watches, Trackers","color_caption_c":"","color_text_c":"","color_h_bg":""}},"1511791269946":{"type":"gallery-image","settings":{"url":"#","image":"shopify:\/\/shop_images\/gallery-masonry-07.jpg","image-hover-animation":"right","caption":"Duis Aute Irure Dolor","text":"Watches, Trackers","color_caption_c":"","color_text_c":"","color_h_bg":""}},"1511791282322":{"type":"gallery-image","settings":{"url":"#","image":"shopify:\/\/shop_images\/gallery-masonry-08.jpg","image-hover-animation":"right","caption":"Duis Aute Irure Dolor","text":"Watches, Trackers","color_caption_c":"","color_text_c":"","color_h_bg":""}},"1511791295412":{"type":"gallery-image","settings":{"url":"#","image":"shopify:\/\/shop_images\/gallery-masonry-09.jpg","image-hover-animation":"right","caption":"Duis Aute Irure Dolor","text":"Watches, Trackers","color_caption_c":"","color_text_c":"","color_h_bg":""}},"1511791306454":{"type":"gallery-image","settings":{"url":"#","image":"shopify:\/\/shop_images\/gallery-masonry-10.jpg","image-hover-animation":"right","caption":"Duis Aute Irure Dolor","text":"Watches, Trackers","color_caption_c":"","color_text_c":"","color_h_bg":""}}},"block_order":["1511790936092","1511791191865","1511791215684","1511791230211","1511791243059","1511791257773","1511791269946","1511791282322","1511791295412","1511791306454"],"settings":{"masonry":true,"images-per-row":"3"}},"blog-posts":{"type":"blog-posts","settings":{"posts_per_page":"6","layout":"grid","show_bread":true,"show_title":false,"tags":"bottom","image_effect":"zoomin","comments":true,"zero_comments":false,"author":true}},"blog-sidebar":{"type":"blog-sidebar","blocks":{"1511791830053":{"type":"categories","settings":{"caption":"Categories"}},"1511791874085":{"type":"rposts","settings":{"caption":"Recent Posts","more":"More"}},"1511791953733":{"type":"html","settings":{"caption":"About","html":"<a href=\"#\" class=\"ttg-image-scale\"><img src=\"https:\/\/cdn.shopify.com\/s\/files\/1\/2235\/6053\/files\/about_02.png?1839104080197079804\" alt=\"Image name\"><\/a><p>Sed ut perspiciatis unde omnis iste natus error sit voluptatem accusantium doloremque laudantium, totam rem aperiam, eaque ipsa quae. <a href=\"#\" class=\"tt-layer-nav__more\">More<\/a><\/p>"}},"1511791934181":{"type":"tags","settings":{"caption":"Tags"}},"1511791893149":{"type":"newsletter","settings":{"caption":"Newsletter Signup","text":"<p>Sign up for our e-mail and be the first who know our special offers! Furthermore, we will give a <strong>15% discount<\/strong> on the next order after you sign up.<\/p>"}},"1511791883213":{"type":"social","settings":{"show_facebook":true,"show_google":true,"show_twitter":true,"show_instagram":true,"show_youtube":true,"show_pinterest":true,"show_skype":true,"show_behance":true}}},"block_order":["1511791830053","1511791874085","1511791953733","1511791934181","1511791893149","1511791883213"],"settings":{"blog-handlers":"news, blog, howto"}},"product":{"type":"product","settings":{"layout":"layout1","show_sku":true,"show_availability":true,"show_name":true,"show_collections":false,"show_review_badge":true,"show_price":true,"show_lbl_sale_percent_countdown":true,"show_description":true,"show_buttons":true,"show_cart_btn":true,"show_wishlist_btn":true,"show_options":true,"show_vendor":false,"show_type":false,"show_barcode":false,"show_tags":false,"show_share_buttons":true,"check_buttons_status":true,"enable_gallery_zoom":true,"show_gallery_arrows":false,"show_gallery_btn_fullscreen":true,"enable_sticky":true,"show_tabs":true,"show_tag_tab":true,"show_review_tab":true,"show_custom_text_tab":true,"show_custom_html_tab":true,"show_custom_product_tabs":true,"custom_text_tab_caption":"Text","custom_text_tab_content":"<p>Tab's Text Content goes here!<\/p><p>You can make&nbsp;text <strong>bold<\/strong>, <em>italic<\/em> or add <a href=\"\/blogs\/news\" title=\"News\">link<\/a> using rich text editor.<\/p><p><\/p>","custom_html_tab_caption":"HTML","custom_html_tab_content":"Tab's HTML<br> content<br><br> goes here!","show_related_products":true,"related_products_caption":"You may also be interested in the following product(s)","related_products_limit":"5"}},"page-contacts":{"type":"page-contacts","settings":{"title":"Contacts","text":"<p>Dolor sit amet conse ctetur adipisicing elit, sed do eiusmod tempor incididunt ut labore et dolore magna aliqua. Ut enim ad minim veniam, quis nostrud exercitation ullamco laboris...<\/p>","map":"<iframe width=\"600\" height=\"450\" frameborder=\"0\" style=\"border:0\" src=\"https:\/\/www.google.com\/maps\/embed\/v1\/place?key=AIzaSyBwY_0PWuwH_A5y4iwNAqpaUbUjRPySkFc%0A%20%20%20%20&q=7563%20St.%20Vicent%20Place,%20Glasgow\" allowfullscreen=\"\">\n<\/iframe>","address":"<p>Address: 7563 St. Vicent Place, Glasgow<\/p><p>Phone: +777 2345 7885:  +777 2345 7886<\/p><p>Hours : 7 Days a week from 10-00 am to 6-00 pm<\/p><p>E-mail: <a href='mailto:info@mydomain.com'>info@mydomain.com<\/a><\/p>","form_title":"Get in Touch","form_text":"Your email address will not be published. Required fields are marked","form_show_phone":true}},"page-faq":{"type":"page-faq","blocks":{"1511862399762":{"type":"faq-caption","settings":{"faq-caption":"Section #1"}},"1511862306665":{"type":"faq-qa","settings":{"faq-question":"What is an FAQ Page?","faq-answer":"<p>An FAQ page is a webpage dedicated to listing and succinctly answering&nbsp;<em>frequently asked questions<\/em>&nbsp;from website visitors.<\/p>\n<p>FAQ pages have been around since&nbsp;before the modern commercial Web.<\/p>\n<p>They originated on Usenet groups both as a navigational tool and as stand-alone curated content. Ecommerce websites adopted the format, especially since online buyers could not physically examine products or talk to a sales rep.<\/p>\n<p>Unfortunately, FAQ pages have also been used for miscellaneous catch-all content pages or as band-aids for bad user experience.<\/p>"}},"1511862334267":{"type":"faq-qa","settings":{"faq-question":"Should I Have an FAQ Page?","faq-answer":"<p>Ideally, your website would answer all customer questions as they crop up. The best user experience anticipates and solves problems before the user has to solve the issue themselves.<\/p>\n<p>That said,&nbsp;FAQ pages are a known-page for users. It can be a nice reassurance for customers &mdash; there if they need it, but hopefully they don&rsquo;t have to actually use it.<\/p>"}},"1511862356459":{"type":"faq-qa","settings":{"faq-question":"So what makes a good FAQ page?","faq-answer":"<p>Like most marketing questions &ndash; it depends. You have to break the problems down into components and solve each issue for&nbsp;<em>your website<\/em>.<\/p>"}},"1511862417970":{"type":"faq-caption","settings":{"faq-caption":"Section #2"}},"1511862427658":{"type":"faq-qa","settings":{"faq-question":"How do I place an order?","faq-answer":"<p>If you have chosen a favorite sporting goods, then click 'Add to cart', and it will automatically be placed in your shopping cart. You can then continue to select products in our online store, adding to your shopping cart as sporting goods, as needed.If you have already completed the selection of sporting goods, then proceed directly to checkout.<\/p>"}}},"block_order":["1511862399762","1511862306665","1511862334267","1511862356459","1511862417970","1511862427658"],"settings":{}},"list-collections":{"type":"list-collections","blocks":{"1513084354153":{"type":"setting","settings":{"for_collection":"all-products","image":"shopify:\/\/shop_images\/promobox-05.jpg","color_title_c":"","color_title_h_c":"","color_info_h_c":"","color_quantity_h_c":"","color_h_bg":""}},"1513173718481":{"type":"setting","settings":{"for_collection":"audio","image":"shopify:\/\/shop_images\/promobox-06.jpg","color_title_c":"","color_title_h_c":"","color_info_h_c":"","color_quantity_h_c":"","color_h_bg":""}},"1513173735169":{"type":"setting","settings":{"for_collection":"collection1","image":"shopify:\/\/shop_images\/promobox-07.jpg","color_title_c":"","color_title_h_c":"","color_info_h_c":"","color_quantity_h_c":"","color_h_bg":""}},"1513173754598":{"type":"setting","settings":{"for_collection":"featured-products","image":"shopify:\/\/shop_images\/promobox-08.jpg","color_title_c":"","color_title_h_c":"","color_info_h_c":"","color_quantity_h_c":"","color_h_bg":""}},"1513173769936":{"type":"setting","settings":{"for_collection":"new-products","image":"shopify:\/\/shop_images\/promobox-09.jpg","color_title_c":"#ffffff","color_title_h_c":"","color_info_h_c":"","color_quantity_h_c":"","color_h_bg":""}},"1513173900379":{"type":"setting","settings":{"for_collection":"power-banks","image":"shopify:\/\/shop_images\/promobox-10.jpg","color_title_c":"","color_title_h_c":"","color_info_h_c":"","color_quantity_h_c":"","color_h_bg":""}},"1513173925191":{"type":"setting","settings":{"for_collection":"special-products","image":"shopify:\/\/shop_images\/promobox-06.jpg","color_title_c":"","color_title_h_c":"","color_info_h_c":"","color_quantity_h_c":"","color_h_bg":""}},"1513173938128":{"type":"setting","settings":{"for_collection":"trackers","image":"shopify:\/\/shop_images\/promobox-08.jpg","color_title_c":"","color_title_h_c":"","color_info_h_c":"","color_quantity_h_c":"","color_h_bg":""}},"1513173954140":{"type":"setting","settings":{"for_collection":"watches","image":"shopify:\/\/shop_images\/promobox-05.jpg","color_title_c":"","color_title_h_c":"","color_info_h_c":"","color_quantity_h_c":"","color_h_bg":""}}},"block_order":["1513084354153","1513173718481","1513173735169","1513173754598","1513173769936","1513173900379","1513173925191","1513173938128","1513173954140"],"settings":{}},"blog-article":{"type":"blog-article","settings":{"layout":"text","show_featured_image":true}}},"content_for_index":["1504161678752","1504619204161","1505897593590","1504619533211"]},"presets":{"Default":{"sections":{"collection-list":{"type":"collection-list","blocks":{"collection-list-0":{"type":"collection","settings":{}},"collection-list-1":{"type":"collection","settings":{}},"collection-list-2":{"type":"collection","settings":{}}},"block_order":["collection-list-0","collection-list-1","collection-list-2"],"settings":{}},"featured-collection":{"type":"featured-collection","settings":{"collection":"frontpage"}},"featured-product":{"type":"featured-product","settings":{}}},"content_for_index":["collection-list","featured-collection","featured-product"]}}}