{
  "current": {
    "favicon": "shopify:\/\/shop_images\/fav_icon_dark_1.png",
    "container_width": 1280,
    "container_fluid_offset": 65,
    "color_primary": "#000",
    "color_btn_bg_hover": "#000000",
    "color_field_bg": "#ffffff",
    "bg_cart_wishlist_count": "#da3f3f",
    "color_footer_bg": "#ffffff",
    "color_footer_link_hover": "#000000",
    "color_footer_bottom_bg": "#ffffff",
    "color_border": "#dedede",
    "img_overlay_opacity": 20,
    "tooltip_background_color": "#000000",
    "use_custom_font_body": true,
    "custom_body_font": "https:\/\/cdn.shopify.com\/s\/files\/1\/0561\/2742\/2636\/files\/Jost-Light.ttf?v=1618297125@300\nhttps:\/\/cdn.shopify.com\/s\/files\/1\/0561\/2742\/2636\/files\/Jost-Regular.ttf?v=1618297125@400\nhttps:\/\/cdn.shopify.com\/s\/files\/1\/0561\/2742\/2636\/files\/Jost-Medium.ttf?v=1618297125@500\nhttps:\/\/cdn.shopify.com\/s\/files\/1\/0561\/2742\/2636\/files\/Jost-SemiBold.ttf?v=1618297125@600\nhttps:\/\/cdn.shopify.com\/s\/files\/1\/0561\/2742\/2636\/files\/Jost-Bold.ttf?v=1618297125@700",
    "use_custom_font_heading": true,
    "custom_heading_font": "https:\/\/cdn.shopify.com\/s\/files\/1\/0561\/2742\/2636\/files\/Jost-Light.ttf?v=1618297125@300\nhttps:\/\/cdn.shopify.com\/s\/files\/1\/0561\/2742\/2636\/files\/Jost-Regular.ttf?v=1618297125@400\nhttps:\/\/cdn.shopify.com\/s\/files\/1\/0561\/2742\/2636\/files\/Jost-Medium.ttf?v=1618297125@500\nhttps:\/\/cdn.shopify.com\/s\/files\/1\/0561\/2742\/2636\/files\/Jost-SemiBold.ttf?v=1618297125@600\nhttps:\/\/cdn.shopify.com\/s\/files\/1\/0561\/2742\/2636\/files\/Jost-Bold.ttf?v=1618297125@700",
    "pcard_layout": "1",
    "show_badge_sale": true,
    "variant_option_design3": "color",
    "product_colors": "red: #FF6961,\nyellow: #FDDA76,\nblack: #000000,\nblack band: #000000,\nblue: #8DB4D2,\ngreen: #C1E1C1,\npurple: #B19CD9,\nsilver: #EEEEEF,\nwhite: #FFFFFF,\nbrown: #836953,\nlight brown: #B5651D,\ndark turquoise: #23cddc,\norange: #FFB347,\ntan: #E9D1BF,\nviolet: #B490B0,\npink: #FFD1DC,\ngrey: #E0E0E0,\nsky: #96BDC6,\npale leaf: #CCD4BF,\nlight blue: #b1c5d4,\ndark grey: #aca69f,\nbeige: #EBE6DB,\nbeige band: #EED9C4,\ndark blue: #063e66,\ncream: #FFFFCC,\nlight pink: #FBCFCD,\nmint: #bedce3,\ndark gray: #3A3B3C,\nrosy brown: #c4a287,\nlight grey:#D3D3D3,\ncopper: #B87333,\nrose gold: #ECC5C0,\nnight blue: #151B54,\ncoral: #FF7F50,\nlight purple: #C6AEC7",
    "filter_color1": "gingham",
    "filter_color2": "flannel",
    "share_facebook": true,
    "social_twitter_link": "",
    "social_facebook_link": "https:\/\/facebook.com\/",
    "social_facebook_label": "300k Followers",
    "social_pinterest_link": "",
    "social_instagram_link": "https:\/\/instagram.com\/",
    "social_instagram_label": "100k Followers",
    "wishlist_page": "",
    "product_compare_page": "",
    "gm_api": "",
    "instagram_token": "",
    "custom_css": ".sf__index-instagram .section-my {\n  margin-bottom: 0;\n}\n.sf-footer .form-control.form__control-icon {\n  border: 1px solid #d4d4d4;\n}\n.sf__index-custom-content-1 .image-card__content .sf__btn.sf__btn-link {\n  padding: 0;\n  font-weight: 400;\n}\n.sf__index-custom-content-1\n  .image-card__content\n  .sf__btn.sf__btn-link::before {\n  background-color: rgba(0, 0, 0, 0.25);\n  height: 1px;\n}\n.sf__index-custom-content-1\n  .image-card__content\n  .sf__btn.sf__btn-link::after {\n  height: 1px;\n}\n.sf__index-custom-content-1 .image-card__content-inner {\n  display: flex;\n  flex-direction: column;\n  align-items: flex-start;\n  height: 100%;\n  justify-content: space-between;\n}\n.sf__index-custom-content-1 .image-card__content-inner .image__card-subheading {\n  font-weight: 500;\n}\n@media (min-width: 768px) and (max-width: 1279px) {\n  .sf__index-instagram .sf-column .sf-grid {\n    margin: 0 -8px -16px;\n  }\n  .sf__index-instagram .sf-column {\n    padding: 0 8px 16px;\n  }\n}\n@media (min-width: 1280px) {\n  .sf-footer .sf__footer-block-newsletter .sf__footer-block-title {\n    font-size: 36px;\n    line-height: 52px;\n    font-weight: 400;\n  }\n}\n@media (max-width: 767px) {\n  .sf__index-custom-content-2 .sf__ms .image-card__content {\n    padding-top: 0.315rem;\n  }\n  .sf__index-product-tab .sf__ms + div.mt-8 {\n    margin-top: 0;\n  }\n  .sf__index-instagram .section-my {\n    margin-bottom: 40px;\n  }\n  .sf__index-slideshow a.sf__mobile-button {\n    width: 100%;\n  }\n}\n@media (max-width: 576px) {\n  .sf__index-product-tab .sf__btn-primary,\n  .sf__index-product-tab .sf__btn-secondary {\n    width: 100%;\n  }\n}\n\n.sf__index-product-tab .sf-tabs-container .product-tabs__header a {\n  font-weight: 500;\n}",
    "size_chart": "size-guide",
    "sections": {
      "header": {
        "type": "header",
        "blocks": {
          "d0890be7-4ef1-4c70-8e06-9ccc45c7f1b6": {
            "type": "topbar",
            "settings": {
              "show_divider": false,
              "show_phone_numb": false,
              "show_email": false,
              "show_social_links": true,
              "show_stores_page": false,
              "show_currency_switcher": true,
              "show_language_switcher": true,
              "alert_message": "Open Doors To A World Of Fashion  |  <span class=\"underline ml-2\"> Discover More<\/span>"
            }
          },
          "257e85de-44c2-46f4-ad24-4406f6505107": {
            "type": "custom_html",
            "settings": {
              "heading": "Home",
              "container": "container",
              "html": ""
            }
          },
          "f5163deb-82f0-4797-871b-86ce2b5b929d": {
            "type": "banner",
            "settings": {
              "heading": "Shop",
              "container": "container",
              "banner_style": "outside",
              "banner_link": "",
              "banner_title": "The New - Season Shoes Edit",
              "banner_desc": "",
              "banner_button_text": "Shop Now"
            }
          },
          "07d1a473-cc18-431b-9b4f-b446c90441ec": {
            "type": "product-list",
            "settings": {
              "heading": "Products",
              "container": "container-fluid",
              "stretch_width": false,
              "collection": "this-weeks-highlights",
              "limit": 6,
              "columns": 2
            }
          },
          "0e800760-65e4-4361-a74d-c3341fd15c2e": {
            "type": "custom_html",
            "settings": {
              "heading": "Features",
              "container": "inherit",
              "html": ""
            }
          }
        },
        "block_order": [
          "d0890be7-4ef1-4c70-8e06-9ccc45c7f1b6",
          "257e85de-44c2-46f4-ad24-4406f6505107",
          "f5163deb-82f0-4797-871b-86ce2b5b929d",
          "07d1a473-cc18-431b-9b4f-b446c90441ec",
          "0e800760-65e4-4361-a74d-c3341fd15c2e"
        ],
        "settings": {
          "header_design": "logo-center__2l",
          "container": "container-fluid",
          "header_sticky": true,
          "transparent_on_top": false,
          "logo_text": "MINIMOG",
          "logo_max_width": 145,
          "sticky_logo_max_width": 140,
          "mobile_logo_max_width": 105,
          "main_menu": "main-menu",
          "secondary_menu": "",
          "uppercase_parent_level": false,
          "search": "show_full",
          "show_account_icon": true,
          "show_cart_icon": true,
          "show_wishlist_icon": true,
          "show_compare_icon": true,
          "show_currency_switcher": false,
          "show_language_switcher": false
        }
      },
      "footer": {
        "type": "footer",
        "blocks": {
          "ce072611-70f1-4378-853e-0ccd41514098": {
            "type": "newsletter",
            "settings": {
              "title": "Don’t miss a thing",
              "description": "Enter your email below to be the first to know about new collections and product launches.",
              "email_placeholder": "Enter your email",
              "form_style": "bordered",
              "show_social": false,
              "width": "33%"
            }
          },
          "4aca3a7b-d918-449c-acee-0aa5efb6bb47": {
            "type": "spacing",
            "settings": {
              "width": "25%"
            }
          },
          "ad3c3166-8ef1-441a-832a-e4c7b30d78ab": {
            "type": "menu",
            "settings": {
              "menu": "main-menu",
              "title": "Information",
              "width": "25%"
            }
          },
          "9191e286-5f7f-4a14-8e7a-3f66ca11cc88": {
            "type": "menu",
            "settings": {
              "menu": "main-menu",
              "title": "Infomation",
              "width": "25%"
            }
          },
          "bbe19fad-7106-487a-a22f-247b07053e7e": {
            "type": "our_store",
            "settings": {
              "title": "Our store",
              "description": "<p>Find a location nearest<br\/>you. <a href=\"#\" title=\"#\"><span style=\"text-decoration:underline\">See Our Stores<\/span><\/a><\/p>",
              "show_email": true,
              "show_phone": true,
              "show_socials_link": false,
              "width": "25%"
            }
          }
        },
        "block_order": [
          "ce072611-70f1-4378-853e-0ccd41514098",
          "4aca3a7b-d918-449c-acee-0aa5efb6bb47",
          "ad3c3166-8ef1-441a-832a-e4c7b30d78ab",
          "9191e286-5f7f-4a14-8e7a-3f66ca11cc88",
          "bbe19fad-7106-487a-a22f-247b07053e7e"
        ],
        "settings": {
          "design": "footer-3",
          "container": "container-fluid",
          "bordered": false,
          "copyright": "© MINIMOG 2021",
          "show_currency_selector": false,
          "show_language_selector": false,
          "show_social_links": true,
          "show_payment_icons": true
        }
      },
      "annoucement": {
        "type": "annoucement",
        "settings": {
          "show_announcement": false,
          "homepage_only": true,
          "show_close": true,
          "message": "Open Doors To A World Of Fashion  |  <span class=\"underline\">Discover More<\/span>",
          "message_link": "",
          "show_divider": false
        }
      },
      "mobile-sticky-bar": {
        "type": "mobile-sticky-bar",
        "settings": {
          "show_mobile_sticky": true,
          "show_home_icon": true,
          "show_collection_icon": true,
          "show_cart_icon": true,
          "show_search_icon": true,
          "show_account_icon": false,
          "show_wishlist_icon": false
        }
      }
    }
  },
  "presets": {
    "Default": {
      "sections": {
        "featured-collection": {
          "type": "featured-collection",
          "settings": {
            "collection": "frontpage"
          }
        },
        "featured-product": {
          "type": "featured-product",
          "settings": {
          }
        }
      },
      "content_for_index": [
        "featured-collection",
        "featured-product"
      ]
    }
  }
}