{
  "current": {
    "favicon": "shopify:\/\/shop_images\/fav_icon_dark_1.png",
    "color_primary": "#d22727",
    "color_sub_text": "#666666",
    "color_btn_bg": "#d22727",
    "color_btn_bg_hover": "#000000",
    "prod_sale_price_color": "#666666",
    "prod_type_color": "#666666",
    "color_annoucement_bg": "#d22727",
    "color_annoucement_text": "#ffffff",
    "color_topbar_bg": "#e0e7e4",
    "color_topbar_text": "#000000",
    "color_header_bg": "#ffffff",
    "color_header_link": "#000000",
    "color_header_transparent": "#ffffff",
    "color_menu_bar_bg": "#000000",
    "color_menu_bar_text": "#f8f8f8",
    "color_footer_bg": "#faf4f4",
    "color_footer_text": "#000000",
    "color_footer_subtext": "#666666",
    "color_footer_link_hover": "#000000",
    "color_footer_bottom_bg": "#faf4f4",
    "color_footer_bottom_text": "#696969",
    "img_overlay_opacity": 20,
    "tooltip_background_color": "#000000",
    "type_base_font": "roboto_condensed_n4",
    "use_custom_font_body": true,
    "custom_body_font": "https:\/\/cdn.shopify.com\/s\/files\/1\/0042\/0750\/9567\/files\/RobotoCondensed-Regular.ttf?v=1623309190@400\nhttps:\/\/cdn.shopify.com\/s\/files\/1\/0042\/0750\/9567\/files\/RobotoCondensed-Bold.ttf?v=1623309190@700",
    "custom_body_weight": "400",
    "type_header_font": "roboto_condensed_n7",
    "use_custom_font_heading": true,
    "custom_heading_font": "https:\/\/cdn.shopify.com\/s\/files\/1\/0042\/0750\/9567\/files\/Worthbites_Rough.otf?v=1623298795",
    "custom_heading_weight": "400",
    "type_header_base_size": 50,
    "btn_base_size": 15,
    "btn_border_radius": 0,
    "btn_weight": "700",
    "pcard_layout": "1",
    "pcard_alignment": "center",
    "pcard_image_ratio": "1\/1",
    "show_vendor": false,
    "uppercase_prd_name": true,
    "variant_option_design3": "color",
    "show_variant_swatch_image": true,
    "product_colors": "red: #FF6961,\nyellow: #FDDA76,\nblack: #000000,\nblue: #8DB4D2,\ngreen: #C1E1C1,\npurple: #B19CD9,\nsilver: #EEEEEF,\nwhite: #FFFFFF,\nbrown: #836953,\nlight-brown: #feb035,\ndark-turquoise: #23cddc,\norange: #FFB347,\ntan: #E9D1BF,\nviolet: #B490B0,\npink: #FFD1DC,\ngrey: #E0E0E0,\nsky: #96BDC6,\npale-leaf: #CCD4BF",
    "filter_color1": "",
    "share_facebook": true,
    "social_twitter_link": "https:\/\/twitter.com\/home",
    "social_facebook_link": "https:\/\/facebook.com\/",
    "social_pinterest_link": "https:\/\/pinterest.com\/",
    "social_instagram_link": "https:\/\/instagram.com\/",
    "wishlist_page": "",
    "product_compare_page": "",
    "gm_api": "",
    "instagram_token": "",
    "custom_css": ".sf-custom .content__subheading,\n.section__subheading,\n.image__with-text .content__subheading {\n  font-weight: 700;\n  color: var(--color-primary);\n  margin-bottom: 10px;\n}\n.sf__index-icon-box {\n  border-top: 1px solid #eeeeee;\n}\n.sf__index-icon-box .section-py {\n  padding-top: 45px;\n  padding-bottom: 0;\n}\n.sf__index-icon-box .sf-icon-box__text h3 {\n  font-family: \"SF-Body-font\";\n  font-weight: 700;\n  font-size: 18px;\n  line-height: 1.4;\n}\n.sf__footer-block-newsletter .sf__footer-block-title {\n  font-size: 60px;\n}\n.sf__newletter__form-input {\n  background: #fff;\n  border-radius: 0;\n  border-color: transparent;\n}\nform.sf__footer-form-newsletter .sf__form-submit {\n  background-color: var(--color-primary);\n  color: #fff !important;\n}\n.sf-footer__block:not(.sf__footer-block-newsletter) .sf__footer-block-title {\n  font-family: \"SF-Body-font\";\n  font-weight: 700;\n}\n.sf__footer-block-our_store svg path {\n  fill: #000;\n}\n.sf__footer-block-our_store .social-media-links {\n  margin: 0px -28px;\n  margin-top: 25px;\n}\n.sf__footer-block-our_store .social-media-links a {\n  padding: 0 20px;\n}\n.sf__pcard-name,\nul.sf-nav li a.sf__parent-item {\n  font-weight: 700;\n}\nul.sf-nav li a.sf__parent-item {\n  letter-spacing: 1px;\n}\n.sf__pcard-price .prod__price {\n  font-weight: 700;\n  color: var(--color-primary);\n}\n.sf__custom-heading {\n  font-size: 100px;\n  line-height: 1;\n}\n.sf__pcard-image:hover .sf__pcard-quick-add .add-to-cart:hover {\n  box-shadow: none;\n}\n.sf__pcard-image:hover .sf__pcard-action .sf__btn-icon:hover {\n  box-shadow: none;\n}\n.sf__index-hero-2 .sf-hero__title {\n  font-size: 4rem;\n}\n\n@media (min-width: 1025px) {\n  .sf__index-custom-content .sf-custom__block--text {\n    padding-left: 100px;\n  }\n}\n@media (min-width: 768px) {\n  .sf__custom-heading {\n    font-size: 170px;\n    line-height: 140px;\n  }\n}\n@media (max-width: 767px) {\n  .sf__index-custom-content .content__heading {\n    font-size: 2rem;\n  }\n  .image__with-text .content__heading {\n    font-size: 2rem;\n  }\n  .sf__index-featured-collection .section__heading {\n    font-size: 2rem !important;\n  }\n  .sf__index-hero-1 .sf-hero__title {\n    line-height: 1;\n  }\n  .sf__accordion-button.sf__footer-block-title {\n    font-size: 1.5rem;\n  }\n}",
    "use_theme_currencies": true,
    "theme_currencies": "USD | EUR | GBP | VND",
    "sections": {
      "page-faqs": {
        "type": "page-faqs",
        "blocks": {
          "2802736b-f08f-4510-a4f7-4ad7d748992d": {
            "type": "content",
            "settings": {
              "content": "<div class=\"mb-10\"><img src=\"https:\/\/cdn.shopify.com\/s\/files\/1\/0561\/2742\/2636\/files\/faqs.jpg?v=1620784288\"><\/div>\n<h3 class=\"font-medium text-xl mb-4\">Awkwardness gives me great comfort. I’ve never been cool, but I’ve felt cool. I’ve been in the cool place, but I wasn’t really cool – I was trying to pass for hip or cool.<\/h3>\n<p>A girl should be two things: classy and fabulous. I am convinced that there can be luxury in simplicity. I wanted to dress the woman who lives and works, not the woman in a painting. It’s hard to balance everything. It’s always challenging. My relationships with producers or photographers – these are relationships that took years. I can’t get sucked into that celebrity thing, because I think it’s just crass. My aim is to make the poor look rich.<\/p>"
            }
          },
          "4e151238-4480-4122-b893-7f4a19886e4c": {
            "type": "accordion",
            "settings": {
              "title": "What shipping methods are availbale?",
              "content": "<p>Lorem ipsum dolor sit amet conse ctetur adipisicing elit, sed do eiusmod tempor incididunt ut labore et dolore magna aliqua. Ut enim ad minim veniam, quis nostrud exercitation ullamco laboris nisi ut aliquip ex ea commodo consequat. Duis aute irure dolor in reprehenderit in voluptate velit esse cillum dolore eu fugiat.<br\/><br\/>Ut enim ad minim veniam, quis nostrud exercitation ullamco laboris nisi ut aliquip ex ea commodo consequat. Duis aute irure dolor in reprehenderit.<\/p>",
              "open": true
            }
          },
          "c5d4d04d-f6c1-4d1e-99f0-3c221393a3cf": {
            "type": "accordion",
            "settings": {
              "title": "How long will it take to get my package?",
              "content": "<p>Lorem ipsum dolor sit amet conse ctetur adipisicing elit, sed do eiusmod tempor incididunt ut labore et dolore magna aliqua. Ut enim ad minim veniam, quis nostrud exercitation ullamco laboris nisi ut aliquip.<\/p>",
              "open": false
            }
          },
          "0131747b-8b40-432f-b634-b1289ec41911": {
            "type": "accordion",
            "settings": {
              "title": "Do you ship internationally?",
              "content": "<p>Lorem ipsum dolor sit amet conse ctetur adipisicing elit, sed do eiusmod tempor incididunt ut labore et dolore magna aliqua. Ut enim ad minim veniam, quis nostrud exercitation ullamco laboris nisi ut aliquip.<\/p>",
              "open": false
            }
          },
          "5d7206e9-5375-4da6-9a1f-24e1c46230b0": {
            "type": "accordion",
            "settings": {
              "title": "What payment methods are accepted?",
              "content": "<p>Lorem ipsum dolor sit amet conse ctetur adipisicing elit, sed do eiusmod tempor incididunt ut labore et dolore magna aliqua. Ut enim ad minim veniam, quis nostrud exercitation ullamco laboris nisi ut aliquip ex ea commodo consequat. Duis aute irure dolor in reprehenderit in voluptate velit esse cillum dolore eu fugiat.<\/p>",
              "open": false
            }
          },
          "4008f61e-055e-42ba-8969-cb3715c0aece": {
            "type": "accordion",
            "settings": {
              "title": "Is buying on-line safe?",
              "content": "<p>Lorem ipsum dolor sit amet conse ctetur adipisicing elit, sed do eiusmod tempor incididunt ut labore et dolore magna aliqua. Ut enim ad minim veniam, quis nostrud exercitation ullamco laboris nisi ut aliquip.<\/p>",
              "open": false
            }
          }
        },
        "block_order": [
          "2802736b-f08f-4510-a4f7-4ad7d748992d",
          "4e151238-4480-4122-b893-7f4a19886e4c",
          "c5d4d04d-f6c1-4d1e-99f0-3c221393a3cf",
          "0131747b-8b40-432f-b634-b1289ec41911",
          "5d7206e9-5375-4da6-9a1f-24e1c46230b0",
          "4008f61e-055e-42ba-8969-cb3715c0aece"
        ],
        "settings": {
          "menu": "faqs-menu"
        }
      },
      "collection-list": {
        "type": "collection-list",
        "settings": {
        }
      },
      "featured-collection": {
        "type": "featured-collection",
        "settings": {
          "collection": "frontpage"
        }
      },
      "featured-product": {
        "type": "featured-product",
        "settings": {
        }
      },
      "slider": {
        "type": "slider",
        "settings": {
        }
      },
      "header": {
        "type": "header",
        "blocks": {
          "9e350701-eff0-49bf-9249-98cadf57a7a2": {
            "type": "banner",
            "settings": {
              "heading": "Shop",
              "container": "inherit",
              "banner_style": "outside",
              "banner_link": "",
              "banner_title": "New collection",
              "banner_desc": "",
              "banner_button_text": "Shop now"
            }
          },
          "91f680e4-56cc-4eb1-835b-df642768f1f7": {
            "type": "product-list",
            "settings": {
              "heading": "Product",
              "container": "inherit",
              "stretch_width": false,
              "collection": "pizza",
              "limit": 6,
              "columns": 2
            }
          },
          "3a25eec8-c369-4ad4-91bd-fcd40cbaef8a": {
            "type": "custom_html",
            "settings": {
              "heading": "Features",
              "container": "inherit",
              "html": ""
            }
          }
        },
        "block_order": [
          "9e350701-eff0-49bf-9249-98cadf57a7a2",
          "91f680e4-56cc-4eb1-835b-df642768f1f7",
          "3a25eec8-c369-4ad4-91bd-fcd40cbaef8a"
        ],
        "settings": {
          "header_design": "logo-center-menu-left",
          "container": "container-fluid",
          "header_sticky": true,
          "transparent_on_top": false,
          "logo_text": "MINIMOG",
          "logo_max_width": 60,
          "sticky_logo_max_width": 105,
          "mobile_logo_max_width": 40,
          "main_menu": "main-menu",
          "secondary_menu": "",
          "uppercase_parent_level": true,
          "search": "show_icon",
          "show_account_icon": true,
          "show_cart_icon": true,
          "show_wishlist_icon": true,
          "show_compare_icon": true,
          "show_currency_switcher": false,
          "show_language_switcher": false
        }
      },
      "footer": {
        "type": "footer",
        "blocks": {
          "494c911f-7281-40a1-85fa-a596a6431858": {
            "type": "newsletter",
            "settings": {
              "title": "DON’T MISS A THING",
              "description": "Enter your email below to be the first to know about\n new collections and product launches.",
              "email_placeholder": "Enter your email",
              "form_style": "bordered",
              "show_social": false,
              "width": "50%"
            }
          },
          "2bd3b7d0-e898-4720-82ab-227b7e3815b4": {
            "type": "spacing",
            "settings": {
              "width": "16%"
            }
          },
          "7527ffa4-1a31-4e5c-b642-96aa834daf84": {
            "type": "menu",
            "settings": {
              "menu": "main-menu",
              "title": "SERVICES",
              "width": "33%"
            }
          },
          "d8c8c58e-d351-460c-8c9a-07699b7bf072": {
            "type": "custom_text",
            "settings": {
              "title": "COMPANY",
              "image_max": "200px",
              "description": "<p>Find a location nearest<br\/>you. <a href=\"#\" title=\"#\"><span style=\"text-decoration:underline\">See Our Stores<\/span><\/a><br\/><br\/>+391 (0)35 2568 4593<br\/>hello@domain.com<\/p>",
              "width": "33%"
            }
          },
          "42faeadd-108c-4df1-b802-4431a88bab93": {
            "type": "our_store",
            "settings": {
              "title": "SOCIAL MEDIA",
              "description": "",
              "show_email": false,
              "show_phone": false,
              "show_socials_link": true,
              "width": "33%"
            }
          }
        },
        "block_order": [
          "494c911f-7281-40a1-85fa-a596a6431858",
          "2bd3b7d0-e898-4720-82ab-227b7e3815b4",
          "7527ffa4-1a31-4e5c-b642-96aa834daf84",
          "d8c8c58e-d351-460c-8c9a-07699b7bf072",
          "42faeadd-108c-4df1-b802-4431a88bab93"
        ],
        "settings": {
          "design": "footer-1",
          "container": "container-fluid",
          "bordered": false,
          "copyright": "© Minimog 2021",
          "show_currency_selector": false,
          "show_language_selector": false,
          "show_social_links": false,
          "show_payment_icons": true
        }
      },
      "collection-page-header": {
        "type": "collection-page-header",
        "settings": {
          "layout": "inside",
          "header_height": "small",
          "text_alignment": "center",
          "vertical_alignment": "center",
          "bg_color": "#ffffff",
          "enable_parallax": true,
          "show_breadcrumb": true,
          "upper_title": false
        }
      },
      "product-template": {
        "type": "product-template",
        "settings": {
          "container": "container",
          "layout": "layout-6",
          "show_tags": false,
          "show_vendor": false,
          "show_sku": false,
          "show_categories": false,
          "show_reviews_count": true,
          "show_quantity_selector": true,
          "enable_dynamic_checkout": true,
          "hide_atc_button": false,
          "show_atwl": true,
          "show_atcp": true,
          "show_ask_a_question": true,
          "show_social": true,
          "show_live_views": true,
          "live_views_text": "<p><strong>{{count_number}}<\/strong> <strong>people<\/strong> are viewing this right now<\/p>",
          "live_views_range": "20-30",
          "live_view_duration": "10",
          "live_view_icon_blinks": true,
          "show_delivery_times": true,
          "deliver_text": "Estimated Delivery:",
          "deliver_days": "3",
          "show_shipping_text": true,
          "shipping_text": "<p><strong>Free Shipping & Returns: <\/strong>On all orders over $75<\/p>",
          "show_trust_badges": true,
          "trust_badges_text": "<p>Guarantee safe & secure checkout<\/p>",
          "trust_badges_image": "shopify:\/\/shop_images\/trustbag.png",
          "trust_badges_image_width": "320px",
          "use_sticky_atc": true,
          "sticky_atc_wishtlist": false,
          "sticky_atc_compare": false
        }
      },
      "product-details-tabs": {
        "type": "product-details-tabs",
        "blocks": {
          "4db8ad16-886f-47f7-9b57-fc68b39fb2d4": {
            "type": "description",
            "settings": {
              "header": "Product description"
            }
          },
          "889646a3-337f-4bb5-ba10-b31adfd99a72": {
            "type": "tab",
            "settings": {
              "header": "Shipping & Return",
              "content": "<p>So beautiful you’ll want to show it off, so comfortable you’ll forget it’s there. Our 24\/7™ Lace Contour Plunge Bra combines gorgeous floral lace with sheer overlay straps that hold you in and eliminates gaping. Removable pads let you customize you<\/p>"
            }
          },
          "eb90a1ab-203f-4661-b7ce-f2fa548df630": {
            "type": "reviews",
            "settings": {
              "header": "Product reviews"
            }
          }
        },
        "block_order": [
          "4db8ad16-886f-47f7-9b57-fc68b39fb2d4",
          "889646a3-337f-4bb5-ba10-b31adfd99a72",
          "eb90a1ab-203f-4661-b7ce-f2fa548df630"
        ],
        "settings": {
          "show_product_tabs": true,
          "container": "container",
          "bg_color": ""
        }
      },
      "product-reviews": {
        "type": "product-reviews",
        "settings": {
          "show_product_reviews": false,
          "container": "container-narrow",
          "heading": "Ratings and Reviews"
        }
      },
      "product-recommendations": {
        "type": "product-recommendations",
        "settings": {
          "show_product_recommendations": true,
          "container": "container",
          "heading": "You Might Also Like",
          "limit": 8,
          "columns": 4,
          "column_gap": 30,
          "enable_slider": true
        }
      },
      "brand-page-header": {
        "type": "brand-page-header",
        "blocks": {
          "09dfe2e1-10c2-4cee-a033-a90b143c85f3": {
            "type": "information",
            "settings": {
              "collection": "retrolie",
              "logo": "shopify:\/\/shop_images\/1.png",
              "content": "<p>Developed by Goop founder, wellness advocate and - academy award-winner, Gwyneth Paltrow, this high performing skincare line is where luxury formulas meet pure organic ingredients and the results are skin-changing. <\/p><p>Goop is passionate about the idea that beauty comes from the inside out. So they use clinically proven and best-in-class ingredients at active levels to create skin care, skin-boosting ingestibles, and body essentials that are luxurious, deliver high-performance results, and enliven the senses with exquisite textures and beautiful scents.<\/p>",
              "image_1": "shopify:\/\/shop_images\/1_8e8151b6-3555-4abf-8dd6-5347182bbcd0.jpg",
              "image_2": "shopify:\/\/shop_images\/2_9a1b3099-775a-4093-9ece-6cfaa04a06fe.jpg",
              "image_3": "shopify:\/\/shop_images\/3_7b9fc65c-8202-4449-a828-d03ac03c6d38.jpg"
            }
          },
          "c8ee188c-a84f-4cf2-a8af-aacb9bf78785": {
            "type": "information",
            "settings": {
              "collection": "abby",
              "logo": "shopify:\/\/shop_images\/2.png",
              "content": "<p>Developed by Goop founder, wellness advocate and - academy award-winner, Gwyneth Paltrow, this high performing skincare line is where luxury formulas meet pure organic ingredients and the results are skin-changing. <\/p><p>Goop is passionate about the idea that beauty comes from the inside out. So they use clinically proven and best-in-class ingredients at active levels to create skin care, skin-boosting ingestibles, and body essentials that are luxurious, deliver high-performance results, and enliven the senses with exquisite textures and beautiful scents.<\/p>",
              "image_1": "shopify:\/\/shop_images\/4.jpg",
              "image_2": "shopify:\/\/shop_images\/5.jpg",
              "image_3": "shopify:\/\/shop_images\/6.jpg"
            }
          },
          "e56a3991-3115-47d4-b7e6-43e962712fc6": {
            "type": "information",
            "settings": {
              "collection": "minimog",
              "logo": "shopify:\/\/shop_images\/3.png",
              "content": "<p>Developed by Goop founder, wellness advocate and - academy award-winner, Gwyneth Paltrow, this high performing skincare line is where luxury formulas meet pure organic ingredients and the results are skin-changing. <\/p><p>Goop is passionate about the idea that beauty comes from the inside out. So they use clinically proven and best-in-class ingredients at active levels to create skin care, skin-boosting ingestibles, and body essentials that are luxurious, deliver high-performance results, and enliven the senses with exquisite textures and beautiful scents.<\/p>",
              "image_1": "shopify:\/\/shop_images\/7.jpg",
              "image_2": "shopify:\/\/shop_images\/8.jpg",
              "image_3": "shopify:\/\/shop_images\/9.jpg"
            }
          },
          "98bac8d0-393b-4f50-91b8-052a49e29dd0": {
            "type": "information",
            "settings": {
              "collection": "brook",
              "logo": "shopify:\/\/shop_images\/4.png",
              "content": "<p>Developed by Goop founder, wellness advocate and - academy award-winner, Gwyneth Paltrow, this high performing skincare line is where luxury formulas meet pure organic ingredients and the results are skin-changing. <\/p><p>Goop is passionate about the idea that beauty comes from the inside out. So they use clinically proven and best-in-class ingredients at active levels to create skin care, skin-boosting ingestibles, and body essentials that are luxurious, deliver high-performance results, and enliven the senses with exquisite textures and beautiful scents.<\/p>",
              "image_1": "shopify:\/\/shop_images\/10.jpg",
              "image_2": "shopify:\/\/shop_images\/11.jpg",
              "image_3": "shopify:\/\/shop_images\/12.jpg"
            }
          },
          "2b4a1841-6d7a-468b-ba3b-a5fd307cf9aa": {
            "type": "information",
            "settings": {
              "collection": "learts",
              "logo": "shopify:\/\/shop_images\/5.png",
              "content": "<p>Developed by Goop founder, wellness advocate and - academy award-winner, Gwyneth Paltrow, this high performing skincare line is where luxury formulas meet pure organic ingredients and the results are skin-changing. <\/p><p>Goop is passionate about the idea that beauty comes from the inside out. So they use clinically proven and best-in-class ingredients at active levels to create skin care, skin-boosting ingestibles, and body essentials that are luxurious, deliver high-performance results, and enliven the senses with exquisite textures and beautiful scents.<\/p>",
              "image_1": "shopify:\/\/shop_images\/13.jpg",
              "image_2": "shopify:\/\/shop_images\/14.jpg",
              "image_3": "shopify:\/\/shop_images\/15.jpg"
            }
          },
          "b54aa75a-c232-474e-9d92-2027e31cd066": {
            "type": "information",
            "settings": {
              "collection": "vagabond",
              "logo": "shopify:\/\/shop_images\/6.png",
              "content": "<p>Developed by Goop founder, wellness advocate and - academy award-winner, Gwyneth Paltrow, this high performing skincare line is where luxury formulas meet pure organic ingredients and the results are skin-changing. <\/p><p>Goop is passionate about the idea that beauty comes from the inside out. So they use clinically proven and best-in-class ingredients at active levels to create skin care, skin-boosting ingestibles, and body essentials that are luxurious, deliver high-performance results, and enliven the senses with exquisite textures and beautiful scents.<\/p>",
              "image_1": "shopify:\/\/shop_images\/16.jpg",
              "image_2": "shopify:\/\/shop_images\/17.jpg",
              "image_3": "shopify:\/\/shop_images\/18.jpg"
            }
          }
        },
        "block_order": [
          "09dfe2e1-10c2-4cee-a033-a90b143c85f3",
          "c8ee188c-a84f-4cf2-a8af-aacb9bf78785",
          "e56a3991-3115-47d4-b7e6-43e962712fc6",
          "98bac8d0-393b-4f50-91b8-052a49e29dd0",
          "2b4a1841-6d7a-468b-ba3b-a5fd307cf9aa",
          "b54aa75a-c232-474e-9d92-2027e31cd066"
        ],
        "settings": {
        }
      },
      "collection-brand": {
        "type": "collection-brand",
        "settings": {
          "grid_layout": "grid",
          "pagination_limit": "12",
          "grid_columns": "3",
          "collection_paginate": "paginate",
          "show_filter": true,
          "sidebar": "leftColumn"
        }
      },
      "contact-information": {
        "type": "contact-information",
        "settings": {
        }
      },
      "maps": {
        "type": "maps",
        "settings": {
          "textx": "40.6700",
          "texty": "-73.9400",
          "zoom": "11",
          "text2": "New York"
        }
      },
      "contact-template": {
        "type": "contact-template",
        "blocks": {
          "458d6546-c5d0-4128-8fa6-162080bdf85f": {
            "type": "textblock",
            "settings": {
              "title": "Address",
              "content": "<p>7895 Piermont Dr NE Albuquerque, NM 198866, <a href=\"#\">See Our Stores<\/a><\/p>"
            }
          },
          "d2fd611c-a50a-4871-b401-b51dff320d34": {
            "type": "textblock",
            "settings": {
              "title": "Information",
              "content": "<p>+391 (0)35 2568 4593<\/p><p>hello@domain.com<\/p>"
            }
          },
          "159b3b43-a6d9-4cb9-b78d-04f5a5bae350": {
            "type": "socialmedia",
            "settings": {
              "title": "Social Media"
            }
          },
          "5c486a84-9bdd-4d24-8ac7-5c428593cf33": {
            "type": "textblock",
            "settings": {
              "title": "We're Open",
              "content": "<p>Our store has re-opened for shopping, exchanges<\/p><p>Every day 11am to 7pm<\/p>"
            }
          }
        },
        "block_order": [
          "458d6546-c5d0-4128-8fa6-162080bdf85f",
          "d2fd611c-a50a-4871-b401-b51dff320d34",
          "159b3b43-a6d9-4cb9-b78d-04f5a5bae350",
          "5c486a84-9bdd-4d24-8ac7-5c428593cf33"
        ],
        "settings": {
          "title": "We would love to hear from you.",
          "description": "<p>If you’ve got great products your making or looking to work with us then drop us a line.<\/p>"
        }
      },
      "content-before-products": {
        "type": "content-before-products",
        "settings": {
          "container": "container-fluid",
          "background_color": "",
          "gap": 30,
          "gap_mobile": 16
        }
      },
      "collection-template": {
        "type": "collection-template",
        "settings": {
          "container": "container",
          "grid_layout": "grid",
          "grid_columns": "4",
          "pagination_limit": "12",
          "collection_paginate": "paginate",
          "show_filter": true,
          "sidebar": "leftColumn"
        }
      },
      "content-after-products": {
        "type": "content-after-products",
        "settings": {
          "container": "container-fluid",
          "background_color": "",
          "gap": 30,
          "gap_mobile": 16
        }
      },
      "recent-viewed-products": {
        "type": "recent-viewed-products",
        "settings": {
          "heading": "Recently Viewed Products",
          "container": "container",
          "columns": 4,
          "column_gap": 30,
          "enable_slider": true,
          "show_product_page": true,
          "show_cart_page": true,
          "show_collection_page": false
        }
      },
      "annoucement": {
        "type": "annoucement",
        "settings": {
          "show_announcement": true,
          "homepage_only": true,
          "show_close": true,
          "message": "Order by phone: (310) 839-9009  |  Shop our Spring Bounty Sale",
          "message_link": "",
          "show_divider": false
        }
      },
      "1623299451ebddfdef": {
        "type": "image-with-text-2",
        "settings": {
          "container": "w-full",
          "hero_size": "large",
          "show_overlay": false,
          "bg_position": "center",
          "parallax": false,
          "content_in_container": false,
          "content_position": "center middle",
          "text_alignment": "center",
          "text_size": "large",
          "text_color": "white",
          "title": "<span class=\"sf__custom-heading\">PIZZA<br>\nHOMEMADE<\/span>",
          "subtitle": "",
          "text": "",
          "button_label": "ORDER NOW",
          "button_link": "",
          "button_style": "sf__btn-primary",
          "button_size": "",
          "custom_class": "sf__index-hero-1"
        }
      },
      "162329976910776af4": {
        "type": "custom-content",
        "blocks": {
          "162329976910776af4-1": {
            "type": "image",
            "settings": {
              "width": "25%",
              "alignment": "center",
              "block_custom_class": ""
            }
          },
          "20859654-fbe7-46df-b85e-a1f7622aecd6": {
            "type": "image",
            "settings": {
              "width": "25%",
              "alignment": "center",
              "block_custom_class": ""
            }
          },
          "162329976910776af4-0": {
            "type": "text",
            "settings": {
              "title": "THE REAL ITALIAN TASTES",
              "subheading": "OUR PIZZA",
              "text": "<p>We work closely with our team of artisan shoemakers in Italy, utilizing<br\/> sustainable materials and processes to develop a new kind of luxury - a luxury<br\/> that seeks to slow the fashion cycle, a luxury that focuses on craftsmanship<br\/> and a luxury that helps to increase <\/p>",
              "width": "50%",
              "alignment": "center",
              "align_text": "left",
              "text_size": "medium",
              "text_color": "black",
              "button_label": "ABOUT US",
              "button_link": "",
              "button_style": "sf__btn-primary",
              "button_size": "",
              "block_custom_class": ""
            }
          }
        },
        "block_order": [
          "162329976910776af4-1",
          "20859654-fbe7-46df-b85e-a1f7622aecd6",
          "162329976910776af4-0"
        ],
        "settings": {
          "heading": "",
          "subheading": "",
          "description": "",
          "header_alignment": "center",
          "container": "container-fluid",
          "background_color": "",
          "gap": 30,
          "use_scroll_mobile": false,
          "gap_mobile": 16,
          "custom_class": "sf__index-custom-content"
        }
      },
      "1623307299b5e2ad4e": {
        "type": "featured-collection",
        "settings": {
          "heading": "CUSTOMER FAVORITES",
          "subheading": "GOOD TASTE",
          "description": "",
          "header_alignment": "center",
          "container": "container-fluid",
          "background_color": "rgba(0,0,0,0)",
          "collection": "customer-favorites-pizza",
          "product_to_show": 4,
          "items_per_row": 4,
          "item_gap": 30,
          "pcard_layout": "",
          "pcard_image_ratio": "",
          "show_vendor": false,
          "enable_slider": false,
          "show_pagination": false,
          "show_navigation": false,
          "button_type": "link",
          "button_text": "",
          "button_style": "sf__btn-primary",
          "button_size": "",
          "infinite_load": false,
          "max_page_load": 3,
          "use_scroll_mobile": true,
          "item_gap_mobile": 10,
          "custom_class": "sf__index-featured-collection"
        }
      },
      "1623307467fcdb42f8": {
        "type": "image-with-text-2",
        "settings": {
          "container": "container-fluid",
          "hero_size": "large",
          "show_overlay": true,
          "bg_position": "center",
          "parallax": false,
          "content_in_container": false,
          "content_position": "center middle",
          "text_alignment": "center",
          "text_size": "large",
          "text_color": "white",
          "title": "<span class=\"sf__custom-heading-content\">EAT PIZZA FROM HOME<\/span>",
          "subtitle": "<img class=\"w-16 mx-auto\" src=\"https:\/\/cdn.shopify.com\/s\/files\/1\/0042\/0750\/9567\/files\/10.png?v=1623307694\">",
          "text": "",
          "button_label": "VIEW MENU",
          "button_link": "",
          "button_style": "sf__btn-primary",
          "button_size": "",
          "custom_class": "sf__index-hero-2"
        }
      },
      "16233078254c934704": {
        "type": "featured-collection",
        "settings": {
          "heading": "THIS WEEK’S PIZZAS",
          "subheading": "GOOD TASTE",
          "description": "",
          "header_alignment": "center",
          "container": "container-fluid",
          "background_color": "rgba(0,0,0,0)",
          "collection": "this-weeks-pizza",
          "product_to_show": 4,
          "items_per_row": 4,
          "item_gap": 30,
          "pcard_layout": "",
          "pcard_image_ratio": "",
          "show_vendor": false,
          "enable_slider": false,
          "show_pagination": false,
          "show_navigation": false,
          "button_type": "link",
          "button_text": "",
          "button_style": "sf__btn-primary",
          "button_size": "",
          "infinite_load": false,
          "max_page_load": 3,
          "use_scroll_mobile": true,
          "item_gap_mobile": 10,
          "custom_class": ""
        }
      },
      "1623307884189e0a5c": {
        "type": "image-with-text",
        "settings": {
          "heading": "",
          "subheading": "",
          "container": "container-fluid",
          "background_color": "rgba(0,0,0,0)",
          "item_gap": 100,
          "item_gap_mobile": 30,
          "layout": "right",
          "image_column_size": "6",
          "title": "BUY ONE GET ONE FREE",
          "sub_title": "PROMOTION",
          "text": "<p>We work closely with our team of artisan shoemakers in Italy, utilizing <br\/>sustainable materials and processes to develop a new kind of luxury - a luxury<br\/> that seeks to slow the fashion cycle, a luxury that focuses on craftsmanship<br\/> and a luxury that helps to increase <\/p>",
          "text_size": "large",
          "content_alignment": "left",
          "button_label": "VIEW MENU",
          "button_link": "",
          "button_style": "sf__btn-primary",
          "button_size": "",
          "custom_class": ""
        }
      },
      "162330833405deda07": {
        "type": "icon-box",
        "blocks": {
          "162330833405deda07-0": {
            "type": "iconbox",
            "settings": {
              "title": "FAST DELIVERY",
              "description": "<p>Free Shipping for orders over £130<\/p>",
              "link": "",
              "button_label": "",
              "button_link": "",
              "button_style": "sf__btn-link",
              "button_size": ""
            }
          },
          "162330833405deda07-1": {
            "type": "iconbox",
            "settings": {
              "title": "PICKUP IN STORE",
              "description": "<p>Within 30 days for an exchange.<\/p>",
              "link": "",
              "button_label": "",
              "button_link": "",
              "button_style": "sf__btn-link",
              "button_size": ""
            }
          },
          "162330833405deda07-2": {
            "type": "iconbox",
            "settings": {
              "title": "SEAT RESERVATION",
              "description": "<p>24 hours a day, 7 days a week<\/p>",
              "link": "",
              "button_label": "",
              "button_link": "",
              "button_style": "sf__btn-link",
              "button_size": ""
            }
          },
          "380c3537-6c18-4f06-a408-71041c5c185c": {
            "type": "iconbox",
            "settings": {
              "title": "PRO SERVICES",
              "description": "<p>Pay with Multiple Credit Cards<\/p>",
              "link": "",
              "button_label": "",
              "button_link": "",
              "button_style": "sf__btn-link",
              "button_size": ""
            }
          }
        },
        "block_order": [
          "162330833405deda07-0",
          "162330833405deda07-1",
          "162330833405deda07-2",
          "380c3537-6c18-4f06-a408-71041c5c185c"
        ],
        "settings": {
          "heading": "",
          "subheading": "",
          "description": "",
          "header_alignment": "center",
          "container": "container-fluid",
          "background_color": "#ffffff",
          "item_per_row": 4,
          "item_gap": 30,
          "item_gap_mobile": 10,
          "card_style": "horizontal",
          "image_max_width": "40px",
          "content_alignment": "start",
          "hover_effect": "none",
          "enable_slider": false,
          "show_pagination": false,
          "show_navigation": false,
          "use_scroll_mobile": false,
          "use_grid_column_mb": false,
          "custom_class": "sf__index-icon-box"
        }
      },
      "product-details-accordion": {
        "type": "product-details-accordion",
        "settings": {
          "show_accordion": true,
          "use_container": false,
          "position": "bottom_info"
        }
      },
      "product-features": {
        "type": "product-features",
        "blocks": {
          "4cacfe54-185e-4a93-b051-465d365bd2d6": {
            "type": "feature",
            "settings": {
              "image": "shopify:\/\/shop_images\/Frame_1.png",
              "title": "Free Shipping",
              "description": "<p>Get complimentary ground shipping on every <br\/>order.Don’t love it? Send it back, on us.<\/p>",
              "link": ""
            }
          },
          "657be1b4-5e4f-4994-bebd-c86fcd3fe53d": {
            "type": "feature",
            "settings": {
              "image": "shopify:\/\/shop_images\/Frame_2.png",
              "title": "Earn Points",
              "description": "<p>Join Minimog Rewards to earn gift cards<br\/>and enjoy exclusive member benefits.<\/p>",
              "link": ""
            }
          },
          "830ed505-1e5d-471f-a7ef-dfae3c69535c": {
            "type": "feature",
            "settings": {
              "image": "shopify:\/\/shop_images\/Frame_3.png",
              "title": "Money Back Gurantee",
              "description": "<p>We believe getting dressed should be the <br\/>easiest part of your day.<\/p>",
              "link": ""
            }
          }
        },
        "block_order": [
          "4cacfe54-185e-4a93-b051-465d365bd2d6",
          "657be1b4-5e4f-4994-bebd-c86fcd3fe53d",
          "830ed505-1e5d-471f-a7ef-dfae3c69535c"
        ],
        "settings": {
          "show_featured": true,
          "container": "container",
          "heading": "Why choose us?",
          "item_per_row": 3,
          "card_style": "vertical",
          "image_max_width": "70px",
          "content_alignment": "center"
        }
      },
      "mobile-sticky-bar": {
        "type": "mobile-sticky-bar",
        "settings": {
          "show_mobile_sticky": true,
          "show_home_icon": true,
          "show_collection_icon": true,
          "show_cart_icon": true,
          "show_search_icon": true,
          "show_account_icon": false,
          "show_wishlist_icon": false
        }
      }
    },
    "content_for_index": [
      "1623299451ebddfdef",
      "162329976910776af4",
      "1623307299b5e2ad4e",
      "1623307467fcdb42f8",
      "16233078254c934704",
      "1623307884189e0a5c",
      "162330833405deda07"
    ]
  },
  "presets": {
    "Default": {
      "sections": {
        "featured-collection": {
          "type": "featured-collection",
          "settings": {
            "collection": "frontpage"
          }
        },
        "featured-product": {
          "type": "featured-product",
          "settings": {
          }
        }
      },
      "content_for_index": [
        "featured-collection",
        "featured-product"
      ]
    }
  }
}