{
  "current": {
    "favicon": "shopify:\/\/shop_images\/fav_icon_dark_1.png",
    "container_width": 1280,
    "container_fluid_width": 1620,
    "container_fluid_offset": 65,
    "color_primary": "#000",
    "color_body_text": "#000000",
    "color_heading_text": "#000000",
    "color_sub_text": "#666666",
    "color_btn_bg_hover": "#000000",
    "color_annoucement_bg": "#da3f3f",
    "color_annoucement_text": "#ffffff",
    "color_topbar_bg": "#da3f3f",
    "color_header_bg": "#ffffff",
    "color_header_link": "#000000",
    "color_header_transparent": "#000000",
    "bg_cart_wishlist_count": "#da3f3f",
    "color_footer_bg": "#f5f5f5",
    "color_footer_text": "#000",
    "color_footer_link": "#666666",
    "color_footer_link_hover": "#000000",
    "color_footer_bottom_bg": "#f5f5f5",
    "color_footer_bottom_text": "#666666",
    "color_border": "#e6e6e6",
    "img_overlay_opacity": 20,
    "use_custom_font_body": true,
    "custom_body_font": "https:\/\/cdn.shopify.com\/s\/files\/1\/0561\/2742\/2636\/files\/Jost-Light.ttf?v=1618297125@300\nhttps:\/\/cdn.shopify.com\/s\/files\/1\/0561\/2742\/2636\/files\/Jost-Regular.ttf?v=1618297125@400\nhttps:\/\/cdn.shopify.com\/s\/files\/1\/0561\/2742\/2636\/files\/Jost-Medium.ttf?v=1618297125@500\nhttps:\/\/cdn.shopify.com\/s\/files\/1\/0561\/2742\/2636\/files\/Jost-SemiBold.ttf?v=1618297125@600\nhttps:\/\/cdn.shopify.com\/s\/files\/1\/0561\/2742\/2636\/files\/Jost-Bold.ttf?v=1618297125@700",
    "use_custom_font_heading": true,
    "custom_heading_font": "https:\/\/cdn.shopify.com\/s\/files\/1\/0561\/2742\/2636\/files\/Jost-Light.ttf?v=1618297125@300\nhttps:\/\/cdn.shopify.com\/s\/files\/1\/0561\/2742\/2636\/files\/Jost-Regular.ttf?v=1618297125@400\nhttps:\/\/cdn.shopify.com\/s\/files\/1\/0561\/2742\/2636\/files\/Jost-Medium.ttf?v=1618297125@500\nhttps:\/\/cdn.shopify.com\/s\/files\/1\/0561\/2742\/2636\/files\/Jost-SemiBold.ttf?v=1618297125@600\nhttps:\/\/cdn.shopify.com\/s\/files\/1\/0561\/2742\/2636\/files\/Jost-Bold.ttf?v=1618297125@700",
    "show_vendor": false,
    "variant_option_design2": "color",
    "product_colors": "red: #FF6961,\nyellow: #FDDA76,\nblack: #000000,\nblack band: #000000,\nblue: #8DB4D2,\ngreen: #C1E1C1,\npurple: #B19CD9,\nsilver: #EEEEEF,\nwhite: #FFFFFF,\nbrown: #836953,\nlight brown: #B5651D,\ndark turquoise: #23cddc,\norange: #FFB347,\ntan: #E9D1BF,\nviolet: #B490B0,\npink: #FFD1DC,\ngrey: #E0E0E0,\nsky: #96BDC6,\npale leaf: #CCD4BF,\nlight blue: #b1c5d4,\ndark grey: #aca69f,\nbeige: #EBE6DB,\nbeige band: #EED9C4,\ndark blue: #063e66,\ncream: #FFFFCC,\nlight pink: #FBCFCD,\nmint: #bedce3,\ndark gray: #3A3B3C,\nrosy brown: #c4a287,\nlight grey:#D3D3D3,\ncopper: #B87333,\nrose gold: #ECC5C0,\nnight blue: #151B54,\ncoral: #FF7F50,\nlight purple: #C6AEC7",
    "filter_color1": "gingham",
    "filter_color2": "flannel",
    "article_align_content": "text-center",
    "article_show_date": false,
    "social_twitter_link": "https:\/\/twitter.com\/home",
    "social_facebook_link": "https:\/\/facebook.com\/",
    "social_pinterest_link": "https:\/\/pinterest.com\/",
    "social_instagram_link": "https:\/\/instagram.com\/",
    "wishlist_page": "",
    "product_compare_page": "",
    "gm_api": "",
    "instagram_token": "",
    "custom_css": ".sf__index-icon-box-1 .sf-icon-box__text .sf__btn.sf__btn-link {\n  padding: 0;\n  font-weight: 400;\n}\n.sf__index-icon-box-1 .sf-icon-box__text .sf__btn.sf__btn-link::before {\n  background-color: rgba(0, 0, 0, 0.25);\n  height: 1px;\n}\n.sf__index-icon-box-1 .sf-icon-box__text .sf__btn.sf__btn-link::after {\n  height: 1px;\n}\n.sf__index-img-with-text .section-my {\n  margin-top: -30px;\n}\n\n.sf__pcard-vendor {\n  font-weight: 500;\n}\n.sf__footer-form-newsletter input.form-control {\n  background: #fff;\n}\n.sf__index-img-with-text .sf-custom__grid {\n  margin-top: 0;\n}\n.sf__index-icon-box-2 .sf-icon-box__text h3 {\n  line-height: 26px;\n  font-weight: 500;\n  font-size: 20px;\n}\n@media (min-width: 1536px) {\n  .sf__index-img-with-text .content__box h3 {\n    font-size: 100px;\n    line-height: 100px;\n    margin-bottom: 30px;\n  }\n  .sf__index-img-with-text .content__box p {\n    line-height: 32px;\n  }\n}\n@media (max-width: 1279px) {\n  .sf__index-img-with-text .section-my {\n    margin-top: 0;\n  }\n}\n\n@media (max-width: 767px) {\n  .sf__index-img-with-text .content__box h3 {\n    font-size: 36px;\n    line-height: 52px;\n  }\n  .sf__index-img-with-text .content__box .content__subheading {\n    margin-bottom: 5px;\n  }\n  .sf__index-img-with-text .content__box div {\n    margin-bottom: 15px;\n  }\n  .sf__index-img-with-text .section-my {\n    padding-left: 0;\n    padding-right: 0;\n  }\n  .sf__index-img-with-text .content__box {\n    text-align: center;\n    margin-top: 25px;\n    padding-left: 25px;\n    padding-right: 25px;\n  }\n}\n@media (min-width: 768px) {\n  .sf__index-icon-box-2 .section-my {\n    padding-top: 45px;\n    padding-bottom: 45px;\n    margin-bottom: 0;\n    margin-top: 0;\n  }\n  .sf__index-icon-box-2 {\n    border-top: 1px solid #eee;\n  }\n}\n@media (min-width: 1024px) {\n  .sf__index-collection-list .collection-card__info h3 a {\n    font-weight: 400;\n    font-size: 24px;\n    line-height: 34px;\n    margin-bottom: 2px;\n  }\n}\n@media (max-width: 576px) {\n  .sf__index-featured-collection .sf__featured-collection-button a.sf__btn {\n    width: 100%;\n  }\n  .sf__index-icon-box-2 .sf-icon-box__text h3 {\n    font-size: 18px;\n    margin-bottom: 2px;\n  }\n}",
    "sale_popup_collection": "sale",
    "size_chart": "size-guide",
    "sections": {
      "header": {
        "type": "header",
        "blocks": {
          "a6389b6c-8b98-4168-945c-7a485daeb368": {
            "type": "custom_html",
            "settings": {
              "heading": "Home",
              "container": "container",
              "html": ""
            }
          },
          "aa3a461e-6b78-4ad1-9c05-30ef313f0de1": {
            "type": "banner",
            "settings": {
              "heading": "Shop",
              "container": "container",
              "banner_style": "outside",
              "banner_link": "",
              "banner_title": "The new - Season Shoes Edit",
              "banner_desc": "",
              "banner_button_text": "Shop Now"
            }
          },
          "1047a891-c149-4198-a360-0ac3972840d2": {
            "type": "product-list",
            "settings": {
              "heading": "Products",
              "container": "container-fluid",
              "stretch_width": false,
              "collection": "best-sellers",
              "limit": 6,
              "columns": 2
            }
          },
          "0b2375bd-0f3a-46d8-878a-eba1b42a6491": {
            "type": "custom_html",
            "settings": {
              "heading": "Features",
              "container": "inherit",
              "html": ""
            }
          }
        },
        "block_order": [
          "a6389b6c-8b98-4168-945c-7a485daeb368",
          "aa3a461e-6b78-4ad1-9c05-30ef313f0de1",
          "1047a891-c149-4198-a360-0ac3972840d2",
          "0b2375bd-0f3a-46d8-878a-eba1b42a6491"
        ],
        "settings": {
          "header_design": "logo-center__2l",
          "container": "container-fluid",
          "header_sticky": true,
          "transparent_on_top": false,
          "logo_text": "MINIMOG",
          "logo_max_width": 145,
          "sticky_logo_max_width": 140,
          "mobile_logo_max_width": 105,
          "main_menu": "main-menu",
          "secondary_menu": "",
          "uppercase_parent_level": false,
          "search": "show_icon",
          "show_account_icon": true,
          "show_cart_icon": true,
          "show_wishlist_icon": true,
          "show_compare_icon": false,
          "show_currency_switcher": true,
          "show_language_switcher": true
        }
      },
      "footer": {
        "type": "footer",
        "blocks": {
          "85209d5e-c364-489f-8320-73d204b3ed46": {
            "type": "menu",
            "settings": {
              "menu": "main-menu",
              "title": "Information",
              "width": "25%"
            }
          },
          "d5978e13-bd48-4f66-bbbe-5b0e5bb800f5": {
            "type": "menu",
            "settings": {
              "menu": "main-menu",
              "title": "Quick links",
              "width": "25%"
            }
          },
          "00b1bff8-85ae-4ba3-9eaf-d474a1cf2c93": {
            "type": "our_store",
            "settings": {
              "title": "Our store",
              "description": "<p>Find a location nearest<br\/>you. <a href=\"#\" title=\"#\"><span style=\"text-decoration:underline\">See our stores<\/span><\/a><\/p>",
              "show_email": true,
              "show_phone": true,
              "show_socials_link": false,
              "width": "25%"
            }
          },
          "eaa940f2-97bf-4d69-bf66-db32b8e661bf": {
            "type": "newsletter",
            "settings": {
              "title": "Subscribe",
              "description": "Enter your email below to be the first to know about new collections and product launches.",
              "email_placeholder": "Enter your email",
              "form_style": "bordered",
              "show_social": false,
              "width": "25%"
            }
          }
        },
        "block_order": [
          "85209d5e-c364-489f-8320-73d204b3ed46",
          "d5978e13-bd48-4f66-bbbe-5b0e5bb800f5",
          "00b1bff8-85ae-4ba3-9eaf-d474a1cf2c93",
          "eaa940f2-97bf-4d69-bf66-db32b8e661bf"
        ],
        "settings": {
          "design": "footer-3",
          "container": "container-fluid",
          "bordered": true,
          "copyright": "© MINIMOG 2021",
          "show_currency_selector": false,
          "show_language_selector": false,
          "show_social_links": true,
          "show_payment_icons": true
        }
      },
      "annoucement": {
        "type": "annoucement",
        "settings": {
          "show_announcement": true,
          "homepage_only": true,
          "show_close": true,
          "message": "Open Doors To A World Of Fashion  |  Discover More",
          "message_link": "",
          "show_divider": false
        }
      },
      "mobile-sticky-bar": {
        "type": "mobile-sticky-bar",
        "settings": {
          "show_mobile_sticky": true,
          "show_home_icon": true,
          "show_collection_icon": true,
          "show_cart_icon": true,
          "show_search_icon": true,
          "show_account_icon": false,
          "show_wishlist_icon": false
        }
      }
    }
  },
  "presets": {
    "Default": {
      "sections": {
        "featured-collection": {
          "type": "featured-collection",
          "settings": {
            "collection": "frontpage"
          }
        },
        "featured-product": {
          "type": "featured-product",
          "settings": {
          }
        }
      },
      "content_for_index": [
        "featured-collection",
        "featured-product"
      ]
    }
  }
}