{
  "sections": {
    "1621237927dbabc289": {
      "type": "featured-collection",
      "settings": {
        "heading": "NEW ARRIVALS",
        "subheading": "",
        "description": "",
        "header_alignment": "center",
        "container": "container-fluid",
        "background_color": "rgba(0,0,0,0)",
        "collection": "hat",
        "product_to_show": 5,
        "items_per_row": 5,
        "item_gap": 40,
        "pcard_layout": "",
        "pcard_image_ratio": "",
        "show_vendor": false,
        "enable_slider": false,
        "show_pagination": false,
        "show_navigation": true,
        "button_type": "link",
        "button_text": "SHOP NOW",
        "button_style": "sf__btn-primary",
        "button_size": "",
        "infinite_load": false,
        "max_page_load": 3,
        "use_scroll_mobile": true,
        "item_gap_mobile": 10,
        "custom_class": "sf__index-featured-collection"
      }
    },
    "1621238273e643fc73": {
      "type": "custom-content",
      "blocks": {
        "b4b333a3-54f2-4e0e-a904-208e9abd758a": {
          "type": "lookbook",
          "settings": {
            "width": "50%",
            "top_1": 38,
            "left_1": 68,
            "product_1": "ultra-wide-ventura",
            "top_2": 26,
            "left_2": 50,
            "product_2": "",
            "top_3": 61,
            "left_3": 48,
            "product_3": "",
            "top_4": 0,
            "left_4": 0,
            "product_4": "",
            "top_5": 20,
            "left_5": 0,
            "product_5": "",
            "block_custom_class": ""
          }
        },
        "83270816-f06f-4d76-b586-fbb8cb411781": {
          "type": "product",
          "settings": {
            "product": "ultra-wide-ventura",
            "width": "50%",
            "alignment": "center",
            "block_custom_class": ""
          }
        }
      },
      "block_order": [
        "b4b333a3-54f2-4e0e-a904-208e9abd758a",
        "83270816-f06f-4d76-b586-fbb8cb411781"
      ],
      "settings": {
        "heading": "SHOP OUR LOOK",
        "subheading": "",
        "description": "",
        "header_alignment": "center",
        "container": "container",
        "background_color": "",
        "gap": 0,
        "use_scroll_mobile": false,
        "gap_mobile": 16,
        "custom_class": ""
      }
    },
    "16212389466bfb8355": {
      "type": "featured-collection",
      "settings": {
        "heading": "BEST SELLERS",
        "subheading": "",
        "description": "",
        "header_alignment": "center",
        "container": "container-fluid",
        "background_color": "#ffffff",
        "collection": "hat-best-sellers",
        "product_to_show": 5,
        "items_per_row": 5,
        "item_gap": 40,
        "pcard_layout": "",
        "pcard_image_ratio": "",
        "show_vendor": false,
        "enable_slider": false,
        "show_pagination": false,
        "show_navigation": true,
        "button_type": "link",
        "button_text": "SHOP NOW",
        "button_style": "sf__btn-primary",
        "button_size": "",
        "infinite_load": false,
        "max_page_load": 3,
        "use_scroll_mobile": true,
        "item_gap_mobile": 16,
        "custom_class": "sf__index-featured-collection sf__index-featured-collection-1"
      }
    },
    "162123936329b4d610": {
      "type": "blog-posts",
      "settings": {
        "heading": "OUR JOURNAL",
        "subheading": "",
        "description": "",
        "header_alignment": "center",
        "container": "container",
        "background_color": "rgba(0,0,0,0)",
        "blog": "hat-blogs",
        "limit": 3,
        "column": 3,
        "column_gap": 30,
        "mobile_gap": 16,
        "article_image_aspect_ratio": "4\/3",
        "article_align_content": "text-center",
        "article_show_tags": true,
        "article_show_date": true,
        "article_show_excerpt": false,
        "article_show_button": false,
        "button_link": "",
        "button_text": "VIEW MORE",
        "button_style": "sf__btn-primary",
        "button_size": "",
        "use_scroll_mobile": false,
        "custom_class": ""
      }
    },
    "1621239557643c9283": {
      "type": "instagram",
      "settings": {
        "heading": "",
        "subheading": "",
        "description": "",
        "header_alignment": "center",
        "container": "w-full",
        "background_color": "rgba(0,0,0,0)",
        "layout": "grid",
        "images_count": 5,
        "grid_columns": 5,
        "gap": 0,
        "mobile_gap": 10,
        "profile": "https:\/\/www.instagram.com\/minimog.trendy\/",
        "button_label": "",
        "custom_class": ""
      }
    },
    "1621423239df69a3b1": {
      "type": "video",
      "settings": {
        "container": "w-full",
        "background_color": "",
        "video_link": "https:\/\/www.youtube.com\/watch?v=_9VUPq3SxOc",
        "ratio": "21:9",
        "video_title": "<div style=\"letter-spacing: 20px;\">SUNBATHING<\/div>",
        "text_size": "large",
        "text_color": "white",
        "play_style": "outline",
        "play_size": "large",
        "width": "100%",
        "autoplay": false,
        "loop": false,
        "custom_class": ""
      }
    },
    "16215659493d37c6cb": {
      "type": "image-with-text-1",
      "blocks": {
        "16215659493d37c6cb-0": {
          "type": "item",
          "settings": {
            "content_position": "top_left",
            "content_alignment": "left",
            "text_size": "large",
            "text_color": "white",
            "link": "",
            "title": "<div style=\"letter-spacing: 4px;line-height:1.4;\">THE MIRAGE<br> SEASON<\/div>",
            "subtitle": "COLLETION",
            "button_label": "SHOP NOW",
            "button_style": "sf__btn-white",
            "button_size": ""
          }
        },
        "16215659493d37c6cb-1": {
          "type": "item",
          "settings": {
            "content_position": "center_left",
            "content_alignment": "left",
            "text_size": "large",
            "text_color": "white",
            "link": "",
            "title": "<div style=\"letter-spacing: 4px;line-height:1.4;\">STRAW<\/div>",
            "subtitle": "",
            "button_label": "SHOP NOW",
            "button_style": "sf__btn-link",
            "button_size": "sf__btn-small"
          }
        },
        "16215659493d37c6cb-2": {
          "type": "item",
          "settings": {
            "content_position": "center_left",
            "content_alignment": "left",
            "text_size": "medium",
            "text_color": "black",
            "link": "",
            "title": "<div style=\"letter-spacing: 4px;line-height:1.4;\">COLORFUL<br>BUCKET<\/div>",
            "subtitle": "",
            "button_label": "SHOP NOW",
            "button_style": "sf__btn-link",
            "button_size": "sf__btn-small"
          }
        }
      },
      "block_order": [
        "16215659493d37c6cb-0",
        "16215659493d37c6cb-1",
        "16215659493d37c6cb-2"
      ],
      "settings": {
        "heading": "",
        "subheading": "",
        "description": "",
        "header_alignment": "center",
        "container": "container-fluid",
        "background_color": "rgba(0,0,0,0)",
        "layout": "layout_4",
        "gap": 30,
        "use_scroll_mobile": false,
        "mobile_gap": 10,
        "custom_class": ""
      }
    }
  },
  "order": [
    "1621423239df69a3b1",
    "16215659493d37c6cb",
    "1621237927dbabc289",
    "1621238273e643fc73",
    "16212389466bfb8355",
    "162123936329b4d610",
    "1621239557643c9283"
  ]
}