{
  "current": {
    "favicon": "shopify:\/\/shop_images\/fav_icon_dark_1.png",
    "color_primary": "#000",
    "color_body_text": "#000000",
    "color_heading_text": "#000000",
    "color_sub_text": "#666666",
    "color_btn_bg_hover": "#000000",
    "color_topbar_bg": "#ffffff",
    "color_topbar_text": "#666666",
    "color_footer_bg": "#e6e6e6",
    "color_footer_text": "#000",
    "color_footer_subtext": "#666666",
    "color_footer_link": "#666666",
    "color_footer_link_hover": "#000000",
    "color_footer_bottom_bg": "#e6e6e6",
    "color_border": "#d9d9d9",
    "img_overlay_opacity": 20,
    "type_base_font": "poppins_n5",
    "use_custom_font_body": false,
    "custom_body_font": "https:\/\/cdn.shopify.com\/s\/files\/1\/0561\/2742\/2636\/files\/Poppins-SemiBold.ttf?v=1619606149@600\nhttps:\/\/cdn.shopify.com\/s\/files\/1\/0561\/2742\/2636\/files\/Poppins-ExtraBold.ttf?v=1619606131@800\nhttps:\/\/cdn.shopify.com\/s\/files\/1\/0561\/2742\/2636\/files\/Poppins-Regular.ttf?v=1619606111@400\nhttps:\/\/cdn.shopify.com\/s\/files\/1\/0561\/2742\/2636\/files\/Poppins-Bold.ttf?v=1619606091@700",
    "custom_body_weight": "500",
    "type_header_font": "poppins_n8",
    "use_custom_font_heading": false,
    "custom_heading_font": "https:\/\/cdn.shopify.com\/s\/files\/1\/0561\/2742\/2636\/files\/Poppins-SemiBold.ttf?v=1619606149@600 https:\/\/cdn.shopify.com\/s\/files\/1\/0561\/2742\/2636\/files\/Poppins-ExtraBold.ttf?v=1619606131@800 https:\/\/cdn.shopify.com\/s\/files\/1\/0561\/2742\/2636\/files\/Poppins-Regular.ttf?v=1619606111@400 https:\/\/cdn.shopify.com\/s\/files\/1\/0561\/2742\/2636\/files\/Poppins-Bold.ttf?v=1619606091@700",
    "custom_heading_weight": "800",
    "btn_base_size": 14,
    "btn_weight": "700",
    "pcard_alignment": "center",
    "show_vendor": false,
    "product_colors": "red: #FF6961,\nyellow: #FDDA76,\nblack: #000000,\nblack band: #000000,\nblue: #8DB4D2,\ngreen: #C1E1C1,\npurple: #B19CD9,\nsilver: #EEEEEF,\nwhite: #FFFFFF,\nbrown: #836953,\nlight brown: #B5651D,\ndark turquoise: #23cddc,\norange: #FFB347,\ntan: #E9D1BF,\nviolet: #B490B0,\npink: #FFD1DC,\ngrey: #E0E0E0,\nsky: #96BDC6,\npale leaf: #CCD4BF,\nlight blue: #b1c5d4,\ndark grey: #aca69f,\nbeige: #EBE6DB,\nbeige band: #EED9C4,\ndark blue: #063e66,\ncream: #FFFFCC,\nlight pink: #FBCFCD,\nmint: #bedce3,\ndark gray: #3A3B3C,\nrosy brown: #c4a287,\nlight grey:#D3D3D3,\ncopper: #B87333,\nrose gold: #ECC5C0,\nnight blue: #151B54,\ncoral: #FF7F50,\nlight purple: #C6AEC7",
    "filter_color1": "Checked",
    "social_twitter_link": "https:\/\/twitter.com\/home",
    "social_facebook_link": "https:\/\/facebook.com\/",
    "social_pinterest_link": "https:\/\/pinterest.com\/",
    "social_instagram_link": "https:\/\/instagram.com\/",
    "wishlist_page": "",
    "product_compare_page": "",
    "gm_api": "",
    "instagram_token": "",
    "custom_css": ".sf__topbar-inner {\n  font-size: 14px;\n}\n.section__heading {\n  letter-spacing: 2px;\n}\n.sf__btn,\na.sf__btn {\n  letter-spacing: 0.5px;\n}\n.sf__pcard .sf-pqv__button {\n  text-transform: uppercase;\n}\n.sf__pcard-name,\n.sf-nav li a.sf__parent-item,\n.sf-footer .sf__footer-block-title,\n.sf__index-testimonial .not-change p,\n.sf__index-slideshow .sf__mobile-subheading,\n.sf__index-slideshow .sf__slide-content .slide__block-subtitle {\n  font-weight: 700;\n}\n.sf__index-slideshow .slide__block-desktop .slide__block-description {\n  color: #fff;\n  font-size: 15px;\n}\n.sf__index-slideshow .slide__block-desktop a.sf__btn {\n  color: #fff;\n}\n.sf__index-custom-content-1 .image-card__content .sf__btn.sf__btn-link::before {\n  background-color: rgba(0, 0, 0, 0.11);\n}\n.sf__index-custom-content-1 .image-card__content-inner {\n  display: flex;\n  flex-direction: column;\n  align-items: flex-start;\n  height: 100%;\n  justify-content: space-between;\n}\n.sf__index-hero .sf-hero__content .sf-hero__title {\n  font-weight: 800;\n  letter-spacing: 2px;\n}\n.sf__index-testimonial .not-change.text-sm p {\n  font-weight: 500;\n}\n@media (min-width: 1024px) {\n  .sf__index-custom-content-2 .sf-custom__newsletter {\n    border-left: 1px solid #eee;\n  }\n  .sf__index-custom-content-2 .sf-custom__newsletter form {\n    max-width: 450px;\n    margin: 0 auto;\n  }\n  .sf-footer .sf__footer-bottom .container {\n    border-top: 1px solid #d8d8d8;\n  }\n}\n@media (min-width: 768px) {\n  .sf-footer .sf__footer-block-custom_text .sf__footer-block-title {\n    display: none;\n  }\n}\n@media (min-width: 1536px) {\n  .sf__index-slideshow .slide__block-desktop .slide__block-title {\n    font-size: 130px;\n    line-height: 135px;\n    font-weight: 800;\n  }\n}\n@media (max-width: 767px) {\n  .sf__index-custom-content-3 h3.image__card-heading {\n    font-size: 16px;\n    margin-bottom: 0;\n  }\n  .sf__index-hero .sf-hero__content .sf-hero__subtitle {\n    font-size: 14px;\n    line-height: 21px;\n  }\n  .sf__index-hero .sf-hero__content .sf-hero__title {\n    font-size: 36px;\n    letter-spacing: 0;\n  }\n  .sf__index-custom-content-3 .image-card__content-inner a.sf__btn {\n    display: none;\n  }\n  .sf__index-testimonial .section-my {\n    background: #f5f5f5;\n    margin: 0;\n    padding-top: 40px;\n    padding-bottom: 30px;\n    padding-right: 0;\n    padding-left: 0;\n  }\n  .sf__index-custom-content-2 .section-my {\n    padding: 0;\n  }\n}\n  \n@media screen and (max-width: 767px) {\n  .sf__index-hero .sf-hero__btn {\n    width: 100%;\n  }\n  .sf__index-hero .sf-hero__btn a {\n    background-color: #000000;\n    width: 100%;\n    border-color: #000000;\n    color: #ffffff;\n  }\n  .sf__index-hero .sf-hero__btn a:hover {\n    background-color: #555555;\n    border-color: #555555;\n    box-shadow: 0 12px 24px rgb(0 0 0 \/ 24%);\n    transform: translate3d(0, -2px, 0);\n  }\n}\n\n@media (max-width: 576px) {\n  .sf__index-featured-collection .sf__featured-collection-button .sf__btn {\n    width: 100%;\n  }\n}",
    "sections": {
      "header": {
        "type": "header",
        "blocks": {
          "2548212d-1f7e-4c3e-9c8d-34f664f7fda4": {
            "type": "topbar",
            "settings": {
              "show_divider": true,
              "show_phone_numb": true,
              "show_email": true,
              "show_social_links": false,
              "show_stores_page": true,
              "show_currency_switcher": true,
              "show_language_switcher": true,
              "alert_message": "<p><span style=\"color:#666; letter-spacing: 1px;\">Summer sale discount off<\/span><span style=\"color: #DA3F3F\n;\"> 50%<\/span> | Shop Now !<\/p>"
            }
          },
          "f819e411-707b-4161-8b7b-27ec40e24b7b": {
            "type": "banner",
            "settings": {
              "heading": "Shop",
              "container": "container-fluid",
              "banner_style": "outside",
              "banner_link": "",
              "banner_title": "<span style=\"letter-spacing: 2px;font-weight: 800;\">TRAVEL PACK 2XAC<\/span>",
              "banner_desc": "",
              "banner_button_text": "SHOP NOW"
            }
          },
          "62af1d39-e81c-481f-8b15-454935836213": {
            "type": "custom_html",
            "settings": {
              "heading": "Home",
              "container": "container-fluid",
              "html": ""
            }
          },
          "fd87eb16-ac64-4057-9101-4d9866d8efed": {
            "type": "product-list",
            "settings": {
              "heading": "Products",
              "container": "inherit",
              "stretch_width": false,
              "collection": "bags",
              "limit": 6,
              "columns": 2
            }
          },
          "0d7e9be2-66c7-4640-853b-02265275d9c5": {
            "type": "custom_html",
            "settings": {
              "heading": "Features",
              "container": "inherit",
              "html": ""
            }
          }
        },
        "block_order": [
          "2548212d-1f7e-4c3e-9c8d-34f664f7fda4",
          "f819e411-707b-4161-8b7b-27ec40e24b7b",
          "62af1d39-e81c-481f-8b15-454935836213",
          "fd87eb16-ac64-4057-9101-4d9866d8efed",
          "0d7e9be2-66c7-4640-853b-02265275d9c5"
        ],
        "settings": {
          "header_design": "both-center",
          "container": "container-fluid",
          "header_sticky": true,
          "transparent_on_top": false,
          "logo_text": "MINIMOG",
          "logo_max_width": 165,
          "sticky_logo_max_width": 160,
          "mobile_logo_max_width": 105,
          "main_menu": "main-menu",
          "secondary_menu": "",
          "uppercase_parent_level": true,
          "search": "show_icon",
          "show_account_icon": true,
          "show_cart_icon": true,
          "show_wishlist_icon": true,
          "show_compare_icon": false,
          "show_currency_switcher": false,
          "show_language_switcher": false
        }
      },
      "footer": {
        "type": "footer",
        "blocks": {
          "0255f29f-48ff-4560-a3e1-7830f136a4ac": {
            "type": "custom_text",
            "settings": {
              "title": "GET IN TOUCH",
              "image_max": "155px",
              "description": "<p>184 Main Rd E, St Albans<br\/>VIC 3021, Australia<br\/><br\/>+391 (0)35 2568<\/p>",
              "width": "33%"
            }
          },
          "d5978e13-bd48-4f66-bbbe-5b0e5bb800f5": {
            "type": "menu",
            "settings": {
              "menu": "main-menu",
              "title": "OUR STORE",
              "width": "25%"
            }
          },
          "85209d5e-c364-489f-8320-73d204b3ed46": {
            "type": "menu",
            "settings": {
              "menu": "main-menu",
              "title": "QUICK LINKS",
              "width": "25%"
            }
          },
          "d30b4723-e312-4b92-a18f-2d6bea5b4b89": {
            "type": "menu",
            "settings": {
              "menu": "main-menu",
              "title": "SERVICES",
              "width": "25%"
            }
          },
          "d741464a-0309-4e3f-90c5-f5326aac4baa": {
            "type": "menu",
            "settings": {
              "menu": "main-menu",
              "title": "COLLECTIONS",
              "width": "25%"
            }
          }
        },
        "block_order": [
          "0255f29f-48ff-4560-a3e1-7830f136a4ac",
          "d5978e13-bd48-4f66-bbbe-5b0e5bb800f5",
          "85209d5e-c364-489f-8320-73d204b3ed46",
          "d30b4723-e312-4b92-a18f-2d6bea5b4b89",
          "d741464a-0309-4e3f-90c5-f5326aac4baa"
        ],
        "settings": {
          "design": "footer-1",
          "container": "container",
          "bordered": false,
          "copyright": "<span style=\"color: #969696;\">© MINIMOG 2021<\/span>",
          "show_currency_selector": false,
          "show_language_selector": false,
          "show_social_links": false,
          "show_payment_icons": true
        }
      },
      "annoucement": {
        "type": "annoucement",
        "settings": {
          "show_announcement": false,
          "homepage_only": true,
          "show_close": true,
          "message": "Free shipping for all orders from $60+",
          "message_link": "",
          "show_divider": false
        }
      },
      "mobile-sticky-bar": {
        "type": "mobile-sticky-bar",
        "settings": {
          "show_mobile_sticky": true,
          "show_home_icon": true,
          "show_collection_icon": true,
          "show_cart_icon": true,
          "show_search_icon": true,
          "show_account_icon": false,
          "show_wishlist_icon": false
        }
      }   
    }
  },
  "presets": {
    "Default": {
      "sections": {
        "featured-collection": {
          "type": "featured-collection",
          "settings": {
            "collection": "frontpage"
          }
        },
        "featured-product": {
          "type": "featured-product",
          "settings": {
          }
        }
      },
      "content_for_index": [
        "featured-collection",
        "featured-product"
      ]
    }
  }
}