{
  "current": {
    "favicon": "shopify:\/\/shop_images\/favicon.png",
    "container_width": 1410,
    "container_fluid_offset": 100,
    "color_primary": "#549263",
    "color_sub_text": "#7e7e7e",
    "color_btn_bg": "#549263",
    "color_btn_bg_hover": "#549263",
    "prod_sale_price_color": "#666666",
    "prod_type_color": "#666666",
    "color_annoucement_bg": "#c8d8ce",
    "color_annoucement_text": "#000000",
    "color_topbar_bg": "#c8d8ce",
    "color_topbar_text": "#000000",
    "color_header_bg": "#ffffff",
    "color_header_link": "#000000",
    "color_header_transparent": "#ffffff",
    "bg_cart_wishlist_count": "#549263",
    "color_menu_bar_bg": "#000000",
    "color_menu_bar_text": "#f8f8f8",
    "color_footer_bg": "#ffffff",
    "color_footer_text": "#000000",
    "color_footer_subtext": "#696969",
    "color_footer_link": "#9b9b9b",
    "color_footer_link_hover": "#000000",
    "color_footer_bottom_bg": "#ffffff",
    "color_footer_bottom_text": "#696969",
    "img_overlay_opacity": 20,
    "tooltip_background_color": "#000000",
    "type_base_font": "roboto_condensed_n4",
    "use_custom_font_body": true,
    "custom_body_font": "https:\/\/cdn.shopify.com\/s\/files\/1\/0042\/0750\/9567\/files\/Gilroy-Medium1.otf?v=1622684383@500\nhttps:\/\/cdn.shopify.com\/s\/files\/1\/0042\/0750\/9567\/files\/Gilroy-Semibold1.otf?v=1622684383@600",
    "custom_body_weight": "500",
    "type_header_font": "roboto_condensed_n7",
    "use_custom_font_heading": true,
    "custom_heading_font": "https:\/\/cdn.shopify.com\/s\/files\/1\/0042\/0750\/9567\/files\/Gilroy-Medium1.otf?v=1622684383@500\nhttps:\/\/cdn.shopify.com\/s\/files\/1\/0042\/0750\/9567\/files\/Gilroy-Semibold1.otf?v=1622684383@600\nhttps:\/\/cdn.shopify.com\/s\/files\/1\/0042\/0750\/9567\/files\/Gilroy-Bold1.otf?v=1622685072@700",
    "custom_heading_weight": "600",
    "type_header_base_size": 40,
    "btn_border_radius": 12,
    "btn_weight": "700",
    "pcard_layout": "1",
    "pcard_alignment": "center",
    "pcard_image_ratio": "1\/1",
    "show_vendor": false,
    "variant_option_design3": "color",
    "show_variant_swatch_image": true,
    "product_colors": "red: #FF6961,\nyellow: #FDDA76,\nblack: #000000,\nblue: #8DB4D2,\ngreen: #C1E1C1,\npurple: #B19CD9,\nsilver: #EEEEEF,\nwhite: #FFFFFF,\nbrown: #836953,\nlight-brown: #feb035,\ndark-turquoise: #23cddc,\norange: #FFB347,\ntan: #E9D1BF,\nviolet: #B490B0,\npink: #FFD1DC,\ngrey: #E0E0E0,\nsky: #96BDC6,\npale-leaf: #CCD4BF",
    "filter_color1": "",
    "share_facebook": true,
    "social_twitter_link": "https:\/\/twitter.com\/home",
    "social_facebook_link": "https:\/\/facebook.com\/",
    "social_pinterest_link": "https:\/\/pinterest.com\/",
    "social_instagram_link": "https:\/\/instagram.com\/",
    "wishlist_page": "",
    "product_compare_page": "",
    "gm_api": "",
    "instagram_token": "",
    "custom_css": ".text-color-primary,\n.sf__btn.sf__btn-white,\na.sf__btn.sf__btn-white {\n  color: var(--color-primary);\n}\n.sf__pcard-name {\n  font-weight: 600;\n  font-size: 18px;\n}\n.sf__pcard-price .prod__price {\n  font-weight: 700;\n  font-size: 20px;\n}\n.sf__pcard-price.price--on-sale .prod__price {\n  color: var(--color-primary);\n}\n.sf__index-custom-content .sf-custom__block-inner .rte {\n  color: var(--text-color);\n}\n.sf__footer-block-custom_text .block-text {\n  color: #000;\n  font-size: 24px;\n  line-height: 36px;\n  font-weight: 600;\n}\n.sf__footer-block-menu .sf__footer-block-title {\n  font-size: 24px;\n  line-height: 32px;\n}\n.sf__index-img-with-text [class*=\"content__box-\"] {\n  position: relative;\n  z-index: 1;\n}\n\n.sf__index-img-with-text [class*=\"content__box-\"] .content__box {\n  position: relative;\n  z-index: 1;\n}\n\n.sf__index-press .rte p {\n  font-size: 24px;\n  line-height: 36px;\n}\n.sf__index-custom-content .sf-custom__block--text,\n.sf__index-custom-content .sf-custom__block--video {\n  background: #649670;\n}\n\n.sf__index-custom-content .sf-custom__block--video {\n  align-items: center;\n}\n\n.sf__newsletter-section form.sf-newsletter .sf__newsletter-form-group {\n  color: #000;\n  background: #fff;\n  border-radius: 12px;\n}\n\n.sf__newsletter-section form.sf-newsletter .sf__newsletter-form-group input,\n.sf__newsletter-section form.sf-newsletter .sf__newsletter-form-group svg path {\n  color: #000;\n}\n\n.sf__newsletter-section form.sf-newsletter input#ContactSubscribe-email::placeholder {\n  color: #7e7e7e !important;\n}\n\n@media (min-width: 1025px) {\n  .sf__index-custom-content .sf-custom__block--text .sf-custom__block-inner {\n    margin-left: calc(100% - 513px);\n    padding: 3rem;\n  }\n  .sf__index-custom-content .sf-custom__block--video {\n    padding-right: 3rem;\n  }\n\n  .sf__index-img-with-text {\n    padding: 50px 0;\n  }\n\n  .sf__index-img-with-text [class*=\"content__box-\"]::after {\n    position: absolute;\n    content: \"\";\n    width: 90%;\n    height: calc(100% + 200px);\n    top: -70px;\n    left: 0;\n    background-image: url(https:\/\/cdn.shopify.com\/s\/files\/1\/0042\/0750\/9567\/files\/bg_4b2c59fa-069b-480d-aa76-f3b9c4de7aa4.jpg?v=1622687661);\n    background-repeat: no-repeat;\n    background-size: contain;\n  }\n  .sf__index-img-with-text .section-my {\n    margin-bottom: 200px;\n  }\n}\n@media (min-width: 1230px) {\n  .sf__index-custom-content .sf-custom__block--text .sf-custom__block-inner {\n    margin-left: calc(100% - 615px);\n    padding: 4rem;\n  }\n  .sf__index-custom-content .sf-custom__block--video {\n    padding-right: 4rem;\n  }\n}\n@media (min-width: 1366px) {\n  .sf__index-custom-content .sf-custom__block--text .sf-custom__block-inner {\n    margin-left: calc(100% - 683px);\n    padding: 4rem;\n  }\n  .sf__index-custom-content .sf-custom__block--video {\n    padding-right: 4rem;\n  }\n}\n@media (min-width: 1536px) {\n  .sf__index-custom-content .sf-custom__block--text .sf-custom__block-inner {\n    margin-left: calc(100% - 768px);\n    padding: 0 6rem;\n  }\n  .sf__index-custom-content .sf-custom__block--video {\n    padding-right: 0;\n  }\n}\n@media (max-width: 767px) {\n  .sf__index-img-with-text [class*=\"content__box-\"] .content__box {\n    text-align: center;\n    padding: 0 1rem;\n  }\n  .sf__index-img-with-text [class*=\"content__box-\"] .content__subheading img {\n    margin: 0 auto;\n    max-width: 60px !important;\n    margin-top: 30px;\n  }\n  .image__with-text  .section-my {\n    margin-top: 5px;\n  }\n  .sf__index-featured-collection .section__subheading img {\n    max-width: 80px !important;\n  }\n  .sf__index-custom-content .sf-custom__block--video {\n    padding: 0;\n  }\n  .sf__index-custom-content #sf-custom__block--1dd7af76-ebfe-417a-a96d-a4f1ab210d8e {\n    padding: 30px 24px;\n  }\n  .sf__index-custom-content #sf-custom__block--1dd7af76-ebfe-417a-a96d-a4f1ab210d8e img {\n    max-width: 60px !important;\n  }\n}",
    "use_theme_currencies": true,
    "theme_currencies": "USD | EUR | GBP | VND",
    "sections": {
      "page-faqs": {
        "type": "page-faqs",
        "blocks": {
          "2802736b-f08f-4510-a4f7-4ad7d748992d": {
            "type": "content",
            "settings": {
              "content": "<div class=\"mb-10\"><img src=\"https:\/\/cdn.shopify.com\/s\/files\/1\/0561\/2742\/2636\/files\/faqs.jpg?v=1620784288\"><\/div>\n<h3 class=\"font-medium text-xl mb-4\">Awkwardness gives me great comfort. I’ve never been cool, but I’ve felt cool. I’ve been in the cool place, but I wasn’t really cool – I was trying to pass for hip or cool.<\/h3>\n<p>A girl should be two things: classy and fabulous. I am convinced that there can be luxury in simplicity. I wanted to dress the woman who lives and works, not the woman in a painting. It’s hard to balance everything. It’s always challenging. My relationships with producers or photographers – these are relationships that took years. I can’t get sucked into that celebrity thing, because I think it’s just crass. My aim is to make the poor look rich.<\/p>"
            }
          },
          "4e151238-4480-4122-b893-7f4a19886e4c": {
            "type": "accordion",
            "settings": {
              "title": "What shipping methods are availbale?",
              "content": "<p>Lorem ipsum dolor sit amet conse ctetur adipisicing elit, sed do eiusmod tempor incididunt ut labore et dolore magna aliqua. Ut enim ad minim veniam, quis nostrud exercitation ullamco laboris nisi ut aliquip ex ea commodo consequat. Duis aute irure dolor in reprehenderit in voluptate velit esse cillum dolore eu fugiat.<br\/><br\/>Ut enim ad minim veniam, quis nostrud exercitation ullamco laboris nisi ut aliquip ex ea commodo consequat. Duis aute irure dolor in reprehenderit.<\/p>",
              "open": true
            }
          },
          "c5d4d04d-f6c1-4d1e-99f0-3c221393a3cf": {
            "type": "accordion",
            "settings": {
              "title": "How long will it take to get my package?",
              "content": "<p>Lorem ipsum dolor sit amet conse ctetur adipisicing elit, sed do eiusmod tempor incididunt ut labore et dolore magna aliqua. Ut enim ad minim veniam, quis nostrud exercitation ullamco laboris nisi ut aliquip.<\/p>",
              "open": false
            }
          },
          "0131747b-8b40-432f-b634-b1289ec41911": {
            "type": "accordion",
            "settings": {
              "title": "Do you ship internationally?",
              "content": "<p>Lorem ipsum dolor sit amet conse ctetur adipisicing elit, sed do eiusmod tempor incididunt ut labore et dolore magna aliqua. Ut enim ad minim veniam, quis nostrud exercitation ullamco laboris nisi ut aliquip.<\/p>",
              "open": false
            }
          },
          "5d7206e9-5375-4da6-9a1f-24e1c46230b0": {
            "type": "accordion",
            "settings": {
              "title": "What payment methods are accepted?",
              "content": "<p>Lorem ipsum dolor sit amet conse ctetur adipisicing elit, sed do eiusmod tempor incididunt ut labore et dolore magna aliqua. Ut enim ad minim veniam, quis nostrud exercitation ullamco laboris nisi ut aliquip ex ea commodo consequat. Duis aute irure dolor in reprehenderit in voluptate velit esse cillum dolore eu fugiat.<\/p>",
              "open": false
            }
          },
          "4008f61e-055e-42ba-8969-cb3715c0aece": {
            "type": "accordion",
            "settings": {
              "title": "Is buying on-line safe?",
              "content": "<p>Lorem ipsum dolor sit amet conse ctetur adipisicing elit, sed do eiusmod tempor incididunt ut labore et dolore magna aliqua. Ut enim ad minim veniam, quis nostrud exercitation ullamco laboris nisi ut aliquip.<\/p>",
              "open": false
            }
          }
        },
        "block_order": [
          "2802736b-f08f-4510-a4f7-4ad7d748992d",
          "4e151238-4480-4122-b893-7f4a19886e4c",
          "c5d4d04d-f6c1-4d1e-99f0-3c221393a3cf",
          "0131747b-8b40-432f-b634-b1289ec41911",
          "5d7206e9-5375-4da6-9a1f-24e1c46230b0",
          "4008f61e-055e-42ba-8969-cb3715c0aece"
        ],
        "settings": {
          "menu": "faqs-menu"
        }
      },
      "collection-list": {
        "type": "collection-list",
        "settings": {
        }
      },
      "featured-collection": {
        "type": "featured-collection",
        "settings": {
          "collection": "frontpage"
        }
      },
      "featured-product": {
        "type": "featured-product",
        "settings": {
        }
      },
      "slider": {
        "type": "slider",
        "settings": {
        }
      },
      "header": {
        "type": "header",
        "blocks": {
          "f11e3f18-dd3a-4ac1-aca9-71cafbde8f81": {
            "type": "banner",
            "settings": {
              "heading": "Shop",
              "container": "inherit",
              "banner_style": "outside",
              "banner_link": "",
              "banner_title": "New collection",
              "banner_desc": "",
              "banner_button_text": "Shop now"
            }
          },
          "5b9d77e6-f0c4-4370-b8d6-1a5e5d4fc7c2": {
            "type": "product-list",
            "settings": {
              "heading": "Product",
              "container": "inherit",
              "stretch_width": false,
              "collection": "hand-sanitizer",
              "limit": 6,
              "columns": 2
            }
          },
          "9950bbb3-05d4-4f22-8407-fa88a6612494": {
            "type": "custom_html",
            "settings": {
              "heading": "Features",
              "container": "inherit",
              "html": ""
            }
          }
        },
        "block_order": [
          "f11e3f18-dd3a-4ac1-aca9-71cafbde8f81",
          "5b9d77e6-f0c4-4370-b8d6-1a5e5d4fc7c2",
          "9950bbb3-05d4-4f22-8407-fa88a6612494"
        ],
        "settings": {
          "header_design": "logo-left-menu-center",
          "container": "container-fluid",
          "header_sticky": true,
          "transparent_on_top": false,
          "logo_text": "MINIMOG",
          "logo_max_width": 120,
          "sticky_logo_max_width": 105,
          "mobile_logo_max_width": 90,
          "main_menu": "main-menu",
          "secondary_menu": "",
          "uppercase_parent_level": false,
          "search": "show_icon",
          "show_account_icon": true,
          "show_cart_icon": true,
          "show_wishlist_icon": true,
          "show_compare_icon": true,
          "show_currency_switcher": false,
          "show_language_switcher": false
        }
      },
      "footer": {
        "type": "footer",
        "blocks": {
          "1efddc02-4edd-4d28-a9c2-cbcb3cc9d0a5": {
            "type": "custom_text",
            "settings": {
              "title": "<span class=\"lg:text-5xl lg:leading-tight lg:font-semibold\">Save Lives and<br> Money.<\/span>",
              "image_max": "200px",
              "description": "<p>Clean hands make the world go round.<\/p>",
              "width": "66%"
            }
          },
          "5201fa23-26c8-4c1b-a263-060101a7e575": {
            "type": "spacing",
            "settings": {
              "width": "25%"
            }
          },
          "c85629c7-7aae-4666-b5f0-150990439c91": {
            "type": "menu",
            "settings": {
              "menu": "main-menu",
              "title": "About",
              "width": "33%"
            }
          },
          "527ccf44-18d9-45d0-a2a0-c992da866024": {
            "type": "menu",
            "settings": {
              "menu": "main-menu",
              "title": "Information",
              "width": "25%"
            }
          }
        },
        "block_order": [
          "1efddc02-4edd-4d28-a9c2-cbcb3cc9d0a5",
          "5201fa23-26c8-4c1b-a263-060101a7e575",
          "c85629c7-7aae-4666-b5f0-150990439c91",
          "527ccf44-18d9-45d0-a2a0-c992da866024"
        ],
        "settings": {
          "design": "footer-3",
          "container": "container",
          "bordered": false,
          "copyright": "<span class=\"text-base\">© Handle 2021<\/span>",
          "show_currency_selector": false,
          "show_language_selector": false,
          "show_social_links": true,
          "show_payment_icons": true
        }
      },
      "collection-page-header": {
        "type": "collection-page-header",
        "settings": {
          "layout": "inside",
          "header_height": "small",
          "text_alignment": "center",
          "vertical_alignment": "center",
          "bg_color": "#ffffff",
          "enable_parallax": true,
          "show_breadcrumb": true,
          "upper_title": false
        }
      },
      "product-template": {
        "type": "product-template",
        "settings": {
          "container": "container",
          "layout": "layout-6",
          "show_tags": false,
          "show_vendor": false,
          "show_sku": false,
          "show_categories": false,
          "show_reviews_count": true,
          "show_quantity_selector": true,
          "enable_dynamic_checkout": true,
          "hide_atc_button": false,
          "show_atwl": true,
          "show_atcp": true,
          "show_ask_a_question": true,
          "show_social": true,
          "show_live_views": true,
          "live_views_text": "<p><strong>{{count_number}}<\/strong> <strong>people<\/strong> are viewing this right now<\/p>",
          "live_views_range": "20-30",
          "live_view_duration": "10",
          "live_view_icon_blinks": true,
          "show_delivery_times": true,
          "deliver_text": "<p><strong>Estimated Delivery:<\/strong><\/p>",
          "deliver_days": "3",
          "show_shipping_text": true,
          "shipping_text": "<p><strong>Free Shipping & Returns: <\/strong>On all orders over $75<\/p>",
          "show_trust_badges": true,
          "trust_badges_text": "<p>Guarantee safe & secure checkout<\/p>",
          "trust_badges_image": "shopify:\/\/shop_images\/trustbag.png",
          "trust_badges_image_width": "320px",
          "use_sticky_atc": true,
          "sticky_atc_wishtlist": false,
          "sticky_atc_compare": false
        }
      },
      "product-details-tabs": {
        "type": "product-details-tabs",
        "blocks": {
          "4db8ad16-886f-47f7-9b57-fc68b39fb2d4": {
            "type": "description",
            "settings": {
              "header": "Product description"
            }
          },
          "3d4193e8-a5c9-448a-95d1-41f470f8dd70": {
            "type": "tab",
            "settings": {
              "header": "Shipping & Return",
              "content": "<p>So beautiful you’ll want to show it off, so comfortable you’ll forget it’s there. Our 24\/7™ Lace Contour Plunge Bra combines gorgeous floral lace with sheer overlay straps that hold you in and eliminates gaping. Removable pads let you customize you<\/p>"
            }
          },
          "ff152f6c-3a62-4d3e-adca-6ab223a5ba75": {
            "type": "reviews",
            "settings": {
              "header": "Product reviews"
            }
          }
        },
        "block_order": [
          "4db8ad16-886f-47f7-9b57-fc68b39fb2d4",
          "3d4193e8-a5c9-448a-95d1-41f470f8dd70",
          "ff152f6c-3a62-4d3e-adca-6ab223a5ba75"
        ],
        "settings": {
          "show_product_tabs": true,
          "container": "container",
          "bg_color": ""
        }
      },
      "product-reviews": {
        "type": "product-reviews",
        "settings": {
          "show_product_reviews": false,
          "container": "container-narrow",
          "heading": "Ratings and Reviews"
        }
      },
      "product-recommendations": {
        "type": "product-recommendations",
        "settings": {
          "show_product_recommendations": true,
          "container": "container",
          "heading": "You Might Also Like",
          "limit": 8,
          "columns": 4,
          "column_gap": 30,
          "enable_slider": true
        }
      },
      "brand-page-header": {
        "type": "brand-page-header",
        "blocks": {
          "09dfe2e1-10c2-4cee-a033-a90b143c85f3": {
            "type": "information",
            "settings": {
              "collection": "retrolie",
              "logo": "shopify:\/\/shop_images\/1.png",
              "content": "<p>Developed by Goop founder, wellness advocate and - academy award-winner, Gwyneth Paltrow, this high performing skincare line is where luxury formulas meet pure organic ingredients and the results are skin-changing. <\/p><p>Goop is passionate about the idea that beauty comes from the inside out. So they use clinically proven and best-in-class ingredients at active levels to create skin care, skin-boosting ingestibles, and body essentials that are luxurious, deliver high-performance results, and enliven the senses with exquisite textures and beautiful scents.<\/p>",
              "image_1": "shopify:\/\/shop_images\/1_8e8151b6-3555-4abf-8dd6-5347182bbcd0.jpg",
              "image_2": "shopify:\/\/shop_images\/2_9a1b3099-775a-4093-9ece-6cfaa04a06fe.jpg",
              "image_3": "shopify:\/\/shop_images\/3_7b9fc65c-8202-4449-a828-d03ac03c6d38.jpg"
            }
          },
          "c8ee188c-a84f-4cf2-a8af-aacb9bf78785": {
            "type": "information",
            "settings": {
              "collection": "abby",
              "logo": "shopify:\/\/shop_images\/2.png",
              "content": "<p>Developed by Goop founder, wellness advocate and - academy award-winner, Gwyneth Paltrow, this high performing skincare line is where luxury formulas meet pure organic ingredients and the results are skin-changing. <\/p><p>Goop is passionate about the idea that beauty comes from the inside out. So they use clinically proven and best-in-class ingredients at active levels to create skin care, skin-boosting ingestibles, and body essentials that are luxurious, deliver high-performance results, and enliven the senses with exquisite textures and beautiful scents.<\/p>",
              "image_1": "shopify:\/\/shop_images\/4.jpg",
              "image_2": "shopify:\/\/shop_images\/5.jpg",
              "image_3": "shopify:\/\/shop_images\/6.jpg"
            }
          },
          "e56a3991-3115-47d4-b7e6-43e962712fc6": {
            "type": "information",
            "settings": {
              "collection": "minimog",
              "logo": "shopify:\/\/shop_images\/3.png",
              "content": "<p>Developed by Goop founder, wellness advocate and - academy award-winner, Gwyneth Paltrow, this high performing skincare line is where luxury formulas meet pure organic ingredients and the results are skin-changing. <\/p><p>Goop is passionate about the idea that beauty comes from the inside out. So they use clinically proven and best-in-class ingredients at active levels to create skin care, skin-boosting ingestibles, and body essentials that are luxurious, deliver high-performance results, and enliven the senses with exquisite textures and beautiful scents.<\/p>",
              "image_1": "shopify:\/\/shop_images\/7.jpg",
              "image_2": "shopify:\/\/shop_images\/8.jpg",
              "image_3": "shopify:\/\/shop_images\/9.jpg"
            }
          },
          "98bac8d0-393b-4f50-91b8-052a49e29dd0": {
            "type": "information",
            "settings": {
              "collection": "brook",
              "logo": "shopify:\/\/shop_images\/4.png",
              "content": "<p>Developed by Goop founder, wellness advocate and - academy award-winner, Gwyneth Paltrow, this high performing skincare line is where luxury formulas meet pure organic ingredients and the results are skin-changing. <\/p><p>Goop is passionate about the idea that beauty comes from the inside out. So they use clinically proven and best-in-class ingredients at active levels to create skin care, skin-boosting ingestibles, and body essentials that are luxurious, deliver high-performance results, and enliven the senses with exquisite textures and beautiful scents.<\/p>",
              "image_1": "shopify:\/\/shop_images\/10.jpg",
              "image_2": "shopify:\/\/shop_images\/11.jpg",
              "image_3": "shopify:\/\/shop_images\/12.jpg"
            }
          },
          "2b4a1841-6d7a-468b-ba3b-a5fd307cf9aa": {
            "type": "information",
            "settings": {
              "collection": "learts",
              "logo": "shopify:\/\/shop_images\/5.png",
              "content": "<p>Developed by Goop founder, wellness advocate and - academy award-winner, Gwyneth Paltrow, this high performing skincare line is where luxury formulas meet pure organic ingredients and the results are skin-changing. <\/p><p>Goop is passionate about the idea that beauty comes from the inside out. So they use clinically proven and best-in-class ingredients at active levels to create skin care, skin-boosting ingestibles, and body essentials that are luxurious, deliver high-performance results, and enliven the senses with exquisite textures and beautiful scents.<\/p>",
              "image_1": "shopify:\/\/shop_images\/13.jpg",
              "image_2": "shopify:\/\/shop_images\/14.jpg",
              "image_3": "shopify:\/\/shop_images\/15.jpg"
            }
          },
          "b54aa75a-c232-474e-9d92-2027e31cd066": {
            "type": "information",
            "settings": {
              "collection": "vagabond",
              "logo": "shopify:\/\/shop_images\/6.png",
              "content": "<p>Developed by Goop founder, wellness advocate and - academy award-winner, Gwyneth Paltrow, this high performing skincare line is where luxury formulas meet pure organic ingredients and the results are skin-changing. <\/p><p>Goop is passionate about the idea that beauty comes from the inside out. So they use clinically proven and best-in-class ingredients at active levels to create skin care, skin-boosting ingestibles, and body essentials that are luxurious, deliver high-performance results, and enliven the senses with exquisite textures and beautiful scents.<\/p>",
              "image_1": "shopify:\/\/shop_images\/16.jpg",
              "image_2": "shopify:\/\/shop_images\/17.jpg",
              "image_3": "shopify:\/\/shop_images\/18.jpg"
            }
          }
        },
        "block_order": [
          "09dfe2e1-10c2-4cee-a033-a90b143c85f3",
          "c8ee188c-a84f-4cf2-a8af-aacb9bf78785",
          "e56a3991-3115-47d4-b7e6-43e962712fc6",
          "98bac8d0-393b-4f50-91b8-052a49e29dd0",
          "2b4a1841-6d7a-468b-ba3b-a5fd307cf9aa",
          "b54aa75a-c232-474e-9d92-2027e31cd066"
        ],
        "settings": {
        }
      },
      "collection-brand": {
        "type": "collection-brand",
        "settings": {
          "grid_layout": "grid",
          "pagination_limit": "12",
          "grid_columns": "3",
          "collection_paginate": "paginate",
          "show_filter": true,
          "sidebar": "leftColumn"
        }
      },
      "contact-information": {
        "type": "contact-information",
        "settings": {
        }
      },
      "maps": {
        "type": "maps",
        "settings": {
          "textx": "40.6700",
          "texty": "-73.9400",
          "zoom": "11",
          "text2": "New York"
        }
      },
      "contact-template": {
        "type": "contact-template",
        "blocks": {
          "458d6546-c5d0-4128-8fa6-162080bdf85f": {
            "type": "textblock",
            "settings": {
              "title": "Address",
              "content": "<p>7895 Piermont Dr NE Albuquerque, NM 198866, <a href=\"#\">See Our Stores<\/a><\/p>"
            }
          },
          "d2fd611c-a50a-4871-b401-b51dff320d34": {
            "type": "textblock",
            "settings": {
              "title": "Information",
              "content": "<p>+391 (0)35 2568 4593<\/p><p>hello@domain.com<\/p>"
            }
          },
          "159b3b43-a6d9-4cb9-b78d-04f5a5bae350": {
            "type": "socialmedia",
            "settings": {
              "title": "Social Media"
            }
          },
          "5c486a84-9bdd-4d24-8ac7-5c428593cf33": {
            "type": "textblock",
            "settings": {
              "title": "We're Open",
              "content": "<p>Our store has re-opened for shopping, exchanges<\/p><p>Every day 11am to 7pm<\/p>"
            }
          }
        },
        "block_order": [
          "458d6546-c5d0-4128-8fa6-162080bdf85f",
          "d2fd611c-a50a-4871-b401-b51dff320d34",
          "159b3b43-a6d9-4cb9-b78d-04f5a5bae350",
          "5c486a84-9bdd-4d24-8ac7-5c428593cf33"
        ],
        "settings": {
          "title": "We would love to hear from you.",
          "description": "<p>If you’ve got great products your making or looking to work with us then drop us a line.<\/p>"
        }
      },
      "content-before-products": {
        "type": "content-before-products",
        "settings": {
          "container": "container-fluid",
          "background_color": "",
          "gap": 30,
          "gap_mobile": 16
        }
      },
      "collection-template": {
        "type": "collection-template",
        "settings": {
          "container": "container",
          "grid_layout": "grid",
          "grid_columns": "4",
          "pagination_limit": "12",
          "collection_paginate": "paginate",
          "show_filter": true,
          "sidebar": "leftColumn"
        }
      },
      "content-after-products": {
        "type": "content-after-products",
        "settings": {
          "container": "container-fluid",
          "background_color": "",
          "gap": 30,
          "gap_mobile": 16
        }
      },
      "recent-viewed-products": {
        "type": "recent-viewed-products",
        "settings": {
          "heading": "Recently Viewed Products",
          "container": "container",
          "columns": 4,
          "column_gap": 30,
          "enable_slider": true,
          "show_product_page": true,
          "show_cart_page": true,
          "show_collection_page": false
        }
      },
      "1622430211caf90a8a": {
        "type": "press",
        "blocks": {
          "1622430211caf90a8a-0": {
            "type": "news",
            "settings": {
              "title": "<p>“Millions of combinations, meaning you get a totally unique<br\/> piece of furniture exactly the way you want it.”<\/p>",
              "image": "shopify:\/\/shop_images\/1.png",
              "image_width": "150px",
              "url": ""
            }
          },
          "1622430211caf90a8a-1": {
            "type": "news",
            "settings": {
              "title": "<p>“Millions of combinations, meaning you get a totally unique<br\/> piece of furniture exactly the way you want it.”<\/p>",
              "image": "shopify:\/\/shop_images\/2.png",
              "image_width": "150px",
              "url": ""
            }
          },
          "1622430211caf90a8a-2": {
            "type": "news",
            "settings": {
              "title": "<p>“Millions of combinations, meaning you get a totally unique<br\/> piece of furniture exactly the way you want it.”<\/p>",
              "image": "shopify:\/\/shop_images\/3.png",
              "image_width": "150px",
              "url": ""
            }
          },
          "1622430211caf90a8a-3": {
            "type": "news",
            "settings": {
              "title": "<p>“Millions of combinations, meaning you get a totally unique<br\/> piece of furniture exactly the way you want it.”<\/p>",
              "image": "shopify:\/\/shop_images\/4.png",
              "image_width": "150px",
              "url": ""
            }
          },
          "1622430211caf90a8a-4": {
            "type": "news",
            "settings": {
              "title": "<p>“Millions of combinations, meaning you get a totally unique<br\/> piece of furniture exactly the way you want it.”<\/p>",
              "image_width": "150px",
              "url": ""
            }
          },
          "1622430211caf90a8a-5": {
            "type": "news",
            "settings": {
              "title": "<p>“Millions of combinations, meaning you get a totally unique<br\/> piece of furniture exactly the way you want it.”<\/p>",
              "image_width": "150px",
              "url": ""
            }
          }
        },
        "block_order": [
          "1622430211caf90a8a-0",
          "1622430211caf90a8a-1",
          "1622430211caf90a8a-2",
          "1622430211caf90a8a-3",
          "1622430211caf90a8a-4",
          "1622430211caf90a8a-5"
        ],
        "settings": {
          "heading": "",
          "subheading": "",
          "description": "",
          "header_alignment": "center",
          "container": "container",
          "background_color": "#f5f5f5",
          "show_divider": false,
          "autoplay": false,
          "custom_class": "sf__index-press"
        }
      },
      "1622684711d8d3374b": {
        "type": "image-with-text",
        "settings": {
          "heading": "",
          "subheading": "",
          "container": "w-full",
          "background_color": "rgba(0,0,0,0)",
          "item_gap": 120,
          "item_gap_mobile": 10,
          "layout": "left",
          "image_column_size": "4",
          "title": "Keep it clean!\n<p class=\"mt-5 text-xl lg:text-2xl\">Wash <span class=\"text-color-primary\">your hands<\/span> for 20 seconds!<\/p>",
          "sub_title": "<img style=\"max-width: 100px;\" src=\"https:\/\/cdn.shopify.com\/s\/files\/1\/0042\/0750\/9567\/files\/icon1.png?v=1622685498\">",
          "text": "<p>Turn organization into decor with a multi-use, three-tier rack<br\/>that’s beautiful in any room<\/p>",
          "text_size": "large",
          "content_alignment": "left",
          "button_label": "Shop Now",
          "button_link": "",
          "button_style": "sf__btn-primary",
          "button_size": "",
          "custom_class": "sf__index-img-with-text"
        }
      },
      "product-details-accordion": {
        "type": "product-details-accordion",
        "settings": {
          "show_accordion": true,
          "use_container": false,
          "position": "bottom_info"
        }
      },
      "product-features": {
        "type": "product-features",
        "blocks": {
          "05302269-7256-4b44-883d-9df751f4d3fb": {
            "type": "feature",
            "settings": {
              "image": "shopify:\/\/shop_images\/Frame_1.png",
              "title": "Free Shipping",
              "description": "<p>Get complimentary ground shipping on every <br\/>order.Don’t love it? Send it back, on us.<\/p>",
              "link": ""
            }
          },
          "7345975c-47e6-4fe0-aaac-547526f5c064": {
            "type": "feature",
            "settings": {
              "image": "shopify:\/\/shop_images\/Frame_2.png",
              "title": "Earn Points",
              "description": "<p>Join Minimog Rewards to earn gift cards<br\/>and enjoy exclusive member benefits.<\/p>",
              "link": ""
            }
          },
          "8fb11003-e682-4dc4-b966-a66fa92919f5": {
            "type": "feature",
            "settings": {
              "image": "shopify:\/\/shop_images\/Frame_3.png",
              "title": "Money Back Gurantee",
              "description": "<p>We believe getting dressed should be the <br\/>easiest part of your day.<\/p>",
              "link": ""
            }
          }
        },
        "block_order": [
          "05302269-7256-4b44-883d-9df751f4d3fb",
          "7345975c-47e6-4fe0-aaac-547526f5c064",
          "8fb11003-e682-4dc4-b966-a66fa92919f5"
        ],
        "settings": {
          "show_featured": true,
          "container": "container",
          "heading": "Why choose us?",
          "item_per_row": 3,
          "card_style": "vertical",
          "image_max_width": "70px",
          "content_alignment": "center"
        }
      },
      "1622689774f85795d7": {
        "type": "featured-collection",
        "settings": {
          "heading": "Clean hands, Safe hands",
          "subheading": "<img style=\"margin:0 auto; max-width: 140px;margin-bottom: 35px;\" src=\"https:\/\/cdn.shopify.com\/s\/files\/1\/0042\/0750\/9567\/files\/icon2.png?v=1622690382\">",
          "description": "An organic, no-water hand lotion made with essential oils sourced from the Atlas<br> Mountains. Woody warming scent.",
          "header_alignment": "center",
          "container": "container",
          "background_color": "rgba(0,0,0,0)",
          "collection": "hand-sanitizer",
          "product_to_show": 6,
          "items_per_row": 3,
          "item_gap": 30,
          "pcard_layout": "",
          "pcard_image_ratio": "",
          "show_vendor": false,
          "enable_slider": false,
          "show_pagination": false,
          "show_navigation": false,
          "button_type": "link",
          "button_text": "",
          "button_style": "sf__btn-primary",
          "button_size": "",
          "infinite_load": false,
          "max_page_load": 3,
          "use_scroll_mobile": true,
          "item_gap_mobile": 16,
          "custom_class": "sf__index-featured-collection"
        }
      },
      "16226905136ce4269f": {
        "type": "custom-content",
        "blocks": {
          "1dd7af76-ebfe-417a-a96d-a4f1ab210d8e": {
            "type": "text",
            "settings": {
              "title": "<span class=\"leading-tight\">Be aware, <br>\nwash with care.<\/span>",
              "subheading": "<img style=\"max-width: 100px;\" src=\"https:\/\/cdn.shopify.com\/s\/files\/1\/0042\/0750\/9567\/files\/icon3.png?v=1622692373\">",
              "text": "<p>An organic, no-water hand lotion made with essential oils<br\/> sourced from the Atlas Mountains. Woody warming scent.<\/p>",
              "width": "50%",
              "alignment": "center",
              "align_text": "left",
              "text_size": "medium",
              "text_color": "white",
              "button_label": "Wash and protect",
              "button_link": "",
              "button_style": "sf__btn-white",
              "button_size": "",
              "block_custom_class": ""
            }
          },
          "fe92849d-2019-4ef9-9c96-096cd358296c": {
            "type": "video",
            "settings": {
              "video_link": "https:\/\/www.youtube.com\/watch?v=_9VUPq3SxOc",
              "ratio": "4:3",
              "video_title": "",
              "text_size": "medium",
              "text_color": "white",
              "play_style": "solid",
              "play_size": "large",
              "autoplay": false,
              "loop": false,
              "width": "50%",
              "alignment": "start",
              "block_custom_class": ""
            }
          }
        },
        "block_order": [
          "1dd7af76-ebfe-417a-a96d-a4f1ab210d8e",
          "fe92849d-2019-4ef9-9c96-096cd358296c"
        ],
        "settings": {
          "heading": "",
          "subheading": "",
          "description": "",
          "header_alignment": "center",
          "container": "w-full",
          "background_color": "rgba(0,0,0,0)",
          "gap": 0,
          "use_scroll_mobile": false,
          "gap_mobile": 16,
          "custom_class": "sf__index-custom-content"
        }
      },
      "1622692989745ca65f": {
        "type": "image-with-text",
        "settings": {
          "heading": "",
          "subheading": "",
          "container": "container",
          "background_color": "rgba(0,0,0,0)",
          "item_gap": 100,
          "item_gap_mobile": 10,
          "layout": "left",
          "image_column_size": "7",
          "title": "<span class=\"leading-tight\">Save Lives and<br> Money.<\/span>",
          "sub_title": "<img style=\"max-width: 220px;\" src=\"https:\/\/cdn.shopify.com\/s\/files\/1\/0042\/0750\/9567\/files\/icon4.png?v=1622693038\">",
          "text": "<p>An organic, no-water hand lotion made with essential oils<br\/> sourced from the Atlas Mountains. Woody warming scent.<\/p>",
          "text_size": "medium",
          "content_alignment": "left",
          "button_label": "Wash and protect",
          "button_link": "",
          "button_style": "sf__btn-primary",
          "button_size": "",
          "custom_class": ""
        }
      },
      "1622693237069e4651": {
        "type": "newsletter",
        "settings": {
          "container": "container",
          "background_color": "#649670",
          "form_layout": "vertical",
          "form_design": "1",
          "heading": "Subscribe to our Newsletter",
          "description": "",
          "email_placeholder": "Enter your email address",
          "submit_button": "",
          "text_color": "white",
          "show_icon": false,
          "icon_img_width": "30",
          "show_agreement": true,
          "term_condition_text": "<p>I agree to the Terms and Conditions.<\/p>"
        }
      },
      "annoucement": {
        "type": "annoucement",
        "settings": {
          "show_announcement": true,
          "homepage_only": true,
          "show_close": true,
          "message": "<p class=\"font-medium\" style=\"font-size:15px;\"><span style=\"border-radius:25px;background-color:#EC5D4D\n; color: #fff;padding: 5px 10px;line-height: 20px;font-weight: 500; margin-right: 10px;\">Hot<\/span>🔥 Free shipping on all U.S. orders $50+ 📦<\/p>",
          "message_link": "",
          "show_divider": false
        }
      },
      "mobile-sticky-bar": {
        "type": "mobile-sticky-bar",
        "settings": {
          "show_mobile_sticky": true,
          "show_home_icon": true,
          "show_collection_icon": true,
          "show_cart_icon": true,
          "show_search_icon": true,
          "show_account_icon": false,
          "show_wishlist_icon": false
        }
      }
    },
    "content_for_index": [
      "1622684711d8d3374b",
      "1622430211caf90a8a",
      "1622689774f85795d7",
      "16226905136ce4269f",
      "1622692989745ca65f",
      "1622693237069e4651"
    ]
  },
  "presets": {
    "Default": {
      "sections": {
        "featured-collection": {
          "type": "featured-collection",
          "settings": {
            "collection": "frontpage"
          }
        },
        "featured-product": {
          "type": "featured-product",
          "settings": {
          }
        }
      },
      "content_for_index": [
        "featured-collection",
        "featured-product"
      ]
    }
  }
}