{"current":{"text_color":"#000000","bg_color":"#f3f3f3","secondary_bg_color":"#f7f7f7","accent_bright":"#000000","accent_secondary":"#3c5097","site_border_color":"#f0f0f0","link_color":"#000000","link_hover_color":"#b1945c","header_bg":"#ffffff","header_link":"#000000","header_link_hover":"#aeb0b6","menu_bg_color":"#ffffff","menu_border_color":"#f0f0f0","menu_link_color":"#000000","menu_link_hover_color":"#b0b0b0","submenu_bg_color":"#ffffff","submenu_link_color":"#545454","submenu_link_hover_color":"#000000","menu_transparent_color":"#ffffff","footer_bg":"#121212","footer_text":"#f3f3f3","footer_link":"#f3f3f3","footer_link_hover":"#3c5097","type_heading_font":"century_gothic_n7","type_heading_size":90,"type_base_font":"century_gothic_n4","type_body_size":95,"button_border_radius":0,"animations_enable":true,"endless_scroll":true,"enable_disqus":false,"disqus_shortname":"","enable_product_reviews":false,"enable_yotpo":false,"yotpo_ID":"","instagram_link":"","facebook_link":"","twitter_link":"","youtube_link":"","vimeo_link":"","pinterest_link":"","tumblr_link":"","atom_link":"","share_facebook":true,"share_twitter":true,"share_pinterest":true,"social_home_image":"","color_swatches":true,"image_hover_enable":true,"product_grid_aspect_ratio":1,"sale_tags_enable":true,"sale_background_color":"#be563f","sale_text_color":"#ffffff","quickview_enable":true,"quickview_buybutton_enable":true,"show_promo_modal":false,"promo_dev_mode":false,"promo_modal_subtitle":"Broadcast","promo_modal_title":"Newsletter","promo_modal_richtext":"<p>Subscribe to get special offers, free giveaways, and once-in-a-lifetime deals.<\/p>","promo_button_text":"Join","promo_image":"","promo_bg_color":"#fff","promo_text_color":"dark","favicon":"shopify:\/\/shop_images\/Knockout_Center_1.png","show_multiple_currencies":false,"currency_format":"money_with_currency_format","supported_currencies":"INR GBP CAD USD AUD EUR JPY","default_currency":"USD","checkout_header_image":"","checkout_logo_image":"shopify:\/\/shop_images\/Knockout_Center.png","checkout_logo_position":"center","checkout_logo_size":"large","checkout_body_background_image":"","checkout_body_background_color":"#fff","checkout_input_background_color_mode":"white","checkout_sidebar_background_image":"","checkout_sidebar_background_color":"#fafafa","checkout_heading_font":"Open Sans","checkout_body_font":"Open Sans","checkout_accent_color":"#c5aa76","checkout_button_color":"#c5aa76","checkout_error_color":"#c85c42","sections":{"header":{"type":"header","settings":{"logo_image":"shopify:\/\/shop_images\/Knockout_Center_2.png","logo_image_width":300,"header_style":"sticky","header_transparent_home":false,"header_transparent_collection":false,"show_header_social":true,"show_header_search":true,"header_search_products":true,"show_account":true,"message":true,"message_text":"NEW PRODUCTS ADDED","message_detail":"FREE SHIPPING ON ALL ORDERS OVER $50","color_bg":"#efeeec","color_text":"#545454","menu_primary":"main-menu"}},"product":{"type":"product","blocks":{"product-tab-1":{"type":"tab_richtext","settings":{"title":"First","raw_content":"<p>This tab content type will accept <strong>rich text<\/strong> to help with adding styles and links to additional pages or content. Use this to add supplementary information to help your buyers.<\/p>"}},"product-tab-2":{"type":"tab_richtext","settings":{"title":"Second","raw_content":"<p>This tab content type will accept <strong>rich text<\/strong> to help with adding styles and links to additional pages or content. Use this to add supplementary information to help your buyers.<\/p>"}},"product-tab-3":{"type":"tab_richtext","settings":{"title":"Third","raw_content":"<p>This tab content type will accept <strong>rich text<\/strong> to help with adding styles and links to additional pages or content. Use this to add supplementary information to help your buyers.<\/p>"}}},"block_order":["product-tab-1","product-tab-2","product-tab-3"],"settings":{"image_layout":"stacked","product_sticky_enable":true,"show_breadcrumbs":true,"show_share_buttons":true,"product_show_vendor":false,"show_payment_button":true,"show_recently_viewed":true,"tabs_enable":false}},"page-contact":{"type":"page-contact","blocks":{"contact-1":{"type":"text","settings":{"title":"Full Name"}},"contact-2":{"type":"email","settings":{"title":"Email"}},"contact-3":{"type":"body","settings":{"title":"Message"}},"contact-4":{"type":"spacer","settings":{"line":false}},"contact-5":{"type":"formHeading","settings":{"title":"Optional:"}},"contact-6":{"type":"checkbox","settings":{"title":"Subscribe to the newsletter"}},"contact-7":{"type":"select","settings":{"title":"How did you hear about us:","label-one":"- Pick an option -","label-two":"Instagram \/ Facebook","label-three":"Web search","label-four":"Print Ad","label-five":"From a friend","label-six":""}}},"block_order":["contact-1","contact-2","contact-3","contact-4","contact-5","contact-6","contact-7"],"settings":{"title":""}},"index-hero":{"type":"index-hero","settings":{"image":"shopify:\/\/shop_images\/gymhh_6f3233ca-3a89-4f55-aa84-a1639c410661.jpg","parallax":false,"height":"screen-height-full","overlay_opacity":25,"overlay_color":"#000000","title":"Stuck at home is not an excuse.","description":"Just because we are stuck at home is not an excuse to stop training!","flex_align":"align--middle-center","text_color":"text-light","transparent":true,"link_text":"Check The Best Equipment","link":"shopify:\/\/collections"}},"index-newsletter":{"type":"index-newsletter","settings":{"title":"Emails suck, ours don't.","richtext":"<p>We&#x27;ll keep you up to date with the latest and greatest in tech and also keep you up to date with any sales or promotions we run.<\/p>","width":"full","flex_align":"align--middle-left","text_color":"dark","height":"screen-height-one-third","overlay_opacity":0,"overlay_color":"#ffffff"}},"footer":{"type":"footer","settings":{"logo_image_width":150,"overlay_opacity":15,"overlay_color":"#000000","footer_secondary_linklist":"footer","footer_payment_enable":true,"footer_hide_credit":false}},"1563933455175":{"type":"index-hero","settings":{"image":"shopify:\/\/shop_images\/photo-1583454110551-21f2fa2afe61.jpg","parallax":true,"height":"seven-fifty-height-hero","overlay_opacity":0,"overlay_color":"#f7f7f7","title":"No more boring trips to the gym","description":"Get Fit & Fresh at the comfort of your home","flex_align":"align--middle-center","text_color":"text-light","transparent":true,"link_text":"Products for gym from home","link":"shopify:\/\/collections"}},"index-look":{"type":"index-look","disabled":true,"blocks":{"index-look-0":{"type":"instagram_product","settings":{"product":"","instagram_link":"","image":"","position_x":50,"position_y":50}},"index-look-1":{"type":"instagram_product","settings":{"product":"","instagram_link":"","image":"","position_x":50,"position_y":50}}},"block_order":["index-look-0","index-look-1"],"settings":{"title":"Shop the look","section_bg":"#fafafa","dot_color":"#ffffff"}},"collection":{"type":"collection","settings":{"enable_sort":false,"collection_tags":false,"show_title":true,"show_description":true,"text_color":"text-light","flex_align":"align--bottom-left","transparent":true,"show_image":true,"height":"image-height","parallax":false,"overlay_opacity":0,"overlay_color":"#000","grid":4,"enable_reviews":false}},"list-collections":{"type":"list-collections","settings":{"display_type":"all","title":"Collections","grid":4,"rows":1,"enable_reviews":false,"scroll":"horizontally"}},"related":{"type":"related","settings":{"related_products_enable":true,"limit":4,"product_recommendations_heading":"Related products"}},"1602584836949":{"type":"index-hero","settings":{"image":"shopify:\/\/shop_images\/woman-preparing-for-yoga_752cb847-fa99-4951-bedd-4111cfcbc44a.jpg","parallax":true,"height":"screen-height-three-quarters","overlay_opacity":15,"overlay_color":"#ffffff","title":"Yoga","description":"Yoga equipment for working out at home","flex_align":"align--middle-center","text_color":"text-dark","transparent":true,"link_text":"View products","link":"shopify:\/\/collections\/yoga"}},"1602585038934":{"type":"index-hero","settings":{"image":"shopify:\/\/shop_images\/roller-product-used-on-hamstring_af88f9a1-3982-4c91-aa62-a80ec66a9f5b.jpg","parallax":false,"height":"screen-height-three-quarters","overlay_opacity":15,"overlay_color":"#ffffff","title":"Recovery & Cooldown","description":"Done working out? Cooldown equipment is good way to end your workout.","flex_align":"align--middle-center","text_color":"text-light","transparent":true,"link_text":"View products","link":"shopify:\/\/collections\/recovery-cooldown"}},"1602594313822":{"type":"index-hero","settings":{"image":"shopify:\/\/shop_images\/boxing-practice_458d701d-ae26-4e2d-9cc0-35f726961890.jpg","parallax":false,"height":"screen-height-three-quarters","overlay_opacity":15,"overlay_color":"#ffffff","title":"Best Sellers Gym From House!","description":"Best Sellers in Exercise & Fitness Home Gyms\nThe best sold home gym equipment!","flex_align":"align--middle-center","text_color":"text-light","transparent":true,"link_text":"Best Sellers Fitness At Home","link":"shopify:\/\/collections\/best-sellers-1"}},"1602594853087":{"type":"index-text-row","blocks":{"1602594853087-0":{"type":"text-item","settings":{"icon_name":"icon-lock-card","icon_color":"#aaaaaa","title":"Secure transactons","text":"Transactions are handled with bank-grade security"}},"1602594853087-1":{"type":"text-item","settings":{"icon_name":"icon-basket-like","icon_color":"#aaaaaa","title":"Simple checkout","text":"Our secure checkout is quick and easy to use."}},"1602594853087-2":{"type":"text-item","settings":{"icon_name":"icon-chat","icon_color":"#aaaaaa","title":"Get in touch","text":"Have questions? Get in touch with us at any time."}},"1602594923194":{"type":"text-item","settings":{"icon_name":"icon-payment","icon_color":"#aaaaaa","title":"Payments","text":"Many payment options!"}}},"block_order":["1602594853087-0","1602594853087-1","1602594853087-2","1602594923194"],"settings":{"text_alignment":"left","icon_size":"icon--small","icon_alignment":"icon--top","bg_color":"#f7f7f7","text_color":"#545454"}},"16042476492acf88d8":{"type":"index-collections-list","blocks":{"16042476492acf88d8-0":{"type":"collection","settings":{"collection":"strength-conditioning","title":"Strength and Resistance"}},"16042476492acf88d8-1":{"type":"collection","settings":{"collection":"yoga","title":"Yoga at home"}},"16042476492acf88d8-2":{"type":"collection","settings":{"collection":"toning-balance","title":"Balance sport at home"}},"16042476492acf88d8-3":{"type":"collection","settings":{"collection":"workout-accessories","title":"Workout Accessories at home"}}},"block_order":["16042476492acf88d8-0","16042476492acf88d8-1","16042476492acf88d8-2","16042476492acf88d8-3"],"settings":{"title":"Collection Gym At Home","arrows_style":"dark"}},"1604259888ec9330cd":{"type":"index-collections-list","blocks":{"1604259888d781ee9a-0":{"type":"collection","settings":{"collection":"women","title":"Women"}},"1604259888d781ee9a-1":{"type":"collection","settings":{"collection":"men","title":"Men"}}},"block_order":["1604259888d781ee9a-0","1604259888d781ee9a-1"],"settings":{"title":"Collection Women and Men","arrows_style":"dark"}},"1604264419866172a7":{"type":"index-products","settings":{"featured_collection":"muscle-trainer","title":"Muscle Trainer Electric Stimulators","grid":6,"rows":1,"enable_reviews":true,"scroll":"horizontally","arrows_style":"dark"}},"1604264766368fa7aa":{"type":"index-products","settings":{"featured_collection":"strength-conditioning","title":"Strength and Resistance","grid":6,"rows":1,"enable_reviews":false,"scroll":"horizontally","arrows_style":"dark"}},"16042650250496e570":{"type":"index-products","settings":{"featured_collection":"toning-balance","title":"Featured collection","grid":4,"rows":1,"enable_reviews":false,"scroll":"horizontally","arrows_style":"dark"}},"160426710862fe593c":{"type":"index-products","settings":{"featured_collection":"recovery-cooldown","title":"Cooldown collection","grid":6,"rows":1,"enable_reviews":true,"scroll":"horizontally","arrows_style":"dark"}},"1604267542eca9d558":{"type":"index-products","settings":{"featured_collection":"yoga","title":"Yoga collection","grid":6,"rows":1,"enable_reviews":false,"scroll":"horizontally","arrows_style":"dark"}}},"content_for_index":["index-hero","1604259888ec9330cd","1602594313822","16042476492acf88d8","1563933455175","1604264766368fa7aa","1604264419866172a7","16042650250496e570","1602584836949","1604267542eca9d558","1602585038934","160426710862fe593c","1602594853087","index-newsletter"]},"presets":{"Clean":{"text_color":"#545454","bg_color":"#ffffff","secondary_bg_color":"#F7F7F7","accent_bright":"#b1945c","accent_secondary":"#8191a4","site_border_color":"#F0F0F0","link_color":"#545454","link_hover_color":"#b1945c","header_bg":"#ffffff","header_link":"#545454","header_link_hover":"#b1945c","menu_bg_color":"#ffffff","menu_border_color":"#F0F0F0","menu_link_color":"#545454","menu_link_hover_color":"#b1945c","submenu_bg_color":"#ffffff","submenu_link_color":"#545454","submenu_link_hover_color":"#c5aa76","footer_bg":"#ffffff","footer_text":"#545454","footer_link":"#545454","footer_link_hover":"#b1945c","type_heading_font":"century_gothic_n7","type_heading_size":90,"type_base_font":"century_gothic_n4","type_body_size":95,"animations_enable":true,"image_hover_enable":true,"sale_tags_enable":true,"sale_background_color":"#be563f","sale_text_color":"#ffffff","show_promo_modal":false,"promo_dev_mode":false,"checkout_logo_position":"left","checkout_logo_size":"medium","checkout_body_background_color":"#fff","checkout_input_background_color_mode":"white","checkout_sidebar_background_color":"#fafafa","checkout_heading_font":"Open Sans","checkout_body_font":"Open Sans","checkout_accent_color":"#c5aa76","checkout_button_color":"#c5aa76","checkout_error_color":"#c85c42","sections":{"header":{"type":"header","settings":{"show_header_social":true,"show_header_search":true,"show_account":true,"message":false,"color_bg":"#efeeec","color_text":"#545454","menu_primary":"main-menu"}},"product":{"type":"product","blocks":{"product-tab-1":{"type":"tab_richtext","settings":{"title":"First","raw_content":"<p>This tab content type will accept <strong>rich text<\/strong> to help with adding styles and links to additional pages or content. Use this to add supplementary information to help your buyers.<\/p>"}},"product-tab-2":{"type":"tab_richtext","settings":{"title":"Second","raw_content":"<p>This tab content type will accept <strong>rich text<\/strong> to help with adding styles and links to additional pages or content. Use this to add supplementary information to help your buyers.<\/p>"}},"product-tab-3":{"type":"tab_richtext","settings":{"title":"Third","raw_content":"<p>This tab content type will accept <strong>rich text<\/strong> to help with adding styles and links to additional pages or content. Use this to add supplementary information to help your buyers.<\/p>"}}},"block_order":["product-tab-1","product-tab-2","product-tab-3"],"settings":{"image_layout":"stacked","product_sticky_enable":true,"show_breadcrumbs":true,"show_share_buttons":true,"product_show_vendor":false,"show_payment_button":true,"show_recently_viewed":true,"tabs_enable":true}},"page-contact":{"type":"page-contact","blocks":{"contact-1":{"type":"text","settings":{"title":"Full Name"}},"contact-2":{"type":"email","settings":{"title":"Email"}},"contact-3":{"type":"body","settings":{"title":"Message"}},"contact-4":{"type":"spacer","settings":{"line":false}},"contact-5":{"type":"formHeading","settings":{"title":"Optional:"}},"contact-6":{"type":"checkbox","settings":{"title":"Subscribe to the newsletter"}},"contact-7":{"type":"select","settings":{"title":"How did you hear about us:","label-one":"- Pick an option -","label-two":"Instagram \/ Facebook","label-three":"Web search","label-four":"Print Ad","label-five":"From a friend","label-six":""}}},"block_order":["contact-1","contact-2","contact-3","contact-4","contact-5","contact-6","contact-7"],"settings":{"title":""}},"index-hero":{"type":"index-hero","settings":{"parallax":false,"height":"screen-height-two-thirds","overlay_opacity":0,"flex_align":"align--middle-center","text_color":"text-dark"}},"index-image-with-text":{"type":"index-image-with-text","settings":{"color":"#545454","background":"#f7f7f7","height":"screen-height-one-half","overlay_opacity":0}},"index-map":{"type":"index-map","settings":{}},"index-slideshow":{"type":"index-slideshow","blocks":{"index-slideshow-0":{"type":"image","settings":{"overlay_opacity":0,"text_color":"text-dark"}},"index-slideshow-1":{"type":"image","settings":{"overlay_opacity":0,"text_color":"text-dark"}}},"block_order":["index-slideshow-0","index-slideshow-1"],"settings":{"autoplay":false,"autoplay_speed":8,"height":"screen-height-one-half"}},"index-collections-list":{"type":"index-collections-list","blocks":{"index-collections-list-0":{"type":"collection","settings":{}},"index-collections-list-1":{"type":"collection","settings":{}},"index-collections-list-2":{"type":"collection","settings":{}},"index-collections-list-3":{"type":"collection","settings":{}}},"block_order":["index-collections-list-0","index-collections-list-1","index-collections-list-2","index-collections-list-3"],"settings":{"title":"Collections"}},"index-background-video":{"type":"index-background-video","settings":{"overlay_opacity":65}},"index-look":{"type":"index-look","blocks":{"index-look-0":{"type":"instagram_product","settings":{}},"index-look-1":{"type":"instagram_product","settings":{}}},"block_order":["index-look-0","index-look-1"],"settings":{}},"index-testimonials":{"type":"index-testimonials","blocks":{"index-testimonial-0":{"type":"testimonial","settings":{"title":"Mark Corrigan"}},"index-testimonial-1":{"type":"testimonial","settings":{"title":"Jeremy Usborne"}}},"block_order":["index-testimonial-0","index-testimonial-1"],"settings":{}},"index-products":{"type":"index-products","settings":{}},"index-blog":{"type":"index-blog","settings":{}},"index-rich-text":{"type":"index-rich-text","settings":{}},"index-instagram":{"type":"index-instagram","settings":{}},"index-newsletter":{"type":"index-newsletter","settings":{}}},"content_for_index":["index-hero","index-collections-list","index-image-with-text","index-products","index-testimonials","index-map","index-background-video","index-rich-text","index-slideshow","index-blog","index-instagram","index-look","index-newsletter"]},"Modern":{"text_color":"#2b2b2b","bg_color":"#ffffff","secondary_bg_color":"#f7f9fa","accent_bright":"#007efc","accent_secondary":"#2B2B2B","site_border_color":"#f3f3f3","link_color":"#2b333b","link_hover_color":"#007efc","header_bg":"#ffffff","header_link":"#3b434b","header_link_hover":"#007efc","menu_bg_color":"#2b2b2b","menu_border_color":"#2b2b2b","menu_link_color":"#ffffff","menu_link_hover_color":"#c8e4f2","submenu_bg_color":"#2b2b2b","submenu_link_color":"#ffffff","submenu_link_hover_color":"#c8e4f2","footer_bg":"#1f1f1f","footer_text":"#ffffff","footer_link":"#e1e1e1","footer_link_hover":"#808080","type_heading_font":"monotype_news_gothic_n4","type_heading_size":100,"type_base_font":"monotype_news_gothic_n4","type_body_size":95,"animations_enable":false,"image_hover_enable":false,"sale_tags_enable":true,"sale_background_color":"#ed6161","sale_text_color":"#ffffff","show_promo_modal":false,"promo_dev_mode":false,"checkout_logo_position":"left","checkout_logo_size":"medium","checkout_body_background_color":"#fff","checkout_input_background_color_mode":"white","checkout_sidebar_background_color":"#fafafa","checkout_heading_font":"Open Sans","checkout_body_font":"Open Sans","checkout_accent_color":"#007efc","checkout_button_color":"#007efc","checkout_error_color":"#ed6161","sections":{"header":{"type":"header","settings":{"show_header_social":true,"show_header_search":true,"show_account":true,"message":false,"color_bg":"#efeeec","color_text":"#545454","menu_primary":"main-menu"}},"product":{"type":"product","blocks":{"product-tab-1":{"type":"tab_richtext","settings":{"title":"First","raw_content":"<p>This tab content type will accept <strong>rich text<\/strong> to help with adding styles and links to additional pages or content. Use this to add supplementary information to help your buyers.<\/p>"}},"product-tab-2":{"type":"tab_richtext","settings":{"title":"Second","raw_content":"<p>This tab content type will accept <strong>rich text<\/strong> to help with adding styles and links to additional pages or content. Use this to add supplementary information to help your buyers.<\/p>"}},"product-tab-3":{"type":"tab_richtext","settings":{"title":"Third","raw_content":"<p>This tab content type will accept <strong>rich text<\/strong> to help with adding styles and links to additional pages or content. Use this to add supplementary information to help your buyers.<\/p>"}}},"block_order":["product-tab-1","product-tab-2","product-tab-3"],"settings":{"image_layout":"thumbnails","product_sticky_enable":false,"show_breadcrumbs":true,"show_share_buttons":false,"product_show_vendor":false,"show_payment_button":true,"show_recently_viewed":true,"tabs_enable":false}},"page-contact":{"type":"page-contact","blocks":{"contact-1":{"type":"text","settings":{"title":"Full Name"}},"contact-2":{"type":"email","settings":{"title":"Email"}},"contact-3":{"type":"body","settings":{"title":"Message"}},"contact-4":{"type":"spacer","settings":{"line":false}},"contact-5":{"type":"formHeading","settings":{"title":"Optional:"}},"contact-6":{"type":"checkbox","settings":{"title":"Subscribe to the newsletter"}},"contact-7":{"type":"select","settings":{"title":"How did you hear about us:","label-one":"- Pick an option -","label-two":"Instagram \/ Facebook","label-three":"Web search","label-four":"Print Ad","label-five":"From a friend","label-six":""}}},"block_order":["contact-1","contact-2","contact-3","contact-4","contact-5","contact-6","contact-7"],"settings":{"title":""}},"index-hero":{"type":"index-hero","settings":{"parallax":false,"height":"screen-height-two-thirds","overlay_opacity":0,"flex_align":"align--middle-center","text_color":"text-dark"}},"index-image-with-text":{"type":"index-image-with-text","settings":{"color":"#282c2e","background":"#f7f9fa","height":"screen-height-one-half","overlay_opacity":0}},"index-map":{"type":"index-map","settings":{}},"index-slideshow":{"type":"index-slideshow","blocks":{"index-slideshow-0":{"type":"image","settings":{}},"index-slideshow-1":{"type":"image","settings":{}}},"block_order":["index-slideshow-0","index-slideshow-1"],"settings":{"autoplay":false,"autoplay_speed":8,"height":"screen-height-one-half"}},"index-collections-list":{"type":"index-collections-list","blocks":{"index-collections-list-0":{"type":"collection","settings":{}},"index-collections-list-1":{"type":"collection","settings":{}},"index-collections-list-2":{"type":"collection","settings":{}},"index-collections-list-3":{"type":"collection","settings":{}}},"block_order":["index-collections-list-0","index-collections-list-1","index-collections-list-2","index-collections-list-3"],"settings":{"title":"Collections"}},"index-background-video":{"type":"index-background-video","settings":{"overlay_opacity":65}},"index-look":{"type":"index-look","blocks":{"index-look-0":{"type":"instagram_product","settings":{}},"index-look-1":{"type":"instagram_product","settings":{}}},"block_order":["index-look-0","index-look-1"],"settings":{}},"index-testimonials":{"type":"index-testimonials","blocks":{"index-testimonial-0":{"type":"testimonial","settings":{"title":"Mark Corrigan"}},"index-testimonial-1":{"type":"testimonial","settings":{"title":"Jeremy Usborne"}}},"block_order":["index-testimonial-0","index-testimonial-1"],"settings":{}},"index-products":{"type":"index-products","settings":{}},"index-blog":{"type":"index-blog","settings":{}},"index-rich-text":{"type":"index-rich-text","settings":{}},"index-instagram":{"type":"index-instagram","settings":{}},"index-newsletter":{"type":"index-newsletter","settings":{}}},"content_for_index":["index-hero","index-collections-list","index-image-with-text","index-products","index-testimonials","index-map","index-background-video","index-rich-text","index-slideshow","index-blog","index-instagram","index-look","index-newsletter"]},"Bold":{"text_color":"#2d2d2d","bg_color":"#ffffff","secondary_bg_color":"#f5f2ef","accent_bright":"#d1759c","accent_secondary":"#d1a775","site_border_color":"#edeae6","link_color":"#193b68","link_hover_color":"#3f579c","header_bg":"#1a2430","header_link":"#ffffff","header_link_hover":"#e8d0da","menu_bg_color":"#222b37","menu_border_color":"#131c28","menu_link_color":"#ffffff","menu_link_hover_color":"#e8d0da","submenu_bg_color":"#222b37","submenu_link_color":"#ffffff","submenu_link_hover_color":"#e8d0da","footer_bg":"#1a2430","footer_text":"#ffffff","footer_link":"#ffffff","footer_link_hover":"#d1759c","type_heading_font":"itc_bodoni_twelve_n7","type_heading_size":95,"type_base_font":"montserrat_n4","type_body_size":90,"animations_enable":true,"image_hover_enable":false,"sale_tags_enable":true,"sale_background_color":"#e03386","sale_text_color":"#ffffff","show_promo_modal":false,"promo_dev_mode":false,"checkout_logo_position":"left","checkout_logo_size":"medium","checkout_body_background_color":"#fff","checkout_input_background_color_mode":"white","checkout_sidebar_background_color":"#fafafa","checkout_heading_font":"Open Sans","checkout_body_font":"Open Sans","checkout_accent_color":"#3F579C","checkout_button_color":"#3F579C","checkout_error_color":"#D1759C","sections":{"header":{"type":"header","settings":{"show_header_social":true,"show_header_search":true,"show_account":true,"message":false,"color_bg":"#101A26","color_text":"#EEEEEE","menu_primary":"main-menu"}},"product":{"type":"product","blocks":{"product-tab-1":{"type":"tab_richtext","settings":{"title":"First","raw_content":"<p>This tab content type will accept <strong>rich text<\/strong> to help with adding styles and links to additional pages or content. Use this to add supplementary information to help your buyers.<\/p>"}},"product-tab-2":{"type":"tab_richtext","settings":{"title":"Second","raw_content":"<p>This tab content type will accept <strong>rich text<\/strong> to help with adding styles and links to additional pages or content. Use this to add supplementary information to help your buyers.<\/p>"}},"product-tab-3":{"type":"tab_richtext","settings":{"title":"Third","raw_content":"<p>This tab content type will accept <strong>rich text<\/strong> to help with adding styles and links to additional pages or content. Use this to add supplementary information to help your buyers.<\/p>"}}},"block_order":["product-tab-1","product-tab-2","product-tab-3"],"settings":{"image_layout":"stacked","product_sticky_enable":true,"show_breadcrumbs":true,"show_share_buttons":true,"product_show_vendor":false,"show_payment_button":true,"show_recently_viewed":true,"tabs_enable":true}},"page-contact":{"type":"page-contact","blocks":{"contact-1":{"type":"text","settings":{"title":"Full Name"}},"contact-2":{"type":"email","settings":{"title":"Email"}},"contact-3":{"type":"body","settings":{"title":"Message"}},"contact-4":{"type":"spacer","settings":{"line":false}},"contact-5":{"type":"formHeading","settings":{"title":"Optional:"}},"contact-6":{"type":"checkbox","settings":{"title":"Subscribe to the newsletter"}},"contact-7":{"type":"select","settings":{"title":"How did you hear about us:","label-one":"- Pick an option -","label-two":"Instagram \/ Facebook","label-three":"Web search","label-four":"Print Ad","label-five":"From a friend","label-six":""}}},"block_order":["contact-1","contact-2","contact-3","contact-4","contact-5","contact-6","contact-7"],"settings":{"title":""}},"index-hero":{"type":"index-hero","settings":{"parallax":false,"height":"screen-height-two-thirds","overlay_opacity":0,"flex_align":"align--middle-center","text_color":"text-dark"}},"index-image-with-text":{"type":"index-image-with-text","settings":{"color":"#2d2d2d","background":"#f5f2ef","height":"screen-height-one-half","overlay_opacity":0}},"index-map":{"type":"index-map","settings":{}},"index-slideshow":{"type":"index-slideshow","blocks":{"index-slideshow-0":{"type":"image","settings":{}},"index-slideshow-1":{"type":"image","settings":{}}},"block_order":["index-slideshow-0","index-slideshow-1"],"settings":{"autoplay":false,"autoplay_speed":8,"height":"screen-height-one-half"}},"index-collections-list":{"type":"index-collections-list","blocks":{"index-collections-list-0":{"type":"collection","settings":{}},"index-collections-list-1":{"type":"collection","settings":{}},"index-collections-list-2":{"type":"collection","settings":{}},"index-collections-list-3":{"type":"collection","settings":{}}},"block_order":["index-collections-list-0","index-collections-list-1","index-collections-list-2","index-collections-list-3"],"settings":{"title":"Collections"}},"index-background-video":{"type":"index-background-video","settings":{"overlay_opacity":65}},"index-look":{"type":"index-look","blocks":{"index-look-0":{"type":"instagram_product","settings":{}},"index-look-1":{"type":"instagram_product","settings":{}}},"block_order":["index-look-0","index-look-1"],"settings":{}},"index-testimonials":{"type":"index-testimonials","blocks":{"index-testimonial-0":{"type":"testimonial","settings":{"title":"Mark Corrigan"}},"index-testimonial-1":{"type":"testimonial","settings":{"title":"Jeremy Usborne"}}},"block_order":["index-testimonial-0","index-testimonial-1"],"settings":{}},"index-products":{"type":"index-products","settings":{}},"index-blog":{"type":"index-blog","settings":{}},"index-rich-text":{"type":"index-rich-text","settings":{}},"index-instagram":{"type":"index-instagram","settings":{}},"index-newsletter":{"type":"index-newsletter","settings":{}}},"content_for_index":["index-hero","index-collections-list","index-image-with-text","index-products","index-testimonials","index-map","index-background-video","index-rich-text","index-slideshow","index-blog","index-instagram","index-look","index-newsletter"]}}}