{
  "current": {
    "favicon": "shopify:\/\/shop_images\/fav_icon_dark_1.png",
    "container_width": 1280,
    "container_fluid_width": 1620,
    "container_fluid_offset": 100,
    "color_primary": "#000000",
    "color_body_text": "#000000",
    "color_heading_text": "#000000",
    "color_sub_text": "#666666",
    "color_btn_bg_hover": "#000000",
    "prod_sale_price_color": "#666666",
    "prod_type_color": "#666666",
    "prod_desc_color": "#666666",
    "color_main_bg": "#ffffff",
    "color_field_bg": "#ffffff",
    "color_annoucement_bg": "#d6f1f4",
    "color_annoucement_text": "#5fa6b1",
    "color_topbar_bg": "#ffffff",
    "color_topbar_text": "#666666",
    "color_header_bg": "#ffffff",
    "color_header_link": "#000000",
    "color_header_transparent": "#000000",
    "color_menu_bar_bg": "#ffffff",
    "color_menu_bar_text": "#000000",
    "color_footer_bg": "#f5f5f5",
    "color_footer_text": "#000000",
    "color_footer_subtext": "#666666",
    "color_footer_link_hover": "#000000",
    "color_footer_bottom_bg": "#f5f5f5",
    "color_footer_bottom_text": "#666666",
    "color_border": "#eeeeee",
    "img_overlay_opacity": 20,
    "tooltip_background_color": "#000000",
    "type_base_font": "roboto_condensed_n4",
    "use_custom_font_body": true,
    "custom_body_font": "https:\/\/cdn.shopify.com\/s\/files\/1\/0147\/0962\/0800\/files\/CerebriSans-SemiBold.otf?v=1623728044@600\nhttps:\/\/cdn.shopify.com\/s\/files\/1\/0147\/0962\/0800\/files\/CerebriSans-Regular.otf?v=1623728044@400",
    "custom_body_weight": "400",
    "type_base_size": 16,
    "type_base_line_height": 28,
    "type_header_font": "roboto_condensed_n7",
    "use_custom_font_heading": true,
    "custom_heading_font": "https:\/\/cdn.shopify.com\/s\/files\/1\/0147\/0962\/0800\/files\/CerebriSans-SemiBold.otf?v=1623728044@600\nhttps:\/\/cdn.shopify.com\/s\/files\/1\/0147\/0962\/0800\/files\/CerebriSans-Regular.otf?v=1623728044@400",
    "custom_heading_weight": "600",
    "type_header_base_size": 37,
    "type_header_spacing": 0,
    "btn_base_size": 15,
    "btn_weight": "400",
    "pcard_layout": "1",
    "pcard_alignment": "center",
    "pcard_image_ratio": "3\/4",
    "show_vendor": true,
    "uppercase_prd_name": true,
    "variant_option_design1": "image",
    "variant_option_design3": "color",
    "show_variant_swatch_image": true,
    "product_colors": "red: #FF6961,\nyellow: #FDDA76,\nblack: #000000,\nblue: #8DB4D2,\ngreen: #C1E1C1,\npurple: #B19CD9,\nsilver: #EEEEEF,\nwhite: #FFFFFF,\nbrown: #836953,\nlight-brown: #feb035,\ndark-turquoise: #23cddc,\norange: #FFB347,\ntan: #E9D1BF,\nviolet: #B490B0,\npink: #FFD1DC,\ngrey: #E0E0E0,\nsky: #96BDC6,\npale-leaf: #CCD4BF",
    "filter_color1": "",
    "share_facebook": true,
    "share_pinterest": true,
    "social_twitter_link": "https:\/\/twitter.com\/home",
    "social_facebook_link": "https:\/\/facebook.com\/",
    "social_pinterest_link": "https:\/\/pinterest.com\/",
    "social_instagram_link": "https:\/\/instagram.com\/",
    "wishlist_page": "whishlist",
    "product_compare_page": "",
    "gm_api": "",
    "instagram_token": "",
    "custom_css": ".sf__slide-content {\n  padding: 45px;\n  background: #fff;\n}\n\na.sf__btn {\n  text-transform: uppercase;\n  border-radius: 0;\n}\n.slide__block-title {\n  letter-spacing: 8px;\n}\n.slide__block-description {\n  color: var(--color-sub-text);\n}\n.sf__heading-style {\n  font-size: 36px;\n  line-height: 54px;\n  letter-spacing: 3px;\n  text-transform: uppercase;\n}\n.sf-press .press-content .rte {\n  font-size: 24px;\n  line-height: 36px;\n}\n.sf__blog-post .section-my {\n  margin-bottom: 30px;\n}\n.sf__blog-post .sf__blog-card .sf__blog-cardContent .sf__blog-cardTitle {\n  font-weight: 600;\n  text-transform: uppercase;\n  font-size: 16px;\n}\n.sf__footer-block-title,\n.sf__pcard-name {\n  font-weight: 600;\n}\n.sf__footer-block-newsletter .sf__footer-block-title {\n  font-size: 36px;\n  font-weight: 600;\n  letter-spacing: 3px;\n}\n.sf__footer-block-our_store svg path {\n  fill: #000;\n}\n.sf__footer-block-our_store .social-media-links {\n  margin: 0px -28px;\n  margin-top: 25px;\n}\n.sf__footer-block-our_store .social-media-links a {\n  padding: 0 20px;\n}\n[data-section-type=\"countdown-timer\"]\n  #countdown-timer-1623739887083af1d5\n  .sf__cdt-inner {\n  padding: 0;\n}\n[data-section-type=\"custom-content\"] .section-my {\n    margin-top: 0;\n    margin-bottom: 0;\n}\n@media screen and (max-width: 1535px) {\n  [data-section-type=\"featured-collection\"]:nth-child(2) .container-fluid {\n    padding: 80px 100px;\n  }\n  [data-section-type=\"featured-collection\"]:first-child .container-fluid {\n    padding: 80px 100px;\n  }\n}\n#[data-section-type=\"custom-content\"] .sf-custom__block-inner .prose {\n  max-width: 475px;\n}\n@media screen and (max-width: 1024px) {\n  #[data-section-type=\"custom-content\"] .sf-custom__block-inner .prose {\n    max-width: 100%;\n  }\n}\n@media screen and (max-width: 768px) {\n  [data-section-type=\"featured-collection\"]:nth-child(2) .container-fluid {\n    padding: 0 16px;\n  }\n  [data-section-type=\"featured-collection\"]:first-child .container-fluid {\n    padding: 0 16px;\n  }\n}\n\n@media (max-width: 767px) {\n  [data-section-type=\"slider\"] .sf__slide-content--mobile {\n    padding-top: 15px;\n  }\n  [data-section-type=\"slider\"] .swiper-slide .pb-6 {\n    padding-bottom: 0;\n  }\n  [data-section-type=\"featured-collection\"]:first-child .section-my {\n    margin-top: 0;\n  }\n  [data-section-type=\"featured-collection\"]:first-child .sf__heading-style {\n    font-size: 24px;\n  }\n  [data-section-type=\"countdown-timer\"] {\n    margin-bottom: 250px;\n  }\n  [data-section-type=\"countdown-timer\"] .sf__cdt-inner {\n    transform: translate3d(0, 225px, 0);\n  }\n}",
    "use_theme_currencies": true,
    "theme_currencies": "USD | EUR | GBP | VND",
    "sections": {
      "header": {
        "type": "header",
        "blocks": {
          "59224d28-d657-4624-8d17-55b1c4ce8d9c": {
            "type": "product-list",
            "settings": {
              "heading": "Product",
              "container": "container-fluid",
              "stretch_width": false,
              "collection": "beauty",
              "limit": 6,
              "columns": 2
            }
          },
          "5b9aec5f-b955-4765-9a87-1962d613e909": {
            "type": "custom_html",
            "settings": {
              "heading": "Home",
              "container": "inherit",
              "html": ""
            }
          },
          "0f7c7d32-9231-4fdb-9574-da48d5bc735d": {
            "type": "banner",
            "settings": {
              "heading": "Shop",
              "container": "inherit",
              "banner_style": "outside",
              "banner_link": "",
              "banner_title": "TRUE BEAUTY",
              "banner_desc": "",
              "banner_button_text": "Shop now"
            }
          },
          "a9c16364-3469-4772-9309-d4a1c29b1caf": {
            "type": "custom_html",
            "settings": {
              "heading": "Features",
              "container": "inherit",
              "html": ""
            }
          }
        },
        "block_order": [
          "59224d28-d657-4624-8d17-55b1c4ce8d9c",
          "5b9aec5f-b955-4765-9a87-1962d613e909",
          "0f7c7d32-9231-4fdb-9574-da48d5bc735d",
          "a9c16364-3469-4772-9309-d4a1c29b1caf"
        ],
        "settings": {
          "header_design": "logo-center-menu-left",
          "container": "container-fluid",
          "header_sticky": true,
          "transparent_on_top": false,
          "logo_text": "MINIMOG",
          "logo_max_width": 135,
          "sticky_logo_max_width": 105,
          "mobile_logo_max_width": 105,
          "main_menu": "main-menu",
          "secondary_menu": "",
          "uppercase_parent_level": true,
          "search": "show_icon",
          "show_account_icon": true,
          "show_cart_icon": true,
          "show_wishlist_icon": true,
          "show_compare_icon": false,
          "show_currency_switcher": false,
          "show_language_switcher": false
        }
      },
      "footer": {
        "type": "footer",
        "blocks": {
          "810293c6-ffbf-43b0-bb32-75d30e1b4c9f": {
            "type": "newsletter",
            "settings": {
              "title": "SUBSCRIBE",
              "description": "Enter your email below to be the first to know about new collections and product launches.",
              "email_placeholder": "Your email",
              "form_style": "bordered",
              "show_social": false,
              "width": "50%"
            }
          },
          "4efadff1-63d7-421b-a686-8379120d7bde": {
            "type": "spacing",
            "settings": {
              "width": "25%"
            }
          },
          "53917a4a-b294-4f99-8266-61a4576a58eb": {
            "type": "menu",
            "settings": {
              "menu": "main-menu",
              "title": "SERVICES",
              "width": "25%"
            }
          },
          "ff499df3-9d4a-4466-9213-e6b8d2368781": {
            "type": "custom_text",
            "settings": {
              "title": "COMPANY",
              "image_max": "200px",
              "description": "<p>Find a location nearest you. See Our Stores<br\/><br\/>+391 (0)35 2568 4593<br\/>hello@domain.com<\/p>",
              "width": "25%"
            }
          },
          "d7a64a0d-ed95-4de2-9b5b-9bb85ced7118": {
            "type": "our_store",
            "settings": {
              "title": "SOCIAL MEDIA",
              "description": "",
              "show_email": false,
              "show_phone": false,
              "show_socials_link": true,
              "width": "25%"
            }
          }
        },
        "block_order": [
          "810293c6-ffbf-43b0-bb32-75d30e1b4c9f",
          "4efadff1-63d7-421b-a686-8379120d7bde",
          "53917a4a-b294-4f99-8266-61a4576a58eb",
          "ff499df3-9d4a-4466-9213-e6b8d2368781",
          "d7a64a0d-ed95-4de2-9b5b-9bb85ced7118"
        ],
        "settings": {
          "design": "footer-1",
          "container": "container-fluid",
          "bordered": false,
          "copyright": "© Minimog 2020",
          "show_currency_selector": false,
          "show_language_selector": false,
          "show_social_links": false,
          "show_payment_icons": true
        }
      },
      "annoucement": {
        "type": "annoucement",
        "settings": {
          "show_announcement": false,
          "homepage_only": true,
          "show_close": true,
          "message": "<span class=\"font-bold\">Join our newsletter to know when we launch!<\/span>",
          "message_link": "",
          "show_divider": false
        }
      },
      "mobile-sticky-bar": {
        "type": "mobile-sticky-bar",
        "settings": {
          "show_mobile_sticky": true,
          "show_home_icon": true,
          "show_collection_icon": true,
          "show_cart_icon": true,
          "show_search_icon": true,
          "show_account_icon": false,
          "show_wishlist_icon": false
        }
      }
    }
  },
  "presets": {
    "Default": {
      "sections": {
        "featured-collection": {
          "type": "featured-collection",
          "settings": {
            "collection": "frontpage"
          }
        },
        "featured-product": {
          "type": "featured-product",
          "settings": {
          }
        }
      },
      "content_for_index": [
        "featured-collection",
        "featured-product"
      ]
    }
  }
}