{
  "current": {
    "favicon": "shopify:\/\/shop_images\/favicon.png",
    "color_primary": "#000",
    "color_body_text": "#000000",
    "color_heading_text": "#000000",
    "color_sub_text": "#696969",
    "color_btn_bg_hover": "#000000",
    "prod_sale_price_color": "#666666",
    "prod_type_color": "#666666",
    "color_annoucement_bg": "#d2c2b1",
    "color_annoucement_text": "#000000",
    "color_topbar_bg": "#d2c2b1",
    "color_topbar_text": "#000000",
    "color_header_bg": "#ffffff",
    "color_header_link": "#000000",
    "color_header_transparent": "#000000",
    "color_menu_bar_bg": "#000000",
    "color_menu_bar_text": "#f8f8f8",
    "color_footer_bg": "#ffffff",
    "color_footer_text": "#000000",
    "color_footer_subtext": "#696969",
    "color_footer_link_hover": "#000000",
    "color_footer_bottom_bg": "#ffffff",
    "color_footer_bottom_text": "#696969",
    "img_overlay_opacity": 20,
    "tooltip_background_color": "#000000",
    "type_base_font": "roboto_condensed_n4",
    "use_custom_font_body": true,
    "custom_body_font": "https:\/\/cdn.shopify.com\/s\/files\/1\/0042\/0750\/9567\/files\/Jost-Regular.ttf?v=1622447664@400\nhttps:\/\/cdn.shopify.com\/s\/files\/1\/0042\/0750\/9567\/files\/Jost-Medium.ttf?v=1622443602@500\nhttps:\/\/cdn.shopify.com\/s\/files\/1\/0042\/0750\/9567\/files\/Jost-SemiBold.ttf?v=1622602297@600",
    "custom_body_weight": "400",
    "type_base_size": 16,
    "type_header_font": "roboto_condensed_n7",
    "use_custom_font_heading": true,
    "custom_heading_font": "https:\/\/cdn.shopify.com\/s\/files\/1\/0042\/0750\/9567\/files\/Italiana-Regular.ttf?v=1622601405@400",
    "custom_heading_weight": "400",
    "type_header_base_size": 46,
    "btn_uppercase_text": true,
    "btn_base_size": 14,
    "btn_letter_spacing": 2,
    "btn_border_width": 1,
    "btn_border_radius": 0,
    "pcard_layout": "1",
    "pcard_alignment": "center",
    "pcard_image_ratio": "1\/1",
    "show_vendor": false,
    "uppercase_prd_name": true,
    "variant_option_design3": "color",
    "show_variant_swatch_image": true,
    "product_colors": "red: #FF6961,\nyellow: #FDDA76,\nblack: #000000,\nblack band: #000000,\nblue: #8DB4D2,\ngreen: #C1E1C1,\npurple: #B19CD9,\nsilver: #EEEEEF,\nwhite: #FFFFFF,\nbrown: #836953,\nlight brown: #B5651D,\ndark turquoise: #23cddc,\norange: #FFB347,\ntan: #E9D1BF,\nviolet: #B490B0,\npink: #FFD1DC,\ngrey: #E0E0E0,\nsky: #96BDC6,\npale leaf: #CCD4BF,\nlight blue: #b1c5d4,\ndark grey: #aca69f,\nbeige: #EBE6DB,\nbeige band: #EED9C4,\ndark blue: #063e66,\ncream: #e1d3bc,\nlight pink: #FBCFCD,\nmint: #bedce3,\ndark gray: #3A3B3C,\nrosy brown: #c4a287,\nlight grey:#D3D3D3,\ncopper: #B87333,\nrose gold: #ECC5C0,\nnight blue: #151B54,\ncoral: #FF7F50,\nlight purple: #C6AEC7,\nterracotta: #e2725b",
    "filter_color1": "",
    "share_facebook": true,
    "social_twitter_link": "https:\/\/twitter.com\/home",
    "social_facebook_link": "https:\/\/facebook.com\/",
    "social_pinterest_link": "https:\/\/pinterest.com\/",
    "social_instagram_link": "https:\/\/instagram.com\/",
    "wishlist_page": "",
    "product_compare_page": "",
    "gm_api": "",
    "instagram_token": "",
    "custom_css": ".sf__line-height-heading {\n  line-height: 1.25;\n}\n.sf-nav li.sf-menu-item-parent a.sf__parent-item {\n  font-size: 15px;\n}\n.sf__index-icon-box .sf-icon-box__inner a.sf__btn {\n  margin-top: 0;\n}\n.sf__index-icon-box .sf-icon-box__inner a.sf__btn-link::after,\n.sf__index-icon-box .sf-icon-box__inner a.sf__btn-link::before {\n  height: 1px;\n}\n.sf__index-icon-box .sf-icon-box__inner a.sf__btn-link::before {\n  background-color: #cccccc;\n}\n.sf__index-icon-box .sf-grid {\n  align-items: center;\n}\n.sf__index-icon-box .sf-icon-box__text h3 {\n  font-family: SF-Body-font;\n}\n.sf__index-icon-box .sf-icon-box__text .rte {\n  margin-bottom: 15px;\n}\n.sf__index-hero .sf-hero__title {\n  margin-bottom: 18px;\n}\n.sf__index-hero .sf-hero__text {\n  color: var(--color-body-text);\n  margin-bottom: 40px;\n  font-size: 18px;\n  line-height: 1.67;\n}\n.sf__index-slideshow .sf__slide-content .slide__block-title {\n  line-height: 1.1875;\n  margin-bottom: 16px;\n}\n.sf__index-slideshow .sf__slide-content .slide__block-description {\n  color: var(--color-body-text);\n  line-height: 1.67;\n  margin-bottom: 40px;\n  font-size: 18px;\n}\n[data-section-type=\"instagram\"] .section-my {\n  margin-bottom: 0;\n}\n.sf-footer .sf__footer-block-title {\n  font-size: 34px;\n  line-height: 1.17;\n}\n.sf-footer .sf-footer__block-inner {\n  text-align: center;\n}\n.sf__newsletter-block-desc {\n  margin-bottom: 20px;\n  font-size: 18px;\n}\n.sf__footer-form-newsletter input.form-control {\n  background: transparent;\n  border-radius: 0;\n}\n.sf__footer-block-menu ul li a,\n.sf__footer-block-custom_text .block-text {\n  text-transform: uppercase;\n  font-weight: 500;\n  font-size: 15px;\n  line-height: 2.4;\n}\n.sf__pcard-name {\n  font-weight: 400;\n}\n.sf__pcard-price .prod__price {\n  font-weight: 600;\n}\n.sf__index-instagram .sf-instagram__wrapper {\n  margin: 0 20px;\n}\n\n@media (min-width: 1280px) {\n  .sf__index-slideshow .sf__slide-content .slide__block-title {\n    font-size: 64px;\n  }\n}\n@media (max-width: 767px) {\n  .sf__index-slideshow .sf__slide-content--mobile a.sf__mobile-button {\n    width: 100%;\n  }\n  .sf-footer .sf__footer-block-title {\n    font-size: 18px;\n  }\n  .template-index .featured-slider .featured-slider__container .py-16 {\n    padding-top: 30px;\n    padding-bottom: 5px;\n  }\n}",
    "use_theme_currencies": true,
    "theme_currencies": "USD | EUR | GBP | VND",
    "sections": {
      "page-faqs": {
        "type": "page-faqs",
        "blocks": {
          "2802736b-f08f-4510-a4f7-4ad7d748992d": {
            "type": "content",
            "settings": {
              "content": "<div class=\"mb-10\"><img src=\"https:\/\/cdn.shopify.com\/s\/files\/1\/0561\/2742\/2636\/files\/faqs.jpg?v=1620784288\"><\/div>\n<h3 class=\"font-medium text-xl mb-4\">Awkwardness gives me great comfort. I’ve never been cool, but I’ve felt cool. I’ve been in the cool place, but I wasn’t really cool – I was trying to pass for hip or cool.<\/h3>\n<p>A girl should be two things: classy and fabulous. I am convinced that there can be luxury in simplicity. I wanted to dress the woman who lives and works, not the woman in a painting. It’s hard to balance everything. It’s always challenging. My relationships with producers or photographers – these are relationships that took years. I can’t get sucked into that celebrity thing, because I think it’s just crass. My aim is to make the poor look rich.<\/p>"
            }
          },
          "4e151238-4480-4122-b893-7f4a19886e4c": {
            "type": "accordion",
            "settings": {
              "title": "What shipping methods are availbale?",
              "content": "<p>Lorem ipsum dolor sit amet conse ctetur adipisicing elit, sed do eiusmod tempor incididunt ut labore et dolore magna aliqua. Ut enim ad minim veniam, quis nostrud exercitation ullamco laboris nisi ut aliquip ex ea commodo consequat. Duis aute irure dolor in reprehenderit in voluptate velit esse cillum dolore eu fugiat.<br\/><br\/>Ut enim ad minim veniam, quis nostrud exercitation ullamco laboris nisi ut aliquip ex ea commodo consequat. Duis aute irure dolor in reprehenderit.<\/p>",
              "open": true
            }
          },
          "c5d4d04d-f6c1-4d1e-99f0-3c221393a3cf": {
            "type": "accordion",
            "settings": {
              "title": "How long will it take to get my package?",
              "content": "<p>Lorem ipsum dolor sit amet conse ctetur adipisicing elit, sed do eiusmod tempor incididunt ut labore et dolore magna aliqua. Ut enim ad minim veniam, quis nostrud exercitation ullamco laboris nisi ut aliquip.<\/p>",
              "open": false
            }
          },
          "0131747b-8b40-432f-b634-b1289ec41911": {
            "type": "accordion",
            "settings": {
              "title": "Do you ship internationally?",
              "content": "<p>Lorem ipsum dolor sit amet conse ctetur adipisicing elit, sed do eiusmod tempor incididunt ut labore et dolore magna aliqua. Ut enim ad minim veniam, quis nostrud exercitation ullamco laboris nisi ut aliquip.<\/p>",
              "open": false
            }
          },
          "5d7206e9-5375-4da6-9a1f-24e1c46230b0": {
            "type": "accordion",
            "settings": {
              "title": "What payment methods are accepted?",
              "content": "<p>Lorem ipsum dolor sit amet conse ctetur adipisicing elit, sed do eiusmod tempor incididunt ut labore et dolore magna aliqua. Ut enim ad minim veniam, quis nostrud exercitation ullamco laboris nisi ut aliquip ex ea commodo consequat. Duis aute irure dolor in reprehenderit in voluptate velit esse cillum dolore eu fugiat.<\/p>",
              "open": false
            }
          },
          "4008f61e-055e-42ba-8969-cb3715c0aece": {
            "type": "accordion",
            "settings": {
              "title": "Is buying on-line safe?",
              "content": "<p>Lorem ipsum dolor sit amet conse ctetur adipisicing elit, sed do eiusmod tempor incididunt ut labore et dolore magna aliqua. Ut enim ad minim veniam, quis nostrud exercitation ullamco laboris nisi ut aliquip.<\/p>",
              "open": false
            }
          }
        },
        "block_order": [
          "2802736b-f08f-4510-a4f7-4ad7d748992d",
          "4e151238-4480-4122-b893-7f4a19886e4c",
          "c5d4d04d-f6c1-4d1e-99f0-3c221393a3cf",
          "0131747b-8b40-432f-b634-b1289ec41911",
          "5d7206e9-5375-4da6-9a1f-24e1c46230b0",
          "4008f61e-055e-42ba-8969-cb3715c0aece"
        ],
        "settings": {
          "menu": "faqs-menu"
        }
      },
      "collection-list": {
        "type": "collection-list",
        "settings": {
        }
      },
      "featured-collection": {
        "type": "featured-collection",
        "settings": {
          "collection": "frontpage"
        }
      },
      "featured-product": {
        "type": "featured-product",
        "settings": {
        }
      },
      "slider": {
        "type": "slider",
        "settings": {
        }
      },
      "header": {
        "type": "header",
        "blocks": {
          "5fa1c6f0-e352-42ea-a55f-8464aa4f7357": {
            "type": "banner",
            "settings": {
              "heading": "Shop",
              "container": "inherit",
              "banner_style": "outside",
              "banner_link": "",
              "banner_title": "New collection",
              "banner_desc": "",
              "banner_button_text": "Shop now"
            }
          },
          "fdd2a38f-7bd5-4bda-a4cd-1c4bcde1b9b6": {
            "type": "product-list",
            "settings": {
              "heading": "Product",
              "container": "inherit",
              "stretch_width": false,
              "collection": "living",
              "limit": 6,
              "columns": 2
            }
          },
          "97e10c1f-fde1-4ebd-b244-8860a5f5749f": {
            "type": "custom_html",
            "settings": {
              "heading": "Features",
              "container": "inherit",
              "html": ""
            }
          }
        },
        "block_order": [
          "5fa1c6f0-e352-42ea-a55f-8464aa4f7357",
          "fdd2a38f-7bd5-4bda-a4cd-1c4bcde1b9b6",
          "97e10c1f-fde1-4ebd-b244-8860a5f5749f"
        ],
        "settings": {
          "header_design": "logo-left-menu-center",
          "container": "container-fluid",
          "header_sticky": true,
          "transparent_on_top": true,
          "logo_text": "MINIMOG",
          "logo_max_width": 140,
          "sticky_logo_max_width": 140,
          "mobile_logo_max_width": 105,
          "main_menu": "main-menu",
          "secondary_menu": "",
          "uppercase_parent_level": true,
          "search": "show_icon",
          "show_account_icon": true,
          "show_cart_icon": true,
          "show_wishlist_icon": true,
          "show_compare_icon": false,
          "show_currency_switcher": false,
          "show_language_switcher": false
        }
      },
      "footer": {
        "type": "footer",
        "blocks": {
          "b6fdc242-ee87-481c-92f7-dbd051ff44f0": {
            "type": "custom_text",
            "settings": {
              "title": "Contact",
              "image_max": "200px",
              "description": "<p>HELLO@COMODO.COM<\/p><p>(+11) 03122686668<\/p><p>3245 ABBOT KINNEY BLVD - PH VENICE<\/p>",
              "width": "33%"
            }
          },
          "f55cee9b-18ce-405d-b536-d44132e44872": {
            "type": "newsletter",
            "settings": {
              "title": "Keep In Touch",
              "description": "Give your inbox some love with new products, tips, & more.",
              "email_placeholder": "Enter your email",
              "form_style": "minimal",
              "show_social": false,
              "width": "50%"
            }
          },
          "90a49c08-8140-4747-8bed-d1f027d90827": {
            "type": "menu",
            "settings": {
              "menu": "main-menu",
              "title": "Company",
              "width": "33%"
            }
          }
        },
        "block_order": [
          "b6fdc242-ee87-481c-92f7-dbd051ff44f0",
          "f55cee9b-18ce-405d-b536-d44132e44872",
          "90a49c08-8140-4747-8bed-d1f027d90827"
        ],
        "settings": {
          "design": "footer-2",
          "container": "container",
          "bordered": false,
          "copyright": "<span class=\"text-base\">© Comodo 2021<\/span>",
          "show_currency_selector": false,
          "show_language_selector": false,
          "show_social_links": true,
          "show_payment_icons": true
        }
      },
      "collection-page-header": {
        "type": "collection-page-header",
        "settings": {
          "layout": "inside",
          "header_height": "small",
          "text_alignment": "center",
          "vertical_alignment": "center",
          "bg_color": "#ffffff",
          "enable_parallax": true,
          "show_breadcrumb": true,
          "upper_title": false
        }
      },
      "product-template": {
        "type": "product-template",
        "settings": {
          "container": "container",
          "layout": "layout-6",
          "show_tags": false,
          "show_vendor": false,
          "show_sku": false,
          "show_categories": false,
          "show_reviews_count": true,
          "show_quantity_selector": true,
          "enable_dynamic_checkout": true,
          "hide_atc_button": false,
          "show_atwl": true,
          "show_atcp": true,
          "show_ask_a_question": true,
          "show_social": true,
          "show_live_views": true,
          "live_views_text": "<p><strong>{{count_number}}<\/strong> <strong>people<\/strong> are viewing this right now<\/p>",
          "live_views_range": "20-30",
          "live_view_duration": "10",
          "live_view_icon_blinks": true,
          "show_delivery_times": true,
          "deliver_text": "Estimated Delivery:",
          "deliver_days": "3",
          "show_shipping_text": true,
          "shipping_text": "<p><strong>Free Shipping & Returns: <\/strong>On all orders over $75<\/p>",
          "show_trust_badges": true,
          "trust_badges_text": "<p>Guarantee safe & secure checkout<\/p>",
          "trust_badges_image": "shopify:\/\/shop_images\/trustbag.png",
          "trust_badges_image_width": "320px",
          "use_sticky_atc": true,
          "sticky_atc_wishtlist": false,
          "sticky_atc_compare": false
        }
      },
      "product-details-tabs": {
        "type": "product-details-tabs",
        "blocks": {
          "4db8ad16-886f-47f7-9b57-fc68b39fb2d4": {
            "type": "description",
            "settings": {
              "header": "Product description"
            }
          },
          "d3248976-8724-4a50-a991-72850a611bb5": {
            "type": "tab",
            "settings": {
              "header": "Shipping & Return",
              "content": "<p>So beautiful you’ll want to show it off, so comfortable you’ll forget it’s there. Our 24\/7™ Lace Contour Plunge Bra combines gorgeous floral lace with sheer overlay straps that hold you in and eliminates gaping. Removable pads let you customize you<\/p>"
            }
          },
          "652b6950-86b2-42e6-8f83-ab33ced8a1f6": {
            "type": "reviews",
            "settings": {
              "header": "Product reviews"
            }
          }
        },
        "block_order": [
          "4db8ad16-886f-47f7-9b57-fc68b39fb2d4",
          "d3248976-8724-4a50-a991-72850a611bb5",
          "652b6950-86b2-42e6-8f83-ab33ced8a1f6"
        ],
        "settings": {
          "show_product_tabs": true,
          "container": "container",
          "bg_color": ""
        }
      },
      "product-reviews": {
        "type": "product-reviews",
        "settings": {
          "show_product_reviews": false,
          "container": "container-narrow",
          "heading": "Ratings and Reviews"
        }
      },
      "product-recommendations": {
        "type": "product-recommendations",
        "settings": {
          "show_product_recommendations": true,
          "container": "container",
          "heading": "You Might Also Like",
          "limit": 8,
          "columns": 4,
          "column_gap": 30,
          "enable_slider": true
        }
      },
      "brand-page-header": {
        "type": "brand-page-header",
        "blocks": {
          "09dfe2e1-10c2-4cee-a033-a90b143c85f3": {
            "type": "information",
            "settings": {
              "collection": "retrolie",
              "logo": "shopify:\/\/shop_images\/1.png",
              "content": "<p>Developed by Goop founder, wellness advocate and - academy award-winner, Gwyneth Paltrow, this high performing skincare line is where luxury formulas meet pure organic ingredients and the results are skin-changing. <\/p><p>Goop is passionate about the idea that beauty comes from the inside out. So they use clinically proven and best-in-class ingredients at active levels to create skin care, skin-boosting ingestibles, and body essentials that are luxurious, deliver high-performance results, and enliven the senses with exquisite textures and beautiful scents.<\/p>",
              "image_1": "shopify:\/\/shop_images\/1_8e8151b6-3555-4abf-8dd6-5347182bbcd0.jpg",
              "image_2": "shopify:\/\/shop_images\/2_9a1b3099-775a-4093-9ece-6cfaa04a06fe.jpg",
              "image_3": "shopify:\/\/shop_images\/3_7b9fc65c-8202-4449-a828-d03ac03c6d38.jpg"
            }
          },
          "c8ee188c-a84f-4cf2-a8af-aacb9bf78785": {
            "type": "information",
            "settings": {
              "collection": "abby",
              "logo": "shopify:\/\/shop_images\/2.png",
              "content": "<p>Developed by Goop founder, wellness advocate and - academy award-winner, Gwyneth Paltrow, this high performing skincare line is where luxury formulas meet pure organic ingredients and the results are skin-changing. <\/p><p>Goop is passionate about the idea that beauty comes from the inside out. So they use clinically proven and best-in-class ingredients at active levels to create skin care, skin-boosting ingestibles, and body essentials that are luxurious, deliver high-performance results, and enliven the senses with exquisite textures and beautiful scents.<\/p>",
              "image_1": "shopify:\/\/shop_images\/4.jpg",
              "image_2": "shopify:\/\/shop_images\/5.jpg",
              "image_3": "shopify:\/\/shop_images\/6.jpg"
            }
          },
          "e56a3991-3115-47d4-b7e6-43e962712fc6": {
            "type": "information",
            "settings": {
              "collection": "minimog",
              "logo": "shopify:\/\/shop_images\/3.png",
              "content": "<p>Developed by Goop founder, wellness advocate and - academy award-winner, Gwyneth Paltrow, this high performing skincare line is where luxury formulas meet pure organic ingredients and the results are skin-changing. <\/p><p>Goop is passionate about the idea that beauty comes from the inside out. So they use clinically proven and best-in-class ingredients at active levels to create skin care, skin-boosting ingestibles, and body essentials that are luxurious, deliver high-performance results, and enliven the senses with exquisite textures and beautiful scents.<\/p>",
              "image_1": "shopify:\/\/shop_images\/7.jpg",
              "image_2": "shopify:\/\/shop_images\/8.jpg",
              "image_3": "shopify:\/\/shop_images\/9.jpg"
            }
          },
          "98bac8d0-393b-4f50-91b8-052a49e29dd0": {
            "type": "information",
            "settings": {
              "collection": "brook",
              "logo": "shopify:\/\/shop_images\/4.png",
              "content": "<p>Developed by Goop founder, wellness advocate and - academy award-winner, Gwyneth Paltrow, this high performing skincare line is where luxury formulas meet pure organic ingredients and the results are skin-changing. <\/p><p>Goop is passionate about the idea that beauty comes from the inside out. So they use clinically proven and best-in-class ingredients at active levels to create skin care, skin-boosting ingestibles, and body essentials that are luxurious, deliver high-performance results, and enliven the senses with exquisite textures and beautiful scents.<\/p>",
              "image_1": "shopify:\/\/shop_images\/10.jpg",
              "image_2": "shopify:\/\/shop_images\/11.jpg",
              "image_3": "shopify:\/\/shop_images\/12.jpg"
            }
          },
          "2b4a1841-6d7a-468b-ba3b-a5fd307cf9aa": {
            "type": "information",
            "settings": {
              "collection": "learts",
              "logo": "shopify:\/\/shop_images\/5.png",
              "content": "<p>Developed by Goop founder, wellness advocate and - academy award-winner, Gwyneth Paltrow, this high performing skincare line is where luxury formulas meet pure organic ingredients and the results are skin-changing. <\/p><p>Goop is passionate about the idea that beauty comes from the inside out. So they use clinically proven and best-in-class ingredients at active levels to create skin care, skin-boosting ingestibles, and body essentials that are luxurious, deliver high-performance results, and enliven the senses with exquisite textures and beautiful scents.<\/p>",
              "image_1": "shopify:\/\/shop_images\/13.jpg",
              "image_2": "shopify:\/\/shop_images\/14.jpg",
              "image_3": "shopify:\/\/shop_images\/15.jpg"
            }
          },
          "b54aa75a-c232-474e-9d92-2027e31cd066": {
            "type": "information",
            "settings": {
              "collection": "vagabond",
              "logo": "shopify:\/\/shop_images\/6.png",
              "content": "<p>Developed by Goop founder, wellness advocate and - academy award-winner, Gwyneth Paltrow, this high performing skincare line is where luxury formulas meet pure organic ingredients and the results are skin-changing. <\/p><p>Goop is passionate about the idea that beauty comes from the inside out. So they use clinically proven and best-in-class ingredients at active levels to create skin care, skin-boosting ingestibles, and body essentials that are luxurious, deliver high-performance results, and enliven the senses with exquisite textures and beautiful scents.<\/p>",
              "image_1": "shopify:\/\/shop_images\/16.jpg",
              "image_2": "shopify:\/\/shop_images\/17.jpg",
              "image_3": "shopify:\/\/shop_images\/18.jpg"
            }
          }
        },
        "block_order": [
          "09dfe2e1-10c2-4cee-a033-a90b143c85f3",
          "c8ee188c-a84f-4cf2-a8af-aacb9bf78785",
          "e56a3991-3115-47d4-b7e6-43e962712fc6",
          "98bac8d0-393b-4f50-91b8-052a49e29dd0",
          "2b4a1841-6d7a-468b-ba3b-a5fd307cf9aa",
          "b54aa75a-c232-474e-9d92-2027e31cd066"
        ],
        "settings": {
        }
      },
      "collection-brand": {
        "type": "collection-brand",
        "settings": {
          "grid_layout": "grid",
          "pagination_limit": "12",
          "grid_columns": "3",
          "collection_paginate": "paginate",
          "show_filter": true,
          "sidebar": "leftColumn"
        }
      },
      "contact-information": {
        "type": "contact-information",
        "settings": {
        }
      },
      "maps": {
        "type": "maps",
        "settings": {
          "textx": "40.6700",
          "texty": "-73.9400",
          "zoom": "11",
          "text2": "New York"
        }
      },
      "contact-template": {
        "type": "contact-template",
        "blocks": {
          "458d6546-c5d0-4128-8fa6-162080bdf85f": {
            "type": "textblock",
            "settings": {
              "title": "Address",
              "content": "<p>7895 Piermont Dr NE Albuquerque, NM 198866, <a href=\"#\">See Our Stores<\/a><\/p>"
            }
          },
          "d2fd611c-a50a-4871-b401-b51dff320d34": {
            "type": "textblock",
            "settings": {
              "title": "Information",
              "content": "<p>+391 (0)35 2568 4593<\/p><p>hello@domain.com<\/p>"
            }
          },
          "159b3b43-a6d9-4cb9-b78d-04f5a5bae350": {
            "type": "socialmedia",
            "settings": {
              "title": "Social Media"
            }
          },
          "5c486a84-9bdd-4d24-8ac7-5c428593cf33": {
            "type": "textblock",
            "settings": {
              "title": "We're Open",
              "content": "<p>Our store has re-opened for shopping, exchanges<\/p><p>Every day 11am to 7pm<\/p>"
            }
          }
        },
        "block_order": [
          "458d6546-c5d0-4128-8fa6-162080bdf85f",
          "d2fd611c-a50a-4871-b401-b51dff320d34",
          "159b3b43-a6d9-4cb9-b78d-04f5a5bae350",
          "5c486a84-9bdd-4d24-8ac7-5c428593cf33"
        ],
        "settings": {
          "title": "We would love to hear from you.",
          "description": "<p>If you’ve got great products your making or looking to work with us then drop us a line.<\/p>"
        }
      },
      "1620813069167db316": {
        "type": "slider",
        "blocks": {
          "1620813069167db316-0": {
            "type": "slider_item",
            "settings": {
              "image_alignment": "center middle",
              "content_in_container": true,
              "content_position": "left middle",
              "text_alignment": "left",
              "text_size": "large",
              "text_color": "black",
              "subheading": "",
              "title": "Fall in love<br> with linen!",
              "description": "<p>Linen is good because it looks trendy and at the <br\/>same time it's very comfotable<\/p>",
              "button_text": "Shop Now",
              "button_link": "",
              "button_style": "sf__btn-secondary",
              "button_size": "",
              "show_footer": false,
              "footer_alignment": "end",
              "footer_text": "New Collection",
              "footer_button": "Shop Now",
              "footer_link": ""
            }
          },
          "27403af4-f4e3-4833-9189-9868705845f7": {
            "type": "slider_item",
            "settings": {
              "image_alignment": "center middle",
              "content_in_container": true,
              "content_position": "left middle",
              "text_alignment": "left",
              "text_size": "large",
              "text_color": "black",
              "subheading": "",
              "title": "Be your own label.",
              "description": "<p>Linen is good because it looks trendy and at the<br\/> same time it's very comfotable<\/p>",
              "button_text": "Shop Now",
              "button_link": "",
              "button_style": "sf__btn-secondary",
              "button_size": "",
              "show_footer": false,
              "footer_alignment": "end",
              "footer_text": "New Collection",
              "footer_button": "Shop Now",
              "footer_link": ""
            }
          },
          "c0ce169f-1329-47fc-9e42-915e4961aa32": {
            "type": "slider_item",
            "settings": {
              "image_alignment": "center middle",
              "content_in_container": true,
              "content_position": "left middle",
              "text_alignment": "left",
              "text_size": "large",
              "text_color": "black",
              "subheading": "",
              "title": "Classy since birth.",
              "description": "<p>Linen is good because it looks trendy and at the<br\/> same time it's very comfotable<\/p>",
              "button_text": "Shop Now",
              "button_link": "",
              "button_style": "sf__btn-secondary",
              "button_size": "",
              "show_footer": false,
              "footer_alignment": "end",
              "footer_text": "New Collection",
              "footer_button": "Shop Now",
              "footer_link": ""
            }
          }
        },
        "block_order": [
          "1620813069167db316-0",
          "27403af4-f4e3-4833-9189-9868705845f7",
          "c0ce169f-1329-47fc-9e42-915e4961aa32"
        ],
        "settings": {
          "container": "w-full",
          "slideshow_height": "large",
          "show_overlay": false,
          "dots_position": "bottom",
          "dots_color": "dark",
          "show_dots": true,
          "show_arrows": false,
          "autorotate": false,
          "autorotate_speed": 5,
          "custom_class": "sf__index-slideshow"
        }
      },
      "content-before-products": {
        "type": "content-before-products",
        "settings": {
          "container": "container-fluid",
          "background_color": "",
          "gap": 30,
          "gap_mobile": 16
        }
      },
      "collection-template": {
        "type": "collection-template",
        "settings": {
          "container": "container",
          "grid_layout": "grid",
          "grid_columns": "4",
          "pagination_limit": "12",
          "collection_paginate": "paginate",
          "show_filter": true,
          "sidebar": "leftColumn"
        }
      },
      "content-after-products": {
        "type": "content-after-products",
        "settings": {
          "container": "container-fluid",
          "background_color": "",
          "gap": 30,
          "gap_mobile": 16
        }
      },
      "recent-viewed-products": {
        "type": "recent-viewed-products",
        "settings": {
          "heading": "Recently Viewed Products",
          "container": "container",
          "columns": 4,
          "column_gap": 30,
          "enable_slider": true,
          "show_product_page": true,
          "show_cart_page": true,
          "show_collection_page": false
        }
      },
      "162243112070c9a4c8": {
        "type": "instagram",
        "settings": {
          "heading": "<span class=\"sf__line-height-heading\">Give us your best shot!<\/span>",
          "subheading": "",
          "description": "<span class=\"text-black text-xl\">@comodo_linen<\/span>",
          "header_alignment": "center",
          "container": "w-full",
          "background_color": "rgba(0,0,0,0)",
          "layout": "grid",
          "images_count": 5,
          "grid_columns": 5,
          "gap": 20,
          "mobile_gap": 16,
          "profile": "https:\/\/www.instagram.com\/minimog.trendy\/",
          "button_label": "",
          "custom_class": "sf__index-instagram"
        }
      },
      "16226042061e17a881": {
        "type": "icon-box",
        "blocks": {
          "16226042061e17a881-0": {
            "type": "iconbox",
            "settings": {
              "title": "Tablecloths",
              "description": "<p>Given that this bowl is perfect for cereal at the start of the day and tapas at the end of the day...<\/p>",
              "link": "",
              "button_label": "Shop Now",
              "button_link": "",
              "button_style": "sf__btn-link",
              "button_size": ""
            }
          },
          "16226042061e17a881-1": {
            "type": "iconbox",
            "settings": {
              "title": "Bedding",
              "description": "<p>The anchor of the collection that will see you through the day, from breakfast to dinner<\/p>",
              "link": "",
              "button_label": "Shop Now",
              "button_link": "",
              "button_style": "sf__btn-link",
              "button_size": ""
            }
          },
          "16226042061e17a881-2": {
            "type": "iconbox",
            "settings": {
              "title": "Linen Curtains",
              "description": "<p>Given that this bowl is perfect for cereal at the start of the day and tapas at the end of the day...<\/p>",
              "link": "",
              "button_label": "Shop Now",
              "button_link": "",
              "button_style": "sf__btn-link",
              "button_size": ""
            }
          }
        },
        "block_order": [
          "16226042061e17a881-0",
          "16226042061e17a881-1",
          "16226042061e17a881-2"
        ],
        "settings": {
          "heading": "<span class=\"sf__line-height-heading\">It looks trendy and at the same<br> time it's very comfotable<\/span>",
          "subheading": "",
          "description": "",
          "header_alignment": "center",
          "container": "container",
          "background_color": "rgba(0,0,0,0)",
          "item_per_row": 3,
          "item_gap": 50,
          "item_gap_mobile": 10,
          "card_style": "vertical",
          "image_max_width": "",
          "content_alignment": "start",
          "hover_effect": "zoom-in",
          "enable_slider": false,
          "show_pagination": true,
          "show_navigation": false,
          "use_scroll_mobile": false,
          "use_grid_column_mb": false,
          "custom_class": "sf__index-icon-box"
        }
      },
      "1622605965e06fbba0": {
        "type": "featured-collection",
        "settings": {
          "heading": "<span class=\"sf__line-height-heading\">Soothing colors for any<br> room in the house.<\/span>",
          "subheading": "",
          "description": "",
          "header_alignment": "center",
          "container": "container",
          "background_color": "rgba(0,0,0,0)",
          "collection": "living",
          "product_to_show": 8,
          "items_per_row": 4,
          "item_gap": 30,
          "pcard_layout": "",
          "pcard_image_ratio": "",
          "show_vendor": false,
          "enable_slider": false,
          "show_pagination": false,
          "show_navigation": false,
          "button_type": "link",
          "button_text": "",
          "button_style": "sf__btn-primary",
          "button_size": "",
          "infinite_load": false,
          "max_page_load": 3,
          "use_scroll_mobile": true,
          "item_gap_mobile": 16,
          "custom_class": ""
        }
      },
      "1622606182ea7f231f": {
        "type": "image-with-text-2",
        "settings": {
          "container": "container",
          "hero_size": "medium",
          "show_overlay": false,
          "bg_position": "center",
          "parallax": false,
          "content_in_container": false,
          "content_position": "left middle",
          "text_alignment": "center",
          "text_size": "medium",
          "text_color": "dark",
          "title": "<p class=\"sf__line-height-heading\">Look out on <br>a summer's day<\/p>",
          "subtitle": "",
          "text": "<p>Linen is good because it looks trendy and at the<br\/> same time it's very comfotable<\/p>",
          "button_label": "Find your color",
          "button_link": "",
          "button_style": "sf__btn-secondary",
          "button_size": "",
          "custom_class": "sf__index-hero"
        }
      },
      "16226214448ca9ca75": {
        "type": "featured-product-slider",
        "blocks": {
          "16226214448ca9ca75-0": {
            "type": "product",
            "settings": {
              "heading": "New Collection",
              "description": "",
              "product": "modern-checked-tablecloth"
            }
          },
          "16226214448ca9ca75-1": {
            "type": "product",
            "settings": {
              "heading": "New Collection",
              "description": "",
              "product": "big-striped-linen-tablecloth"
            }
          },
          "16226214448ca9ca75-2": {
            "type": "product",
            "settings": {
              "heading": "New Collection",
              "description": "",
              "product": "basic-cotton-tablecloth"
            }
          }
        },
        "block_order": [
          "16226214448ca9ca75-0",
          "16226214448ca9ca75-1",
          "16226214448ca9ca75-2"
        ],
        "settings": {
          "heading": "",
          "subheading": "",
          "description": "",
          "header_alignment": "center",
          "container": "w-full",
          "background_color": "#f8f3eb",
          "image_placement": "right",
          "slide_autoplay": false,
          "show_navigation": true,
          "show_pagination": false,
          "autorotate_speed": 5,
          "pcard_alignment": "center",
          "pcard_image_ratio": "1\/1",
          "show_vendor": false,
          "custom_class": ""
        }
      },
      "annoucement": {
        "type": "annoucement",
        "settings": {
          "show_announcement": true,
          "homepage_only": true,
          "show_close": true,
          "message": "<p class=\"font-medium\" style=\"font-size: 15px;\">Free shipping on all U.S. orders $50+<\/p>",
          "message_link": "",
          "show_divider": false
        }
      },
      "product-details-accordion": {
        "type": "product-details-accordion",
        "settings": {
          "show_accordion": false,
          "use_container": false,
          "position": "bottom_info"
        }
      },
      "product-features": {
        "type": "product-features",
        "blocks": {
          "9c207a48-3c44-447c-bd0f-41cb0d79896f": {
            "type": "feature",
            "settings": {
              "image": "shopify:\/\/shop_images\/Frame_1.png",
              "title": "Free Shipping",
              "description": "<p>Get complimentary ground shipping on every <br\/>order.Don’t love it? Send it back, on us.<\/p>",
              "link": ""
            }
          },
          "7ebd4661-f408-4b6e-ab46-5d874870ac04": {
            "type": "feature",
            "settings": {
              "image": "shopify:\/\/shop_images\/Frame_2.png",
              "title": "Earn Points",
              "description": "<p>Join Minimog Rewards to earn gift cards<br\/>and enjoy exclusive member benefits.<\/p>",
              "link": ""
            }
          },
          "01666d05-d9c6-4fee-af0a-4d22e855f77d": {
            "type": "feature",
            "settings": {
              "image": "shopify:\/\/shop_images\/Frame_3.png",
              "title": "Money Back Gurantee",
              "description": "<p>We believe getting dressed should be the <br\/>easiest part of your day.<\/p>",
              "link": ""
            }
          }
        },
        "block_order": [
          "9c207a48-3c44-447c-bd0f-41cb0d79896f",
          "7ebd4661-f408-4b6e-ab46-5d874870ac04",
          "01666d05-d9c6-4fee-af0a-4d22e855f77d"
        ],
        "settings": {
          "show_featured": false,
          "container": "container",
          "heading": "Why choose us?",
          "item_per_row": 3,
          "card_style": "vertical",
          "image_max_width": "70px",
          "content_alignment": "center"
        }
      },
      "mobile-sticky-bar": {
        "type": "mobile-sticky-bar",
        "settings": {
          "show_mobile_sticky": true,
          "show_home_icon": true,
          "show_collection_icon": true,
          "show_cart_icon": true,
          "show_search_icon": true,
          "show_account_icon": false,
          "show_wishlist_icon": false
        }
      }
    },
    "content_for_index": [
      "1620813069167db316",
      "16226042061e17a881",
      "16226214448ca9ca75",
      "1622605965e06fbba0",
      "1622606182ea7f231f",
      "162243112070c9a4c8"
    ]
  },
  "presets": {
    "Default": {
      "sections": {
        "featured-collection": {
          "type": "featured-collection",
          "settings": {
            "collection": "frontpage"
          }
        },
        "featured-product": {
          "type": "featured-product",
          "settings": {
          }
        }
      },
      "content_for_index": [
        "featured-collection",
        "featured-product"
      ]
    }
  }
}