{
  "current": {
    "favicon": "shopify:\/\/shop_images\/fav_icon_dark_1.png",
    "color_primary": "#000",
    "color_sub_text": "#666666",
    "color_btn_bg_hover": "#000000",
    "prod_sale_price_color": "#666666",
    "prod_type_color": "#666666",
    "color_annoucement_bg": "#e0e7e4",
    "color_annoucement_text": "#000000",
    "color_topbar_bg": "#e0e7e4",
    "color_topbar_text": "#000000",
    "color_header_bg": "#ffffff",
    "color_header_link": "#000000",
    "color_header_transparent": "#ffffff",
    "color_menu_bar_bg": "#000000",
    "color_menu_bar_text": "#f8f8f8",
    "color_footer_bg": "#f5f5f5",
    "color_footer_text": "#000000",
    "color_footer_subtext": "#666666",
    "color_footer_link_hover": "#000000",
    "color_footer_bottom_bg": "#f5f5f5",
    "color_footer_bottom_text": "#666666",
    "img_overlay_opacity": 20,
    "tooltip_background_color": "#000000",
    "type_base_font": "roboto_condensed_n4",
    "use_custom_font_body": true,
    "custom_body_font": "https:\/\/cdn.shopify.com\/s\/files\/1\/0042\/0750\/9567\/files\/Montserrat-Black.ttf?v=1623314293@900\nhttps:\/\/cdn.shopify.com\/s\/files\/1\/0042\/0750\/9567\/files\/Montserrat-ExtraBold.ttf?v=1623314293@800\nhttps:\/\/cdn.shopify.com\/s\/files\/1\/0042\/0750\/9567\/files\/Montserrat-Medium.ttf?v=1623314293@500",
    "custom_body_weight": "500",
    "type_base_size": 15,
    "type_base_line_height": 28,
    "type_header_font": "sans-serif",
    "use_custom_font_heading": true,
    "custom_heading_font": "https:\/\/cdn.shopify.com\/s\/files\/1\/0042\/0750\/9567\/files\/Montserrat-Black.ttf?v=1623314293@900\nhttps:\/\/cdn.shopify.com\/s\/files\/1\/0042\/0750\/9567\/files\/Montserrat-ExtraBold.ttf?v=1623314293@800\nhttps:\/\/cdn.shopify.com\/s\/files\/1\/0042\/0750\/9567\/files\/Montserrat-Medium.ttf?v=1623314293@500",
    "custom_heading_weight": "800",
    "type_header_base_size": 35,
    "type_header_spacing": 0,
    "btn_base_size": 15,
    "btn_letter_spacing": 1,
    "btn_border_radius": 0,
    "btn_weight": "800",
    "pcard_layout": "1",
    "pcard_alignment": "center",
    "pcard_image_ratio": "1\/1",
    "show_vendor": false,
    "uppercase_prd_name": true,
    "variant_option_design3": "color",
    "show_variant_swatch_image": true,
    "product_colors": "red: #FF6961,\nyellow: #FDDA76,\nblack: #000000,\nblue: #8DB4D2,\ngreen: #C1E1C1,\npurple: #B19CD9,\nsilver: #EEEEEF,\nwhite: #FFFFFF,\nbrown: #836953,\nlight-brown: #feb035,\ndark-turquoise: #23cddc,\norange: #FFB347,\ntan: #E9D1BF,\nviolet: #B490B0,\npink: #FFD1DC,\ngrey: #E0E0E0,\nsky: #96BDC6,\npale-leaf: #CCD4BF",
    "filter_color1": "",
    "share_facebook": true,
    "social_twitter_link": "https:\/\/twitter.com\/home",
    "social_facebook_link": "https:\/\/facebook.com\/",
    "social_pinterest_link": "https:\/\/pinterest.com\/",
    "social_instagram_link": "https:\/\/instagram.com\/",
    "wishlist_page": "",
    "product_compare_page": "",
    "gm_api": "",
    "instagram_token": "",
    "custom_css": ".sf__pcard-name,\nsection.collection-list .collection-card__info a,\n.sf__blog-card .sf__blog-cardContent .sf__blog-cardTitle,\n.sf-header .sf-menu-item a.sf__parent-item,\n.sf__footer-block-title {\n  font-weight: 800;\n}\n.image__with-text .content__box h3 {\n  line-height: 1.4;\n}\n.sf__footer-block-our_store svg path {\n  fill: #000;\n}\n.sf__footer-block-our_store .social-media-links {\n  margin: 0px -28px;\n  margin-top: 25px;\n}\n.sf__footer-block-our_store .social-media-links a {\n  padding: 0 20px;\n}\n.sf-footer\n  .sf-footer__block.sf__footer-block-newsletter\n  form.sf__footer-form-newsletter\n  .sf__newletter__form-input {\n  background-color: #fff;\n  border-color: transparent;\n  border-radius: 0;\n}\n.sf-footer\n  .sf-footer__block.sf__footer-block-newsletter\n  form.sf__footer-form-newsletter\n  .sf__form-submit {\n  background-color: var(--color-primary);\n  color: #fff;\n}\n.sf__footer-block-newsletter .sf__footer-block-title {\n  font-size: 36px;\n}\n.sf__blog-post .sf-column {\n  padding-bottom: 0;\n}\n\n.sf__custom-heading {\n  font-size: 40px;\n  font-weight: 900;\n}\n@media (min-width: 768px) {\n  .sf__custom-heading {\n    font-size: 60px;\n  }\n}\n@media (min-width: 1025px) {\n  .sf__custom-heading {\n    font-size: 100px;\n  }\n}\n@media (max-width: 767px) {\n    .image__with-text .content__box h3 {\n        font-size: 2rem;\n    }\n}",
    "use_theme_currencies": true,
    "theme_currencies": "USD | EUR | GBP | VND",
    "sections": {
      "header": {
        "type": "header",
        "blocks": {
          "a7d7661a-5a16-42b6-af7e-63d0ec8bab34": {
            "type": "banner",
            "settings": {
              "heading": "Shop",
              "container": "inherit",
              "banner_style": "outside",
              "banner_link": "",
              "banner_title": "New collection",
              "banner_desc": "",
              "banner_button_text": "Shop now"
            }
          },
          "0c48a974-0023-47d1-876c-81036197e480": {
            "type": "product-list",
            "settings": {
              "heading": "Product",
              "container": "inherit",
              "stretch_width": false,
              "collection": "skateboards",
              "limit": 6,
              "columns": 2
            }
          },
          "55937b62-2035-4857-a9ae-d214dec92e57": {
            "type": "custom_html",
            "settings": {
              "heading": "Features",
              "container": "inherit",
              "html": ""
            }
          }
        },
        "block_order": [
          "a7d7661a-5a16-42b6-af7e-63d0ec8bab34",
          "0c48a974-0023-47d1-876c-81036197e480",
          "55937b62-2035-4857-a9ae-d214dec92e57"
        ],
        "settings": {
          "header_design": "logo-left-menu-center",
          "container": "container-fluid",
          "header_sticky": true,
          "transparent_on_top": true,
          "logo_text": "MINIMOG",
          "logo_max_width": 145,
          "sticky_logo_max_width": 105,
          "mobile_logo_max_width": 105,
          "main_menu": "main-menu",
          "secondary_menu": "",
          "uppercase_parent_level": true,
          "search": "show_icon",
          "show_account_icon": true,
          "show_cart_icon": true,
          "show_wishlist_icon": true,
          "show_compare_icon": true,
          "show_currency_switcher": false,
          "show_language_switcher": false
        }
      },
      "footer": {
        "type": "footer",
        "blocks": {
          "494c911f-7281-40a1-85fa-a596a6431858": {
            "type": "newsletter",
            "settings": {
              "title": "SUBSCRIBE",
              "description": "Enter your email below to be the first to know about new collections and product launches.",
              "email_placeholder": "Enter your email",
              "form_style": "bordered",
              "show_social": false,
              "width": "50%"
            }
          },
          "2bd3b7d0-e898-4720-82ab-227b7e3815b4": {
            "type": "spacing",
            "settings": {
              "width": "16%"
            }
          },
          "7527ffa4-1a31-4e5c-b642-96aa834daf84": {
            "type": "menu",
            "settings": {
              "menu": "main-menu",
              "title": "SERVICES",
              "width": "33%"
            }
          },
          "8dda1c35-2f9b-4260-8f22-028458dfa756": {
            "type": "custom_text",
            "settings": {
              "title": "COMPANY",
              "image_max": "200px",
              "description": "<p>Find a location nearest<br\/>you. <a href=\"#\" title=\"#\"><span style=\"text-decoration:underline\">See Our Stores<\/span><\/a><br\/><br\/>+391 (0)35 2568 4593<br\/>hello@domain.com<\/p>",
              "width": "33%"
            }
          },
          "251dcd4f-1c2a-4c6f-a534-70690333e1aa": {
            "type": "our_store",
            "settings": {
              "title": "SOCIAL MEDIA",
              "description": "",
              "show_email": false,
              "show_phone": false,
              "show_socials_link": true,
              "width": "33%"
            }
          }
        },
        "block_order": [
          "494c911f-7281-40a1-85fa-a596a6431858",
          "2bd3b7d0-e898-4720-82ab-227b7e3815b4",
          "7527ffa4-1a31-4e5c-b642-96aa834daf84",
          "8dda1c35-2f9b-4260-8f22-028458dfa756",
          "251dcd4f-1c2a-4c6f-a534-70690333e1aa"
        ],
        "settings": {
          "design": "footer-1",
          "container": "container-fluid",
          "bordered": false,
          "copyright": "© Calzini 2021",
          "show_currency_selector": false,
          "show_language_selector": false,
          "show_social_links": false,
          "show_payment_icons": true
        }
      },
      "annoucement": {
        "type": "annoucement",
        "settings": {
          "show_announcement": false,
          "homepage_only": true,
          "show_close": true,
          "message": "<p>Free shipping for all orders from $60+<\/p>",
          "message_link": "",
          "show_divider": false
        }
      },
      "mobile-sticky-bar": {
        "type": "mobile-sticky-bar",
        "settings": {
          "show_mobile_sticky": true,
          "show_home_icon": true,
          "show_collection_icon": true,
          "show_cart_icon": true,
          "show_search_icon": true,
          "show_account_icon": false,
          "show_wishlist_icon": false
        }
      }
    }
  },
  "presets": {
    "Default": {
      "sections": {
        "featured-collection": {
          "type": "featured-collection",
          "settings": {
            "collection": "frontpage"
          }
        },
        "featured-product": {
          "type": "featured-product",
          "settings": {
          }
        }
      },
      "content_for_index": [
        "featured-collection",
        "featured-product"
      ]
    }
  }
}