{
  "current": {
    "favicon": "shopify:\/\/shop_images\/fav_icon_dark_1.png",
    "color_primary": "#000000",
    "color_btn_bg_hover": "#000000",
    "prod_sale_price_color": "#666666",
    "prod_type_color": "#666666",
    "color_main_bg": "#ffffff",
    "color_field_bg": "#ffffff",
    "color_topbar_bg": "#f9f4ef",
    "color_topbar_text": "#000000",
    "color_header_bg": "#ffffff",
    "color_header_link": "#000000",
    "color_header_transparent": "#000000",
    "color_menu_bar_bg": "#000000",
    "color_menu_bar_text": "#f8f8f8",
    "color_footer_bg": "#f5f3f2",
    "color_footer_text": "#000000",
    "color_footer_subtext": "#666666",
    "color_footer_link_hover": "#000000",
    "color_footer_bottom_bg": "#f5f3f2",
    "img_overlay_opacity": 20,
    "tooltip_background_color": "#000000",
    "type_base_font": "roboto_condensed_n4",
    "use_custom_font_body": true,
    "custom_body_font": "https:\/\/cdn.shopify.com\/s\/files\/1\/0561\/2742\/2636\/files\/Jost-Regular.ttf?v=1618297125@400\nhttps:\/\/cdn.shopify.com\/s\/files\/1\/0561\/2742\/2636\/files\/Jost-Medium.ttf?v=1618297125@500",
    "custom_body_weight": "400",
    "type_header_font": "roboto_condensed_n7",
    "use_custom_font_heading": true,
    "custom_heading_font": "https:\/\/cdn.shopify.com\/s\/files\/1\/0561\/2742\/2636\/files\/NewYork.otf?v=1621149853@400",
    "custom_heading_weight": "400",
    "type_header_base_size": 49,
    "pcard_layout": "1",
    "pcard_alignment": "center",
    "pcard_image_ratio": "1\/1",
    "show_vendor": false,
    "variant_option_design3": "color",
    "show_variant_swatch_image": true,
    "product_colors": "red: #FF6961,\nyellow: #FDDA76,\nblack: #000000,\nblack band: #000000,\nblue: #8DB4D2,\ngreen: #C1E1C1,\npurple: #B19CD9,\nsilver: #EEEEEF,\nwhite: #FFFFFF,\nbrown: #836953,\nlight brown: #B5651D,\ndark turquoise: #23cddc,\norange: #FFB347,\ntan: #E9D1BF,\nviolet: #B490B0,\npink: #FFD1DC,\ngrey: #E0E0E0,\nsky: #96BDC6,\npale leaf: #CCD4BF,\nlight blue: #b1c5d4,\ndark grey: #aca69f,\nbeige: #EBE6DB,\nbeige band: #EED9C4,\ndark blue: #063e66,\ncream: #FFFFCC,\nlight pink: #FBCFCD,\nmint: #bedce3,\ndark gray: #3A3B3C,\nrosy brown: #c4a287,\nlight grey:#D3D3D3,\ncopper: #B87333,\nrose gold: #ECC5C0,\nnight blue: #151B54,\ncoral: #FF7F50,\nlight purple: #C6AEC7",
    "filter_color1": "",
    "share_facebook": true,
    "social_twitter_link": "https:\/\/twitter.com\/home",
    "social_facebook_link": "https:\/\/facebook.com\/",
    "social_pinterest_link": "https:\/\/pinterest.com\/",
    "social_instagram_link": "https:\/\/instagram.com\/",
    "wishlist_page": "",
    "product_compare_page": "",
    "gm_api": "",
    "instagram_token": "",
    "custom_css": ".sf-footer__block-inner h3 {\n  font-family: \"SF-Body-font\";\n  font-weight: 500;\n}\n.sf__index-featured-collection .sf__pcard-content a.block {\n  margin-top: 1.25rem;\n}\n.sf__index-collection-list .collection-card__image {\n  transition: transform 0.8s cubic-bezier(0.05, 0.2, 0.1, 1);\n}\n.sf__index-collection-list .collection-card--hover-scaling-down:hover .collection-card__inner .sf-image--loaded img,\n.collection-card--hover-scaling-down:hover .collection-card__inner .sf-image--loaded svg {\n  transform: none;\n  -webkit-transform: none;\n  transition: transform 0.8s;\n}\n.sf__index-collection-list .collection-card--hover-scaling-down:hover a.collection-card__image.block.overflow-hidden.w-full {\n  -webkit-transform: scale(1.15) translateZ(0);\n  transform: scale(1.15) translateZ(0);\n  transition: transform 0.8s;\n}\n.sf__index-collection-list .collection-card--hover-scaling-down a.collection-card__image.block.overflow-hidden.w-full {\n  transition: all 1s;\n}\n\n.section__subheading,\n.content__subheading {\n  color: #c96e15;\n  font-size: 14px;\n  font-family: \"SF-Body-font\";\n  font-weight: 500;\n  letter-spacing: 1px;\n  margin-bottom: 10px;\n}\n.content__box-16212276967bd2e716 {\n  padding: 40px;\n  background-image: url(\"https:\/\/cdn.shopify.com\/s\/files\/1\/0561\/2742\/2636\/files\/1_1d68cc71-0dfe-4d2f-b2e8-1419ebb07b41.jpg?v=1621226206\");\n  background-size: cover;\n  background-repeat: no-repeat;\n}\n.sf__index-collection-list .collection-card__inner h3 a {\n  font-size: 24px;\n}\n.sf__index-collection-list .collection-card__inner h3:hover a {\n  color: #999999;\n}\n.sf__index-collection-list .collection-card__info p {\n  color: #000000;\n}\n@media (min-width: 1536px) {\n  .content__box-16212276967bd2e716 {\n    padding-left: 150px;\n  }\n  .sf__slide-content {\n    padding-left: 100px;\n  }\n}\n@media (max-width: 767px) {\n  .sf__index-slideshow a.sf__mobile-button {\n    width: 100%;\n  }\n  .sf__index-slideshow .sf__mobile-subheading img {\n    max-width: 100px;\n    margin: 0 auto 10px;\n  }\n  footer.sf-footer .sf-footer__accordion h3.sf__accordion-button {\n    font-family: \"SF-Body-font\";\n  }\n}\n@media (max-width: 576px) {\n  .sf__index-img-with-text .sf__btn-primary {\n    width: 100%;\n  }\n}",
    "use_theme_currencies": true,
    "theme_currencies": "USD | EUR | GBP | VND",
    "sections": {
      "header": {
        "type": "header",
        "blocks": {
          "5e153016-a9d7-46c9-a10e-30d16446793d": {
            "type": "topbar",
            "settings": {
              "show_divider": true,
              "show_phone_numb": false,
              "show_email": false,
              "show_social_links": true,
              "show_stores_page": true,
              "show_currency_switcher": true,
              "show_language_switcher": false,
              "alert_message": "Open Doors To A World Of Fashion  |  Discover More"
            }
          },
          "81ee7ec3-f529-4487-a608-7970e29ee19b": {
            "type": "custom_html",
            "settings": {
              "heading": "Home",
              "container": "container",
              "html": ""
            }
          },
          "d4f1b8b8-8ff4-4761-b463-5f361b0ad35f": {
            "type": "banner",
            "settings": {
              "heading": "Shop",
              "container": "container",
              "banner_style": "outside",
              "banner_link": "",
              "banner_title": "<span style=\"font-family: 'SF-Heading-font';\">CLASSIC SPORT OLD SCHOOL<\/span>",
              "banner_desc": "",
              "banner_button_text": "Shop Now"
            }
          },
          "470366db-0b1d-4ace-9349-eba76b3d1e79": {
            "type": "product-list",
            "settings": {
              "heading": "Products",
              "container": "container-fluid",
              "stretch_width": false,
              "collection": "women-bag",
              "limit": 6,
              "columns": 2
            }
          },
          "c4196828-bb8c-4555-ba41-f99573837acf": {
            "type": "custom_html",
            "settings": {
              "heading": "Features",
              "container": "inherit",
              "html": ""
            }
          }
        },
        "block_order": [
          "5e153016-a9d7-46c9-a10e-30d16446793d",
          "81ee7ec3-f529-4487-a608-7970e29ee19b",
          "d4f1b8b8-8ff4-4761-b463-5f361b0ad35f",
          "470366db-0b1d-4ace-9349-eba76b3d1e79",
          "c4196828-bb8c-4555-ba41-f99573837acf"
        ],
        "settings": {
          "header_design": "logo-center-menu-left",
          "container": "container-fluid",
          "header_sticky": true,
          "transparent_on_top": true,
          "logo_text": "MINIMOG",
          "logo_max_width": 130,
          "sticky_logo_max_width": 125,
          "mobile_logo_max_width": 105,
          "main_menu": "main-menu",
          "secondary_menu": "",
          "uppercase_parent_level": false,
          "search": "show_icon",
          "show_account_icon": true,
          "show_cart_icon": true,
          "show_wishlist_icon": true,
          "show_compare_icon": false,
          "show_currency_switcher": false,
          "show_language_switcher": false
        }
      },
      "footer": {
        "type": "footer",
        "blocks": {
          "dd48d5ea-1932-4e4c-b891-b4e2d82182ca": {
            "type": "menu",
            "settings": {
              "menu": "main-menu",
              "title": "Services",
              "width": "25%"
            }
          },
          "49e72833-c68f-4a7b-ab64-3ef0cae99bcb": {
            "type": "menu",
            "settings": {
              "menu": "main-menu",
              "title": "Infomation",
              "width": "25%"
            }
          },
          "49c938ec-36e0-4004-9aaf-53e8fbdf8015": {
            "type": "our_store",
            "settings": {
              "title": "Company",
              "description": "<p>Find a location nearest you.<\/p>",
              "show_email": true,
              "show_phone": true,
              "show_socials_link": false,
              "width": "25%"
            }
          },
          "5af6200e-4dee-40da-b746-0187efd0cd2b": {
            "type": "newsletter",
            "settings": {
              "title": "Subscribe",
              "description": "Enter your email below to be the first to know about new collections and product launches.",
              "email_placeholder": "Enter your email",
              "form_style": "bordered",
              "show_social": false,
              "width": "25%"
            }
          }
        },
        "block_order": [
          "dd48d5ea-1932-4e4c-b891-b4e2d82182ca",
          "49e72833-c68f-4a7b-ab64-3ef0cae99bcb",
          "49c938ec-36e0-4004-9aaf-53e8fbdf8015",
          "5af6200e-4dee-40da-b746-0187efd0cd2b"
        ],
        "settings": {
          "design": "footer-2",
          "container": "container-fluid",
          "bordered": true,
          "copyright": "<span class=\"text-sm\">© MINIMOG 2021<\/span>",
          "show_currency_selector": false,
          "show_language_selector": false,
          "show_social_links": true,
          "show_payment_icons": true
        }
      },
      "annoucement": {
        "type": "annoucement",
        "settings": {
          "show_announcement": false,
          "homepage_only": true,
          "show_close": true,
          "message": "Free shipping for all orders from $60+",
          "message_link": "",
          "show_divider": false
        }
      },
      "mobile-sticky-bar": {
        "type": "mobile-sticky-bar",
        "settings": {
          "show_mobile_sticky": true,
          "show_home_icon": true,
          "show_collection_icon": true,
          "show_cart_icon": true,
          "show_search_icon": true,
          "show_account_icon": false,
          "show_wishlist_icon": false
        }
      }
    }
  },
  "presets": {
    "Default": {
      "sections": {
        "featured-collection": {
          "type": "featured-collection",
          "settings": {
            "collection": "frontpage"
          }
        },
        "featured-product": {
          "type": "featured-product",
          "settings": {
          }
        }
      },
      "content_for_index": [
        "featured-collection",
        "featured-product"
      ]
    }
  }
}