{"sections":{"slideshow":{"type":"slideshow","blocks":{"slide-0":{"type":"image","settings":{"apply_overlay":true,"content_position":"bottomLeft","subheading":"Slide title","title":"Tell your story"}},"slide-1":{"type":"image","settings":{"apply_overlay":true,"content_position":"bottomLeft","subheading":"Slide title","title":"Tell your story"}}},"block_order":["slide-0","slide-1"],"settings":{"show_fullscreen":true,"show_arrow":false,"autoplay":true,"cycle_speed":5,"text_color":"#ffffff","button_color":"#363636"}},"featured-collections":{"type":"featured-collections","blocks":{"featured-collection-0":{"type":"collection","settings":{"grid_items_count":8,"button_text":"View all products"}}},"block_order":["featured-collection-0"],"settings":{"title":"Featured collection","layout_mode":"grid","show_product_info":true,"grid_mobile_items_per_row":"2","grid_desktop_items_per_row":4}},"collection-list":{"type":"collection-list","blocks":{"collection-0":{"type":"collection","settings":{"image_alignment":"center center","subheading":"Sub-heading","button_text":"View products","apply_overlay":true}},"collection-1":{"type":"collection","settings":{"image_alignment":"center center","subheading":"Sub-heading","button_text":"View products","apply_overlay":true}},"collection-2":{"type":"collection","settings":{"image_alignment":"center center","subheading":"Sub-heading","button_text":"View products","apply_overlay":true}}},"block_order":["collection-0","collection-1","collection-2"],"settings":{"add_spacing":true,"expand_collection":false,"text_color":"#ffffff","button_color":"#363636"}},"featured-product":{"type":"featured-product","blocks":{"product-meta":{"type":"product_meta","settings":{}},"share-buttons":{"type":"share_buttons","settings":{}},"variant-selector":{"type":"variant_selector","settings":{}},"buy-buttons":{"type":"buy_buttons","settings":{}}},"block_order":["product-meta","share-buttons","variant-selector","buy-buttons"],"settings":{"title":"Featured product"}},"timeline":{"type":"timeline","blocks":{"item-0":{"type":"item","settings":{"apply_overlay":true,"title":"2000","subheading":"Sub-heading","heading":"Heading","content":"<p>Add your own custom content to give more information about your store, availability details...<\/p>"}},"item-1":{"type":"item","settings":{"apply_overlay":true,"title":"2001","subheading":"Sub-heading","heading":"Heading","content":"<p>Add your own custom content to give more information about your store, availability details...<\/p>"}},"item-2":{"type":"item","settings":{"apply_overlay":true,"title":"2002","subheading":"Sub-heading","heading":"Heading","content":"<p>Add your own custom content to give more information about your store, availability details...<\/p>"}}},"block_order":["item-0","item-1","item-2"],"settings":{"text_color":"#ffffff"}},"blog-posts":{"type":"blog-posts","blocks":{"blog-0":{"type":"blog","settings":{"blog":"news"}}},"block_order":["blog-0"],"settings":{"title":"Featured article","show_category":false,"button_text":"View all articles"}},"shop-the-look":{"type":"shop-the-look","blocks":{"look-0":{"type":"look","settings":{"dot_style":"light","product_1_horizontal_position":30,"product_1_vertical_position":40,"product_2_horizontal_position":45,"product_2_vertical_position":65,"product_3_horizontal_position":70,"product_3_vertical_position":50}},"look-1":{"type":"look","settings":{"dot_style":"light","product_1_horizontal_position":25,"product_1_vertical_position":45,"product_2_horizontal_position":55,"product_2_vertical_position":30,"product_3_horizontal_position":65,"product_3_vertical_position":60}}},"block_order":["look-0","look-1"],"settings":{"subheading":"Shop","title":"Our looks"}}},"order":["slideshow","featured-collections","collection-list","featured-product","timeline","blog-posts","shop-the-look"]}