{
  "sections": {
    "1618820514d0b46ba8": {
      "type": "image-with-text-1",
      "blocks": {
        "1618820514385b5792-0": {
          "type": "item",
          "settings": {
            "content_position": "bottom_center",
            "content_alignment": "left",
            "text_size": "medium",
            "text_color": "black",
            "link": "shopify:\/\/collections\/sweaters",
            "title": "",
            "subtitle": "",
            "button_label": "Sweaters",
            "button_style": "sf__btn-white",
            "button_size": ""
          }
        },
        "1618820514385b5792-1": {
          "type": "item",
          "settings": {
            "content_position": "bottom_center",
            "content_alignment": "left",
            "text_size": "medium",
            "text_color": "black",
            "link": "shopify:\/\/collections\/leather-boots",
            "title": "",
            "subtitle": "",
            "button_label": "Leather Boots",
            "button_style": "sf__btn-white",
            "button_size": ""
          }
        },
        "1618820514385b5792-2": {
          "type": "item",
          "settings": {
            "content_position": "bottom_center",
            "content_alignment": "left",
            "text_size": "medium",
            "text_color": "black",
            "link": "shopify:\/\/collections\/jeans",
            "title": "",
            "subtitle": "",
            "button_label": "Denim Pants",
            "button_style": "sf__btn-white",
            "button_size": ""
          }
        },
        "1618820514385b5792-3": {
          "type": "item",
          "settings": {
            "content_position": "bottom_center",
            "content_alignment": "left",
            "text_size": "medium",
            "text_color": "black",
            "link": "shopify:\/\/collections\/sunglasses",
            "title": "",
            "subtitle": "",
            "button_label": "Sunglasses",
            "button_style": "sf__btn-white",
            "button_size": ""
          }
        },
        "1618820514385b5792-4": {
          "type": "item",
          "settings": {
            "content_position": "bottom_center",
            "content_alignment": "left",
            "text_size": "medium",
            "text_color": "black",
            "link": "shopify:\/\/collections\/leather-bag",
            "title": "",
            "subtitle": "",
            "button_label": "Leather Bags",
            "button_style": "sf__btn-white",
            "button_size": ""
          }
        }
      },
      "block_order": [
        "1618820514385b5792-0",
        "1618820514385b5792-1",
        "1618820514385b5792-2",
        "1618820514385b5792-3",
        "1618820514385b5792-4"
      ],
      "settings": {
        "heading": "",
        "subheading": "",
        "description": "",
        "header_alignment": "center",
        "container": "container-fluid",
        "background_color": "rgba(0,0,0,0)",
        "layout": "layout_1",
        "gap": 0,
        "use_scroll_mobile": true,
        "mobile_gap": 16,
        "custom_class": "sf__index-img-card"
      }
    },
    "1626517376d33b363c": {
      "type": "product-tabs",
      "blocks": {
        "1626517376d33b363c-0": {
          "type": "tab",
          "settings": {
            "title": "New Arrivals",
            "collection": "fashion"
          }
        },
        "1626517376d33b363c-1": {
          "type": "tab",
          "settings": {
            "title": "Best Sellers",
            "collection": "best-sellers"
          }
        },
        "d3904da3-8bcd-4631-96cc-b5c63336d957": {
          "type": "tab",
          "settings": {
            "title": "On Sale",
            "collection": "on-sale"
          }
        }
      },
      "block_order": [
        "1626517376d33b363c-0",
        "1626517376d33b363c-1",
        "d3904da3-8bcd-4631-96cc-b5c63336d957"
      ],
      "settings": {
        "heading": "",
        "subheading": "",
        "description": "",
        "header_alignment": "center",
        "container": "container-fluid",
        "background_color": "rgba(0,0,0,0)",
        "tab_header": "horizontal",
        "limit": 10,
        "show_button": true,
        "button_type": "load",
        "button_label": "Shop Now",
        "button_style": "sf__btn-secondary",
        "button_size": "",
        "pcard_layout": "",
        "pcard_image_ratio": "",
        "show_vendor": false,
        "items_per_row": 5,
        "item_gap": 30,
        "item_gap_mobile": 16,
        "enable_slider": false,
        "show_pagination": false,
        "show_navigation": false,
        "custom_class": "sf__index-product-tab"
      }
    },
    "162651824890b79669": {
      "type": "image-with-text-2",
      "settings": {
        "container": "container-fluid",
        "hero_size": "large",
        "show_overlay": false,
        "bg_position": "center",
        "parallax": false,
        "content_in_container": true,
        "content_position": "right middle",
        "text_alignment": "left",
        "text_size": "medium",
        "text_color": "dark",
        "title": "<span class=\"font-normal\">Leather Slingbag<\/span>",
        "subtitle": "<span class=\"font-medium\">New Arrivals<\/span>",
        "text": "",
        "button_label": "Shop Now",
        "button_link": "shopify:\/\/collections\/leather-bag",
        "button_style": "sf__btn-secondary",
        "button_size": "",
        "custom_class": "sf__index-hero"
      }
    }
  },
  "order": [
    "1618820514d0b46ba8",
    "1626517376d33b363c",
    "162651824890b79669"
  ]
}