{
  "sections": {
    "1621243260e1af0c20": {
      "type": "slider",
      "blocks": {
        "1621243260e1af0c20-0": {
          "type": "slider_item",
          "settings": {
            "image_alignment": "center top",
            "content_in_container": false,
            "content_position": "left middle",
            "text_alignment": "left",
            "text_size": "medium",
            "text_color": "black",
            "subheading": "<span class=\"font-medium\">New Arrivals<\/span>",
            "title": "<span class=\"font-medium\">The Blue Original<br> \nCheeky Jean<\/span>",
            "description": "",
            "button_text": "Shop Collection",
            "button_link": "",
            "button_style": "sf__btn-secondary",
            "button_size": "",
            "show_footer": true,
            "footer_alignment": "end",
            "footer_text": "The ReCotton Tee",
            "footer_button": "Shop Now",
            "footer_link": "shopify:\/\/collections"
          }
        },
        "1621243260e1af0c20-1": {
          "type": "slider_item",
          "settings": {
            "image_alignment": "center top",
            "content_in_container": false,
            "content_position": "left middle",
            "text_alignment": "left",
            "text_size": "medium",
            "text_color": "black",
            "subheading": "<span class=\"font-medium\">New Arrivals<\/span>",
            "title": "<span class=\"font-medium\">Fashionable clothes <br> for trendsetters.<\/span>",
            "description": "",
            "button_text": "Shop Collection",
            "button_link": "",
            "button_style": "sf__btn-secondary",
            "button_size": "",
            "show_footer": true,
            "footer_alignment": "end",
            "footer_text": "The ReCotton Tee",
            "footer_button": "Shop Now",
            "footer_link": "shopify:\/\/collections"
          }
        },
        "1621243260e1af0c20-2": {
          "type": "slider_item",
          "settings": {
            "image_alignment": "center top",
            "content_in_container": false,
            "content_position": "left middle",
            "text_alignment": "left",
            "text_size": "medium",
            "text_color": "black",
            "subheading": "<span class=\"font-medium\">New Collection<\/span>",
            "title": "<span class=\"font-medium\">Feel the<br> authentic peace.\n<\/span>",
            "description": "",
            "button_text": "Shop Collection",
            "button_link": "",
            "button_style": "sf__btn-secondary",
            "button_size": "",
            "show_footer": true,
            "footer_alignment": "end",
            "footer_text": "The ReCotton Tee",
            "footer_button": "Shop Now",
            "footer_link": "shopify:\/\/collections"
          }
        }
      },
      "block_order": [
        "1621243260e1af0c20-0",
        "1621243260e1af0c20-1",
        "1621243260e1af0c20-2"
      ],
      "settings": {
        "container": "w-full",
        "slideshow_height": "large",
        "show_overlay": false,
        "dots_position": "right",
        "dots_color": "dark",
        "show_dots": true,
        "show_arrows": false,
        "autorotate": true,
        "autorotate_speed": 5,
        "custom_class": ""
      }
    },
    "16263511280e566f2c": {
      "type": "countdown-timer",
      "settings": {
        "container": "container",
        "section_height": "large",
        "align": "end",
        "background_color": "#f1f1f1",
        "heading": "Pay less, stay in fashion!",
        "time": "2021-09-26 23:00:00",
        "button_label": "Get At Only $20",
        "button_link": "",
        "button_style": "sf__btn-primary",
        "button_size": "",
        "custom_class": ""
      }
    },
    "1626365858fd9bd41d": {
      "type": "featured-collection",
      "settings": {
        "heading": "This Week's Highlights",
        "subheading": "",
        "description": "",
        "header_alignment": "center",
        "container": "container",
        "background_color": "rgba(0,0,0,0)",
        "collection": "best-sellers",
        "product_to_show": 8,
        "items_per_row": 4,
        "item_gap": 30,
        "pcard_layout": "",
        "pcard_image_ratio": "",
        "show_vendor": false,
        "enable_slider": false,
        "show_pagination": false,
        "show_navigation": false,
        "button_type": "link",
        "button_text": "Shop Now",
        "button_style": "sf__btn-secondary",
        "button_size": "",
        "infinite_load": false,
        "max_page_load": 3,
        "use_scroll_mobile": true,
        "item_gap_mobile": 16,
        "custom_class": ""
      }
    },
    "1626366077b1048cd5": {
      "type": "image-with-text",
      "settings": {
        "heading": "",
        "subheading": "",
        "container": "container",
        "background_color": "rgba(0,0,0,0)",
        "item_gap": 72,
        "item_gap_mobile": 30,
        "layout": "left",
        "image_column_size": "7",
        "title": "<span class=\"leading-snug\">Quality never<br> goes out of style.<\/span>",
        "sub_title": "",
        "text": "<p>Minimog has added a new brand to their fashion roster, and I'm loving the new fall pieces that just dropped online. Can't wait to order a few items to see how these look and feel in person!<\/p>",
        "text_size": "medium",
        "content_alignment": "left",
        "button_label": "Shop Collection",
        "button_link": "",
        "button_style": "sf__btn-link",
        "button_size": "",
        "custom_class": ""
      }
    },
    "1626366206dd6e4f93": {
      "type": "collection-list",
      "blocks": {
        "1626366206dd6e4f93-0": {
          "type": "collection_block",
          "settings": {
            "collection": "jackets",
            "title": "Jackets"
          }
        },
        "1626366206dd6e4f93-1": {
          "type": "collection_block",
          "settings": {
            "collection": "glasses-2",
            "title": "Glasses"
          }
        },
        "1626366206dd6e4f93-2": {
          "type": "collection_block",
          "settings": {
            "collection": "tops-2",
            "title": "Tops"
          }
        },
        "aad13c35-f44c-4bd0-a68b-a598081ed211": {
          "type": "collection_block",
          "settings": {
            "collection": "handbag",
            "title": "Handbags"
          }
        },
        "fe6d91af-40dc-4e11-b702-6c131cc9f863": {
          "type": "collection_block",
          "settings": {
            "collection": "shoes",
            "title": "Sneakers"
          }
        }
      },
      "block_order": [
        "1626366206dd6e4f93-0",
        "1626366206dd6e4f93-1",
        "1626366206dd6e4f93-2",
        "aad13c35-f44c-4bd0-a68b-a598081ed211",
        "fe6d91af-40dc-4e11-b702-6c131cc9f863"
      ],
      "settings": {
        "heading": "Featured Categories",
        "subheading": "",
        "description": "",
        "header_alignment": "center",
        "container": "container",
        "background_color": "",
        "layout": "grid",
        "card_style": "standard",
        "text_alignment": "center",
        "hover_effect": "scaling-down",
        "show_product_count": true,
        "count_inline_title": true,
        "image_rounded": false,
        "items_per_row": 5,
        "item_gap": 10,
        "enable_slider": false,
        "show_pagination": false,
        "show_navigation": false,
        "autorotate": false,
        "autorotate_speed": 5,
        "use_scroll_mobile": true,
        "mobile_gap": 16,
        "hidden_slide_control_mobile": false,
        "custom_class": ""
      }
    }
  },
  "order": [
    "1621243260e1af0c20",
    "1626365858fd9bd41d",
    "1626366077b1048cd5",
    "1626366206dd6e4f93",
    "16263511280e566f2c"
  ]
}