{
  "current": {
    "color_announcement_bg": "#f7f7f7",
    "color_announcement_text": "#656565",
    "color_header_bg": "#ffffff",
    "color_header_text": "#656565",
    "color_nav_border": "#f7f7f7",
    "color_body_bg": "#ffffff",
    "color_body_text": "#656565",
    "color_primary": "#f4a482",
    "color_secondary": "#585e71",
    "color_bg_light": "#f7f7f7",
    "color_bg_inverse": "#2e3438",
    "color_text_inverse": "#ffffff",
    "color_primary_inverse": "#fcd8c8",
    "color_secondary_inverse": "#c6dae5",
    "color_bg_accent_inverse": "#222324",
    "product_background_color": "#ffffff",
    "color_footer_bg": "#ffffff",
    "color_footer_text": "#656565",
    "type_heading_font": "ovo_n4",
    "type_heading_size": 100,
    "font_title_capitalize": false,
    "type_accent_font": "itc_johnston_n5",
    "type_accent_size": 100,
    "type_base_font": "harmonia_sans_n4",
    "type_body_size": 100,
    "button_radius": 0,
    "collection_text_alignment": "text-center",
    "product_grid_style": "hover",
    "image_hover_enable": true,
    "animations_scroll_enable": true,
    "product_grid_image": "crop",
    "cart_style": "pop",
    "sections": {
      "header": {
        "type": "header",
        "settings": {
          "main_menu_linklist": "main-menu"
        }
      },
      "footer": {
        "type": "footer",
        "blocks": {
          "linklist": {
            "type": "linklist",
            "settings": {
              "linklist": "main-menu"
            }
          },
          "text": {
            "type": "text",
            "settings": {}
          },
          "newsletter": {
            "type": "newsletter",
            "settings": {}
          }
        },
        "block_order": [
          "linklist",
          "text",
          "newsletter"
        ],
        "settings": {}
      },
      "product": {
        "type": "product",
        "settings": {}
      },
      "page-product-custom-1": {
        "type": "page-product-custom-1",
        "blocks": {
          "page-product-custom-1-0": {
            "type": "image",
            "settings": {
              "bg_position": "center-center",
              "overlay_opacity": 15,
              "overlay_color": "#000",
              "kicker": "",
              "title": "",
              "richtext": "",
              "text_align": "align--middle-center",
              "text_color": "text--white",
              "link_text": "",
              "link": "",
              "button_color": "btn--white",
              "button_style": "btn uppercase"
            }
          },
          "page-product-custom-1-1": {
            "type": "text",
            "settings": {
              "kicker": "Sale information",
              "title": "",
              "text": "<p>This text will show for all products. Use this text to describe your brand, policies, sales, or information that would be relevant to all products.<\/p>",
              "text_size": 2,
              "text_columns": 1,
              "align_text": "text-left",
              "button_text": "",
              "button_url": "",
              "button_color": "btn--neutral",
              "button_style": "caps--link",
              "text_color": "text--neutral",
              "bg_color": "#f7f7f7"
            }
          }
        },
        "block_order": [
          "page-product-custom-1-0",
          "page-product-custom-1-1"
        ],
        "settings": {
          "height": "use_screen_one_half",
          "padding": true,
          "borders": false,
          "wrapper": true
        }
      },
      "page-product-custom-2": {
        "type": "page-product-custom-2",
        "blocks": {
          "page-product-custom-2-0": {
            "type": "text",
            "settings": {
              "kicker": "Brand information",
              "title": "",
              "text": "<p>This text will show for all products. Customize these sections by changing the blocks to videos, products, collections, text, newsletters, or images.<\/p>",
              "text_size": 2,
              "text_columns": 1,
              "align_text": "text-left",
              "button_text": "",
              "button_url": "",
              "button_color": "btn--neutral",
              "button_style": "caps--link",
              "text_color": "text--neutral",
              "bg_color": "#f7f7f7"
            }
          },
          "page-product-custom-2-1": {
            "type": "image",
            "settings": {
              "bg_position": "center-center",
              "overlay_opacity": 15,
              "overlay_color": "#000",
              "kicker": "",
              "title": "",
              "richtext": "",
              "text_align": "align--middle-center",
              "text_color": "text--white",
              "link_text": "",
              "link": "",
              "button_color": "btn--white",
              "button_style": "btn uppercase"
            }
          }
        },
        "block_order": [
          "page-product-custom-2-0",
          "page-product-custom-2-1"
        ],
        "settings": {
          "height": "use_screen_one_half",
          "padding": true,
          "borders": false,
          "wrapper": true
        }
      },
      "reviews": {
        "type": "reviews",
        "settings": {
          "product_reviews_enable": false,
          "bg": "section bg--accent"
        }
      },
      "collection": {
        "type": "collection",
        "settings": {}
      },
      "blog": {
        "type": "blog",
        "settings": {}
      },
      "article": {
        "type": "article",
        "settings": {}
      },
      "index-product": {
        "type": "index-product",
        "settings": {}
      },
      "index-collection": {
        "type": "index-collection",
        "settings": {
          "grid": 3,
          "rows": 2
        }
      },
      "index-banner-image": {
        "type": "index-hero",
        "settings": {
          "height": "use_screen_two_thirds",
          "title": "Pipeline theme",
          "richtext": "<p>Clean fast and focused on sales<\/p>",
          "link": "shopify:\/\/collections\/all"
        }
      },
      "index-collection-grid": {
        "type": "index-collection-grid",
        "blocks": {
          "index-collection-grid-1": {
            "type": "featured_collection",
            "settings": {}
          },
          "index-collection-grid-2": {
            "type": "featured_collection",
            "settings": {}
          }
        },
        "block_order": [
          "index-collection-grid-1",
          "index-collection-grid-2"
        ],
        "settings": {}
      },
      "index-collection-tabs": {
        "type": "index-collection-tabs",
        "blocks": {
          "index-collection-tabs-0": {
            "type": "collection",
            "settings": {
              "collection": "",
              "title": "First collection"
            }
          },
          "index-collection-tabs-1": {
            "type": "collection",
            "settings": {
              "collection": "",
              "title": "Second collection"
            }
          }
        },
        "block_order": [
          "index-collection-tabs-0",
          "index-collection-tabs-1"
        ],
        "settings": {
          "title": "Featured Collections",
          "grid": 3,
          "bg": "section bg--neutral"
        }
      },
      "index-custom-first": {
        "type": "index-custom-content",
        "blocks": {
          "index-double-0": {
            "type": "image",
            "settings": {
              "bg_position": "center-center",
              "overlay_opacity": 15,
              "overlay_color": "#000",
              "kicker": "",
              "title": "",
              "richtext": "",
              "text_align": "align--middle-center",
              "text_color": "text--white",
              "link_text": "Shop Now",
              "link": "",
              "button_color": "btn--white",
              "button_style": "btn--soft uppercase"
            }
          },
          "index-double-1": {
            "type": "text",
            "settings": {
              "kicker": "Image with text",
              "title": "",
              "text": "<p>Use this section as a side-by-side display or switch to a single block to showcase text, images, videos, products, collections or a newsletter signup.<\/p>",
              "text_size": 2,
              "text_columns": 1,
              "align_text": "text-left",
              "button_text": "",
              "button_url": "",
              "button_color": "btn--neutral",
              "button_style": "caps--link",
              "text_color": "text--neutral",
              "bg_color": "#f7f7f7"
            }
          }
        },
        "block_order": [
          "index-double-0",
          "index-double-1"
        ],
        "settings": {
          "height": "use_screen_one_half",
          "padding": false,
          "borders": false,
          "wrapper": false
        }
      },
      "index-custom-second": {
        "type": "index-custom-content",
        "blocks": {
          "index-custom-content-0": {
            "type": "product",
            "settings": {
              "product": "",
              "kicker": "Shop the look",
              "badge_string": "",
              "align_text": "text-center",
              "text_color": "text--neutral",
              "bg_color": "#f7f7f7",
              "bg_accent": "#ffffff"
            }
          },
          "index-custom-content-1": {
            "type": "video",
            "settings": {
              "video_link_bg": "",
              "object_position": "center-center",
              "bg_position": "center-center",
              "video_link": "https:\/\/www.youtube.com\/watch?v=_9VUPq3SxOc",
              "popup_text": "",
              "kicker": "Introducing",
              "title": "Featured videos",
              "richtext": "<p>Feature a background video with a video popup option.<\/p>",
              "text_align": "align--middle-center",
              "text_color": "text--white",
              "overlay_opacity": 15,
              "overlay_color": "#000",
              "link_text": "",
              "link": "",
              "button_color": "btn--white",
              "button_style": "btn"
            }
          }
        },
        "block_order": [
          "index-custom-content-0",
          "index-custom-content-1"
        ],
        "settings": {
          "height": "use_screen_one_half",
          "padding": false,
          "borders": false,
          "wrapper": false
        }
      },
      "index-columns": {
        "type": "index-columns",
        "blocks": {
          "index-columns-0": {
            "type": "text_block",
            "settings": {
              "enable_image": true,
              "title": "Feature products or reviews",
              "text": "<p>Share blog posts, products, or promotions with your customers. Use this text to describe products, share details on availability and style, or as a space to display recent reviews or FAQs.<\/p>",
              "button_label": "",
              "button_link": "",
              "enable_video": false,
              "video_link": "https:\/\/www.youtube.com\/watch?v=_9VUPq3SxOc"
            }
          },
          "index-columns-1": {
            "type": "text_block",
            "settings": {
              "enable_image": true,
              "title": "Add a video popup",
              "text": "<p>Share blog posts, products, or promotions with your customers. Use this text to describe products, share details on availability and style, or as a space to display recent reviews or FAQs.<\/p>",
              "button_label": "",
              "button_link": "",
              "enable_video": true,
              "video_link": "https:\/\/www.youtube.com\/watch?v=_9VUPq3SxOc"
            }
          },
          "index-columns-2": {
            "type": "text_block",
            "settings": {
              "enable_image": true,
              "title": "Share promotions or articles",
              "text": "<p>Share blog posts, products, or promotions with your customers. Use this text to describe products, share details on availability and style, or as a space to display recent reviews or FAQs.<\/p>",
              "button_label": "",
              "button_link": "",
              "enable_video": false,
              "video_link": "https:\/\/www.youtube.com\/watch?v=_9VUPq3SxOc"
            }
          }
        },
        "block_order": [
          "index-columns-0",
          "index-columns-1",
          "index-columns-2"
        ],
        "settings": {}
      },
      "index-slideshow": {
        "type": "index-slideshow",
        "blocks": {
          "index-slideshow-0": {
            "type": "image",
            "settings": {}
          },
          "index-slideshow-1": {
            "type": "image",
            "settings": {}
          }
        },
        "block_order": [
          "index-slideshow-0",
          "index-slideshow-1"
        ],
        "settings": {}
      },
      "index-blog": {
        "type": "index-blog",
        "settings": {
          "homepage_blog": "news"
        }
      },
      "index-logos": {
        "type": "index-logos",
        "blocks": {
          "index-logos-0": {
            "type": "logo_image",
            "settings": {}
          },
          "index-logos-1": {
            "type": "logo_image",
            "settings": {}
          },
          "index-logos-2": {
            "type": "logo_image",
            "settings": {}
          },
          "index-logos-3": {
            "type": "logo_image",
            "settings": {}
          },
          "index-logos-4": {
            "type": "logo_image",
            "settings": {}
          }
        },
        "block_order": [
          "index-logos-0",
          "index-logos-1",
          "index-logos-2",
          "index-logos-3",
          "index-logos-4"
        ],
        "settings": {
          "title": ""
        }
      },
      "index-icon-grid": {
        "type": "index-icons",
        "blocks": {
          "icon-block-0": {
            "type": "icon_block",
            "settings": {
              "icon_name": "icon-basket-return",
              "icon_color": "#abda92",
              "title": "Free returns",
              "text": "<p>Returns within 30 days receive a full refund.<\/p>"
            }
          },
          "icon-block-1": {
            "type": "icon_block",
            "settings": {
              "icon_name": "icon-shipment-world",
              "icon_color": "#92c1da",
              "title": "Worldwide shipping",
              "text": "<p>Ship anywhere, rates available at checkout.<\/p>"
            }
          },
          "icon-block-2": {
            "type": "icon_block",
            "settings": {
              "icon_name": "icon-phone",
              "icon_color": "#f4a482",
              "title": "24\/7 support",
              "text": "<p>Call us anytime at 1(800) 555-1234.<\/p>"
            }
          }
        },
        "block_order": [
          "icon-block-0",
          "icon-block-1",
          "icon-block-2"
        ],
        "settings": {
          "title": "",
          "bg": "section bg--accent",
          "icon_size": "icon--small",
          "icon_alignment": "icon--top",
          "align_text": "text-center"
        }
      }
    },
    "content_for_index": [
      "index-banner-image",
      "index-collection-tabs",
      "index-custom-first",
      "index-custom-second",
      "index-collection-grid",
      "index-collection",
      "index-columns",
      "index-logos",
      "index-icon-grid"
    ]
  },
  "presets": {
    "Bright": {
      "color_announcement_bg": "#fffcf9",
      "color_announcement_text": "#766456",
      "color_header_bg": "#ffffff",
      "color_header_text": "#766456",
      "color_nav_border": "#f8f0e7",
      "color_body_bg": "#ffffff",
      "color_body_text": "#766456",
      "color_primary": "#d2815f",
      "color_secondary": "#687158",
      "color_bg_light": "#fcfaf7",
      "color_bg_inverse": "#453d38",
      "color_primary_inverse": "#ffe5da",
      "color_secondary_inverse": "#dff3fd",
      "color_bg_accent_inverse": "#191008",
      "product_background_color": "#ffffff",
      "color_footer_bg": "#f9f6f2",
      "color_footer_text": "#766456",
      "type_heading_size": 100,
      "font_title_capitalize": false,
      "type_accent_font": "itc_johnston_n5",
      "type_accent_size": 100,
      "type_base_font": "harmonia_sans_n4",
      "type_body_size": 100,
      "animations_scroll_enable": true,
      "collection_text_alignment": "text-center",
      "product_grid_style": "under",
      "image_hover_enable": true,
      "product_grid_image": "crop",
      "cart_style": "drawer"
    },
    "Light": {
      "color_announcement_bg": "#f7f7f7",
      "color_announcement_text": "#656565",
      "color_header_bg": "#ffffff",
      "color_header_text": "#656565",
      "color_nav_border": "#f7f7f7",
      "color_body_bg": "#ffffff",
      "color_body_text": "#656565",
      "color_primary": "#f4a482",
      "color_secondary": "#585e71",
      "color_bg_light": "#f7f7f7",
      "color_bg_inverse": "#2e3438",
      "color_text_inverse": "#ffffff",
      "color_primary_inverse": "#fcd8c8",
      "color_secondary_inverse": "#c6dae5",
      "color_bg_accent_inverse": "#222324",
      "product_background_color": "#ffffff",
      "color_footer_bg": "#ffffff",
      "color_footer_text": "#656565",
      "type_heading_font": "ovo_n4",
      "type_heading_size": 100,
      "font_title_capitalize": false,
      "type_accent_font": "itc_johnston_n5",
      "type_accent_size": 100,
      "type_base_font": "harmonia_sans_n4",
      "type_body_size": 100,
      "button_radius": 0,
      "collection_text_alignment": "text-center",
      "product_grid_style": "hover",
      "image_hover_enable": true,
      "animations_scroll_enable": true,
      "product_grid_image": "crop",
      "cart_style": "pop"
    },
    "Dark": {
      "color_announcement_bg": "#212121",
      "color_announcement_text": "#d4d4d4",
      "color_header_bg": "#353535",
      "color_header_text": "#ffffff",
      "color_nav_border": "#000000",
      "color_body_bg": "#ffffff",
      "color_body_text": "#3c3c3c",
      "color_primary": "#c73535",
      "color_secondary": "#000000",
      "color_bg_light": "#f7f7f7",
      "color_bg_inverse": "#2e3438",
      "color_text_inverse": "#e6e6e6",
      "color_primary_inverse": "#e3baba",
      "color_secondary_inverse": "#ffffff",
      "color_bg_accent_inverse": "#222324",
      "product_background_color": "#ffffff",
      "color_footer_bg": "#383838",
      "color_footer_text": "#e3e3e3",
      "type_heading_font": "basic_commercial_n7",
      "type_heading_size": 100,
      "font_title_capitalize": false,
      "type_accent_font": "karla_n4",
      "type_accent_size": 115,
      "type_base_font": "basic_commercial_n4",
      "type_body_size": 125,
      "button_radius": 0,
      "collection_text_alignment": "text-center",
      "product_grid_style": "under",
      "image_hover_enable": true,
      "animations_scroll_enable": true,
      "product_grid_image": "crop",
      "cart_style": "pop"
    }
  }
}