{
  "current": {
    "favicon": "shopify:\/\/shop_images\/favicon.png",
    "color_primary": "#000000",
    "color_sub_text": "#666666",
    "color_btn_bg_hover": "#000000",
    "prod_sale_price_color": "#666666",
    "prod_type_color": "#666666",
    "color_main_bg": "#ffffff",
    "color_field_bg": "#ffffff",
    "color_topbar_bg": "#000000",
    "color_topbar_text": "#ffffff",
    "color_header_bg": "#ffffff",
    "color_header_link": "#000000",
    "color_header_transparent": "#000000",
    "color_menu_bar_bg": "#000000",
    "color_menu_bar_text": "#f8f8f8",
    "color_footer_bg": "#efeded",
    "color_footer_text": "#000000",
    "color_footer_subtext": "#666666",
    "color_footer_link_hover": "#000000",
    "img_overlay_opacity": 20,
    "tooltip_background_color": "#000000",
    "type_base_font": "roboto_condensed_n4",
    "use_custom_font_body": true,
    "custom_body_font": "https:\/\/cdn.shopify.com\/s\/files\/1\/0561\/2742\/2636\/files\/Jost-Regular.ttf?v=1618297125@400\nhttps:\/\/cdn.shopify.com\/s\/files\/1\/0042\/0750\/9567\/files\/Jost-ExtraBold.ttf?v=1628613323@800\nhttps:\/\/cdn.shopify.com\/s\/files\/1\/0042\/0750\/9567\/files\/Jost-Medium.ttf?v=1622443602@500\nhttps:\/\/cdn.shopify.com\/s\/files\/1\/0561\/2742\/2636\/files\/Jost-Bold.ttf?v=1618297125@700",
    "custom_body_weight": "400",
    "type_header_font": "roboto_condensed_n7",
    "use_custom_font_heading": true,
    "custom_heading_font": "https:\/\/cdn.shopify.com\/s\/files\/1\/0561\/2742\/2636\/files\/Jost-Bold.ttf?v=1618297125@700\nhttps:\/\/cdn.shopify.com\/s\/files\/1\/0042\/0750\/9567\/files\/Jost-ExtraBold.ttf?v=1628613323@800\nhttps:\/\/cdn.shopify.com\/s\/files\/1\/0042\/0750\/9567\/files\/Jost-Medium.ttf?v=1622443602@500",
    "custom_heading_weight": "700",
    "type_header_base_size": 34,
    "btn_base_size": 14,
    "btn_letter_spacing": 1,
    "btn_border_radius": 22,
    "btn_weight": "700",
    "pcard_layout": "1",
    "pcard_alignment": "center",
    "pcard_image_ratio": "1\/1",
    "show_vendor": false,
    "uppercase_prd_name": true,
    "variant_option_design3": "color",
    "show_variant_swatch_image": true,
    "product_colors": "red: #FF6961,\nyellow: #FDDA76,\nblack: #000000,\nblue: #8DB4D2,\ngreen: #C1E1C1,\npurple: #B19CD9,\nsilver: #EEEEEF,\nwhite: #FFFFFF,\nbrown: #836953,\nlight-brown: #feb035,\ndark-turquoise: #23cddc,\norange: #FFB347,\ntan: #E9D1BF,\nviolet: #B490B0,\npink: #FFD1DC,\ngrey: #E0E0E0,\nsky: #96BDC6,\npale-leaf: #CCD4BF",
    "filter_color1": "",
    "share_facebook": true,
    "social_twitter_link": "https:\/\/twitter.com\/home",
    "social_facebook_link": "https:\/\/facebook.com\/",
    "social_pinterest_link": "https:\/\/pinterest.com\/",
    "social_instagram_link": "https:\/\/instagram.com\/",
    "wishlist_page": "",
    "product_compare_page": "",
    "gm_api": "",
    "instagram_token": "",
    "custom_css": ".sf__pcard .sf__btn {\n  text-transform: uppercase;\n}\n.sf__index-hero .sf-hero__content .sf-hero__text {\n  color: var(--color-sub-text);\n}\n.sf-nav li.sf__menu-item-level1 .sf__sub-menu-link1 {\n  font-size: 14px;\n  font-weight: 700;\n}\n.sf__index-slideshow .slide__block-desktop .slide__block-subtitle {\n  font-weight: 800;\n  font-size: 14px;\n  line-height: 1.4;\n  margin-bottom: 10px;\n  letter-spacing: 1px;\n}\n.sf__index-slideshow .slide__block-desktop .slide__block-title {\n  font-weight: 800;\n  line-height: 1.45;\n  font-size: 60px;\n  margin-bottom: 15px;\n  letter-spacing: 2px;\n}\n.sf__index-collection-list .collection-card__info h3 a {\n  font-size: 16px;\n  font-weight: 700;\n  line-height: 1.4;\n  letter-spacing: 0.5px;\n}\n.sf__index-hero .sf-hero__title {\n  font-size: 36px;\n  font-weight: 700;\n  line-height: 1.44;\n  letter-spacing: 2px;\n  margin-bottom: 20px;\n}\n.sf__index-hero .sf-hero__text {\n  margin-bottom: 36px;\n}\n.sf__index-custom-content-1 .section-my {\n  margin-top: 32px;\n}\n.sf__pcard-content .sf__pcard-name {\n  font-weight: 700;\n  font-size: 14px;\n}\n.sf__index-custom-content-2 .section-my {\n  margin-bottom: 15px;\n}\n.sf__index-custom-content-2 .sf-custom__block {\n  border-top: 1px solid #eeeeee;\n}\n.sf__index-icon-box .sf-column:nth-child(2) .sf-icon-box {\n  border-width: 0 1px 0 1px;\n  border-style: solid;\n  border-color: #eeeeee;\n}\n.sf__index-icon-box .sf-icon-box__text h3 {\n  font-size: 16px;\n  line-height: 23px;\n  margin-bottom: 10px;\n  letter-spacing: 0.5px;\n}\n.sf__footer-block-title {\n  letter-spacing: 1px;\n  font-weight: 700;\n  font-size: 14px;\n}\n\n.sf__footer-block-our_store .social-media-links svg {\n  width: 16px;\n  height: 16px;\n}\n@media (min-width: 1024px) {\n  .sf__footer-bottom-inner {\n    border-top: 1px solid #e0e0e0;\n  }\n}\n@media (min-width: 1280px) {\n  .sf__footer-block-newsletter {\n    padding-right: 134px;\n  }\n  .sf__footer-block-newsletter .sf__footer-block-title {\n    font-size: 24px;\n  }\n  .sf__footer-block-our_store .social-media-links a {\n    padding: 0 15px;\n  }\n  .sf__footer-block-our_store .social-media-links {\n    margin: 0 -23px;\n  }\n}\n\n@media (max-width: 767px) {\n  .sf__index-slideshow .sf__mobile-button {\n    background: #000 !important;\n    color: #fff !important;\n    width: 100%;\n  }\n}",
    "use_theme_currencies": true,
    "theme_currencies": "USD | EUR | GBP | VND",
    "sections": {
      "page-faqs": {
        "type": "page-faqs",
        "blocks": {
          "2802736b-f08f-4510-a4f7-4ad7d748992d": {
            "type": "content",
            "settings": {
              "content": "<div class=\"mb-10\"><img src=\"https:\/\/cdn.shopify.com\/s\/files\/1\/0561\/2742\/2636\/files\/faqs.jpg?v=1620784288\"><\/div>\n<h3 class=\"font-medium text-xl mb-4\">Awkwardness gives me great comfort. I’ve never been cool, but I’ve felt cool. I’ve been in the cool place, but I wasn’t really cool – I was trying to pass for hip or cool.<\/h3>\n<p>A girl should be two things: classy and fabulous. I am convinced that there can be luxury in simplicity. I wanted to dress the woman who lives and works, not the woman in a painting. It’s hard to balance everything. It’s always challenging. My relationships with producers or photographers – these are relationships that took years. I can’t get sucked into that celebrity thing, because I think it’s just crass. My aim is to make the poor look rich.<\/p>"
            }
          },
          "4e151238-4480-4122-b893-7f4a19886e4c": {
            "type": "accordion",
            "settings": {
              "title": "What shipping methods are availbale?",
              "content": "<p>Lorem ipsum dolor sit amet conse ctetur adipisicing elit, sed do eiusmod tempor incididunt ut labore et dolore magna aliqua. Ut enim ad minim veniam, quis nostrud exercitation ullamco laboris nisi ut aliquip ex ea commodo consequat. Duis aute irure dolor in reprehenderit in voluptate velit esse cillum dolore eu fugiat.<br\/><br\/>Ut enim ad minim veniam, quis nostrud exercitation ullamco laboris nisi ut aliquip ex ea commodo consequat. Duis aute irure dolor in reprehenderit.<\/p>",
              "open": true
            }
          },
          "c5d4d04d-f6c1-4d1e-99f0-3c221393a3cf": {
            "type": "accordion",
            "settings": {
              "title": "How long will it take to get my package?",
              "content": "<p>Lorem ipsum dolor sit amet conse ctetur adipisicing elit, sed do eiusmod tempor incididunt ut labore et dolore magna aliqua. Ut enim ad minim veniam, quis nostrud exercitation ullamco laboris nisi ut aliquip.<\/p>",
              "open": false
            }
          },
          "0131747b-8b40-432f-b634-b1289ec41911": {
            "type": "accordion",
            "settings": {
              "title": "Do you ship internationally?",
              "content": "<p>Lorem ipsum dolor sit amet conse ctetur adipisicing elit, sed do eiusmod tempor incididunt ut labore et dolore magna aliqua. Ut enim ad minim veniam, quis nostrud exercitation ullamco laboris nisi ut aliquip.<\/p>",
              "open": false
            }
          },
          "5d7206e9-5375-4da6-9a1f-24e1c46230b0": {
            "type": "accordion",
            "settings": {
              "title": "What payment methods are accepted?",
              "content": "<p>Lorem ipsum dolor sit amet conse ctetur adipisicing elit, sed do eiusmod tempor incididunt ut labore et dolore magna aliqua. Ut enim ad minim veniam, quis nostrud exercitation ullamco laboris nisi ut aliquip ex ea commodo consequat. Duis aute irure dolor in reprehenderit in voluptate velit esse cillum dolore eu fugiat.<\/p>",
              "open": false
            }
          },
          "4008f61e-055e-42ba-8969-cb3715c0aece": {
            "type": "accordion",
            "settings": {
              "title": "Is buying on-line safe?",
              "content": "<p>Lorem ipsum dolor sit amet conse ctetur adipisicing elit, sed do eiusmod tempor incididunt ut labore et dolore magna aliqua. Ut enim ad minim veniam, quis nostrud exercitation ullamco laboris nisi ut aliquip.<\/p>",
              "open": false
            }
          }
        },
        "block_order": [
          "2802736b-f08f-4510-a4f7-4ad7d748992d",
          "4e151238-4480-4122-b893-7f4a19886e4c",
          "c5d4d04d-f6c1-4d1e-99f0-3c221393a3cf",
          "0131747b-8b40-432f-b634-b1289ec41911",
          "5d7206e9-5375-4da6-9a1f-24e1c46230b0",
          "4008f61e-055e-42ba-8969-cb3715c0aece"
        ],
        "settings": {
          "menu": "faqs-menu"
        }
      },
      "collection-list": {
        "type": "collection-list",
        "settings": {
        }
      },
      "featured-collection": {
        "type": "featured-collection",
        "settings": {
          "collection": "frontpage"
        }
      },
      "featured-product": {
        "type": "featured-product",
        "settings": {
        }
      },
      "slider": {
        "type": "slider",
        "settings": {
        }
      },
      "header": {
        "type": "header",
        "blocks": {
          "7135df70-c94b-4509-bb2d-5ddfbbecc64e": {
            "type": "banner",
            "settings": {
              "heading": "Shop",
              "container": "inherit",
              "banner_style": "outside",
              "banner_link": "",
              "banner_title": "New collection",
              "banner_desc": "",
              "banner_button_text": "Shop now"
            }
          },
          "d04fb22a-bf84-4723-a103-c5b1c9e4cd1b": {
            "type": "product-list",
            "settings": {
              "heading": "Product",
              "container": "inherit",
              "stretch_width": false,
              "collection": "glasses",
              "limit": 6,
              "columns": 2
            }
          },
          "c0b8874a-9726-4c00-93ea-9de23b76fa32": {
            "type": "topbar",
            "settings": {
              "show_divider": false,
              "show_phone_numb": false,
              "show_email": true,
              "show_social_links": false,
              "show_stores_page": true,
              "show_currency_switcher": false,
              "show_language_switcher": true,
              "alert_message": "EARN POINTS FASTER. Ends 12\/16. Exclusions apply. Use code BIGPOINTS"
            }
          },
          "4f60e7ac-caa8-4b93-a64c-99e500c9bd6c": {
            "type": "custom_html",
            "settings": {
              "heading": "Features",
              "container": "inherit",
              "html": ""
            }
          }
        },
        "block_order": [
          "7135df70-c94b-4509-bb2d-5ddfbbecc64e",
          "d04fb22a-bf84-4723-a103-c5b1c9e4cd1b",
          "c0b8874a-9726-4c00-93ea-9de23b76fa32",
          "4f60e7ac-caa8-4b93-a64c-99e500c9bd6c"
        ],
        "settings": {
          "header_design": "logo-left-menu-center",
          "container": "container-fluid",
          "header_sticky": true,
          "transparent_on_top": false,
          "logo_text": "MINIMOG",
          "logo_max_width": 130,
          "sticky_logo_max_width": 105,
          "mobile_logo_max_width": 105,
          "main_menu": "main-menu",
          "secondary_menu": "",
          "uppercase_parent_level": true,
          "search": "show_icon",
          "show_account_icon": true,
          "show_cart_icon": true,
          "show_wishlist_icon": true,
          "show_compare_icon": false,
          "show_currency_switcher": false,
          "show_language_switcher": false
        }
      },
      "footer": {
        "type": "footer",
        "blocks": {
          "5af6200e-4dee-40da-b746-0187efd0cd2b": {
            "type": "newsletter",
            "settings": {
              "title": "KEEP IN TOUCH",
              "description": "Our conversation is just getting started",
              "email_placeholder": "Enter your email",
              "form_style": "minimal",
              "show_social": false,
              "width": "33%"
            }
          },
          "f620549c-fc9b-49a8-b833-2c3eae3db47c": {
            "type": "menu",
            "settings": {
              "menu": "main-menu",
              "title": "COMPANY",
              "width": "16%"
            }
          },
          "49e72833-c68f-4a7b-ab64-3ef0cae99bcb": {
            "type": "menu",
            "settings": {
              "menu": "main-menu",
              "title": "INFORMATION",
              "width": "16%"
            }
          },
          "b58e37df-7e6d-4803-948b-1fe15535bedf": {
            "type": "menu",
            "settings": {
              "menu": "main-menu",
              "title": "CONTACT",
              "width": "16%"
            }
          },
          "49c938ec-36e0-4004-9aaf-53e8fbdf8015": {
            "type": "our_store",
            "settings": {
              "title": "FOLLOW US",
              "description": "",
              "show_email": false,
              "show_phone": false,
              "show_socials_link": true,
              "width": "16%"
            }
          }
        },
        "block_order": [
          "5af6200e-4dee-40da-b746-0187efd0cd2b",
          "f620549c-fc9b-49a8-b833-2c3eae3db47c",
          "49e72833-c68f-4a7b-ab64-3ef0cae99bcb",
          "b58e37df-7e6d-4803-948b-1fe15535bedf",
          "49c938ec-36e0-4004-9aaf-53e8fbdf8015"
        ],
        "settings": {
          "design": "footer-1",
          "container": "container",
          "bordered": false,
          "copyright": "© MINIMOG 2021",
          "show_currency_selector": false,
          "show_language_selector": false,
          "show_social_links": false,
          "show_payment_icons": true
        }
      },
      "collection-page-header": {
        "type": "collection-page-header",
        "settings": {
          "layout": "inside",
          "header_height": "small",
          "text_alignment": "center",
          "vertical_alignment": "center",
          "bg_color": "#ffffff",
          "enable_parallax": true,
          "show_breadcrumb": true,
          "upper_title": false
        }
      },
      "product-template": {
        "type": "product-template",
        "settings": {
          "container": "container",
          "layout": "layout-6",
          "show_tags": false,
          "show_vendor": false,
          "show_sku": false,
          "show_categories": false,
          "show_reviews_count": true,
          "show_quantity_selector": true,
          "enable_dynamic_checkout": true,
          "hide_atc_button": false,
          "show_atwl": true,
          "show_atcp": true,
          "show_ask_a_question": true,
          "show_social": true,
          "show_live_views": true,
          "live_views_text": "<p><strong>{{count_number}}<\/strong> <strong>people<\/strong> are viewing this right now<\/p>",
          "live_views_range": "20-30",
          "live_view_duration": "10",
          "live_view_icon_blinks": true,
          "show_delivery_times": true,
          "deliver_text": "<p><strong>Estimated Delivery:<\/strong><\/p>",
          "deliver_days": "3",
          "show_shipping_text": true,
          "shipping_text": "<p><strong>Free Shipping & Returns: <\/strong>On all orders over $75<\/p>",
          "show_trust_badges": true,
          "trust_badges_text": "<p>Guarantee safe & secure checkout<\/p>",
          "trust_badges_image": "shopify:\/\/shop_images\/trustbag.png",
          "trust_badges_image_width": "320px",
          "use_sticky_atc": true,
          "sticky_atc_wishtlist": false,
          "sticky_atc_compare": false
        }
      },
      "product-details-tabs": {
        "type": "product-details-tabs",
        "blocks": {
          "4db8ad16-886f-47f7-9b57-fc68b39fb2d4": {
            "type": "description",
            "settings": {
              "header": "Product description"
            }
          },
          "2d0d6cbf-18c6-4001-86f3-71b7aa9591d8": {
            "type": "tab",
            "settings": {
              "header": "Shipping & Return",
              "content": "<p>So beautiful you’ll want to show it off, so comfortable you’ll forget it’s there. Our 24\/7™ Lace Contour Plunge Bra combines gorgeous floral lace with sheer overlay straps that hold you in and eliminates gaping. Removable pads let you customize you<\/p>"
            }
          },
          "382433f7-7255-4648-ac62-04baf11643e1": {
            "type": "reviews",
            "settings": {
              "header": "Product reviews"
            }
          }
        },
        "block_order": [
          "4db8ad16-886f-47f7-9b57-fc68b39fb2d4",
          "2d0d6cbf-18c6-4001-86f3-71b7aa9591d8",
          "382433f7-7255-4648-ac62-04baf11643e1"
        ],
        "settings": {
          "show_product_tabs": true,
          "container": "container",
          "bg_color": ""
        }
      },
      "product-reviews": {
        "type": "product-reviews",
        "settings": {
          "show_product_reviews": false,
          "container": "container-narrow",
          "heading": "Ratings and Reviews"
        }
      },
      "product-recommendations": {
        "type": "product-recommendations",
        "settings": {
          "show_product_recommendations": true,
          "container": "container",
          "heading": "You Might Also Like",
          "limit": 8,
          "columns": 4,
          "column_gap": 30,
          "enable_slider": true
        }
      },
      "brand-page-header": {
        "type": "brand-page-header",
        "blocks": {
          "09dfe2e1-10c2-4cee-a033-a90b143c85f3": {
            "type": "information",
            "settings": {
              "collection": "retrolie",
              "logo": "shopify:\/\/shop_images\/1.png",
              "content": "<p>Developed by Goop founder, wellness advocate and - academy award-winner, Gwyneth Paltrow, this high performing skincare line is where luxury formulas meet pure organic ingredients and the results are skin-changing. <\/p><p>Goop is passionate about the idea that beauty comes from the inside out. So they use clinically proven and best-in-class ingredients at active levels to create skin care, skin-boosting ingestibles, and body essentials that are luxurious, deliver high-performance results, and enliven the senses with exquisite textures and beautiful scents.<\/p>",
              "image_1": "shopify:\/\/shop_images\/1_8e8151b6-3555-4abf-8dd6-5347182bbcd0.jpg",
              "image_2": "shopify:\/\/shop_images\/2_9a1b3099-775a-4093-9ece-6cfaa04a06fe.jpg",
              "image_3": "shopify:\/\/shop_images\/3_7b9fc65c-8202-4449-a828-d03ac03c6d38.jpg"
            }
          },
          "c8ee188c-a84f-4cf2-a8af-aacb9bf78785": {
            "type": "information",
            "settings": {
              "collection": "abby",
              "logo": "shopify:\/\/shop_images\/2.png",
              "content": "<p>Developed by Goop founder, wellness advocate and - academy award-winner, Gwyneth Paltrow, this high performing skincare line is where luxury formulas meet pure organic ingredients and the results are skin-changing. <\/p><p>Goop is passionate about the idea that beauty comes from the inside out. So they use clinically proven and best-in-class ingredients at active levels to create skin care, skin-boosting ingestibles, and body essentials that are luxurious, deliver high-performance results, and enliven the senses with exquisite textures and beautiful scents.<\/p>",
              "image_1": "shopify:\/\/shop_images\/4.jpg",
              "image_2": "shopify:\/\/shop_images\/5.jpg",
              "image_3": "shopify:\/\/shop_images\/6.jpg"
            }
          },
          "e56a3991-3115-47d4-b7e6-43e962712fc6": {
            "type": "information",
            "settings": {
              "collection": "minimog",
              "logo": "shopify:\/\/shop_images\/3.png",
              "content": "<p>Developed by Goop founder, wellness advocate and - academy award-winner, Gwyneth Paltrow, this high performing skincare line is where luxury formulas meet pure organic ingredients and the results are skin-changing. <\/p><p>Goop is passionate about the idea that beauty comes from the inside out. So they use clinically proven and best-in-class ingredients at active levels to create skin care, skin-boosting ingestibles, and body essentials that are luxurious, deliver high-performance results, and enliven the senses with exquisite textures and beautiful scents.<\/p>",
              "image_1": "shopify:\/\/shop_images\/7.jpg",
              "image_2": "shopify:\/\/shop_images\/8.jpg",
              "image_3": "shopify:\/\/shop_images\/9.jpg"
            }
          },
          "98bac8d0-393b-4f50-91b8-052a49e29dd0": {
            "type": "information",
            "settings": {
              "collection": "brook",
              "logo": "shopify:\/\/shop_images\/4.png",
              "content": "<p>Developed by Goop founder, wellness advocate and - academy award-winner, Gwyneth Paltrow, this high performing skincare line is where luxury formulas meet pure organic ingredients and the results are skin-changing. <\/p><p>Goop is passionate about the idea that beauty comes from the inside out. So they use clinically proven and best-in-class ingredients at active levels to create skin care, skin-boosting ingestibles, and body essentials that are luxurious, deliver high-performance results, and enliven the senses with exquisite textures and beautiful scents.<\/p>",
              "image_1": "shopify:\/\/shop_images\/10.jpg",
              "image_2": "shopify:\/\/shop_images\/11.jpg",
              "image_3": "shopify:\/\/shop_images\/12.jpg"
            }
          },
          "2b4a1841-6d7a-468b-ba3b-a5fd307cf9aa": {
            "type": "information",
            "settings": {
              "collection": "learts",
              "logo": "shopify:\/\/shop_images\/5.png",
              "content": "<p>Developed by Goop founder, wellness advocate and - academy award-winner, Gwyneth Paltrow, this high performing skincare line is where luxury formulas meet pure organic ingredients and the results are skin-changing. <\/p><p>Goop is passionate about the idea that beauty comes from the inside out. So they use clinically proven and best-in-class ingredients at active levels to create skin care, skin-boosting ingestibles, and body essentials that are luxurious, deliver high-performance results, and enliven the senses with exquisite textures and beautiful scents.<\/p>",
              "image_1": "shopify:\/\/shop_images\/13.jpg",
              "image_2": "shopify:\/\/shop_images\/14.jpg",
              "image_3": "shopify:\/\/shop_images\/15.jpg"
            }
          },
          "b54aa75a-c232-474e-9d92-2027e31cd066": {
            "type": "information",
            "settings": {
              "collection": "vagabond",
              "logo": "shopify:\/\/shop_images\/6.png",
              "content": "<p>Developed by Goop founder, wellness advocate and - academy award-winner, Gwyneth Paltrow, this high performing skincare line is where luxury formulas meet pure organic ingredients and the results are skin-changing. <\/p><p>Goop is passionate about the idea that beauty comes from the inside out. So they use clinically proven and best-in-class ingredients at active levels to create skin care, skin-boosting ingestibles, and body essentials that are luxurious, deliver high-performance results, and enliven the senses with exquisite textures and beautiful scents.<\/p>",
              "image_1": "shopify:\/\/shop_images\/16.jpg",
              "image_2": "shopify:\/\/shop_images\/17.jpg",
              "image_3": "shopify:\/\/shop_images\/18.jpg"
            }
          }
        },
        "block_order": [
          "09dfe2e1-10c2-4cee-a033-a90b143c85f3",
          "c8ee188c-a84f-4cf2-a8af-aacb9bf78785",
          "e56a3991-3115-47d4-b7e6-43e962712fc6",
          "98bac8d0-393b-4f50-91b8-052a49e29dd0",
          "2b4a1841-6d7a-468b-ba3b-a5fd307cf9aa",
          "b54aa75a-c232-474e-9d92-2027e31cd066"
        ],
        "settings": {
        }
      },
      "collection-brand": {
        "type": "collection-brand",
        "settings": {
          "grid_layout": "grid",
          "pagination_limit": "12",
          "grid_columns": "3",
          "collection_paginate": "paginate",
          "show_filter": true,
          "sidebar": "leftColumn"
        }
      },
      "contact-information": {
        "type": "contact-information",
        "settings": {
        }
      },
      "maps": {
        "type": "maps",
        "settings": {
          "textx": "40.6700",
          "texty": "-73.9400",
          "zoom": "11",
          "text2": "New York"
        }
      },
      "contact-template": {
        "type": "contact-template",
        "blocks": {
          "458d6546-c5d0-4128-8fa6-162080bdf85f": {
            "type": "textblock",
            "settings": {
              "title": "Address",
              "content": "<p>7895 Piermont Dr NE Albuquerque, NM 198866, <a href=\"#\">See Our Stores<\/a><\/p>"
            }
          },
          "d2fd611c-a50a-4871-b401-b51dff320d34": {
            "type": "textblock",
            "settings": {
              "title": "Information",
              "content": "<p>+391 (0)35 2568 4593<\/p><p>hello@domain.com<\/p>"
            }
          },
          "159b3b43-a6d9-4cb9-b78d-04f5a5bae350": {
            "type": "socialmedia",
            "settings": {
              "title": "Social Media"
            }
          },
          "5c486a84-9bdd-4d24-8ac7-5c428593cf33": {
            "type": "textblock",
            "settings": {
              "title": "We're Open",
              "content": "<p>Our store has re-opened for shopping, exchanges<\/p><p>Every day 11am to 7pm<\/p>"
            }
          }
        },
        "block_order": [
          "458d6546-c5d0-4128-8fa6-162080bdf85f",
          "d2fd611c-a50a-4871-b401-b51dff320d34",
          "159b3b43-a6d9-4cb9-b78d-04f5a5bae350",
          "5c486a84-9bdd-4d24-8ac7-5c428593cf33"
        ],
        "settings": {
          "title": "We would love to hear from you.",
          "description": "<p>If you’ve got great products your making or looking to work with us then drop us a line.<\/p>"
        }
      },
      "1620813069167db316": {
        "type": "slider",
        "blocks": {
          "1620813069167db316-0": {
            "type": "slider_item",
            "settings": {
              "image_alignment": "center middle",
              "content_in_container": false,
              "content_position": "left bottom",
              "text_alignment": "left",
              "text_size": "medium",
              "text_color": "white",
              "subheading": "<span>JUST DROPPED<\/span>",
              "title": "FEEL THE<br> AUTHENTIC PEACE",
              "description": "",
              "button_text": "SHOP NOW",
              "button_link": "",
              "button_style": "sf__btn-white",
              "button_size": "",
              "show_footer": false,
              "footer_alignment": "end",
              "footer_text": "New Collection",
              "footer_button": "Shop Now",
              "footer_link": ""
            }
          },
          "27403af4-f4e3-4833-9189-9868705845f7": {
            "type": "slider_item",
            "settings": {
              "image_alignment": "center middle",
              "content_in_container": false,
              "content_position": "left bottom",
              "text_alignment": "left",
              "text_size": "medium",
              "text_color": "white",
              "subheading": "JUST DROPPED",
              "title": "CHOOSE THE BEST<br>CHOOSE US",
              "description": "",
              "button_text": "SHOP NOW",
              "button_link": "",
              "button_style": "sf__btn-white",
              "button_size": "",
              "show_footer": false,
              "footer_alignment": "end",
              "footer_text": "New Collection",
              "footer_button": "Shop Now",
              "footer_link": ""
            }
          },
          "c0ce169f-1329-47fc-9e42-915e4961aa32": {
            "type": "slider_item",
            "settings": {
              "image_alignment": "center middle",
              "content_in_container": false,
              "content_position": "left bottom",
              "text_alignment": "left",
              "text_size": "medium",
              "text_color": "white",
              "subheading": "JUST DROPPED",
              "title": "SHOP YOUR<br> OUTFIT STYLE",
              "description": "",
              "button_text": "SHOP NOW",
              "button_link": "",
              "button_style": "sf__btn-white",
              "button_size": "",
              "show_footer": false,
              "footer_alignment": "end",
              "footer_text": "New Collection",
              "footer_button": "Shop Now",
              "footer_link": ""
            }
          }
        },
        "block_order": [
          "1620813069167db316-0",
          "27403af4-f4e3-4833-9189-9868705845f7",
          "c0ce169f-1329-47fc-9e42-915e4961aa32"
        ],
        "settings": {
          "container": "w-full",
          "slideshow_height": "fullscreen",
          "show_overlay": false,
          "dots_position": "right",
          "dots_color": "light",
          "show_dots": true,
          "show_arrows": false,
          "autorotate": false,
          "autorotate_speed": 5,
          "custom_class": "sf__index-slideshow"
        }
      },
      "product-details-accordion": {
        "type": "product-details-accordion",
        "settings": {
          "show_accordion": true,
          "use_container": false,
          "position": "bottom_info"
        }
      },
      "recent-viewed-products": {
        "type": "recent-viewed-products",
        "settings": {
          "heading": "Recently Viewed Products",
          "container": "container",
          "columns": 4,
          "column_gap": 30,
          "enable_slider": true,
          "show_product_page": true,
          "show_cart_page": true,
          "show_collection_page": false
        }
      },
      "product-features": {
        "type": "product-features",
        "blocks": {
          "aeab4a6a-0836-46f9-b64e-248c1b732484": {
            "type": "feature",
            "settings": {
              "image": "shopify:\/\/shop_images\/Frame_1.png",
              "title": "Free Shipping",
              "description": "<p>Get complimentary ground shipping on every <br\/>order.Don’t love it? Send it back, on us.<\/p>",
              "link": ""
            }
          },
          "0c2f54e5-0cab-4d77-8db0-eb4c098b00e9": {
            "type": "feature",
            "settings": {
              "image": "shopify:\/\/shop_images\/Frame_2.png",
              "title": "Earn Points",
              "description": "<p>Join Minimog Rewards to earn gift cards<br\/>and enjoy exclusive member benefits.<\/p>",
              "link": ""
            }
          },
          "6f337081-ea21-4d64-a0ab-6851f742f092": {
            "type": "feature",
            "settings": {
              "image": "shopify:\/\/shop_images\/Frame_3.png",
              "title": "Money Back Gurantee",
              "description": "<p>We believe getting dressed should be the <br\/>easiest part of your day.<\/p>",
              "link": ""
            }
          }
        },
        "block_order": [
          "aeab4a6a-0836-46f9-b64e-248c1b732484",
          "0c2f54e5-0cab-4d77-8db0-eb4c098b00e9",
          "6f337081-ea21-4d64-a0ab-6851f742f092"
        ],
        "settings": {
          "show_featured": true,
          "container": "container",
          "heading": "Why choose us?",
          "item_per_row": 3,
          "card_style": "vertical",
          "image_max_width": "70px",
          "content_alignment": "center"
        }
      },
      "1621154878f83080d8": {
        "type": "custom-content",
        "blocks": {
          "036757a8-8382-4411-9af9-391de3a97b6d": {
            "type": "image_card",
            "settings": {
              "width": "33%",
              "content_position": "bottom_center",
              "content_alignment": "center",
              "text_size": "medium",
              "text_color": "black",
              "link": "",
              "title": "",
              "subtitle": "",
              "button_label": "GLASSES",
              "button_style": "sf__btn-white",
              "button_size": "sf__btn-small",
              "block_custom_class": ""
            }
          },
          "1cd7758e-e921-4a68-9f23-64618b92f600": {
            "type": "image_card",
            "settings": {
              "width": "33%",
              "content_position": "bottom_center",
              "content_alignment": "center",
              "text_size": "medium",
              "text_color": "black",
              "link": "",
              "title": "",
              "subtitle": "",
              "button_label": "SUNGLASSES",
              "button_style": "sf__btn-white",
              "button_size": "sf__btn-small",
              "block_custom_class": ""
            }
          },
          "50a5ea32-ed4a-4f5d-bb05-6ea43bac55e7": {
            "type": "image_card",
            "settings": {
              "width": "33%",
              "content_position": "bottom_center",
              "content_alignment": "center",
              "text_size": "medium",
              "text_color": "black",
              "link": "",
              "title": "",
              "subtitle": "",
              "button_label": "NEW ARRIVALS",
              "button_style": "sf__btn-white",
              "button_size": "sf__btn-small",
              "block_custom_class": ""
            }
          }
        },
        "block_order": [
          "036757a8-8382-4411-9af9-391de3a97b6d",
          "1cd7758e-e921-4a68-9f23-64618b92f600",
          "50a5ea32-ed4a-4f5d-bb05-6ea43bac55e7"
        ],
        "settings": {
          "heading": "",
          "subheading": "",
          "description": "",
          "header_alignment": "center",
          "container": "container-fluid",
          "background_color": "",
          "gap": 30,
          "use_scroll_mobile": false,
          "gap_mobile": 16,
          "custom_class": "sf__index-custom-content-1"
        }
      },
      "16211564572f5acba8": {
        "type": "featured-collection",
        "settings": {
          "heading": "HOT THIS WEEK",
          "subheading": "",
          "description": "",
          "header_alignment": "center",
          "container": "container",
          "background_color": "rgba(0,0,0,0)",
          "collection": "glasses",
          "product_to_show": 9,
          "items_per_row": 3,
          "item_gap": 30,
          "pcard_layout": "",
          "pcard_image_ratio": "",
          "show_vendor": false,
          "enable_slider": false,
          "show_pagination": false,
          "show_navigation": false,
          "button_type": "load",
          "button_text": "",
          "button_style": "sf__btn-primary",
          "button_size": "",
          "infinite_load": false,
          "max_page_load": 3,
          "use_scroll_mobile": true,
          "item_gap_mobile": 16,
          "custom_class": ""
        }
      },
      "1621156682db532b90": {
        "type": "image-with-text-2",
        "settings": {
          "container": "w-full",
          "hero_size": "medium",
          "show_overlay": false,
          "bg_position": "center",
          "parallax": false,
          "content_in_container": true,
          "content_position": "left middle",
          "text_alignment": "center",
          "text_size": "medium",
          "text_color": "dark",
          "title": "OUT OF THE BLUE",
          "subtitle": "",
          "text": "<p>Our mission is to change the way people think about ingredients<br\/> and products they put on their bodies.<\/p>",
          "button_label": "GET STARTED",
          "button_link": "",
          "button_style": "sf__btn-white",
          "button_size": "",
          "custom_class": "sf__index-hero"
        }
      },
      "1621156809bb45e560": {
        "type": "icon-box",
        "blocks": {
          "1621156809bb45e560-0": {
            "type": "iconbox",
            "settings": {
              "title": "100 DAYS RETURN",
              "description": "<p>No question asked<\/p>",
              "link": "",
              "button_label": "",
              "button_link": "",
              "button_style": "sf__btn-link",
              "button_size": ""
            }
          },
          "1621156809bb45e560-1": {
            "type": "iconbox",
            "settings": {
              "title": "LIFETIME WARRANTY",
              "description": "<p>For original owners<\/p>",
              "link": "",
              "button_label": "",
              "button_link": "",
              "button_style": "sf__btn-link",
              "button_size": ""
            }
          },
          "1621156809bb45e560-2": {
            "type": "iconbox",
            "settings": {
              "title": "CUSTOM SERVICES",
              "description": "<p>Our priority<\/p>",
              "link": "",
              "button_label": "",
              "button_link": "",
              "button_style": "sf__btn-link",
              "button_size": ""
            }
          }
        },
        "block_order": [
          "1621156809bb45e560-0",
          "1621156809bb45e560-1",
          "1621156809bb45e560-2"
        ],
        "settings": {
          "heading": "WE PROMISE",
          "subheading": "",
          "description": "",
          "header_alignment": "center",
          "container": "container",
          "background_color": "rgba(0,0,0,0)",
          "item_per_row": 3,
          "item_gap": 30,
          "item_gap_mobile": 10,
          "card_style": "vertical",
          "image_max_width": "70px",
          "content_alignment": "center",
          "hover_effect": "none",
          "enable_slider": false,
          "show_pagination": false,
          "show_navigation": false,
          "use_scroll_mobile": true,
          "use_grid_column_mb": false,
          "custom_class": "sf__index-icon-box"
        }
      },
      "16211572081080a2cd": {
        "type": "custom-content",
        "blocks": {
          "7a120361-ca13-4089-9e54-92a3955bbb18": {
            "type": "html",
            "settings": {
              "code": "<div class=\"text-center\">\n<strong>NEED HELP ?<\/strong> Services Hours: <strong>Monday to Sunday 9a.m to 8p.m<\/strong>   Email: minimog@domain.com   Tel: +391 (0)35 2568<\/div>",
              "width": "100%",
              "block_custom_class": ""
            }
          }
        },
        "block_order": [
          "7a120361-ca13-4089-9e54-92a3955bbb18"
        ],
        "settings": {
          "heading": "",
          "subheading": "",
          "description": "",
          "header_alignment": "center",
          "container": "container",
          "background_color": "",
          "gap": 30,
          "use_scroll_mobile": false,
          "gap_mobile": 16,
          "custom_class": "sf__index-custom-content-2"
        }
      },
      "162115776591d18f1f": {
        "type": "collection-list",
        "blocks": {
          "162115776591d18f1f-0": {
            "type": "collection_block",
            "settings": {
              "collection": "glasses",
              "title": "GUYS BESTSELLERS",
              "item_image": "shopify:\/\/shop_images\/8.jpg"
            }
          },
          "162115776591d18f1f-1": {
            "type": "collection_block",
            "settings": {
              "collection": "glasses",
              "title": "GALS BESTSELLERS",
              "item_image": "shopify:\/\/shop_images\/9.jpg"
            }
          },
          "162115776591d18f1f-2": {
            "type": "collection_block",
            "settings": {
              "collection": "glasses",
              "title": "QUALITY SHADES",
              "item_image": "shopify:\/\/shop_images\/10.jpg"
            }
          }
        },
        "block_order": [
          "162115776591d18f1f-0",
          "162115776591d18f1f-1",
          "162115776591d18f1f-2"
        ],
        "settings": {
          "heading": "DISCOVER MORE",
          "subheading": "",
          "description": "Luxe, lightweight, and made with the perfect blend of cashmere",
          "header_alignment": "center",
          "container": "container",
          "background_color": "rgba(0,0,0,0)",
          "layout": "grid",
          "card_style": "standard",
          "text_alignment": "left",
          "hover_effect": "scaling-up",
          "show_product_count": false,
          "count_inline_title": true,
          "image_rounded": false,
          "items_per_row": 3,
          "item_gap": 30,
          "enable_slider": false,
          "show_pagination": false,
          "show_navigation": false,
          "autorotate": false,
          "autorotate_speed": 5,
          "use_scroll_mobile": true,
          "mobile_gap": 16,
          "hidden_slide_control_mobile": false,
          "custom_class": "sf__index-collection-list"
        }
      },
      "annoucement": {
        "type": "annoucement",
        "settings": {
          "show_announcement": false,
          "homepage_only": true,
          "show_close": true,
          "message": "<p>Free shipping for all orders from $60+<\/p>",
          "message_link": "",
          "show_divider": false
        }
      },
      "content-before-products": {
        "type": "content-before-products",
        "settings": {
          "container": "container-fluid",
          "background_color": "",
          "gap": 30,
          "gap_mobile": 16
        }
      },
      "collection-template": {
        "type": "collection-template",
        "settings": {
          "container": "container",
          "grid_layout": "grid",
          "grid_columns": "4",
          "pagination_limit": "12",
          "collection_paginate": "paginate",
          "show_filter": true,
          "sidebar": "leftColumn"
        }
      },
      "content-after-products": {
        "type": "content-after-products",
        "settings": {
          "container": "container-fluid",
          "background_color": "",
          "gap": 30,
          "gap_mobile": 16
        }
      },
      "mobile-sticky-bar": {
        "type": "mobile-sticky-bar",
        "settings": {
          "show_mobile_sticky": true,
          "show_home_icon": true,
          "show_collection_icon": true,
          "show_cart_icon": true,
          "show_search_icon": true,
          "show_account_icon": false,
          "show_wishlist_icon": false
        }
      }
    },
    "content_for_index": [
      "1620813069167db316",
      "1621154878f83080d8",
      "16211564572f5acba8",
      "1621156682db532b90",
      "162115776591d18f1f",
      "1621156809bb45e560",
      "16211572081080a2cd"
    ]
  },
  "presets": {
    "Default": {
      "sections": {
        "featured-collection": {
          "type": "featured-collection",
          "settings": {
            "collection": "frontpage"
          }
        },
        "featured-product": {
          "type": "featured-product",
          "settings": {
          }
        }
      },
      "content_for_index": [
        "featured-collection",
        "featured-product"
      ]
    }
  }
}