{
  "current": {
    "favicon": "shopify:\/\/shop_images\/fav_icon_dark_1.png",
    "color_primary": "#322b81",
    "color_body_text": "#322b81",
    "color_heading_text": "#322b81",
    "color_btn_bg": "#fdf397",
    "color_btn_bg_hover": "#fdf397",
    "prod_sale_price_color": "#666666",
    "prod_type_color": "#666666",
    "color_main_bg": "#ffffff",
    "color_field_bg": "#ffffff",
    "color_annoucement_bg": "#f1e2d6",
    "color_annoucement_text": "#322b81",
    "color_topbar_bg": "#f1e2d6",
    "color_topbar_text": "#322b81",
    "color_header_bg": "#ffffff",
    "color_header_link": "#000000",
    "color_header_transparent": "#000000",
    "color_menu_bar_bg": "#000000",
    "color_menu_bar_text": "#f8f8f8",
    "color_footer_bg": "#f0eee8",
    "color_footer_text": "#322b81",
    "color_footer_subtext": "#322b81",
    "color_footer_link_hover": "#000000",
    "color_footer_bottom_bg": "#322b81",
    "color_footer_bottom_text": "#ffffff",
    "img_overlay_opacity": 20,
    "tooltip_background_color": "#000000",
    "type_base_font": "roboto_condensed_n4",
    "use_custom_font_body": true,
    "custom_body_font": "https:\/\/cdn.shopify.com\/s\/files\/1\/0561\/2742\/2636\/files\/Gilroy-Medium1.otf?v=1622085614@500",
    "custom_body_weight": "500",
    "type_header_font": "roboto_condensed_n7",
    "use_custom_font_heading": true,
    "custom_heading_font": "https:\/\/cdn.shopify.com\/s\/files\/1\/0561\/2742\/2636\/files\/Gilroy-Semibold1.otf?v=1622085614@600\nhttps:\/\/cdn.shopify.com\/s\/files\/1\/0561\/2742\/2636\/files\/Gilroy-Bold1.otf?v=1622085613@700",
    "custom_heading_weight": "700",
    "type_header_base_size": 34,
    "pcard_layout": "1",
    "pcard_alignment": "left",
    "pcard_image_ratio": "3\/4",
    "show_vendor": false,
    "variant_option_design3": "color",
    "show_variant_swatch_image": true,
    "product_colors": "red: #FF6961,\nyellow: #FDDA76,\nblack: #000000,\nblue: #8DB4D2,\ngreen: #C1E1C1,\npurple: #B19CD9,\nsilver: #EEEEEF,\nwhite: #FFFFFF,\nbrown: #836953,\nlight-brown: #feb035,\ndark-turquoise: #23cddc,\norange: #FFB347,\ntan: #E9D1BF,\nviolet: #B490B0,\npink: #FFD1DC,\ngrey: #E0E0E0,\nsky: #96BDC6,\npale-leaf: #CCD4BF,\nmint: #C5D9CD",
    "filter_color1": "",
    "share_facebook": true,
    "social_twitter_link": "https:\/\/twitter.com\/home",
    "social_facebook_link": "https:\/\/facebook.com\/",
    "social_pinterest_link": "https:\/\/pinterest.com\/",
    "social_instagram_link": "https:\/\/instagram.com\/",
    "wishlist_page": "whishlist",
    "product_compare_page": "",
    "gm_api": "",
    "instagram_token": "",
    "custom_css": ".sf-header__desktop {\n  min-height: 91px;\n  display: flex;\n  align-items: center;\n}\n.sf__footer-middle {\n  padding-top: 40px;\n  padding-bottom: 40px;\n}\n.sf__index-instagram .sf-instagram__wrapper {\n  margin: 0 20px;\n}\n.sf__index-product-slider .featured-slider__products {\n  max-width: 300px;\n}\n.sf__heading-color {\n  color: #322b81;\n}\n.sf__font-size-40 {\n  font-size: 40px;\n  line-height: 56px;\n}\n.sf__font-size-24 {\n    font-size: 24px;\n    line-height: 1.4;\n}\n.sf__font-bold {\n  font-weight: 700;\n}\n.sf-footer .sf__footer-form-newsletter {\n  max-width: 80%;\n}\n.sf__footer-block-newsletter .sf__footer-block-title {\n  margin-bottom: 4px;\n}\n.sf__footer-block-newsletter .sf__newsletter-block-desc {\n  padding: 0;\n  margin-bottom: 18px;\n  font-weight: 600;\n}\n.sf__footer-block-menu .sf__footer-block-title {\n  font-size: 24px;\n  font-weight: 600;\n}\n.sf__index-instagram .section-my {\n  margin-bottom: 0;\n}\n.sf__text-style1 {\n  position: relative;\n  z-index: 1;\n}\n.sf__text-style1::after {\n  position: absolute;\n  content: \"\";\n  left: 50%;\n  bottom: 5px;\n  width: calc(100% + 4px);\n  height: 8px;\n  background: #fbf19b;\n  border-radius: 10px;\n  z-index: -1;\n  transform: translateX(-50%);\n}\n.sf__font-size-20 {\n  font-size: 20px;\n  line-height: 32px;\n}\n.sf__font-size-18 {\n  font-size: 18px;\n  line-height: 30px;\n}\n.sf__font-weight-semibold {\n  font-weight: 600;\n}\n.sf__index-icon-box .section-py {\n  padding-top: 0;\n}\n.sf__index-testimonial .review-block .rte {\n  margin-bottom: 40px;\n}\n.sf__index-testimonial .review-block .rte p {\n  font-size: 34px;\n  font-weight: 600;\n  line-height: 48px;\n}\n.sf-search__form {\n  border-radius: 10px !important;\n  border-width: 2px !important;\n}\n.sf__btn {\n  font-weight: 700;\n  border-radius: 10px;\n}\n.sf__btn.sf__btn-primary,\n.sf__btn.sf__btn-white:hover {\n  background: #fdf397 !important;\n  border-color: #fdf397 !important;\n  color: #000 !important;\n}\n.sf__index-custom-content-2 {\n  text-align: center;\n}\n.slide__block-subtitle {\n  font-weight: 600;\n}\n.sf__pcard .sf__pcard-name {\n  color: #000;\n  font-weight: 600;\n}\n.sf__pcard .prod__price {\n  font-weight: 700;\n}\n.sf__index-blog-posts .section-my {\n  margin-bottom: 20px;\n}\n.sf__index-custom-content-2 .section-my {\n  margin-top: 0;\n}\n.custom__html {\n  padding: 45px 60px;\n  background: #e6f0f2;\n  border-radius: 15px;\n  text-align: left;\n}\n.custom__html .block__text {\n  margin-right: 90px;\n}\n@media (min-width: 768px) {\n  .section-my {\n    margin-top: 100px;\n    margin-bottom: 100px;\n  }\n  .section-py {\n    padding-top: 100px;\n    padding-bottom: 100px;\n  }\n  .home-banner__slideshow .swiper-pagination-bullet:after {\n    background-color: #fff;\n  }\n  .home-banner__slideshow .swiper-pagination-bullet-active {\n    border-color: #fff;\n  }\n}\n@media (max-width: 767px) {\n  .hide_br_mb br {\n    display: none;\n  }\n  .custom__html {\n    padding: 30px 20px;\n    text-align: center;\n  }\n  .custom__html .block__text {\n    margin-right: 0;\n    margin-bottom: 30px;\n  }\n  .sf__index-testimonial .review-block .rte p {\n    font-size: 24px;\n    line-height: 34px;\n  }\n}\n.sf-testimonials.testimonials-4 .sf-slider__controls-button {\n  margin-top: 0;\n}\n\n.sf-header__desktop .sf-menu__banner .sf__btn::before {\n  color: #322b81;\n}\n.sf-header__desktop .sf-menu__banner .sf__btn::after {\n  color: #322b81;\n}\n.sf-header__desktop .sf-menu__banner .sf__btn {\n  color: #322b81;\n}\n.sf-header__desktop\n  .sf-menu__banner\n  .sf-menu__banner-inner\n  div.flex\n  a.text-black {\n  color: #322b81;\n}\n\n.sf-header__desktop .sf-search-form span {\n  order: 2;\n}\n.sf-header__desktop .sf-search-form button {\n  order: 1;\n  padding-right: 0;\n}\n.sf-header__desktop .sf-search-form {\n  min-width: 290px;\n}\n\n.sf__index-icon-box .sf-image {\n  transition: all 0.6s;\n}\n.sf__index-icon-box .sf-image:hover {\n  transform: scale(1.06);\n}\n.sf__index-featured-collection\n  .section__header\n  .section__subheading {\n  letter-spacing: 0.1rem;\n  font-weight: 600;\n  font-size: 16px;\n  line-height: 22px;\n}\n.sf__index-featured-collection .section__header .section__heading {\n  font-weight: bold;\n  font-size: 48px;\n  line-height: 56px;\n}\n.sf__index-featured-collection\n  .sf__pcard-action\n  .sf__tooltip-item.sf__tooltip-style-1:hover {\n  color: #000000;\n}\n@media (min-width: 1280px) {\n  .featured-slider .featured-slider__container .xl\\:py-12 {\n    padding-top: 2rem;\n    padding-bottom: 2rem;\n  }\n  .sf__hover-scale-down:hover .sf-image--loaded {\n      transform: none;\n  }\n}\n@media (max-width: 1024px) {\n  .sf-header__desktop {\n    display: none;\n  }\n}\n.featured-slider .sf__pcard-content .sf__pcard-name {\n  display: none;\n}\n.featured-slider .sf__pcard-content .sf__pcard-price {\n  display: none;\n}\n.featured-slider .sf__pcard-content .sf__pcard-options-color {\n  justify-content: center;\n}\n.featured-slider .sf__pcard-action .sf__tooltip-item.sf__btn-icon:hover {\n  color: #000000;\n}\n@media(max-width: 767px) {\n    [data-section-type=\"slider\"] .sf__mobile-button{\n        width: 100%;\n    }\n    [data-section-type=\"featured-slider\"] .featured-slider__container {\n        background: #FFF;\n        padding-top: 15px;\n    }\n    .sf-footer .sf__footer-form-newsletter {\n        max-width: 100%;\n    }\n    .sf-footer .social-media-links a {\n        color: var(--color-footer-text);\n    }\n    .sf-footer .sf__footer-middle {\n        padding-bottom: 0;\n    }\n    [data-section-type=\"instagram\"] .section__description {\n        margin-top: 0;\n    }\n}\n[data-section-type=\"featured-slider\"] .featured-slider__product-content h3 {\n    color: #000000;\n}",
    "use_theme_currencies": true,
    "theme_currencies": "USD | EUR | GBP | VND",
    "sections": {
      "page-faqs": {
        "type": "page-faqs",
        "blocks": {
          "2802736b-f08f-4510-a4f7-4ad7d748992d": {
            "type": "content",
            "settings": {
              "content": "<div class=\"mb-10\"><img src=\"https:\/\/cdn.shopify.com\/s\/files\/1\/0561\/2742\/2636\/files\/faqs.jpg?v=1620784288\"><\/div>\n<h3 class=\"font-medium text-xl mb-4\">Awkwardness gives me great comfort. I’ve never been cool, but I’ve felt cool. I’ve been in the cool place, but I wasn’t really cool – I was trying to pass for hip or cool.<\/h3>\n<p>A girl should be two things: classy and fabulous. I am convinced that there can be luxury in simplicity. I wanted to dress the woman who lives and works, not the woman in a painting. It’s hard to balance everything. It’s always challenging. My relationships with producers or photographers – these are relationships that took years. I can’t get sucked into that celebrity thing, because I think it’s just crass. My aim is to make the poor look rich.<\/p>"
            }
          },
          "4e151238-4480-4122-b893-7f4a19886e4c": {
            "type": "accordion",
            "settings": {
              "title": "What shipping methods are availbale?",
              "content": "<p>Lorem ipsum dolor sit amet conse ctetur adipisicing elit, sed do eiusmod tempor incididunt ut labore et dolore magna aliqua. Ut enim ad minim veniam, quis nostrud exercitation ullamco laboris nisi ut aliquip ex ea commodo consequat. Duis aute irure dolor in reprehenderit in voluptate velit esse cillum dolore eu fugiat.<br\/><br\/>Ut enim ad minim veniam, quis nostrud exercitation ullamco laboris nisi ut aliquip ex ea commodo consequat. Duis aute irure dolor in reprehenderit.<\/p>",
              "open": true
            }
          },
          "c5d4d04d-f6c1-4d1e-99f0-3c221393a3cf": {
            "type": "accordion",
            "settings": {
              "title": "How long will it take to get my package?",
              "content": "<p>Lorem ipsum dolor sit amet conse ctetur adipisicing elit, sed do eiusmod tempor incididunt ut labore et dolore magna aliqua. Ut enim ad minim veniam, quis nostrud exercitation ullamco laboris nisi ut aliquip.<\/p>",
              "open": false
            }
          },
          "0131747b-8b40-432f-b634-b1289ec41911": {
            "type": "accordion",
            "settings": {
              "title": "Do you ship internationally?",
              "content": "<p>Lorem ipsum dolor sit amet conse ctetur adipisicing elit, sed do eiusmod tempor incididunt ut labore et dolore magna aliqua. Ut enim ad minim veniam, quis nostrud exercitation ullamco laboris nisi ut aliquip.<\/p>",
              "open": false
            }
          },
          "5d7206e9-5375-4da6-9a1f-24e1c46230b0": {
            "type": "accordion",
            "settings": {
              "title": "What payment methods are accepted?",
              "content": "<p>Lorem ipsum dolor sit amet conse ctetur adipisicing elit, sed do eiusmod tempor incididunt ut labore et dolore magna aliqua. Ut enim ad minim veniam, quis nostrud exercitation ullamco laboris nisi ut aliquip ex ea commodo consequat. Duis aute irure dolor in reprehenderit in voluptate velit esse cillum dolore eu fugiat.<\/p>",
              "open": false
            }
          },
          "4008f61e-055e-42ba-8969-cb3715c0aece": {
            "type": "accordion",
            "settings": {
              "title": "Is buying on-line safe?",
              "content": "<p>Lorem ipsum dolor sit amet conse ctetur adipisicing elit, sed do eiusmod tempor incididunt ut labore et dolore magna aliqua. Ut enim ad minim veniam, quis nostrud exercitation ullamco laboris nisi ut aliquip.<\/p>",
              "open": false
            }
          }
        },
        "block_order": [
          "2802736b-f08f-4510-a4f7-4ad7d748992d",
          "4e151238-4480-4122-b893-7f4a19886e4c",
          "c5d4d04d-f6c1-4d1e-99f0-3c221393a3cf",
          "0131747b-8b40-432f-b634-b1289ec41911",
          "5d7206e9-5375-4da6-9a1f-24e1c46230b0",
          "4008f61e-055e-42ba-8969-cb3715c0aece"
        ],
        "settings": {
          "menu": "faqs-menu"
        }
      },
      "collection-list": {
        "type": "collection-list",
        "settings": {
        }
      },
      "featured-collection": {
        "type": "featured-collection",
        "settings": {
          "collection": "frontpage"
        }
      },
      "featured-product": {
        "type": "featured-product",
        "settings": {
        }
      },
      "slider": {
        "type": "slider",
        "settings": {
        }
      },
      "header": {
        "type": "header",
        "blocks": {
          "5e153016-a9d7-46c9-a10e-30d16446793d": {
            "type": "topbar",
            "disabled": true,
            "settings": {
              "show_divider": false,
              "show_phone_numb": false,
              "show_email": true,
              "show_social_links": true,
              "show_stores_page": true,
              "show_currency_switcher": true,
              "show_language_switcher": false,
              "alert_message": ""
            }
          },
          "59224d28-d657-4624-8d17-55b1c4ce8d9c": {
            "type": "product-list",
            "settings": {
              "heading": "Product",
              "container": "container-fluid",
              "stretch_width": false,
              "collection": "housewares",
              "limit": 6,
              "columns": 2
            }
          },
          "5b9aec5f-b955-4765-9a87-1962d613e909": {
            "type": "custom_html",
            "settings": {
              "heading": "Home",
              "container": "inherit",
              "html": ""
            }
          },
          "dc6e7fa0-6b3b-4d32-aa0c-49ccf5cd8afd": {
            "type": "banner",
            "settings": {
              "heading": "Shop",
              "container": "inherit",
              "banner_style": "outside",
              "banner_link": "",
              "banner_title": "Create a unique style with us",
              "banner_desc": "",
              "banner_button_text": "Shop now"
            }
          },
          "63e4450b-9a64-4c6b-b43e-d1802887d3ae": {
            "type": "custom_html",
            "settings": {
              "heading": "Features",
              "container": "inherit",
              "html": ""
            }
          }
        },
        "block_order": [
          "5e153016-a9d7-46c9-a10e-30d16446793d",
          "59224d28-d657-4624-8d17-55b1c4ce8d9c",
          "5b9aec5f-b955-4765-9a87-1962d613e909",
          "dc6e7fa0-6b3b-4d32-aa0c-49ccf5cd8afd",
          "63e4450b-9a64-4c6b-b43e-d1802887d3ae"
        ],
        "settings": {
          "header_design": "logo-center-menu-left",
          "container": "container-fluid",
          "header_sticky": true,
          "transparent_on_top": false,
          "logo_text": "MINIMOG",
          "logo_max_width": 150,
          "sticky_logo_max_width": 105,
          "mobile_logo_max_width": 105,
          "main_menu": "main-menu",
          "secondary_menu": "",
          "uppercase_parent_level": false,
          "search": "show_full",
          "show_account_icon": false,
          "show_cart_icon": true,
          "show_wishlist_icon": true,
          "show_compare_icon": false,
          "show_currency_switcher": false,
          "show_language_switcher": false
        }
      },
      "footer": {
        "type": "footer",
        "blocks": {
          "5c43b91a-9667-429c-8fb8-d9dd208a5ea9": {
            "type": "custom_text",
            "settings": {
              "title": "",
              "image_max": "140px",
              "description": "",
              "width": "25%"
            }
          },
          "f9f68495-d8c9-4920-baf5-fb7aaa818b27": {
            "type": "newsletter",
            "settings": {
              "title": "<span class=\"sf__font-size-24 sf__font-bold\">Good emails.<\/span>",
              "description": "Give your inbox some love with new products, tips, & more.",
              "email_placeholder": "Enter your email",
              "form_style": "bordered",
              "show_social": true,
              "width": "50%"
            }
          },
          "7be8d43e-ecc5-411e-90cd-e21b5dee4cfc": {
            "type": "spacing",
            "settings": {
              "width": "16%"
            }
          },
          "49e72833-c68f-4a7b-ab64-3ef0cae99bcb": {
            "type": "menu",
            "settings": {
              "menu": "main-menu",
              "title": "Information",
              "width": "25%"
            }
          },
          "b58e37df-7e6d-4803-948b-1fe15535bedf": {
            "type": "menu",
            "settings": {
              "menu": "main-menu",
              "title": "Contact",
              "width": "25%"
            }
          }
        },
        "block_order": [
          "5c43b91a-9667-429c-8fb8-d9dd208a5ea9",
          "f9f68495-d8c9-4920-baf5-fb7aaa818b27",
          "7be8d43e-ecc5-411e-90cd-e21b5dee4cfc",
          "49e72833-c68f-4a7b-ab64-3ef0cae99bcb",
          "b58e37df-7e6d-4803-948b-1fe15535bedf"
        ],
        "settings": {
          "design": "footer-1",
          "container": "container",
          "bordered": false,
          "copyright": "<span style=\"font-size: 1.25rem;color: var(--color-footer-text);\">© minimog 2021<\/span>",
          "show_currency_selector": false,
          "show_language_selector": false,
          "show_social_links": false,
          "show_payment_icons": true
        }
      },
      "collection-page-header": {
        "type": "collection-page-header",
        "blocks": {
          "63b52546-ccd0-4c50-84ff-57d203edba75": {
            "type": "banner",
            "settings": {
              "collection": ""
            }
          }
        },
        "block_order": [
          "63b52546-ccd0-4c50-84ff-57d203edba75"
        ],
        "settings": {
          "layout": "inside",
          "header_height": "small",
          "text_alignment": "center",
          "vertical_alignment": "center",
          "bg_color": "#ffffff",
          "enable_parallax": true,
          "show_breadcrumb": true,
          "upper_title": false
        }
      },
      "product-template": {
        "type": "product-template",
        "settings": {
          "container": "container",
          "layout": "layout-6",
          "show_tags": false,
          "show_vendor": false,
          "show_sku": false,
          "show_categories": false,
          "show_reviews_count": true,
          "show_quantity_selector": true,
          "enable_dynamic_checkout": true,
          "hide_atc_button": false,
          "show_atwl": true,
          "show_atcp": true,
          "show_ask_a_question": true,
          "show_social": true,
          "show_live_views": true,
          "live_views_text": "<p><strong>{{count_number}}<\/strong> <strong>people<\/strong> are viewing this right now<\/p>",
          "live_views_range": "20-30",
          "live_view_duration": "10",
          "live_view_icon_blinks": true,
          "show_delivery_times": true,
          "deliver_text": "<p><strong>Estimated Delivery:<\/strong><\/p>",
          "deliver_days": "3",
          "show_shipping_text": true,
          "shipping_text": "<p><strong>Free Shipping & Returns: <\/strong>On all orders over $75<\/p>",
          "show_trust_badges": true,
          "trust_badges_text": "<p>Guarantee safe & secure checkout<\/p>",
          "trust_badges_image": "shopify:\/\/shop_images\/trustbag_256x256_54bce3ff-a3d8-45ea-a570-24ce661296b8.png",
          "trust_badges_image_width": "320px",
          "use_sticky_atc": true,
          "sticky_atc_wishtlist": false,
          "sticky_atc_compare": false
        }
      },
      "product-details-tabs": {
        "type": "product-details-tabs",
        "blocks": {
          "4db8ad16-886f-47f7-9b57-fc68b39fb2d4": {
            "type": "description",
            "settings": {
              "header": "Product description"
            }
          },
          "ed649229-e405-4026-ba8a-701633784b92": {
            "type": "tab",
            "settings": {
              "header": "Shipping & Return",
              "content": "<p>Shipping cost is based on weight. Just add products to your cart and use the Shipping Calculator to see the shipping price.<\/p><p>We want you to be 100% satisfied with your purchase. Items can be returned or exchanged within 30 days of delivery.<\/p>"
            }
          },
          "9d07ad84-b467-4b0e-b90a-ca4dcff64629": {
            "type": "reviews",
            "settings": {
              "header": "Product reviews"
            }
          }
        },
        "block_order": [
          "4db8ad16-886f-47f7-9b57-fc68b39fb2d4",
          "ed649229-e405-4026-ba8a-701633784b92",
          "9d07ad84-b467-4b0e-b90a-ca4dcff64629"
        ],
        "settings": {
          "show_product_tabs": true,
          "container": "container",
          "bg_color": ""
        }
      },
      "product-reviews": {
        "type": "product-reviews",
        "settings": {
          "show_product_reviews": false,
          "container": "container-narrow",
          "heading": "Ratings and Reviews"
        }
      },
      "product-recommendations": {
        "type": "product-recommendations",
        "settings": {
          "show_product_recommendations": true,
          "container": "container",
          "heading": "You Might Also Like",
          "limit": 8,
          "columns": 4,
          "column_gap": 30,
          "enable_slider": true
        }
      },
      "brand-page-header": {
        "type": "brand-page-header",
        "blocks": {
          "09dfe2e1-10c2-4cee-a033-a90b143c85f3": {
            "type": "information",
            "settings": {
              "collection": "retrolie",
              "logo": "shopify:\/\/shop_images\/1.png",
              "content": "<p>Developed by Goop founder, wellness advocate and - academy award-winner, Gwyneth Paltrow, this high performing skincare line is where luxury formulas meet pure organic ingredients and the results are skin-changing. <\/p><p>Goop is passionate about the idea that beauty comes from the inside out. So they use clinically proven and best-in-class ingredients at active levels to create skin care, skin-boosting ingestibles, and body essentials that are luxurious, deliver high-performance results, and enliven the senses with exquisite textures and beautiful scents.<\/p>",
              "image_1": "shopify:\/\/shop_images\/1_8e8151b6-3555-4abf-8dd6-5347182bbcd0.jpg",
              "image_2": "shopify:\/\/shop_images\/2_9a1b3099-775a-4093-9ece-6cfaa04a06fe.jpg",
              "image_3": "shopify:\/\/shop_images\/3_7b9fc65c-8202-4449-a828-d03ac03c6d38.jpg"
            }
          },
          "c8ee188c-a84f-4cf2-a8af-aacb9bf78785": {
            "type": "information",
            "settings": {
              "collection": "abby",
              "logo": "shopify:\/\/shop_images\/2.png",
              "content": "<p>Developed by Goop founder, wellness advocate and - academy award-winner, Gwyneth Paltrow, this high performing skincare line is where luxury formulas meet pure organic ingredients and the results are skin-changing. <\/p><p>Goop is passionate about the idea that beauty comes from the inside out. So they use clinically proven and best-in-class ingredients at active levels to create skin care, skin-boosting ingestibles, and body essentials that are luxurious, deliver high-performance results, and enliven the senses with exquisite textures and beautiful scents.<\/p>",
              "image_1": "shopify:\/\/shop_images\/4.jpg",
              "image_2": "shopify:\/\/shop_images\/5.jpg",
              "image_3": "shopify:\/\/shop_images\/6.jpg"
            }
          },
          "e56a3991-3115-47d4-b7e6-43e962712fc6": {
            "type": "information",
            "settings": {
              "collection": "minimog",
              "logo": "shopify:\/\/shop_images\/3.png",
              "content": "<p>Developed by Goop founder, wellness advocate and - academy award-winner, Gwyneth Paltrow, this high performing skincare line is where luxury formulas meet pure organic ingredients and the results are skin-changing. <\/p><p>Goop is passionate about the idea that beauty comes from the inside out. So they use clinically proven and best-in-class ingredients at active levels to create skin care, skin-boosting ingestibles, and body essentials that are luxurious, deliver high-performance results, and enliven the senses with exquisite textures and beautiful scents.<\/p>",
              "image_1": "shopify:\/\/shop_images\/7.jpg",
              "image_2": "shopify:\/\/shop_images\/8.jpg",
              "image_3": "shopify:\/\/shop_images\/9.jpg"
            }
          },
          "98bac8d0-393b-4f50-91b8-052a49e29dd0": {
            "type": "information",
            "settings": {
              "collection": "brook",
              "logo": "shopify:\/\/shop_images\/4.png",
              "content": "<p>Developed by Goop founder, wellness advocate and - academy award-winner, Gwyneth Paltrow, this high performing skincare line is where luxury formulas meet pure organic ingredients and the results are skin-changing. <\/p><p>Goop is passionate about the idea that beauty comes from the inside out. So they use clinically proven and best-in-class ingredients at active levels to create skin care, skin-boosting ingestibles, and body essentials that are luxurious, deliver high-performance results, and enliven the senses with exquisite textures and beautiful scents.<\/p>",
              "image_1": "shopify:\/\/shop_images\/10.jpg",
              "image_2": "shopify:\/\/shop_images\/11.jpg",
              "image_3": "shopify:\/\/shop_images\/12.jpg"
            }
          },
          "2b4a1841-6d7a-468b-ba3b-a5fd307cf9aa": {
            "type": "information",
            "settings": {
              "collection": "learts",
              "logo": "shopify:\/\/shop_images\/5.png",
              "content": "<p>Developed by Goop founder, wellness advocate and - academy award-winner, Gwyneth Paltrow, this high performing skincare line is where luxury formulas meet pure organic ingredients and the results are skin-changing. <\/p><p>Goop is passionate about the idea that beauty comes from the inside out. So they use clinically proven and best-in-class ingredients at active levels to create skin care, skin-boosting ingestibles, and body essentials that are luxurious, deliver high-performance results, and enliven the senses with exquisite textures and beautiful scents.<\/p>",
              "image_1": "shopify:\/\/shop_images\/13.jpg",
              "image_2": "shopify:\/\/shop_images\/14.jpg",
              "image_3": "shopify:\/\/shop_images\/15.jpg"
            }
          },
          "b54aa75a-c232-474e-9d92-2027e31cd066": {
            "type": "information",
            "settings": {
              "collection": "vagabond",
              "logo": "shopify:\/\/shop_images\/6.png",
              "content": "<p>Developed by Goop founder, wellness advocate and - academy award-winner, Gwyneth Paltrow, this high performing skincare line is where luxury formulas meet pure organic ingredients and the results are skin-changing. <\/p><p>Goop is passionate about the idea that beauty comes from the inside out. So they use clinically proven and best-in-class ingredients at active levels to create skin care, skin-boosting ingestibles, and body essentials that are luxurious, deliver high-performance results, and enliven the senses with exquisite textures and beautiful scents.<\/p>",
              "image_1": "shopify:\/\/shop_images\/16.jpg",
              "image_2": "shopify:\/\/shop_images\/17.jpg",
              "image_3": "shopify:\/\/shop_images\/18.jpg"
            }
          }
        },
        "block_order": [
          "09dfe2e1-10c2-4cee-a033-a90b143c85f3",
          "c8ee188c-a84f-4cf2-a8af-aacb9bf78785",
          "e56a3991-3115-47d4-b7e6-43e962712fc6",
          "98bac8d0-393b-4f50-91b8-052a49e29dd0",
          "2b4a1841-6d7a-468b-ba3b-a5fd307cf9aa",
          "b54aa75a-c232-474e-9d92-2027e31cd066"
        ],
        "settings": {
        }
      },
      "collection-brand": {
        "type": "collection-brand",
        "settings": {
          "grid_layout": "grid",
          "pagination_limit": "12",
          "grid_columns": "3",
          "collection_paginate": "paginate",
          "show_filter": true,
          "sidebar": "leftColumn"
        }
      },
      "contact-information": {
        "type": "contact-information",
        "settings": {
        }
      },
      "maps": {
        "type": "maps",
        "settings": {
          "textx": "40.6700",
          "texty": "-73.9400",
          "zoom": "11",
          "text2": "New York"
        }
      },
      "contact-template": {
        "type": "contact-template",
        "blocks": {
          "458d6546-c5d0-4128-8fa6-162080bdf85f": {
            "type": "textblock",
            "settings": {
              "title": "Address",
              "content": "<p>7895 Piermont Dr NE Albuquerque, NM 198866, <a href=\"#\">See Our Stores<\/a><\/p>"
            }
          },
          "d2fd611c-a50a-4871-b401-b51dff320d34": {
            "type": "textblock",
            "settings": {
              "title": "Information",
              "content": "<p>+391 (0)35 2568 4593<\/p><p>hello@domain.com<\/p>"
            }
          },
          "159b3b43-a6d9-4cb9-b78d-04f5a5bae350": {
            "type": "socialmedia",
            "settings": {
              "title": "Social Media"
            }
          },
          "5c486a84-9bdd-4d24-8ac7-5c428593cf33": {
            "type": "textblock",
            "settings": {
              "title": "We're Open",
              "content": "<p>Our store has re-opened for shopping, exchanges<\/p><p>Every day 11am to 7pm<\/p>"
            }
          }
        },
        "block_order": [
          "458d6546-c5d0-4128-8fa6-162080bdf85f",
          "d2fd611c-a50a-4871-b401-b51dff320d34",
          "159b3b43-a6d9-4cb9-b78d-04f5a5bae350",
          "5c486a84-9bdd-4d24-8ac7-5c428593cf33"
        ],
        "settings": {
          "title": "We would love to hear from you.",
          "description": "<p>If you’ve got great products your making or looking to work with us then drop us a line.<\/p>"
        }
      },
      "product-details-accordion": {
        "type": "product-details-accordion",
        "settings": {
          "show_accordion": true,
          "use_container": false,
          "position": "bottom_info"
        }
      },
      "recent-viewed-products": {
        "type": "recent-viewed-products",
        "settings": {
          "heading": "Recently Viewed Products",
          "container": "container",
          "columns": 4,
          "column_gap": 30,
          "enable_slider": true,
          "show_product_page": true,
          "show_cart_page": true,
          "show_collection_page": false
        }
      },
      "product-features": {
        "type": "product-features",
        "blocks": {
          "3143a1d6-ef0a-4cc8-94ab-06375ce2a854": {
            "type": "feature",
            "settings": {
              "image": "shopify:\/\/shop_images\/promo1.png",
              "title": "Free Shipping",
              "description": "<p>Get complimentary ground shipping on every <br\/>order.Don’t love it? Send it back, on us.<\/p>",
              "link": ""
            }
          },
          "05fcf80c-e42c-4dc0-acab-bd602970d605": {
            "type": "feature",
            "settings": {
              "image": "shopify:\/\/shop_images\/promo2.png",
              "title": "Earn Points",
              "description": "<p>Join Minimog Rewards to earn gift cards<br\/>and enjoy exclusive member benefits.<\/p>",
              "link": ""
            }
          },
          "531f629a-10c7-42c3-8b6b-73e330ced066": {
            "type": "feature",
            "settings": {
              "image": "shopify:\/\/shop_images\/promo3.png",
              "title": "Money Back Gurantee",
              "description": "<p>We believe getting dressed should be the <br\/>easiest part of your day.<\/p>",
              "link": ""
            }
          }
        },
        "block_order": [
          "3143a1d6-ef0a-4cc8-94ab-06375ce2a854",
          "05fcf80c-e42c-4dc0-acab-bd602970d605",
          "531f629a-10c7-42c3-8b6b-73e330ced066"
        ],
        "settings": {
          "show_featured": true,
          "container": "container",
          "heading": "Why choose us?",
          "item_per_row": 3,
          "card_style": "vertical",
          "image_max_width": "70px",
          "content_alignment": "center"
        }
      },
      "162116424311055429": {
        "type": "instagram",
        "settings": {
          "heading": "Come Chill with Us",
          "subheading": "",
          "description": "@e.Sapce_store",
          "header_alignment": "center",
          "container": "w-full",
          "background_color": "rgba(0,0,0,0)",
          "layout": "grid",
          "images_count": 5,
          "grid_columns": 5,
          "gap": 20,
          "mobile_gap": 20,
          "profile": "https:\/\/www.instagram.com\/minimog.trendy\/",
          "button_label": "",
          "custom_class": "sf__index-instagram"
        }
      },
      "1621243260e1af0c20": {
        "type": "slider",
        "blocks": {
          "1621243260e1af0c20-0": {
            "type": "slider_item",
            "settings": {
              "image_alignment": "center middle",
              "content_in_container": true,
              "content_position": "left middle",
              "text_alignment": "left",
              "text_size": "medium",
              "text_color": "black",
              "subheading": "<span class=\"uppercase sf__heading-color\">Your house’s best mate.<\/span>",
              "title": "<span class=\"sf__heading-color\">A Reflection of Your<br> Decoration Choices<\/span>",
              "description": "",
              "button_text": "Shop now",
              "button_link": "",
              "button_style": "sf__btn-primary",
              "button_size": "",
              "show_footer": false,
              "footer_alignment": "end",
              "footer_text": "New Collection",
              "footer_button": "Shop Now",
              "footer_link": ""
            }
          },
          "1621243260e1af0c20-1": {
            "type": "slider_item",
            "settings": {
              "image_alignment": "center middle",
              "content_in_container": true,
              "content_position": "left middle",
              "text_alignment": "left",
              "text_size": "medium",
              "text_color": "black",
              "subheading": "<span class=\"uppercase sf__heading-color\">Make waves<\/span>",
              "title": "<span class=\"sf__heading-color\">Quality never goes out of style<\/span>",
              "description": "",
              "button_text": "Shop now",
              "button_link": "",
              "button_style": "sf__btn-primary",
              "button_size": "",
              "show_footer": false,
              "footer_alignment": "end",
              "footer_text": "New Collection",
              "footer_button": "Shop Now",
              "footer_link": ""
            }
          },
          "1621243260e1af0c20-2": {
            "type": "slider_item",
            "settings": {
              "image_alignment": "center middle",
              "content_in_container": true,
              "content_position": "left middle",
              "text_alignment": "left",
              "text_size": "medium",
              "text_color": "black",
              "subheading": "<span class=\"uppercase sf__heading-color\">Stay Classy<\/span>",
              "title": "<span class=\"sf__heading-color\">Delight in the details.<\/span>",
              "description": "",
              "button_text": "Shop now",
              "button_link": "",
              "button_style": "sf__btn-primary",
              "button_size": "",
              "show_footer": false,
              "footer_alignment": "end",
              "footer_text": "New Collection",
              "footer_button": "Shop Now",
              "footer_link": ""
            }
          }
        },
        "block_order": [
          "1621243260e1af0c20-0",
          "1621243260e1af0c20-1",
          "1621243260e1af0c20-2"
        ],
        "settings": {
          "container": "w-full",
          "slideshow_height": "fullscreen",
          "show_overlay": false,
          "dots_position": "right",
          "dots_color": "light",
          "show_dots": true,
          "show_arrows": false,
          "autorotate": true,
          "autorotate_speed": 5,
          "custom_class": ""
        }
      },
      "content-before-products": {
        "type": "content-before-products",
        "settings": {
          "container": "container-fluid",
          "background_color": "",
          "gap": 30,
          "gap_mobile": 16
        }
      },
      "collection-template": {
        "type": "collection-template",
        "settings": {
          "container": "container",
          "grid_layout": "grid",
          "grid_columns": "4",
          "pagination_limit": "12",
          "collection_paginate": "paginate",
          "show_filter": true,
          "sidebar": "fixed"
        }
      },
      "content-after-products": {
        "type": "content-after-products",
        "settings": {
          "container": "container-fluid",
          "background_color": "",
          "gap": 30,
          "gap_mobile": 16
        }
      },
      "162209953296371dbc": {
        "type": "icon-box",
        "blocks": {
          "162209953296371dbc-2": {
            "type": "iconbox",
            "settings": {
              "title": "<div class=\"sf__font-size-20 sf__font-weight-semibold hide_br_mb\">“Also the customer service is<br> phenomenal. I would purchase again.”<\/div>",
              "description": "",
              "link": "",
              "button_label": "",
              "button_link": "",
              "button_style": "sf__btn-link",
              "button_size": ""
            }
          },
          "162209953296371dbc-1": {
            "type": "iconbox",
            "settings": {
              "title": "<div class=\"hide_br_mb sf__font-size-20 sf__font-weight-semibold\">“Great product line. Very attentive staff<br> to deal with.”<\/div>",
              "description": "",
              "link": "",
              "button_label": "",
              "button_link": "",
              "button_style": "sf__btn-link",
              "button_size": ""
            }
          },
          "162209953296371dbc-0": {
            "type": "iconbox",
            "settings": {
              "title": "<div class=\"hide_br_mb sf__font-size-20 sf__font-weight-semibold\">\"Looking to affordably upgrade your<br> everyday dinnerware? Look no further<br> than e.Space\"<\/div>",
              "description": "",
              "link": "",
              "button_label": "",
              "button_link": "",
              "button_style": "sf__btn-link",
              "button_size": ""
            }
          }
        },
        "block_order": [
          "162209953296371dbc-2",
          "162209953296371dbc-1",
          "162209953296371dbc-0"
        ],
        "settings": {
          "heading": "As <span class=\"sf__text-style1\">featured<\/span> on:",
          "subheading": "",
          "description": "",
          "header_alignment": "center",
          "container": "container",
          "background_color": "rgba(0,0,0,0)",
          "item_per_row": 3,
          "item_gap": 30,
          "item_gap_mobile": 10,
          "card_style": "vertical",
          "image_max_width": "150px",
          "content_alignment": "center",
          "hover_effect": "none",
          "enable_slider": true,
          "show_pagination": true,
          "show_navigation": false,
          "use_scroll_mobile": true,
          "use_grid_column_mb": false,
          "custom_class": "sf__index-icon-box"
        }
      },
      "1622101295c7d1aa4c": {
        "type": "icon-box",
        "blocks": {
          "1622101295c7d1aa4c-0": {
            "type": "iconbox",
            "settings": {
              "title": "<div class=\"hide_br_mb sf__font-size-18 sf__font-weight-semibold\">Answer a few quick questions<br> about your lifestyle.<\/div>",
              "description": "",
              "link": "",
              "button_label": "",
              "button_link": "",
              "button_style": "sf__btn-link",
              "button_size": ""
            }
          },
          "1622101295c7d1aa4c-1": {
            "type": "iconbox",
            "settings": {
              "title": "<div class=\"hide_br_mb sf__font-size-18 sf__font-weight-semibold\">Your colours - Choose your<br> palette.<\/div>",
              "description": "",
              "link": "",
              "button_label": "",
              "button_link": "",
              "button_style": "sf__btn-link",
              "button_size": ""
            }
          },
          "1622101295c7d1aa4c-2": {
            "type": "iconbox",
            "settings": {
              "title": "<div class=\"hide_br_mb sf__font-size-18 sf__font-weight-semibold\">Accept (or tweak) your customized<br> recommendations.<\/div>",
              "description": "",
              "link": "",
              "button_label": "",
              "button_link": "",
              "button_style": "sf__btn-link",
              "button_size": ""
            }
          },
          "de97b43c-9a8b-488e-941e-36cf14cc4b0f": {
            "type": "iconbox",
            "settings": {
              "title": "<div class=\"hide_br_mb sf__font-size-18 sf__font-weight-semibold\">Decorate your house; paint<br> your life.<\/div>",
              "description": "",
              "link": "",
              "button_label": "",
              "button_link": "",
              "button_style": "sf__btn-link",
              "button_size": ""
            }
          }
        },
        "block_order": [
          "1622101295c7d1aa4c-0",
          "1622101295c7d1aa4c-1",
          "1622101295c7d1aa4c-2",
          "de97b43c-9a8b-488e-941e-36cf14cc4b0f"
        ],
        "settings": {
          "heading": "",
          "subheading": "",
          "description": "",
          "header_alignment": "center",
          "container": "container",
          "background_color": "#f0eee8",
          "item_per_row": 4,
          "item_gap": 30,
          "item_gap_mobile": 10,
          "card_style": "vertical",
          "image_max_width": "70px",
          "content_alignment": "center",
          "hover_effect": "none",
          "enable_slider": true,
          "show_pagination": true,
          "show_navigation": false,
          "use_scroll_mobile": true,
          "use_grid_column_mb": false,
          "custom_class": ""
        }
      },
      "1622102101fd8de171": {
        "type": "featured-collection",
        "settings": {
          "heading": "Create A <span class=\"sf__text-style1\">Unique<\/span> Style with Us.",
          "subheading": "FEATURED PRODUCTS",
          "description": "",
          "header_alignment": "center",
          "container": "container",
          "background_color": "rgba(0,0,0,0)",
          "collection": "housewares",
          "product_to_show": 3,
          "items_per_row": 3,
          "item_gap": 30,
          "pcard_layout": "",
          "pcard_image_ratio": "",
          "show_vendor": false,
          "enable_slider": false,
          "show_pagination": false,
          "show_navigation": false,
          "button_type": "link",
          "button_text": "View all product",
          "button_style": "sf__btn-primary",
          "button_size": "",
          "infinite_load": false,
          "max_page_load": 3,
          "use_scroll_mobile": true,
          "item_gap_mobile": 10,
          "custom_class": "sf__index-featured-collection"
        }
      },
      "162210227148d9bc93": {
        "type": "testimonials",
        "blocks": {
          "162210227148d9bc93-0": {
            "type": "testimonial",
            "settings": {
              "title": "Love my new purchase",
              "description": "<p>I was thrilled to be able to visit your store again! Love my new purchase.<\/p>",
              "footer": "<p>Shane T.<\/p>",
              "image_text": "",
              "product": ""
            }
          },
          "162210227148d9bc93-1": {
            "type": "testimonial",
            "settings": {
              "title": "What a delight to find you",
              "description": "<p>I've been getting good wear out of the shirt. It's very light and soft, comfortable to wear.<\/p>",
              "footer": "<p>Fernanda K.<\/p>",
              "image_text": "",
              "product": ""
            }
          },
          "162210227148d9bc93-2": {
            "type": "testimonial",
            "settings": {
              "title": "Thanks for being so fabulous!",
              "description": "<p>Thanks for the lovely time shopping and all the good work you do.<\/p>",
              "footer": "<p>Gloria T.<\/p>",
              "image_text": "",
              "product": ""
            }
          },
          "162210227148d9bc93-3": {
            "type": "testimonial",
            "settings": {
              "title": "I will certainly recommend to others.",
              "description": "<p>I was recently at your store, what a delight to find you!<\/p>",
              "footer": "<p>Zeferino G.<\/p>",
              "image_text": "",
              "product": ""
            }
          },
          "162210227148d9bc93-4": {
            "type": "testimonial",
            "settings": {
              "title": "A great store you can find.",
              "description": "<p>Thanks for being so fabulous...and continuing to provide such a wonderful service<\/p>",
              "footer": "<p>Denzil A.<\/p>",
              "image_text": "",
              "product": ""
            }
          },
          "162210227148d9bc93-5": {
            "type": "testimonial",
            "settings": {
              "title": "Thank you for your help!",
              "description": "<p>Thank you so much for your help in finding some new clothes that I needed desperately.<\/p>",
              "footer": "<p>Adelia C.<\/p>",
              "image_text": "",
              "product": ""
            }
          }
        },
        "block_order": [
          "162210227148d9bc93-0",
          "162210227148d9bc93-1",
          "162210227148d9bc93-2",
          "162210227148d9bc93-3",
          "162210227148d9bc93-4",
          "162210227148d9bc93-5"
        ],
        "settings": {
          "heading": "",
          "subheading": "",
          "description": "",
          "header_alignment": "center",
          "container": "w-full",
          "background_color": "#e6f0f2",
          "design": "testimonials-4",
          "show_stars": true,
          "autorotate": false,
          "show_navigation": true,
          "show_pagination": false,
          "star_color": "#322b81",
          "custom_class": "sf__index-testimonial"
        }
      },
      "1622104207398b7347": {
        "type": "blog-posts",
        "settings": {
          "heading": "",
          "subheading": "",
          "description": "",
          "header_alignment": "center",
          "container": "container",
          "background_color": "rgba(0,0,0,0)",
          "blog": "housewares",
          "limit": 3,
          "column": 3,
          "column_gap": 30,
          "mobile_gap": 10,
          "article_image_aspect_ratio": "3\/4",
          "article_align_content": "text-left",
          "article_show_tags": false,
          "article_show_date": false,
          "article_show_excerpt": false,
          "article_show_button": true,
          "button_link": "",
          "button_text": "",
          "button_style": "sf__btn-primary",
          "button_size": "",
          "use_scroll_mobile": true,
          "custom_class": "sf__index-blog-posts"
        }
      },
      "1622104533c8fb705d": {
        "type": "custom-content",
        "blocks": {
          "d45b6f85-8bf5-46e3-a887-04aeb6940c20": {
            "type": "html",
            "settings": {
              "code": "<div class=\"inline-flex items-center lg:flex-row flex-col custom__html\">\n<div class=\"block__text\">\n<p class=\"mb-2.5\">Redefining creativity.<\/p>\n<h3 class=\"mb-0 font-semibold hide_br_mb\">Connecting homes &amp;<br> improving lives.<\/h3>\n<\/div>\n<div><a href=\"\/collections\/all\" class=\"sf__btn sf__btn-primary\">View all products<\/a><\/div>\n<\/div>",
              "width": "100%",
              "block_custom_class": ""
            }
          }
        },
        "block_order": [
          "d45b6f85-8bf5-46e3-a887-04aeb6940c20"
        ],
        "settings": {
          "heading": "",
          "subheading": "",
          "description": "",
          "header_alignment": "center",
          "container": "container-fluid",
          "background_color": "",
          "gap": 30,
          "use_scroll_mobile": false,
          "gap_mobile": 16,
          "custom_class": "sf__index-custom-content-2"
        }
      },
      "1622105990d12b473e": {
        "type": "featured-product-slider",
        "blocks": {
          "144f20b4-2d90-467d-a322-d897aa234374": {
            "type": "product",
            "settings": {
              "heading": "Entryway Rack",
              "description": "<p>Turn organization into decor with a multi-use, three-tier rack that’s beautiful in any room<\/p>",
              "product": "entryway-rack"
            }
          },
          "48a645de-f01e-448f-96ad-3dfe8c3fe1b6": {
            "type": "product",
            "settings": {
              "heading": "Sevi Dinner Plate",
              "description": "<p>Turn organization into decor with a multi-use, three-tier rack that’s beautiful in any room<\/p>",
              "product": "sevi-dinner-plate"
            }
          }
        },
        "block_order": [
          "144f20b4-2d90-467d-a322-d897aa234374",
          "48a645de-f01e-448f-96ad-3dfe8c3fe1b6"
        ],
        "settings": {
          "heading": "<span class=\"sf__text-style1\">Refresh<\/span> Your Home Ware Style",
          "subheading": "THE CORE COLLECTION",
          "description": "",
          "header_alignment": "center",
          "container": "container",
          "background_color": "#f0eee8",
          "image_placement": "left",
          "slide_autoplay": true,
          "show_navigation": true,
          "show_pagination": false,
          "autorotate_speed": 5,
          "pcard_alignment": "center",
          "pcard_image_ratio": "1\/1",
          "show_vendor": false,
          "custom_class": "sf__index-product-slider"
        }
      },
      "annoucement": {
        "type": "annoucement",
        "settings": {
          "show_announcement": true,
          "homepage_only": true,
          "show_close": false,
          "message": "<p class=\"font-medium\" style=\"font-size:16px;\"><span style=\"border-radius:25px;background-color:#FFFFFF\n; color: #DA664A;padding: 5px 10px;line-height: 20px;font-weight: 600; margin-right: 10px;\">Hot<\/span> 25% off everything (yes, everything!) 🔥<\/p>",
          "message_link": "",
          "show_divider": false
        }
      },
      "mobile-sticky-bar": {
        "type": "mobile-sticky-bar",
        "settings": {
          "show_mobile_sticky": true,
          "show_home_icon": true,
          "show_collection_icon": true,
          "show_cart_icon": true,
          "show_search_icon": true,
          "show_account_icon": false,
          "show_wishlist_icon": false
        }
      }
    },
    "content_for_index": [
      "1621243260e1af0c20",
      "162209953296371dbc",
      "1622105990d12b473e",
      "1622101295c7d1aa4c",
      "1622102101fd8de171",
      "162210227148d9bc93",
      "1622104207398b7347",
      "1622104533c8fb705d",
      "162116424311055429"
    ]
  },
  "presets": {
    "Default": {
      "sections": {
        "featured-collection": {
          "type": "featured-collection",
          "settings": {
            "collection": "frontpage"
          }
        },
        "featured-product": {
          "type": "featured-product",
          "settings": {
          }
        }
      },
      "content_for_index": [
        "featured-collection",
        "featured-product"
      ]
    }
  }
}