{
  "current": {
    "favicon": "shopify:\/\/shop_images\/fav_icon_dark_1.png",
    "container_fluid_width": 1620,
    "container_fluid_offset": 65,
    "color_primary": "#000000",
    "color_body_text": "#000000",
    "color_heading_text": "#000000",
    "color_btn_bg_hover": "#000000",
    "prod_sale_price_color": "#666666",
    "prod_type_color": "#666666",
    "color_main_bg": "#ffffff",
    "color_field_bg": "#ffffff",
    "color_annoucement_bg": "#c6dfff",
    "color_annoucement_text": "#3c7095",
    "color_topbar_bg": "#ffffff",
    "color_topbar_text": "#000000",
    "color_header_bg": "#ffffff",
    "color_header_link": "#000000",
    "color_header_transparent": "#000000",
    "bg_cart_wishlist_count": "#da3f3f",
    "color_menu_bar_bg": "#000000",
    "color_menu_bar_text": "#f8f8f8",
    "color_footer_bg": "#f5f5f5",
    "color_footer_text": "#000000",
    "color_footer_subtext": "#666666",
    "color_footer_link_hover": "#000000",
    "color_footer_bottom_bg": "#f5f5f5",
    "color_border": "#dedede",
    "img_overlay_opacity": 20,
    "tooltip_background_color": "#000000",
    "type_base_font": "roboto_condensed_n4",
    "use_custom_font_body": true,
    "custom_body_font": "https:\/\/cdn.shopify.com\/s\/files\/1\/0561\/2742\/2636\/files\/Jost-Regular.ttf?v=1618297125@400\nhttps:\/\/cdn.shopify.com\/s\/files\/1\/0561\/2742\/2636\/files\/Jost-Medium.ttf?v=1618297125@500\nhttps:\/\/cdn.shopify.com\/s\/files\/1\/0561\/2742\/2636\/files\/Jost-SemiBold.ttf?v=1618297125@600",
    "custom_body_weight": "400",
    "type_base_line_height": 28,
    "type_header_font": "roboto_condensed_n7",
    "use_custom_font_heading": true,
    "custom_heading_font": "https:\/\/cdn.shopify.com\/s\/files\/1\/0561\/2742\/2636\/files\/Jost-Regular.ttf?v=1618297125@400\nhttps:\/\/cdn.shopify.com\/s\/files\/1\/0561\/2742\/2636\/files\/Jost-Medium.ttf?v=1618297125@500\nhttps:\/\/cdn.shopify.com\/s\/files\/1\/0561\/2742\/2636\/files\/Jost-SemiBold.ttf?v=1618297125@600\nhttps:\/\/cdn.shopify.com\/s\/files\/1\/0561\/2742\/2636\/files\/Jost-ExtraBold.ttf?v=1626409819@800",
    "custom_heading_weight": "400",
    "type_header_base_size": 40,
    "btn_weight": "500",
    "pcard_layout": "1",
    "pcard_alignment": "left",
    "pcard_image_ratio": "3\/4",
    "show_vendor": false,
    "variant_option_design2": "color",
    "variant_option_design3": "color",
    "show_variant_swatch_image": true,
    "product_colors": "red: #FF6961,\nyellow: #FDDA76,\nblack: #000000,\nblack band: #000000,\nblue: #8DB4D2,\ngreen: #C1E1C1,\npurple: #B19CD9,\nsilver: #EEEEEF,\nwhite: #FFFFFF,\nbrown: #836953,\nlight brown: #B5651D,\ndark turquoise: #23cddc,\norange: #FFB347,\ntan: #E9D1BF,\nviolet: #B490B0,\npink: #FFD1DC,\ngrey: #E0E0E0,\nsky: #96BDC6,\npale leaf: #CCD4BF,\nlight blue: #b1c5d4,\ndark grey: #aca69f,\nbeige: #EBE6DB,\nbeige band: #EED9C4,\ndark blue: #063e66,\ncream: #FFFFCC,\nlight pink: #FBCFCD,\nmint: #bedce3,\ndark gray: #3A3B3C,\nrosy brown: #c4a287,\nlight grey:#D3D3D3,\ncopper: #B87333,\nrose gold: #ECC5C0,\nnight blue: #151B54,\ncoral: #FF7F50,\nlight purple: #C6AEC7",
    "filter_color1": "gingham",
    "filter_color2": "flannel",
    "share_facebook": true,
    "share_pinterest": true,
    "social_twitter_link": "https:\/\/twitter.com\/",
    "social_twitter_label": "",
    "social_facebook_link": "https:\/\/facebook.com\/",
    "social_facebook_label": "300k Followers",
    "social_pinterest_link": "https:\/\/pinterest.com\/",
    "social_pinterest_label": "",
    "social_instagram_link": "https:\/\/instagram.com\/",
    "social_instagram_label": "100k Followers",
    "wishlist_page": "",
    "product_compare_page": "",
    "gm_api": "",
    "instagram_token": "",
    "custom_css": ".sf__index-video .sf-video__title {\n  font-weight: 800;\n  letter-spacing: 4px;\n  font-size: 30px;\n  line-height: 43px;\n}\n\n.sf__index-icon-box {\n  border-top: 1px solid #eeeeee;\n}\n.sf__index-icon-box .section-py {\n  padding-top: 40px;\n  padding-bottom: 40px;\n}\n.sf__index-icon-box .sf-icon-box__text h3 {\n  font-weight: 500;\n  font-size: 20px;\n}\n.sf__index-icon-box .sf-icon-box__text .rte {\n  color: #777777;\n}\n\n@media (max-width: 767px) {\n  .sf__index-icon-box {\n    border-top: 0;\n  }\n  .sf__index-icon-box .section-py {\n    padding-top: 0;\n  }\n  .sf__index-img-card .image-card__content a.sf__btn {\n    padding: 0;\n  }\n  .sf__index-img-card .image-card__content a.sf__btn:hover {\n    background-color: transparent !important;\n    color: #000 !important;\n    box-shadow: none !important;\n  }\n}\n\n@media (max-width: 576px) {\n  .sf__index-featured-collection .sf__featured-collection-button a.sf__btn {\n    width: 100%;\n  }\n}\n@media screen and (max-width: 767px) {\n  .sf__featured-collection .sf__featured-collection-button {\n    margin-top: 0;\n  }\n}",
    "use_theme_currencies": true,
    "theme_currencies": "USD | EUR | GBP | VND",
    "bg_cart_count": "#da3f3f",
    "sections": {
      "page-faqs": {
        "type": "page-faqs",
        "blocks": {
          "2802736b-f08f-4510-a4f7-4ad7d748992d": {
            "type": "content",
            "settings": {
              "content": "<div class=\"mb-10\"><img src=\"https:\/\/cdn.shopify.com\/s\/files\/1\/0561\/2742\/2636\/files\/faqs.jpg?v=1620784288\"><\/div>\n<h3 class=\"font-medium text-xl mb-4\">Awkwardness gives me great comfort. I’ve never been cool, but I’ve felt cool. I’ve been in the cool place, but I wasn’t really cool – I was trying to pass for hip or cool.<\/h3>\n<p>A girl should be two things: classy and fabulous. I am convinced that there can be luxury in simplicity. I wanted to dress the woman who lives and works, not the woman in a painting. It’s hard to balance everything. It’s always challenging. My relationships with producers or photographers – these are relationships that took years. I can’t get sucked into that celebrity thing, because I think it’s just crass. My aim is to make the poor look rich.<\/p>"
            }
          },
          "4e151238-4480-4122-b893-7f4a19886e4c": {
            "type": "accordion",
            "settings": {
              "title": "What shipping methods are availbale?",
              "content": "<p>Lorem ipsum dolor sit amet conse ctetur adipisicing elit, sed do eiusmod tempor incididunt ut labore et dolore magna aliqua. Ut enim ad minim veniam, quis nostrud exercitation ullamco laboris nisi ut aliquip ex ea commodo consequat. Duis aute irure dolor in reprehenderit in voluptate velit esse cillum dolore eu fugiat.<br\/><br\/>Ut enim ad minim veniam, quis nostrud exercitation ullamco laboris nisi ut aliquip ex ea commodo consequat. Duis aute irure dolor in reprehenderit.<\/p>",
              "open": true
            }
          },
          "c5d4d04d-f6c1-4d1e-99f0-3c221393a3cf": {
            "type": "accordion",
            "settings": {
              "title": "How long will it take to get my package?",
              "content": "<p>Lorem ipsum dolor sit amet conse ctetur adipisicing elit, sed do eiusmod tempor incididunt ut labore et dolore magna aliqua. Ut enim ad minim veniam, quis nostrud exercitation ullamco laboris nisi ut aliquip.<\/p>",
              "open": false
            }
          },
          "0131747b-8b40-432f-b634-b1289ec41911": {
            "type": "accordion",
            "settings": {
              "title": "Do you ship internationally?",
              "content": "<p>Lorem ipsum dolor sit amet conse ctetur adipisicing elit, sed do eiusmod tempor incididunt ut labore et dolore magna aliqua. Ut enim ad minim veniam, quis nostrud exercitation ullamco laboris nisi ut aliquip.<\/p>",
              "open": false
            }
          },
          "5d7206e9-5375-4da6-9a1f-24e1c46230b0": {
            "type": "accordion",
            "settings": {
              "title": "What payment methods are accepted?",
              "content": "<p>Lorem ipsum dolor sit amet conse ctetur adipisicing elit, sed do eiusmod tempor incididunt ut labore et dolore magna aliqua. Ut enim ad minim veniam, quis nostrud exercitation ullamco laboris nisi ut aliquip ex ea commodo consequat. Duis aute irure dolor in reprehenderit in voluptate velit esse cillum dolore eu fugiat.<\/p>",
              "open": false
            }
          },
          "4008f61e-055e-42ba-8969-cb3715c0aece": {
            "type": "accordion",
            "settings": {
              "title": "Is buying on-line safe?",
              "content": "<p>Lorem ipsum dolor sit amet conse ctetur adipisicing elit, sed do eiusmod tempor incididunt ut labore et dolore magna aliqua. Ut enim ad minim veniam, quis nostrud exercitation ullamco laboris nisi ut aliquip.<\/p>",
              "open": false
            }
          }
        },
        "block_order": [
          "2802736b-f08f-4510-a4f7-4ad7d748992d",
          "4e151238-4480-4122-b893-7f4a19886e4c",
          "c5d4d04d-f6c1-4d1e-99f0-3c221393a3cf",
          "0131747b-8b40-432f-b634-b1289ec41911",
          "5d7206e9-5375-4da6-9a1f-24e1c46230b0",
          "4008f61e-055e-42ba-8969-cb3715c0aece"
        ],
        "settings": {
          "menu": "faqs-menu"
        }
      },
      "collection-list": {
        "type": "collection-list",
        "settings": {
        }
      },
      "featured-collection": {
        "type": "featured-collection",
        "settings": {
          "collection": "frontpage"
        }
      },
      "featured-product": {
        "type": "featured-product",
        "settings": {
        }
      },
      "slider": {
        "type": "slider",
        "settings": {
        }
      },
      "header": {
        "type": "header",
        "blocks": {
          "a820a1bc-dfc4-4e61-8c8a-de23659759a6": {
            "type": "banner",
            "settings": {
              "heading": "Shop",
              "container": "inherit",
              "banner_style": "outside",
              "banner_link": "",
              "banner_title": "The New - Season Shoes Edit",
              "banner_desc": "",
              "banner_button_text": "Shop now"
            }
          },
          "3909c783-271f-4952-b019-fe9ba2058580": {
            "type": "custom_html",
            "settings": {
              "heading": "Home",
              "container": "inherit",
              "html": ""
            }
          },
          "eb014392-ef35-4605-90cb-989ee5961ea6": {
            "type": "product-list",
            "settings": {
              "heading": "Products",
              "container": "inherit",
              "stretch_width": false,
              "collection": "this-weeks-highlights",
              "limit": 6,
              "columns": 2
            }
          },
          "ef0a2587-7ffe-4d49-9013-c2668218381a": {
            "type": "custom_html",
            "settings": {
              "heading": "Features",
              "container": "inherit",
              "html": ""
            }
          }
        },
        "block_order": [
          "a820a1bc-dfc4-4e61-8c8a-de23659759a6",
          "3909c783-271f-4952-b019-fe9ba2058580",
          "eb014392-ef35-4605-90cb-989ee5961ea6",
          "ef0a2587-7ffe-4d49-9013-c2668218381a"
        ],
        "settings": {
          "header_design": "logo-center__2l",
          "container": "container-fluid",
          "header_sticky": true,
          "transparent_on_top": false,
          "logo_text": "MINIMOG",
          "logo_max_width": 145,
          "sticky_logo_max_width": 140,
          "mobile_logo_max_width": 105,
          "main_menu": "main-menu",
          "secondary_menu": "",
          "uppercase_parent_level": false,
          "search": "show_full",
          "show_account_icon": true,
          "show_cart_icon": true,
          "show_wishlist_icon": true,
          "show_compare_icon": false,
          "show_currency_switcher": false,
          "show_language_switcher": false
        }
      },
      "footer": {
        "type": "footer",
        "blocks": {
          "09d52ae2-c92b-428d-b4bf-896db01864ce": {
            "type": "our_store",
            "settings": {
              "title": "Company",
              "description": "<p>Find a location nearest you. <br\/><a href=\"#\" title=\"#\"><span style=\"text-decoration:underline\">See Our Stores<\/span><\/a><\/p>",
              "show_email": true,
              "show_phone": true,
              "show_socials_link": false,
              "width": "25%"
            }
          },
          "49e72833-c68f-4a7b-ab64-3ef0cae99bcb": {
            "type": "menu",
            "settings": {
              "menu": "main-menu",
              "title": "Information",
              "width": "25%"
            }
          },
          "7ebc2f78-975b-4a81-b874-103c3355a866": {
            "type": "menu",
            "settings": {
              "menu": "main-menu",
              "title": "Quick links",
              "width": "25%"
            }
          },
          "462a25b0-0ea1-4e16-a0a4-3524f469251c": {
            "type": "newsletter",
            "settings": {
              "title": "Subscribe",
              "description": "Enter your email below to be the first to know about new collections and product launches.",
              "email_placeholder": "Enter your email",
              "form_style": "bordered",
              "show_social": false,
              "width": "25%"
            }
          }
        },
        "block_order": [
          "09d52ae2-c92b-428d-b4bf-896db01864ce",
          "49e72833-c68f-4a7b-ab64-3ef0cae99bcb",
          "7ebc2f78-975b-4a81-b874-103c3355a866",
          "462a25b0-0ea1-4e16-a0a4-3524f469251c"
        ],
        "settings": {
          "design": "footer-2",
          "container": "container-fluid",
          "bordered": true,
          "copyright": "© MINIMOG 2021",
          "show_currency_selector": false,
          "show_language_selector": false,
          "show_social_links": true,
          "show_payment_icons": true
        }
      },
      "collection-page-header": {
        "type": "collection-page-header",
        "blocks": {
          "63b52546-ccd0-4c50-84ff-57d203edba75": {
            "type": "banner",
            "settings": {
              "collection": ""
            }
          }
        },
        "block_order": [
          "63b52546-ccd0-4c50-84ff-57d203edba75"
        ],
        "settings": {
          "layout": "inside",
          "header_height": "small",
          "text_alignment": "center",
          "vertical_alignment": "center",
          "bg_color": "rgba(0,0,0,0)",
          "enable_parallax": true,
          "show_breadcrumb": true,
          "upper_title": false
        }
      },
      "product-template": {
        "type": "product-template",
        "settings": {
          "container": "container",
          "layout": "layout-5",
          "show_tags": false,
          "show_vendor": false,
          "show_sku": false,
          "show_categories": false,
          "show_reviews_count": true,
          "show_quantity_selector": true,
          "enable_dynamic_checkout": true,
          "hide_atc_button": false,
          "show_atwl": true,
          "show_atcp": true,
          "show_ask_a_question": true,
          "show_social": true,
          "show_live_views": true,
          "live_views_text": "<p><strong>{{count_number}}<\/strong> <strong>people<\/strong> are viewing this right now<\/p>",
          "live_views_range": "20-30",
          "live_view_duration": "10",
          "live_view_icon_blinks": false,
          "show_delivery_times": true,
          "deliver_text": "<p><strong>Estimated Delivery:<\/strong><\/p>",
          "deliver_days": "3",
          "show_shipping_text": true,
          "shipping_text": "<p><strong>Free Shipping & Returns: <\/strong>On all orders over $75<\/p>",
          "show_trust_badges": true,
          "trust_badges_text": "<p>Guarantee safe & secure checkout<\/p>",
          "trust_badges_image": "shopify:\/\/shop_images\/trustbag.png",
          "trust_badges_image_width": "320px",
          "use_sticky_atc": true,
          "sticky_atc_wishtlist": false,
          "sticky_atc_compare": false
        }
      },
      "product-details-tabs": {
        "type": "product-details-tabs",
        "blocks": {
          "4db8ad16-886f-47f7-9b57-fc68b39fb2d4": {
            "type": "description",
            "settings": {
              "header": "Product description"
            }
          },
          "b3476040-c0ed-4532-9e22-0767b0a36083": {
            "type": "tab",
            "settings": {
              "header": "Shipping & Return",
              "content": "<p>So beautiful you’ll want to show it off, so comfortable you’ll forget it’s there. Our 24\/7™ Lace Contour Plunge Bra combines gorgeous floral lace with sheer overlay straps that hold you in and eliminates gaping. Removable pads let you customize you<\/p>"
            }
          },
          "52322f74-a485-4f7f-b737-ea2c95e1ff0d": {
            "type": "reviews",
            "settings": {
              "header": "Product reviews"
            }
          }
        },
        "block_order": [
          "4db8ad16-886f-47f7-9b57-fc68b39fb2d4",
          "b3476040-c0ed-4532-9e22-0767b0a36083",
          "52322f74-a485-4f7f-b737-ea2c95e1ff0d"
        ],
        "settings": {
          "show_product_tabs": true,
          "container": "container",
          "bg_color": ""
        }
      },
      "product-reviews": {
        "type": "product-reviews",
        "settings": {
          "show_product_reviews": false,
          "container": "container-narrow",
          "heading": "Ratings and Reviews"
        }
      },
      "product-recommendations": {
        "type": "product-recommendations",
        "settings": {
          "show_product_recommendations": true,
          "container": "container",
          "heading": "You Might Also Like",
          "limit": 8,
          "columns": 4,
          "column_gap": 30,
          "enable_slider": true
        }
      },
      "brand-page-header": {
        "type": "brand-page-header",
        "blocks": {
          "09dfe2e1-10c2-4cee-a033-a90b143c85f3": {
            "type": "information",
            "settings": {
              "collection": "retrolie",
              "logo": "shopify:\/\/shop_images\/1.png",
              "content": "<p>Developed by Goop founder, wellness advocate and - academy award-winner, Gwyneth Paltrow, this high performing skincare line is where luxury formulas meet pure organic ingredients and the results are skin-changing. <\/p><p>Goop is passionate about the idea that beauty comes from the inside out. So they use clinically proven and best-in-class ingredients at active levels to create skin care, skin-boosting ingestibles, and body essentials that are luxurious, deliver high-performance results, and enliven the senses with exquisite textures and beautiful scents.<\/p>",
              "image_1": "shopify:\/\/shop_images\/1_8e8151b6-3555-4abf-8dd6-5347182bbcd0.jpg",
              "image_2": "shopify:\/\/shop_images\/2_9a1b3099-775a-4093-9ece-6cfaa04a06fe.jpg",
              "image_3": "shopify:\/\/shop_images\/3_7b9fc65c-8202-4449-a828-d03ac03c6d38.jpg"
            }
          },
          "c8ee188c-a84f-4cf2-a8af-aacb9bf78785": {
            "type": "information",
            "settings": {
              "collection": "abby",
              "logo": "shopify:\/\/shop_images\/2.png",
              "content": "<p>Developed by Goop founder, wellness advocate and - academy award-winner, Gwyneth Paltrow, this high performing skincare line is where luxury formulas meet pure organic ingredients and the results are skin-changing. <\/p><p>Goop is passionate about the idea that beauty comes from the inside out. So they use clinically proven and best-in-class ingredients at active levels to create skin care, skin-boosting ingestibles, and body essentials that are luxurious, deliver high-performance results, and enliven the senses with exquisite textures and beautiful scents.<\/p>",
              "image_1": "shopify:\/\/shop_images\/4.jpg",
              "image_2": "shopify:\/\/shop_images\/5.jpg",
              "image_3": "shopify:\/\/shop_images\/6.jpg"
            }
          },
          "e56a3991-3115-47d4-b7e6-43e962712fc6": {
            "type": "information",
            "settings": {
              "collection": "minimog",
              "logo": "shopify:\/\/shop_images\/3.png",
              "content": "<p>Developed by Goop founder, wellness advocate and - academy award-winner, Gwyneth Paltrow, this high performing skincare line is where luxury formulas meet pure organic ingredients and the results are skin-changing. <\/p><p>Goop is passionate about the idea that beauty comes from the inside out. So they use clinically proven and best-in-class ingredients at active levels to create skin care, skin-boosting ingestibles, and body essentials that are luxurious, deliver high-performance results, and enliven the senses with exquisite textures and beautiful scents.<\/p>",
              "image_1": "shopify:\/\/shop_images\/7.jpg",
              "image_2": "shopify:\/\/shop_images\/8.jpg",
              "image_3": "shopify:\/\/shop_images\/9.jpg"
            }
          },
          "98bac8d0-393b-4f50-91b8-052a49e29dd0": {
            "type": "information",
            "settings": {
              "collection": "brook",
              "logo": "shopify:\/\/shop_images\/4.png",
              "content": "<p>Developed by Goop founder, wellness advocate and - academy award-winner, Gwyneth Paltrow, this high performing skincare line is where luxury formulas meet pure organic ingredients and the results are skin-changing. <\/p><p>Goop is passionate about the idea that beauty comes from the inside out. So they use clinically proven and best-in-class ingredients at active levels to create skin care, skin-boosting ingestibles, and body essentials that are luxurious, deliver high-performance results, and enliven the senses with exquisite textures and beautiful scents.<\/p>",
              "image_1": "shopify:\/\/shop_images\/10.jpg",
              "image_2": "shopify:\/\/shop_images\/11.jpg",
              "image_3": "shopify:\/\/shop_images\/12.jpg"
            }
          },
          "2b4a1841-6d7a-468b-ba3b-a5fd307cf9aa": {
            "type": "information",
            "settings": {
              "collection": "learts",
              "logo": "shopify:\/\/shop_images\/5.png",
              "content": "<p>Developed by Goop founder, wellness advocate and - academy award-winner, Gwyneth Paltrow, this high performing skincare line is where luxury formulas meet pure organic ingredients and the results are skin-changing. <\/p><p>Goop is passionate about the idea that beauty comes from the inside out. So they use clinically proven and best-in-class ingredients at active levels to create skin care, skin-boosting ingestibles, and body essentials that are luxurious, deliver high-performance results, and enliven the senses with exquisite textures and beautiful scents.<\/p>",
              "image_1": "shopify:\/\/shop_images\/13.jpg",
              "image_2": "shopify:\/\/shop_images\/14.jpg",
              "image_3": "shopify:\/\/shop_images\/15.jpg"
            }
          },
          "b54aa75a-c232-474e-9d92-2027e31cd066": {
            "type": "information",
            "settings": {
              "collection": "vagabond",
              "logo": "shopify:\/\/shop_images\/6.png",
              "content": "<p>Developed by Goop founder, wellness advocate and - academy award-winner, Gwyneth Paltrow, this high performing skincare line is where luxury formulas meet pure organic ingredients and the results are skin-changing. <\/p><p>Goop is passionate about the idea that beauty comes from the inside out. So they use clinically proven and best-in-class ingredients at active levels to create skin care, skin-boosting ingestibles, and body essentials that are luxurious, deliver high-performance results, and enliven the senses with exquisite textures and beautiful scents.<\/p>",
              "image_1": "shopify:\/\/shop_images\/16.jpg",
              "image_2": "shopify:\/\/shop_images\/17.jpg",
              "image_3": "shopify:\/\/shop_images\/18.jpg"
            }
          }
        },
        "block_order": [
          "09dfe2e1-10c2-4cee-a033-a90b143c85f3",
          "c8ee188c-a84f-4cf2-a8af-aacb9bf78785",
          "e56a3991-3115-47d4-b7e6-43e962712fc6",
          "98bac8d0-393b-4f50-91b8-052a49e29dd0",
          "2b4a1841-6d7a-468b-ba3b-a5fd307cf9aa",
          "b54aa75a-c232-474e-9d92-2027e31cd066"
        ],
        "settings": {
        }
      },
      "collection-brand": {
        "type": "collection-brand",
        "settings": {
          "grid_layout": "grid",
          "pagination_limit": "12",
          "grid_columns": "3",
          "collection_paginate": "paginate",
          "show_filter": true,
          "sidebar": "leftColumn"
        }
      },
      "contact-information": {
        "type": "contact-information",
        "settings": {
        }
      },
      "maps": {
        "type": "maps",
        "settings": {
          "textx": "40.6700",
          "texty": "-73.9400",
          "zoom": "11",
          "text2": "New York"
        }
      },
      "contact-template": {
        "type": "contact-template",
        "blocks": {
          "458d6546-c5d0-4128-8fa6-162080bdf85f": {
            "type": "textblock",
            "settings": {
              "title": "Address",
              "content": "<p>7895 Piermont Dr NE Albuquerque, NM 198866, <a href=\"#\">See Our Stores<\/a><\/p>"
            }
          },
          "d2fd611c-a50a-4871-b401-b51dff320d34": {
            "type": "textblock",
            "settings": {
              "title": "Information",
              "content": "<p>+391 (0)35 2568 4593<\/p><p>hello@domain.com<\/p>"
            }
          },
          "159b3b43-a6d9-4cb9-b78d-04f5a5bae350": {
            "type": "socialmedia",
            "settings": {
              "title": "Social Media"
            }
          },
          "5c486a84-9bdd-4d24-8ac7-5c428593cf33": {
            "type": "textblock",
            "settings": {
              "title": "We're Open",
              "content": "<p>Our store has re-opened for shopping, exchanges<\/p><p>Every day 11am to 7pm<\/p>"
            }
          }
        },
        "block_order": [
          "458d6546-c5d0-4128-8fa6-162080bdf85f",
          "d2fd611c-a50a-4871-b401-b51dff320d34",
          "159b3b43-a6d9-4cb9-b78d-04f5a5bae350",
          "5c486a84-9bdd-4d24-8ac7-5c428593cf33"
        ],
        "settings": {
          "title": "We would love to hear from you.",
          "description": "<p>If you’ve got great products your making or looking to work with us then drop us a line.<\/p>"
        }
      },
      "product-details-accordion": {
        "type": "product-details-accordion",
        "settings": {
          "show_accordion": true,
          "use_container": false,
          "position": "bottom_info"
        }
      },
      "recent-viewed-products": {
        "type": "recent-viewed-products",
        "settings": {
          "heading": "Recently Viewed Products",
          "container": "container",
          "columns": 4,
          "column_gap": 30,
          "enable_slider": true,
          "show_product_page": true,
          "show_cart_page": true,
          "show_collection_page": false
        }
      },
      "product-features": {
        "type": "product-features",
        "blocks": {
          "98fd1f04-dfb6-4078-8a41-daa5f756847f": {
            "type": "feature",
            "settings": {
              "image": "shopify:\/\/shop_images\/Frame_1.png",
              "title": "Free Shipping",
              "description": "<p>Get complimentary ground shipping on every <br\/>order.Don’t love it? Send it back, on us.<\/p>",
              "link": ""
            }
          },
          "afd07905-45b5-4ac7-8f5c-563e23064152": {
            "type": "feature",
            "settings": {
              "image": "shopify:\/\/shop_images\/Frame_2.png",
              "title": "Earn Points",
              "description": "<p>Join Minimog Rewards to earn gift cards<br\/>and enjoy exclusive member benefits.<\/p>",
              "link": ""
            }
          },
          "7d1c67bf-2e5c-4f9e-b352-ddec99121f87": {
            "type": "feature",
            "settings": {
              "image": "shopify:\/\/shop_images\/Frame_3.png",
              "title": "Money Back Gurantee",
              "description": "<p>We believe getting dressed should be the <br\/>easiest part of your day.<\/p>",
              "link": ""
            }
          }
        },
        "block_order": [
          "98fd1f04-dfb6-4078-8a41-daa5f756847f",
          "afd07905-45b5-4ac7-8f5c-563e23064152",
          "7d1c67bf-2e5c-4f9e-b352-ddec99121f87"
        ],
        "settings": {
          "show_featured": true,
          "container": "container",
          "heading": "Why Minimog ?",
          "item_per_row": 3,
          "card_style": "vertical",
          "image_max_width": "70px",
          "content_alignment": "center"
        }
      },
      "1621243260e1af0c20": {
        "type": "slider",
        "blocks": {
          "1621243260e1af0c20-0": {
            "type": "slider_item",
            "settings": {
              "image_alignment": "center top",
              "content_in_container": true,
              "content_position": "left middle",
              "text_alignment": "left",
              "text_size": "large",
              "text_color": "black",
              "subheading": "<span class=\"font-semibold\">New Collection<\/span>",
              "title": "Fashionable clothes<br> for trendsetters.",
              "description": "",
              "button_text": "Shop Now",
              "button_link": "",
              "button_style": "sf__btn-secondary",
              "button_size": "",
              "show_footer": false,
              "footer_alignment": "end",
              "footer_text": "The ReCotton Tee",
              "footer_button": "Shop Now",
              "footer_link": "shopify:\/\/collections"
            }
          },
          "1621243260e1af0c20-1": {
            "type": "slider_item",
            "settings": {
              "image_alignment": "center top",
              "content_in_container": true,
              "content_position": "left middle",
              "text_alignment": "left",
              "text_size": "large",
              "text_color": "black",
              "subheading": "<span class=\"font-semibold\">New Arrivals<\/span>",
              "title": "Be Stylish<br>\nbe our customer.",
              "description": "",
              "button_text": "Shop Now",
              "button_link": "",
              "button_style": "sf__btn-secondary",
              "button_size": "",
              "show_footer": false,
              "footer_alignment": "end",
              "footer_text": "The ReCotton Tee",
              "footer_button": "Shop Now",
              "footer_link": "shopify:\/\/collections"
            }
          },
          "1621243260e1af0c20-2": {
            "type": "slider_item",
            "settings": {
              "image_alignment": "center top",
              "content_in_container": true,
              "content_position": "left middle",
              "text_alignment": "left",
              "text_size": "large",
              "text_color": "black",
              "subheading": "<span class=\"font-semibold\">Simply Elegant\n<\/span>",
              "title": "Choose the best.<br>\nChoose us.",
              "description": "",
              "button_text": "Shop Now",
              "button_link": "",
              "button_style": "sf__btn-secondary",
              "button_size": "",
              "show_footer": false,
              "footer_alignment": "end",
              "footer_text": "The ReCotton Tee",
              "footer_button": "Shop Now",
              "footer_link": "shopify:\/\/collections"
            }
          }
        },
        "block_order": [
          "1621243260e1af0c20-0",
          "1621243260e1af0c20-1",
          "1621243260e1af0c20-2"
        ],
        "settings": {
          "container": "w-full",
          "slideshow_height": "large",
          "show_overlay": false,
          "dots_position": "right",
          "dots_color": "dark",
          "show_dots": true,
          "show_arrows": false,
          "autorotate": true,
          "autorotate_speed": 5,
          "custom_class": "sf__index-slideshow"
        }
      },
      "content-before-products": {
        "type": "content-before-products",
        "settings": {
          "container": "container-fluid",
          "background_color": "",
          "gap": 30,
          "gap_mobile": 16
        }
      },
      "collection-template": {
        "type": "collection-template",
        "blocks": {
          "26ef6509-772d-4c44-bd90-efc089bd9355": {
            "type": "filter",
            "settings": {
              "show_filtergroup": true,
              "use_accordion": false,
              "open_filtergroup": true,
              "design_filtergroup": "button",
              "title": "Size",
              "filtergroup": "XS,S,M,L,XL"
            }
          },
          "e12de6da-eab8-4abe-967c-06d0d959a18a": {
            "type": "filter",
            "settings": {
              "show_filtergroup": true,
              "use_accordion": false,
              "open_filtergroup": true,
              "design_filtergroup": "color",
              "title": "Colors",
              "filtergroup": "Blue, Red, White ,Black ,Pink ,Silver,Purple,Brown,Yellow,Grey,Green,Tan,Violet,Dark Grey,Beige,Light Blue, Dark Blue, Light Grey, Light Pink, Mint, Rose Gold, Night Blue, Copper, Coral, Rosy Brown"
            }
          },
          "5aa66826-12e4-4360-b9a5-8ae0237e6456": {
            "type": "collection_list",
            "settings": {
              "show_collectionlist": true,
              "use_accordion": false,
              "open_collectionlist": true,
              "title": "Collections",
              "collectionlist_link": "collections"
            }
          },
          "fa31a837-9c99-4c92-8cfe-0527ffbe7b15": {
            "type": "filter",
            "settings": {
              "show_filtergroup": true,
              "use_accordion": false,
              "open_filtergroup": true,
              "design_filtergroup": "default",
              "title": "Prices",
              "filtergroup": "$0-$50,$50-$100,$100-$150,$150-$200,$200-$300,$300-$400"
            }
          },
          "4903963a-90f0-4fe1-be23-ee4f8749e483": {
            "type": "filter",
            "settings": {
              "show_filtergroup": true,
              "use_accordion": false,
              "open_filtergroup": true,
              "design_filtergroup": "inrow",
              "title": "Brands",
              "filtergroup": "Minimog,Retrolie,Abby,Brook,Learts,Vagabond"
            }
          },
          "00b3badd-1613-4230-85d8-f87f04306aaa": {
            "type": "filter",
            "settings": {
              "show_filtergroup": true,
              "use_accordion": false,
              "open_filtergroup": true,
              "design_filtergroup": "inrow",
              "title": "Tags",
              "filtergroup": "Dress,Tops,Shirts,Fashion,Hats,Sandal,Belt,Bags,Snacker,Denim,Minimog,Vagabond,Sunglasses, Beachwear,Vintage"
            }
          }
        },
        "block_order": [
          "26ef6509-772d-4c44-bd90-efc089bd9355",
          "e12de6da-eab8-4abe-967c-06d0d959a18a",
          "5aa66826-12e4-4360-b9a5-8ae0237e6456",
          "fa31a837-9c99-4c92-8cfe-0527ffbe7b15",
          "4903963a-90f0-4fe1-be23-ee4f8749e483",
          "00b3badd-1613-4230-85d8-f87f04306aaa"
        ],
        "settings": {
          "container": "container-fluid",
          "grid_layout": "grid",
          "grid_columns": "5",
          "pagination_limit": "15",
          "collection_paginate": "paginate",
          "show_filter": true,
          "sidebar": "leftColumn"
        }
      },
      "content-after-products": {
        "type": "content-after-products",
        "settings": {
          "container": "container-fluid",
          "background_color": "",
          "gap": 30,
          "gap_mobile": 16
        }
      },
      "annoucement": {
        "type": "annoucement",
        "settings": {
          "show_announcement": true,
          "homepage_only": true,
          "show_close": true,
          "message": "<span class=\"font-medium text-[14px]\">COOL NEW COLOR: STERLING ☁️ SO WORTH IT<\/span>",
          "message_link": "",
          "show_divider": false
        }
      },
      "collection-list-template": {
        "type": "collection-list-template",
        "blocks": {
          "06786fde-900d-4048-b2a7-2f1af4b4963e": {
            "type": "collection_item",
            "settings": {
              "collection": "fashion",
              "image": "shopify:\/\/shop_images\/5_7d43fcce-6c7d-4f30-9d26-8e88cc3592a4.jpg"
            }
          },
          "c3c7dd10-c393-458e-a903-3de238b2e424": {
            "type": "collection_item",
            "settings": {
              "collection": "",
              "image": "shopify:\/\/shop_images\/Bitmap.jpg"
            }
          },
          "b43bcd47-6305-4507-86b2-397dcbb3cdfc": {
            "type": "collection_item",
            "settings": {
              "collection": "",
              "image": "shopify:\/\/shop_images\/8_16aacde4-7a2d-4cc7-a7c0-0f96a08f41d7.jpg"
            }
          },
          "17b453d1-b173-4aed-8571-7dc75d2ec6ca": {
            "type": "collection_item",
            "settings": {
              "collection": "",
              "image": "shopify:\/\/shop_images\/1_99801259-b43a-4a6e-bd8c-b12b261f6d88.jpg"
            }
          },
          "3aedbb94-935a-4d80-865f-7c7fbbbddb39": {
            "type": "collection_item",
            "settings": {
              "collection": "",
              "image": "shopify:\/\/shop_images\/2_1945f7f5-26d9-45aa-a1a5-f2f2f628ae8d.jpg"
            }
          }
        },
        "block_order": [
          "06786fde-900d-4048-b2a7-2f1af4b4963e",
          "c3c7dd10-c393-458e-a903-3de238b2e424",
          "b43bcd47-6305-4507-86b2-397dcbb3cdfc",
          "17b453d1-b173-4aed-8571-7dc75d2ec6ca",
          "3aedbb94-935a-4d80-865f-7c7fbbbddb39"
        ],
        "settings": {
          "title": "All collection",
          "description": "<p>Posuere in netus a eu varius adipiscing suspendisse elementum vitae tempor suspendisse ullamcorper aenean taciti morbi potenti.<\/p>"
        }
      },
      "1626365858fd9bd41d": {
        "type": "featured-collection",
        "settings": {
          "heading": "The boutique style guide",
          "subheading": "",
          "description": "",
          "header_alignment": "center",
          "container": "container",
          "background_color": "rgba(0,0,0,0)",
          "collection": "boutique-trendy-style",
          "product_to_show": 12,
          "items_per_row": 4,
          "item_gap": 30,
          "pcard_layout": "",
          "pcard_image_ratio": "",
          "show_vendor": false,
          "enable_slider": true,
          "show_pagination": false,
          "show_navigation": true,
          "button_type": "link",
          "button_text": "Shop Now",
          "button_style": "sf__btn-secondary",
          "button_size": "",
          "infinite_load": false,
          "max_page_load": 3,
          "use_scroll_mobile": true,
          "item_gap_mobile": 16,
          "custom_class": "sf__index-featured-collection"
        }
      },
      "1626407454ef1db93c": {
        "type": "image-with-text-1",
        "blocks": {
          "1626407454ef1db93c-0": {
            "type": "item",
            "settings": {
              "content_position": "bottom_center",
              "content_alignment": "left",
              "text_size": "medium",
              "text_color": "black",
              "link": "shopify:\/\/collections\/leather-bag",
              "title": "",
              "subtitle": "",
              "button_label": "Handbags",
              "button_style": "sf__btn-white",
              "button_size": ""
            }
          },
          "1626407454ef1db93c-1": {
            "type": "item",
            "settings": {
              "content_position": "bottom_center",
              "content_alignment": "left",
              "text_size": "medium",
              "text_color": "black",
              "link": "shopify:\/\/collections\/sneakers",
              "title": "",
              "subtitle": "",
              "button_label": "Sneakers",
              "button_style": "sf__btn-white",
              "button_size": ""
            }
          },
          "1626407454ef1db93c-2": {
            "type": "item",
            "settings": {
              "content_position": "bottom_center",
              "content_alignment": "left",
              "text_size": "medium",
              "text_color": "black",
              "link": "shopify:\/\/collections\/sandals",
              "title": "",
              "subtitle": "",
              "button_label": "Sandals",
              "button_style": "sf__btn-white",
              "button_size": ""
            }
          },
          "1626407454ef1db93c-4": {
            "type": "item",
            "settings": {
              "content_position": "bottom_center",
              "content_alignment": "left",
              "text_size": "medium",
              "text_color": "black",
              "link": "shopify:\/\/collections\/jackets",
              "title": "",
              "subtitle": "",
              "button_label": "Jackets",
              "button_style": "sf__btn-white",
              "button_size": ""
            }
          },
          "1626407454ef1db93c-3": {
            "type": "item",
            "settings": {
              "content_position": "bottom_center",
              "content_alignment": "left",
              "text_size": "medium",
              "text_color": "black",
              "link": "shopify:\/\/collections\/glasses",
              "title": "",
              "subtitle": "",
              "button_label": "Glasses",
              "button_style": "sf__btn-white",
              "button_size": ""
            }
          }
        },
        "block_order": [
          "1626407454ef1db93c-0",
          "1626407454ef1db93c-1",
          "1626407454ef1db93c-2",
          "1626407454ef1db93c-4",
          "1626407454ef1db93c-3"
        ],
        "settings": {
          "heading": "Shop by Categories",
          "subheading": "",
          "description": "",
          "header_alignment": "center",
          "container": "container",
          "background_color": "rgba(0,0,0,0)",
          "layout": "layout_3",
          "gap": 30,
          "use_scroll_mobile": true,
          "mobile_gap": 16,
          "custom_class": "sf__index-img-card"
        }
      },
      "16264080972a75445e": {
        "type": "image-with-text-2",
        "settings": {
          "container": "w-full",
          "hero_size": "medium",
          "show_overlay": false,
          "bg_position": "center",
          "parallax": false,
          "content_in_container": true,
          "content_position": "right middle",
          "text_alignment": "left",
          "text_size": "medium",
          "text_color": "dark",
          "title": "<span style=\"font-weight:400;\">Poplin Top With<br> Ruffle Trim<\/span>",
          "subtitle": "",
          "text": "<p>We believe in crafting pieces where sustainability and<br\/> style go hand in hand. Made from materials like<br\/> recycled cashmere and sust<\/p>",
          "button_label": "Shop Collection",
          "button_link": "shopify:\/\/collections\/tops",
          "button_style": "sf__btn-link",
          "button_size": "",
          "custom_class": ""
        }
      },
      "162640858491025138": {
        "type": "featured-collection",
        "settings": {
          "heading": "New-in this week",
          "subheading": "",
          "description": "",
          "header_alignment": "center",
          "container": "container",
          "background_color": "rgba(0,0,0,0)",
          "collection": "accessories",
          "product_to_show": 12,
          "items_per_row": 4,
          "item_gap": 30,
          "pcard_layout": "",
          "pcard_image_ratio": "",
          "show_vendor": false,
          "enable_slider": true,
          "show_pagination": false,
          "show_navigation": true,
          "button_type": "link",
          "button_text": "Shop Now",
          "button_style": "sf__btn-secondary",
          "button_size": "",
          "infinite_load": false,
          "max_page_load": 3,
          "use_scroll_mobile": true,
          "item_gap_mobile": 16,
          "custom_class": "sf__index-featured-collection"
        }
      },
      "1626409062a3cb7a09": {
        "type": "video",
        "settings": {
          "container": "container",
          "background_color": "",
          "video_link": "https:\/\/www.youtube.com\/watch?v=_9VUPq3SxOc",
          "ratio": "16:9",
          "video_title": "LOOKBOOK VIDEO",
          "text_size": "large",
          "text_color": "white",
          "play_style": "outline",
          "play_size": "large",
          "width": "",
          "autoplay": false,
          "loop": false,
          "custom_class": "sf__index-video"
        }
      },
      "1626409066d2bbc274": {
        "type": "icon-box",
        "blocks": {
          "1626409066d2bbc274-0": {
            "type": "iconbox",
            "settings": {
              "title": "Free Shipping",
              "description": "<p>Free Shipping for orders over £130<\/p>",
              "link": "",
              "button_label": "",
              "button_link": "",
              "button_style": "sf__btn-link",
              "button_size": ""
            }
          },
          "1626409066d2bbc274-1": {
            "type": "iconbox",
            "settings": {
              "title": "Money Guarantee",
              "description": "<p>Within 30 days for an exchange.<\/p>",
              "link": "",
              "button_label": "",
              "button_link": "",
              "button_style": "sf__btn-link",
              "button_size": ""
            }
          },
          "1626409066d2bbc274-2": {
            "type": "iconbox",
            "settings": {
              "title": "Online Support",
              "description": "<p>24 hours a day, 7 days a week<\/p>",
              "link": "",
              "button_label": "",
              "button_link": "",
              "button_style": "sf__btn-link",
              "button_size": ""
            }
          },
          "ce10398a-4ce5-437d-a9ac-b40458464042": {
            "type": "iconbox",
            "settings": {
              "title": "Flexible Payment",
              "description": "<p>Pay with Multiple Credit Cards<\/p>",
              "link": "",
              "button_label": "",
              "button_link": "",
              "button_style": "sf__btn-link",
              "button_size": ""
            }
          }
        },
        "block_order": [
          "1626409066d2bbc274-0",
          "1626409066d2bbc274-1",
          "1626409066d2bbc274-2",
          "ce10398a-4ce5-437d-a9ac-b40458464042"
        ],
        "settings": {
          "heading": "",
          "subheading": "",
          "description": "",
          "header_alignment": "center",
          "container": "container-fluid",
          "background_color": "#ffffff",
          "item_per_row": 4,
          "item_gap": 30,
          "item_gap_mobile": 10,
          "card_style": "horizontal",
          "image_max_width": "30px",
          "content_alignment": "start",
          "hover_effect": "none",
          "enable_slider": false,
          "show_pagination": true,
          "show_navigation": false,
          "use_scroll_mobile": false,
          "use_grid_column_mb": false,
          "custom_class": "sf__index-icon-box"
        }
      },
      "mobile-sticky-bar": {
        "type": "mobile-sticky-bar",
        "settings": {
          "show_mobile_sticky": true,
          "show_home_icon": true,
          "show_collection_icon": true,
          "show_cart_icon": true,
          "show_search_icon": true,
          "show_account_icon": false,
          "show_wishlist_icon": false
        }
      }
    },
    "content_for_index": [
      "1621243260e1af0c20",
      "1626407454ef1db93c",
      "1626365858fd9bd41d",
      "16264080972a75445e",
      "162640858491025138",
      "1626409062a3cb7a09",
      "1626409066d2bbc274"
    ]
  },
  "presets": {
    "Default": {
      "sections": {
        "featured-collection": {
          "type": "featured-collection",
          "settings": {
            "collection": "frontpage"
          }
        },
        "featured-product": {
          "type": "featured-product",
          "settings": {
          }
        }
      },
      "content_for_index": [
        "featured-collection",
        "featured-product"
      ]
    }
  }
}