{"sections":{"slideshow-1":{"type":"slideshow","blocks":{"slide-1":{"type":"slide","settings":{"link":"https:\/\/fluorescent.co\/help\/spark\/slideshow"}},"slide-2":{"type":"slide","settings":{"link":"https:\/\/fluorescent.co\/help\/spark\/slideshow"}}},"block_order":["slide-1","slide-2"],"settings":{}},"text-columns-with-images":{"type":"text-columns-with-images","blocks":{"column-1":{"type":"column","settings":{}},"column-2":{"type":"column","settings":{}},"column-3":{"type":"column","settings":{}},"column-4":{"type":"column","settings":{}}},"block_order":["column-1","column-2","column-3","column-4"],"settings":{}},"image-with-text-1":{"type":"image-with-text","blocks":{"heading":{"type":"heading","settings":{}},"subheading":{"type":"subheading","settings":{}},"button":{"type":"button","settings":{"link":"https:\/\/fluorescent.co\/help\/spark\/image-with-text","link_text":"Learn more"}}},"block_order":["heading","subheading","button"],"settings":{}},"logo-list":{"type":"logo-list","blocks":{"logo-1":{"type":"logo","settings":{}},"logo-2":{"type":"logo","settings":{}},"logo-3":{"type":"logo","settings":{}},"logo-4":{"type":"logo","settings":{}},"logo-5":{"type":"logo","settings":{}}},"block_order":["logo-1","logo-2","logo-3","logo-4","logo-5"],"settings":{}},"slideshow-2":{"type":"slideshow","blocks":{"slide-1":{"type":"slide","settings":{"link":"https:\/\/fluorescent.co\/help\/spark\/slideshow","alignment":"left_center"}}},"block_order":["slide-1"],"settings":{}},"image-with-features":{"type":"image-with-features","blocks":{"heading":{"type":"heading","settings":{}},"feature-1":{"type":"feature","settings":{}},"feature-2":{"type":"feature","settings":{}}},"block_order":["heading","feature-1","feature-2"],"settings":{}},"quote":{"type":"quote","blocks":{"quote":{"type":"quote","settings":{}}},"block_order":["quote"],"settings":{}},"slideshow-3":{"type":"slideshow","blocks":{"slide-1":{"type":"slide","settings":{"link":"https:\/\/fluorescent.co\/help\/spark\/slideshow"}},"slide-2":{"type":"slide","settings":{"link":"https:\/\/fluorescent.co\/help\/spark\/slideshow"}}},"block_order":["slide-1","slide-2"],"settings":{}},"image-with-text-2":{"type":"image-with-text","blocks":{"heading":{"type":"heading","settings":{}},"subheading":{"type":"subheading","settings":{}},"button":{"type":"button","settings":{"link":"https:\/\/fluorescent.co\/help\/spark\/image-with-text","link_text":"Learn more"}}},"block_order":["heading","subheading","button"],"settings":{}},"featured-collection":{"type":"featured-collection","settings":{}},"slideshow-4":{"type":"slideshow","blocks":{"slide-1":{"type":"slide","settings":{"link":"https:\/\/fluorescent.co\/help\/spark\/slideshow"}},"slide-2":{"type":"slide","settings":{"link":"https:\/\/fluorescent.co\/help\/spark\/slideshow"}}},"block_order":["slide-1","slide-2"],"settings":{}},"featured-product":{"type":"featured-product","blocks":{"title":{"type":"title","settings":{}},"price":{"type":"price","settings":{}},"border":{"type":"border","settings":{}},"variant_picker":{"type":"variant_picker","settings":{}},"quantity_selector":{"type":"quantity_selector","settings":{}},"buy_buttons":{"type":"buy_buttons","settings":{}}},"block_order":["title","price","border","variant_picker","quantity_selector","buy_buttons"],"settings":{}},"testimonials":{"type":"testimonials","blocks":{"testimonial-1":{"type":"testimonial","settings":{}},"testimonial-2":{"type":"testimonial","settings":{}},"testimonial-3":{"type":"testimonial","settings":{}}},"block_order":["testimonial-1","testimonial-2","testimonial-3"],"settings":{}},"slideshow-5":{"type":"slideshow","blocks":{"slide-1":{"type":"slide","settings":{"link":"https:\/\/fluorescent.co\/help\/spark\/slideshow"}},"slide-2":{"type":"slide","settings":{"link":"https:\/\/fluorescent.co\/help\/spark\/slideshow"}}},"block_order":["slide-1","slide-2"],"settings":{}},"image-with-text-3":{"type":"image-with-text","blocks":{"heading":{"type":"heading","settings":{}},"subheading":{"type":"subheading","settings":{}},"button":{"type":"button","settings":{"link":"https:\/\/fluorescent.co\/help\/spark\/image-with-text","link_text":"Learn more"}}},"block_order":["heading","subheading","button"],"settings":{"text_alignment":"center"}},"questions":{"type":"questions","blocks":{"question-1":{"type":"question","settings":{}},"question-2":{"type":"question","settings":{}},"question-3":{"type":"question","settings":{}},"question-4":{"type":"question","settings":{}}},"block_order":["question-1","question-2","question-3","question-4"],"settings":{}},"slideshow-6":{"type":"slideshow","blocks":{"slide-1":{"type":"slide","settings":{"link":"https:\/\/fluorescent.co\/help\/spark\/slideshow"}},"slide-2":{"type":"slide","settings":{"link":"https:\/\/fluorescent.co\/help\/spark\/slideshow"}}},"block_order":["slide-1","slide-2"],"settings":{}},"social-proof":{"type":"social-proof","blocks":{"post-1":{"type":"post","settings":{}},"post-2":{"type":"post","settings":{}},"post-3":{"type":"post","settings":{}}},"block_order":["post-1","post-2","post-3"],"settings":{}}},"order":["slideshow-1","text-columns-with-images","image-with-text-1","logo-list","slideshow-2","image-with-features","quote","slideshow-3","image-with-text-2","featured-collection","slideshow-4","featured-product","testimonials","slideshow-5","image-with-text-3","questions","slideshow-6","social-proof"]}