{"sections":{"main":{"type":"main-product--default","blocks":{"title":{"type":"title","settings":{}},"price":{"type":"price","settings":{}},"border":{"type":"border","settings":{}},"variant_picker":{"type":"variant_picker","settings":{}},"quantity_selector":{"type":"quantity_selector","settings":{}},"buy_buttons":{"type":"buy_buttons","settings":{}},"description":{"type":"description","settings":{}},"payment_widget":{"type":"payment_widget","settings":{}},"security_widget":{"type":"security_widget","settings":{}},"shipping_widget":{"type":"shipping_widget","settings":{}}},"block_order":["title","price","border","variant_picker","quantity_selector","buy_buttons","description","payment_widget","security_widget","shipping_widget"],"settings":{}},"recommendations":{"type":"product-recommendations","settings":{}}},"order":["main","recommendations"]}