{
  "current": {
    "favicon": "shopify:\/\/shop_images\/fav_icon_dark_1.png",
    "container_width": 1170,
    "color_primary": "#000",
    "color_sub_text": "#666666",
    "color_btn_bg_hover": "#000000",
    "prod_sale_price_color": "#666666",
    "prod_type_color": "#666666",
    "color_annoucement_bg": "#ffffff",
    "color_annoucement_text": "#000000",
    "color_topbar_bg": "#ffffff",
    "color_topbar_text": "#000000",
    "color_header_bg": "#ffffff",
    "color_header_link": "#000000",
    "color_header_transparent": "#ffffff",
    "color_menu_bar_bg": "#000000",
    "color_menu_bar_text": "#f8f8f8",
    "color_footer_bg": "#f5f5f5",
    "color_footer_text": "#000000",
    "color_footer_subtext": "#666666",
    "color_footer_link_hover": "#000000",
    "color_footer_bottom_bg": "#f5f5f5",
    "color_footer_bottom_text": "#666666",
    "img_overlay_opacity": 20,
    "tooltip_background_color": "#000000",
    "type_base_font": "roboto_condensed_n4",
    "use_custom_font_body": true,
    "custom_body_font": "https:\/\/cdn.shopify.com\/s\/files\/1\/0042\/0750\/9567\/files\/Jost-SemiBold.ttf?v=1622602297@600\nhttps:\/\/cdn.shopify.com\/s\/files\/1\/0042\/0750\/9567\/files\/Jost-Medium.ttf?v=1622443602@500\nhttps:\/\/cdn.shopify.com\/s\/files\/1\/0042\/0750\/9567\/files\/Jost-Regular.ttf?v=1622447664@400",
    "custom_body_weight": "400",
    "type_header_font": "roboto_condensed_n7",
    "use_custom_font_heading": true,
    "custom_heading_font": "https:\/\/cdn.shopify.com\/s\/files\/1\/0042\/0750\/9567\/files\/Jost-SemiBold.ttf?v=1622602297@600\nhttps:\/\/cdn.shopify.com\/s\/files\/1\/0042\/0750\/9567\/files\/Jost-Medium.ttf?v=1622443602@500\nhttps:\/\/cdn.shopify.com\/s\/files\/1\/0042\/0750\/9567\/files\/Jost-Regular.ttf?v=1622447664@400",
    "custom_heading_weight": "500",
    "btn_base_size": 16,
    "btn_border_radius": 30,
    "pcard_layout": "1",
    "pcard_alignment": "center",
    "pcard_image_ratio": "1\/1",
    "show_vendor": false,
    "variant_option_design3": "color",
    "show_variant_swatch_image": true,
    "product_colors": "red: #FF6961,\nyellow: #FDDA76,\nblack: #000000,\nblue: #8DB4D2,\ngreen: #C1E1C1,\npurple: #B19CD9,\nsilver: #EEEEEF,\nwhite: #FFFFFF,\nbrown: #836953,\nlight-brown: #feb035,\ndark-turquoise: #23cddc,\norange: #FFB347,\ntan: #E9D1BF,\nviolet: #B490B0,\npink: #FFD1DC,\ngrey: #E0E0E0,\nsky: #96BDC6,\npale-leaf: #CCD4BF",
    "filter_color1": "",
    "share_facebook": true,
    "social_twitter_link": "https:\/\/twitter.com\/home",
    "social_facebook_link": "https:\/\/facebook.com\/",
    "social_pinterest_link": "https:\/\/pinterest.com\/",
    "social_instagram_link": "https:\/\/instagram.com\/",
    "wishlist_page": "",
    "product_compare_page": "",
    "gm_api": "",
    "instagram_token": "",
    "custom_css": ".sf__btn.sf__btn-secondary,\na.sf__btn.sf__btn-secondary {\n  border-width: 2px;\n}\n.sf__index-custom-content-1 .section-my {\n  margin-top: 30px;\n}\n.image__with-text .content__box h3 {\n  font-size: 36px;\n}\n.custom__html-block {\n  padding: 56px 48px;\n  background-image: url(\"https:\/\/cdn.shopify.com\/s\/files\/1\/0042\/0750\/9567\/files\/10_caf6ff67-7343-426b-9fdb-b61dd702f87a.jpg?v=1623059274\");\n  background-repeat: no-repeat;\n  background-size: cover;\n  display: flex;\n}\n.custom__html-block .left__content h3 {\n  font-size: 36px;\n  line-height: 50px;\n  margin-bottom: 15px;\n}\n.custom__html-block .left__content p {\n  color: var(--color-sub-text);\n}\n.custom__html-block .right__content span {\n  font-size: 18px;\n  color: #777;\n  text-decoration: line-through;\n  margin-bottom: 15px;\n  display: block;\n}\n.custom__html-block .right__content h3 {\n  color: #e02b2b;\n  font-size: 30px;\n  margin-bottom: 25px;\n}\n\n.slide__block-subtitle {\n  color: #e02b2b;\n  font-weight: 600;\n}\n.sf-header .sf-search__form:not(.mobile) {\n  border: 2px solid #000 !important;\n  border-radius: 30px;\n}\n.sf-header .sf-menu-logo-bar {\n  padding: 8px 0;\n}\n.sf__index-icon-box .section-my {\n  margin-bottom: 50px;\n}\n.sf__footer-block-newsletter .sf__footer-block-title {\n  line-height: 52px;\n  font-size: 36px;\n}\n.sf__footer-block-newsletter {\n  padding-right: 5%;\n}\n.sf__footer-block-newsletter form input.form-control {\n  border-radius: 30px;\n  background-color: #fff;\n  border: 2px solid #000;\n}\n.sf__footer-block-menu .sf__footer-block-title {\n  font-weight: 600;\n}\n\n@media (min-width: 1025px) {\n  .sf-header .sf-search__form:not(.mobile) {\n    width: 600px;\n  }\n  .sf__index-collection-list .collection-card__image {\n    width: 150px;\n    height: 150px;\n    margin: 0 auto;\n  }\n  .sf__index-custom-content-2 .left__content {\n    margin-right: 150px;\n  }\n}\n@media (min-width: 1230px) {\n  .sf-header .sf-search__form:not(.mobile) {\n    margin-right: 8vw;\n  }\n  .sf-header__desktop .sf-search-form {\n    width: 35%;\n    position: absolute;\n    left: 50%;\n    justify-content: space-between;\n    transform: translate(-50%, 0);\n  }\n}\n.sf__index-custom-content-1 .sf__btn-link {\n  margin-top: 2rem;\n}\n.sf__index-custom-content-1 .image-card__content {\n  padding: 1.625rem 1.75rem;\n}\n@media (min-width: 768px) {\n  .sf__index-custom-content-1 .image__card-heading {\n    font-size: 1.625rem;\n    line-height: 1.4;\n  }\n}\n.image__with-text .content__heading {\n  line-height: 1.4;\n}\n@media (max-width: 767px) {\n  .sf__index-slideshow .sf__mobile-button {\n    border-radius: 5px;\n  }\n  .sf__index-collection-list .sf-column {\n    width: 37vw !important;\n  }\n  .sf__index-custom-content-2 .custom__html-block {\n    display: flex;\n    flex-direction: column;\n    padding: 2rem 0;\n    text-align: center;\n  }\n  .sf__newletter__form-input {\n    background: #fff;\n  }\n  .sf__index-icon-box .sf-icon-box__inner {\n    display: flex;\n    flex-direction: row;\n  }\n  .sf__index-icon-box .sf-icon-box__text {\n    text-align: left;\n  }\n  .sf__index-icon-box .sf-icon-box__text h3 {\n    font-size: 18px;\n  }\n  .sf__index-icon-box .sf-image--loaded {\n    width: 50px;\n  }\n}",
    "use_theme_currencies": true,
    "theme_currencies": "USD | EUR | GBP | VND",
    "sections": {
      "header": {
        "type": "header",
        "blocks": {
          "694984b5-54b8-41af-b9a1-d7832e2df2ac": {
            "type": "topbar",
            "settings": {
              "show_divider": true,
              "show_phone_numb": false,
              "show_email": false,
              "show_social_links": true,
              "show_stores_page": true,
              "show_currency_switcher": true,
              "show_language_switcher": true,
              "alert_message": ""
            }
          },
          "df87dfbd-4d0b-4ef7-abac-3b64a7056578": {
            "type": "banner",
            "settings": {
              "heading": "Shop",
              "container": "inherit",
              "banner_style": "outside",
              "banner_link": "",
              "banner_title": "New collection",
              "banner_desc": "",
              "banner_button_text": "Shop now"
            }
          },
          "5012b6b4-23ad-4fbf-9140-e5cd894156b8": {
            "type": "product-list",
            "settings": {
              "heading": "Product",
              "container": "inherit",
              "stretch_width": false,
              "collection": "",
              "limit": 6,
              "columns": 2
            }
          },
          "5b31608b-1bd3-4cb5-b5c8-43984cb5cb8b": {
            "type": "custom_html",
            "settings": {
              "heading": "Features",
              "container": "inherit",
              "html": ""
            }
          }
        },
        "block_order": [
          "694984b5-54b8-41af-b9a1-d7832e2df2ac",
          "df87dfbd-4d0b-4ef7-abac-3b64a7056578",
          "5012b6b4-23ad-4fbf-9140-e5cd894156b8",
          "5b31608b-1bd3-4cb5-b5c8-43984cb5cb8b"
        ],
        "settings": {
          "header_design": "logo-left__2l",
          "container": "container",
          "header_sticky": true,
          "transparent_on_top": false,
          "logo_text": "MINIMOG",
          "logo_max_width": 155,
          "sticky_logo_max_width": 105,
          "mobile_logo_max_width": 105,
          "main_menu": "main-menu",
          "secondary_menu": "",
          "uppercase_parent_level": false,
          "search": "show_full",
          "show_account_icon": true,
          "show_cart_icon": true,
          "show_wishlist_icon": true,
          "show_compare_icon": true,
          "show_currency_switcher": false,
          "show_language_switcher": false
        }
      },
      "footer": {
        "type": "footer",
        "blocks": {
          "494c911f-7281-40a1-85fa-a596a6431858": {
            "type": "newsletter",
            "settings": {
              "title": "Subscribe",
              "description": "Our conversation is just getting started",
              "email_placeholder": "Enter your email",
              "form_style": "bordered",
              "show_social": false,
              "width": "50%"
            }
          },
          "7527ffa4-1a31-4e5c-b642-96aa834daf84": {
            "type": "menu",
            "settings": {
              "menu": "main-menu",
              "title": "Company",
              "width": "25%"
            }
          },
          "c85629c7-7aae-4666-b5f0-150990439c91": {
            "type": "menu",
            "settings": {
              "menu": "main-menu",
              "title": "Information",
              "width": "25%"
            }
          },
          "c409e324-bc10-4c04-9f73-34fa0a058bbd": {
            "type": "menu",
            "settings": {
              "menu": "main-menu",
              "title": "Contact",
              "width": "25%"
            }
          },
          "52da3c6b-5d2b-4cf5-a1b9-231b9671b6c9": {
            "type": "menu",
            "settings": {
              "menu": "main-menu",
              "title": "Follow",
              "width": "25%"
            }
          }
        },
        "block_order": [
          "494c911f-7281-40a1-85fa-a596a6431858",
          "7527ffa4-1a31-4e5c-b642-96aa834daf84",
          "c85629c7-7aae-4666-b5f0-150990439c91",
          "c409e324-bc10-4c04-9f73-34fa0a058bbd",
          "52da3c6b-5d2b-4cf5-a1b9-231b9671b6c9"
        ],
        "settings": {
          "design": "footer-1",
          "container": "container",
          "bordered": false,
          "copyright": "© 2021, Minimog. All Rights Reserved.",
          "show_currency_selector": false,
          "show_language_selector": false,
          "show_social_links": false,
          "show_payment_icons": true
        }
      },
      "annoucement": {
        "type": "annoucement",
        "settings": {
          "show_announcement": false,
          "homepage_only": true,
          "show_close": true,
          "message": "<p>Free shipping for all orders from $60+<\/p>",
          "message_link": "",
          "show_divider": false
        }
      },
      "mobile-sticky-bar": {
        "type": "mobile-sticky-bar",
        "settings": {
          "show_mobile_sticky": true,
          "show_home_icon": true,
          "show_collection_icon": true,
          "show_cart_icon": true,
          "show_search_icon": true,
          "show_account_icon": false,
          "show_wishlist_icon": false
        }
      }
    }
  },
  "presets": {
    "Default": {
      "sections": {
        "featured-collection": {
          "type": "featured-collection",
          "settings": {
            "collection": "frontpage"
          }
        },
        "featured-product": {
          "type": "featured-product",
          "settings": {
          }
        }
      },
      "content_for_index": [
        "featured-collection",
        "featured-product"
      ]
    }
  }
}