{
  "current": {
    "favicon": "shopify:\/\/shop_images\/fav_icon_dark_1.png",
    "container_width": 1280,
    "container_fluid_offset": 65,
    "color_primary": "#000",
    "color_btn_bg_hover": "#000000",
    "color_field_bg": "#ffffff",
    "bg_cart_wishlist_count": "#da3f3f",
    "color_footer_bg": "#ffffff",
    "color_footer_link_hover": "#000000",
    "color_footer_bottom_bg": "#ffffff",
    "color_border": "#dedede",
    "img_overlay_opacity": 20,
    "tooltip_background_color": "#000000",
    "use_custom_font_body": true,
    "custom_body_font": "https:\/\/cdn.shopify.com\/s\/files\/1\/0561\/2742\/2636\/files\/Jost-Light.ttf?v=1618297125@300\nhttps:\/\/cdn.shopify.com\/s\/files\/1\/0561\/2742\/2636\/files\/Jost-Regular.ttf?v=1618297125@400\nhttps:\/\/cdn.shopify.com\/s\/files\/1\/0561\/2742\/2636\/files\/Jost-Medium.ttf?v=1618297125@500\nhttps:\/\/cdn.shopify.com\/s\/files\/1\/0561\/2742\/2636\/files\/Jost-SemiBold.ttf?v=1618297125@600\nhttps:\/\/cdn.shopify.com\/s\/files\/1\/0561\/2742\/2636\/files\/Jost-Bold.ttf?v=1618297125@700",
    "use_custom_font_heading": true,
    "custom_heading_font": "https:\/\/cdn.shopify.com\/s\/files\/1\/0561\/2742\/2636\/files\/Jost-Light.ttf?v=1618297125@300\nhttps:\/\/cdn.shopify.com\/s\/files\/1\/0561\/2742\/2636\/files\/Jost-Regular.ttf?v=1618297125@400\nhttps:\/\/cdn.shopify.com\/s\/files\/1\/0561\/2742\/2636\/files\/Jost-Medium.ttf?v=1618297125@500\nhttps:\/\/cdn.shopify.com\/s\/files\/1\/0561\/2742\/2636\/files\/Jost-SemiBold.ttf?v=1618297125@600\nhttps:\/\/cdn.shopify.com\/s\/files\/1\/0561\/2742\/2636\/files\/Jost-Bold.ttf?v=1618297125@700",
    "pcard_layout": "1",
    "show_badge_sale": true,
    "variant_option_design3": "color",
    "product_colors": "red: #FF6961,\nyellow: #FDDA76,\nblack: #000000,\nblack band: #000000,\nblue: #8DB4D2,\ngreen: #C1E1C1,\npurple: #B19CD9,\nsilver: #EEEEEF,\nwhite: #FFFFFF,\nbrown: #836953,\nlight brown: #B5651D,\ndark turquoise: #23cddc,\norange: #FFB347,\ntan: #E9D1BF,\nviolet: #B490B0,\npink: #FFD1DC,\ngrey: #E0E0E0,\nsky: #96BDC6,\npale leaf: #CCD4BF,\nlight blue: #b1c5d4,\ndark grey: #aca69f,\nbeige: #EBE6DB,\nbeige band: #EED9C4,\ndark blue: #063e66,\ncream: #FFFFCC,\nlight pink: #FBCFCD,\nmint: #bedce3,\ndark gray: #3A3B3C,\nrosy brown: #c4a287,\nlight grey:#D3D3D3,\ncopper: #B87333,\nrose gold: #ECC5C0,\nnight blue: #151B54,\ncoral: #FF7F50,\nlight purple: #C6AEC7",
    "filter_color1": "gingham",
    "filter_color2": "flannel",
    "share_facebook": true,
    "social_twitter_link": "",
    "social_facebook_link": "https:\/\/facebook.com\/",
    "social_facebook_label": "300k Followers",
    "social_pinterest_link": "",
    "social_instagram_link": "https:\/\/instagram.com\/",
    "social_instagram_label": "100k Followers",
    "wishlist_page": "",
    "product_compare_page": "",
    "gm_api": "",
    "instagram_token": "",
    "custom_css": ".sf__index-instagram .section-my {\n  margin-bottom: 0;\n}\n.sf-footer .form-control.form__control-icon {\n  border: 1px solid #d4d4d4;\n}\n.sf__index-custom-content-1 .image-card__content .sf__btn.sf__btn-link {\n  padding: 0;\n  font-weight: 400;\n}\n.sf__index-custom-content-1\n  .image-card__content\n  .sf__btn.sf__btn-link::before {\n  background-color: rgba(0, 0, 0, 0.25);\n  height: 1px;\n}\n.sf__index-custom-content-1\n  .image-card__content\n  .sf__btn.sf__btn-link::after {\n  height: 1px;\n}\n.sf__index-custom-content-1 .image-card__content-inner {\n  display: flex;\n  flex-direction: column;\n  align-items: flex-start;\n  height: 100%;\n  justify-content: space-between;\n}\n.sf__index-custom-content-1 .image-card__content-inner .image__card-subheading {\n  font-weight: 500;\n}\n@media (min-width: 768px) and (max-width: 1279px) {\n  .sf__index-instagram .sf-column .sf-grid {\n    margin: 0 -8px -16px;\n  }\n  .sf__index-instagram .sf-column {\n    padding: 0 8px 16px;\n  }\n}\n@media (min-width: 1280px) {\n  .sf-footer .sf__footer-block-newsletter .sf__footer-block-title {\n    font-size: 36px;\n    line-height: 52px;\n    font-weight: 400;\n  }\n}\n@media (max-width: 767px) {\n  .sf__index-custom-content-2 .sf__ms .image-card__content {\n    padding-top: 0.315rem;\n  }\n  .sf__index-product-tab .sf__ms + div.mt-8 {\n    margin-top: 0;\n  }\n  .sf__index-instagram .section-my {\n    margin-bottom: 40px;\n  }\n  .sf__index-slideshow a.sf__mobile-button {\n    width: 100%;\n  }\n}\n@media (max-width: 576px) {\n  .sf__index-product-tab .sf__btn-primary,\n  .sf__index-product-tab .sf__btn-secondary {\n    width: 100%;\n  }\n}\n\n.sf__index-product-tab .sf-tabs-container .product-tabs__header a {\n  font-weight: 500;\n}",
    "size_chart": "size-guide",
    "sections": {
      "page-faqs": {
        "type": "page-faqs",
        "blocks": {
          "2802736b-f08f-4510-a4f7-4ad7d748992d": {
            "type": "content",
            "settings": {
              "content": "<div class=\"mb-10\"><img src=\"https:\/\/cdn.shopify.com\/s\/files\/1\/0561\/2742\/2636\/files\/faqs.jpg?v=1620784288\"><\/div>\n<h3 class=\"font-medium text-xl mb-4\">Awkwardness gives me great comfort. I’ve never been cool, but I’ve felt cool. I’ve been in the cool place, but I wasn’t really cool – I was trying to pass for hip or cool.<\/h3>\n<p>A girl should be two things: classy and fabulous. I am convinced that there can be luxury in simplicity. I wanted to dress the woman who lives and works, not the woman in a painting. It’s hard to balance everything. It’s always challenging. My relationships with producers or photographers – these are relationships that took years. I can’t get sucked into that celebrity thing, because I think it’s just crass. My aim is to make the poor look rich.<\/p>"
            }
          },
          "4e151238-4480-4122-b893-7f4a19886e4c": {
            "type": "accordion",
            "settings": {
              "title": "What shipping methods are availbale?",
              "content": "<p>Lorem ipsum dolor sit amet conse ctetur adipisicing elit, sed do eiusmod tempor incididunt ut labore et dolore magna aliqua. Ut enim ad minim veniam, quis nostrud exercitation ullamco laboris nisi ut aliquip ex ea commodo consequat. Duis aute irure dolor in reprehenderit in voluptate velit esse cillum dolore eu fugiat.<br\/><br\/>Ut enim ad minim veniam, quis nostrud exercitation ullamco laboris nisi ut aliquip ex ea commodo consequat. Duis aute irure dolor in reprehenderit.<\/p>",
              "open": true
            }
          },
          "c5d4d04d-f6c1-4d1e-99f0-3c221393a3cf": {
            "type": "accordion",
            "settings": {
              "title": "How long will it take to get my package?",
              "content": "<p>Lorem ipsum dolor sit amet conse ctetur adipisicing elit, sed do eiusmod tempor incididunt ut labore et dolore magna aliqua. Ut enim ad minim veniam, quis nostrud exercitation ullamco laboris nisi ut aliquip.<\/p>",
              "open": false
            }
          },
          "0131747b-8b40-432f-b634-b1289ec41911": {
            "type": "accordion",
            "settings": {
              "title": "Do you ship internationally?",
              "content": "<p>Lorem ipsum dolor sit amet conse ctetur adipisicing elit, sed do eiusmod tempor incididunt ut labore et dolore magna aliqua. Ut enim ad minim veniam, quis nostrud exercitation ullamco laboris nisi ut aliquip.<\/p>",
              "open": false
            }
          },
          "5d7206e9-5375-4da6-9a1f-24e1c46230b0": {
            "type": "accordion",
            "settings": {
              "title": "What payment methods are accepted?",
              "content": "<p>Lorem ipsum dolor sit amet conse ctetur adipisicing elit, sed do eiusmod tempor incididunt ut labore et dolore magna aliqua. Ut enim ad minim veniam, quis nostrud exercitation ullamco laboris nisi ut aliquip ex ea commodo consequat. Duis aute irure dolor in reprehenderit in voluptate velit esse cillum dolore eu fugiat.<\/p>",
              "open": false
            }
          },
          "4008f61e-055e-42ba-8969-cb3715c0aece": {
            "type": "accordion",
            "settings": {
              "title": "Is buying on-line safe?",
              "content": "<p>Lorem ipsum dolor sit amet conse ctetur adipisicing elit, sed do eiusmod tempor incididunt ut labore et dolore magna aliqua. Ut enim ad minim veniam, quis nostrud exercitation ullamco laboris nisi ut aliquip.<\/p>",
              "open": false
            }
          }
        },
        "block_order": [
          "2802736b-f08f-4510-a4f7-4ad7d748992d",
          "4e151238-4480-4122-b893-7f4a19886e4c",
          "c5d4d04d-f6c1-4d1e-99f0-3c221393a3cf",
          "0131747b-8b40-432f-b634-b1289ec41911",
          "5d7206e9-5375-4da6-9a1f-24e1c46230b0",
          "4008f61e-055e-42ba-8969-cb3715c0aece"
        ],
        "settings": {
          "menu": "faqs-menu"
        }
      },
      "collection-list-template": {
        "type": "collection-list-template",
        "blocks": {
          "f13901cd-9700-4d24-b465-25430b07b611": {
            "type": "collection_item",
            "settings": {
              "collection": "dress",
              "image": "shopify:\/\/shop_images\/mb-1.jpg"
            }
          },
          "dc2d8422-a0fc-4a81-818e-925900842b5a": {
            "type": "collection_item",
            "settings": {
              "collection": "leather-boots",
              "image": "shopify:\/\/shop_images\/ic-2_52c41689-f40b-4287-97c6-1957f415bfd3.jpg"
            }
          },
          "9c5c8c45-1db7-4029-b3b2-2372acce1502": {
            "type": "collection_item",
            "settings": {
              "collection": "sunglasses",
              "image": "shopify:\/\/shop_images\/bitmap_2x_21.jpg"
            }
          },
          "c47aa98f-b079-40d9-b574-b1c6ef4078ff": {
            "type": "collection_item",
            "settings": {
              "collection": "hand-bag",
              "image": "shopify:\/\/shop_images\/bitmap_3x_6.jpg"
            }
          },
          "18e52a82-e7e9-4046-9ac2-91fd4d273f21": {
            "type": "collection_item",
            "settings": {
              "collection": "denim-pants",
              "image": "shopify:\/\/shop_images\/bitmap_3x_5.jpg"
            }
          }
        },
        "block_order": [
          "f13901cd-9700-4d24-b465-25430b07b611",
          "dc2d8422-a0fc-4a81-818e-925900842b5a",
          "9c5c8c45-1db7-4029-b3b2-2372acce1502",
          "c47aa98f-b079-40d9-b574-b1c6ef4078ff",
          "18e52a82-e7e9-4046-9ac2-91fd4d273f21"
        ],
        "settings": {
          "title": "All collection",
          "description": "<p>Posuere in netus a eu varius adipiscing suspendisse elementum vitae<br\/>tempor suspendisse ullamcorper aenean taciti morbi potenti.<\/p>"
        }
      },
      "collection-list": {
        "type": "collection-list",
        "settings": {
        }
      },
      "featured-collection": {
        "type": "featured-collection",
        "settings": {
          "collection": "frontpage"
        }
      },
      "featured-product": {
        "type": "featured-product",
        "settings": {
        }
      },
      "slider": {
        "type": "slider",
        "settings": {
        }
      },
      "header": {
        "type": "header",
        "blocks": {
          "d0890be7-4ef1-4c70-8e06-9ccc45c7f1b6": {
            "type": "topbar",
            "settings": {
              "show_divider": false,
              "show_phone_numb": false,
              "show_email": false,
              "show_social_links": true,
              "show_stores_page": false,
              "show_currency_switcher": true,
              "show_language_switcher": true,
              "alert_message": "Open Doors To A World Of Fashion  |  <span class=\"underline ml-2\"> Discover More<\/span>"
            }
          },
          "257e85de-44c2-46f4-ad24-4406f6505107": {
            "type": "custom_html",
            "settings": {
              "heading": "Home",
              "container": "container",
              "html": ""
            }
          },
          "f5163deb-82f0-4797-871b-86ce2b5b929d": {
            "type": "banner",
            "settings": {
              "heading": "Shop",
              "container": "container",
              "banner_style": "outside",
              "banner_link": "",
              "banner_title": "The New - Season Shoes Edit",
              "banner_desc": "",
              "banner_button_text": "Shop Now"
            }
          },
          "07d1a473-cc18-431b-9b4f-b446c90441ec": {
            "type": "product-list",
            "settings": {
              "heading": "Products",
              "container": "container-fluid",
              "stretch_width": false,
              "collection": "this-weeks-highlights",
              "limit": 6,
              "columns": 2
            }
          },
          "0e800760-65e4-4361-a74d-c3341fd15c2e": {
            "type": "custom_html",
            "settings": {
              "heading": "Features",
              "container": "inherit",
              "html": ""
            }
          }
        },
        "block_order": [
          "d0890be7-4ef1-4c70-8e06-9ccc45c7f1b6",
          "257e85de-44c2-46f4-ad24-4406f6505107",
          "f5163deb-82f0-4797-871b-86ce2b5b929d",
          "07d1a473-cc18-431b-9b4f-b446c90441ec",
          "0e800760-65e4-4361-a74d-c3341fd15c2e"
        ],
        "settings": {
          "header_design": "logo-center__2l",
          "container": "container-fluid",
          "header_sticky": true,
          "transparent_on_top": false,
          "logo_text": "MINIMOG",
          "logo_max_width": 145,
          "sticky_logo_max_width": 140,
          "mobile_logo_max_width": 105,
          "main_menu": "main-menu",
          "secondary_menu": "",
          "uppercase_parent_level": false,
          "search": "show_full",
          "show_account_icon": true,
          "show_cart_icon": true,
          "show_wishlist_icon": true,
          "show_compare_icon": true,
          "show_currency_switcher": false,
          "show_language_switcher": false
        }
      },
      "footer": {
        "type": "footer",
        "blocks": {
          "ce072611-70f1-4378-853e-0ccd41514098": {
            "type": "newsletter",
            "settings": {
              "title": "Don’t miss a thing",
              "description": "Enter your email below to be the first to know about new collections and product launches.",
              "email_placeholder": "Enter your email",
              "form_style": "bordered",
              "show_social": false,
              "width": "33%"
            }
          },
          "4aca3a7b-d918-449c-acee-0aa5efb6bb47": {
            "type": "spacing",
            "settings": {
              "width": "25%"
            }
          },
          "ad3c3166-8ef1-441a-832a-e4c7b30d78ab": {
            "type": "menu",
            "settings": {
              "menu": "main-menu",
              "title": "Information",
              "width": "25%"
            }
          },
          "9191e286-5f7f-4a14-8e7a-3f66ca11cc88": {
            "type": "menu",
            "settings": {
              "menu": "main-menu",
              "title": "Infomation",
              "width": "25%"
            }
          },
          "bbe19fad-7106-487a-a22f-247b07053e7e": {
            "type": "our_store",
            "settings": {
              "title": "Our store",
              "description": "<p>Find a location nearest<br\/>you. <a href=\"#\" title=\"#\"><span style=\"text-decoration:underline\">See Our Stores<\/span><\/a><\/p>",
              "show_email": true,
              "show_phone": true,
              "show_socials_link": false,
              "width": "25%"
            }
          }
        },
        "block_order": [
          "ce072611-70f1-4378-853e-0ccd41514098",
          "4aca3a7b-d918-449c-acee-0aa5efb6bb47",
          "ad3c3166-8ef1-441a-832a-e4c7b30d78ab",
          "9191e286-5f7f-4a14-8e7a-3f66ca11cc88",
          "bbe19fad-7106-487a-a22f-247b07053e7e"
        ],
        "settings": {
          "design": "footer-3",
          "container": "container-fluid",
          "bordered": false,
          "copyright": "© MINIMOG 2021",
          "show_currency_selector": false,
          "show_language_selector": false,
          "show_social_links": true,
          "show_payment_icons": true
        }
      },
      "16184552193b4706ec": {
        "type": "slider",
        "blocks": {
          "16184552193b4706ec-2": {
            "type": "slider_item",
            "settings": {
              "image_alignment": "center top",
              "content_in_container": false,
              "content_position": "center middle",
              "text_alignment": "center",
              "text_size": "medium",
              "text_color": "black",
              "subheading": "",
              "title": "Waffle Hooded Coat",
              "description": "",
              "button_text": "Shop now",
              "button_link": "",
              "button_style": "sf__btn-primary",
              "button_size": "",
              "show_footer": true,
              "footer_alignment": "center",
              "footer_text": "* Sign up for 10% off your first order. Valid within two days of signup.",
              "footer_button": "Show Now",
              "footer_link": ""
            }
          }
        },
        "block_order": [
          "16184552193b4706ec-2"
        ],
        "settings": {
          "container": "container-fluid",
          "slideshow_height": "medium",
          "show_overlay": false,
          "dots_position": "bottom",
          "dots_color": "#000",
          "show_dots": false,
          "show_arrows": false,
          "autorotate": false,
          "autorotate_speed": 5,
          "custom_class": "sf__index-slideshow"
        }
      },
      "collection-page-header": {
        "type": "collection-page-header",
        "settings": {
          "layout": "inside",
          "header_height": "small",
          "text_alignment": "center",
          "vertical_alignment": "center",
          "bg_color": "#ffffff",
          "enable_parallax": true,
          "show_breadcrumb": true,
          "upper_title": false
        }
      },
      "collection-template": {
        "type": "collection-template",
        "blocks": {
          "a511d107-9285-467a-8e4a-7346626d1426": {
            "type": "filter",
            "settings": {
              "show_filtergroup": true,
              "use_accordion": false,
              "open_filtergroup": true,
              "design_filtergroup": "button",
              "title": "Size",
              "filtergroup": "XS,S,M,L,XL"
            }
          },
          "87fb5f71-1e24-4f7d-9f4d-7631c71ecc30": {
            "type": "filter",
            "settings": {
              "show_filtergroup": true,
              "use_accordion": false,
              "open_filtergroup": true,
              "design_filtergroup": "color",
              "title": "Colors",
              "filtergroup": "Blue, Red, White ,Black ,Pink ,Silver,Purple,Brown,Yellow,Grey,Green,Tan,Violet,Dark Grey,Beige,Light Blue, Dark Blue, Light Grey, Light Pink, Mint, Rose Gold, Night Blue, Copper, Coral, Rosy Brown"
            }
          },
          "680b8b35-8165-4ea0-9bef-5d7d1b93a0f8": {
            "type": "collection_list",
            "settings": {
              "show_collectionlist": true,
              "use_accordion": false,
              "open_collectionlist": true,
              "title": "Collections",
              "collectionlist_link": "collections"
            }
          },
          "e66b7743-9ed8-4614-aa7c-c95d1bf037fb": {
            "type": "filter",
            "settings": {
              "show_filtergroup": true,
              "use_accordion": false,
              "open_filtergroup": true,
              "design_filtergroup": "default",
              "title": "Price",
              "filtergroup": "$0-$50,$50-$100,$100-$150,$150-$200,$200-$300,$300-$400"
            }
          },
          "4405b50a-a7a8-4c9c-b1ed-e39c8bf34630": {
            "type": "filter",
            "settings": {
              "show_filtergroup": true,
              "use_accordion": false,
              "open_filtergroup": true,
              "design_filtergroup": "default",
              "title": "Brands",
              "filtergroup": "Minimog,Retrolie,Abby,Brook,Learts,Vagabond"
            }
          },
          "10ca928a-56d4-4a7b-99d7-b228e128aea6": {
            "type": "filter",
            "settings": {
              "show_filtergroup": true,
              "use_accordion": false,
              "open_filtergroup": true,
              "design_filtergroup": "inrow",
              "title": "Tags",
              "filtergroup": "Dress,Tops,Shirts,Fashion,Hats,Sandal,Belt,Bags,Snacker,Denim,Minimog,Vagabond,Sunglasses, Beachwear,Vintage"
            }
          }
        },
        "block_order": [
          "a511d107-9285-467a-8e4a-7346626d1426",
          "87fb5f71-1e24-4f7d-9f4d-7631c71ecc30",
          "680b8b35-8165-4ea0-9bef-5d7d1b93a0f8",
          "e66b7743-9ed8-4614-aa7c-c95d1bf037fb",
          "4405b50a-a7a8-4c9c-b1ed-e39c8bf34630",
          "10ca928a-56d4-4a7b-99d7-b228e128aea6"
        ],
        "settings": {
          "container": "container",
          "grid_layout": "list",
          "grid_columns": "3",
          "pagination_limit": "12",
          "collection_paginate": "paginate",
          "show_filter": true,
          "sidebar": "leftColumn"
        }
      },
      "1618459225636aa0a1": {
        "type": "instagram",
        "settings": {
          "heading": "#minimog",
          "subheading": "",
          "description": "Tag <span class=\"text-black font-medium\">@minimog<\/span> in your Instagram photos for a chance to be featured here.<br>\nFind more inspiration on <span class=\"text-black underline font-medium\">our Instagram.<\/span>",
          "header_alignment": "center",
          "container": "container-fluid",
          "background_color": "rgba(0,0,0,0)",
          "layout": "grid",
          "images_count": 5,
          "grid_columns": 5,
          "gap": 10,
          "mobile_gap": 16,
          "profile": "https:\/\/www.instagram.com\/minimog.trendy\/",
          "button_label": "",
          "custom_class": "sf__index-instagram"
        }
      },
      "product-template": {
        "type": "product-template",
        "settings": {
          "container": "container",
          "layout": "layout-7",
          "show_tags": false,
          "show_vendor": false,
          "show_sku": false,
          "show_categories": false,
          "show_reviews_count": true,
          "show_quantity_selector": true,
          "enable_dynamic_checkout": true,
          "hide_atc_button": false,
          "show_atwl": true,
          "show_atcp": true,
          "show_ask_a_question": true,
          "show_social": true,
          "show_live_views": true,
          "live_views_text": "<p><strong>{{count_number}}<\/strong> <strong>people<\/strong> are viewing this right now<\/p>",
          "live_views_range": "20-30",
          "live_view_duration": "10",
          "live_view_icon_blinks": true,
          "show_delivery_times": true,
          "deliver_text": "<p><strong>Estimated Delivery:<\/strong><\/p>",
          "deliver_days": "3",
          "show_shipping_text": true,
          "shipping_text": "<p><strong>Free Shipping & Returns: <\/strong>On all orders over $75<\/p>",
          "show_trust_badges": true,
          "trust_badges_text": "<p>Guarantee safe & secure checkout<\/p>",
          "trust_badges_image": "shopify:\/\/shop_images\/trustbag.png",
          "trust_badges_image_width": "320px",
          "use_sticky_atc": true,
          "sticky_atc_wishtlist": false,
          "sticky_atc_compare": true
        }
      },
      "product-details-tabs": {
        "type": "product-details-tabs",
        "blocks": {
          "9ea1b263-5d1a-4f04-9179-eb3c9bb0aebc": {
            "type": "description",
            "settings": {
              "header": "Product description"
            }
          },
          "7caa09a7-29a3-48e2-91ab-476150edebe0": {
            "type": "tab",
            "settings": {
              "header": "Shipping & Return",
              "content": "<p>So beautiful you’ll want to show it off, so comfortable you’ll forget it’s there. Our 24\/7™ Lace Contour Plunge Bra combines gorgeous floral lace with sheer overlay straps that hold you in and eliminates gaping. Removable pads let you customize you<\/p>"
            }
          },
          "df6e42a6-1444-4fe5-8860-72b35c1c24f9": {
            "type": "reviews",
            "settings": {
              "header": "Product reviews"
            }
          }
        },
        "block_order": [
          "9ea1b263-5d1a-4f04-9179-eb3c9bb0aebc",
          "7caa09a7-29a3-48e2-91ab-476150edebe0",
          "df6e42a6-1444-4fe5-8860-72b35c1c24f9"
        ],
        "settings": {
          "show_product_tabs": true,
          "container": "container",
          "bg_color": ""
        }
      },
      "product-reviews": {
        "type": "product-reviews",
        "settings": {
          "show_product_reviews": false,
          "container": "container-narrow",
          "heading": "Ratings and Reviews"
        }
      },
      "product-recommendations": {
        "type": "product-recommendations",
        "settings": {
          "show_product_recommendations": true,
          "container": "container",
          "heading": "You Might Also Like",
          "limit": 8,
          "columns": 4,
          "column_gap": 30,
          "enable_slider": true
        }
      },
      "16184838446680fa72": {
        "type": "custom-content",
        "blocks": {
          "bd79e52b-89c3-4552-9929-b2577182c691": {
            "type": "image_card",
            "settings": {
              "width": "33%",
              "content_position": "bottom_center",
              "content_alignment": "center",
              "text_size": "medium",
              "text_color": "white",
              "link": "shopify:\/\/collections\/glasses",
              "title": "",
              "subtitle": "",
              "button_label": "Glasses",
              "button_style": "sf__btn-white",
              "button_size": "",
              "block_custom_class": ""
            }
          },
          "53209273-dcc5-4a20-bb0d-8c24c8eee990": {
            "type": "image_card",
            "settings": {
              "width": "33%",
              "content_position": "bottom_center",
              "content_alignment": "center",
              "text_size": "medium",
              "text_color": "black",
              "link": "shopify:\/\/collections\/sneakers",
              "title": "",
              "subtitle": "",
              "button_label": "Sneakers",
              "button_style": "sf__btn-white",
              "button_size": "",
              "block_custom_class": ""
            }
          },
          "e3087e38-cca2-446d-b2d9-148d452a1c40": {
            "type": "image_card",
            "settings": {
              "width": "33%",
              "content_position": "bottom_center",
              "content_alignment": "center",
              "text_size": "medium",
              "text_color": "black",
              "link": "shopify:\/\/collections\/leather-bag",
              "title": "",
              "subtitle": "",
              "button_label": "Handbags",
              "button_style": "sf__btn-white",
              "button_size": "",
              "block_custom_class": ""
            }
          }
        },
        "block_order": [
          "bd79e52b-89c3-4552-9929-b2577182c691",
          "53209273-dcc5-4a20-bb0d-8c24c8eee990",
          "e3087e38-cca2-446d-b2d9-148d452a1c40"
        ],
        "settings": {
          "heading": "This Season Collection",
          "subheading": "",
          "description": "",
          "header_alignment": "center",
          "container": "container-fluid",
          "background_color": "",
          "gap": 30,
          "use_scroll_mobile": true,
          "gap_mobile": 16,
          "custom_class": "sf__index-custom-content-2"
        }
      },
      "contact-information": {
        "type": "contact-information",
        "settings": {
        }
      },
      "maps": {
        "type": "maps",
        "settings": {
          "textx": "40.6700",
          "texty": "-73.9400",
          "zoom": "11",
          "text2": "New York"
        }
      },
      "contact-template": {
        "type": "contact-template",
        "blocks": {
          "fa745174-1737-441e-b620-f131c694202f": {
            "type": "textblock",
            "settings": {
              "title": "Address",
              "content": "<p>7895 Piermont Dr NE Albuquerque, NM 198866, <a href=\"#\">See Our Stores<\/a><\/p>"
            }
          },
          "a54d20d6-8f34-41fb-a5c4-2bf04cf35fe3": {
            "type": "textblock",
            "settings": {
              "title": "Infomation",
              "content": "<p>+391 (0)35 2568 4593<\/p><p>hello@domain.com<\/p>"
            }
          },
          "8247396b-eb3d-41c6-9e52-8c2d55fe6b92": {
            "type": "socialmedia",
            "settings": {
              "title": "Social Media"
            }
          }
        },
        "block_order": [
          "fa745174-1737-441e-b620-f131c694202f",
          "a54d20d6-8f34-41fb-a5c4-2bf04cf35fe3",
          "8247396b-eb3d-41c6-9e52-8c2d55fe6b92"
        ],
        "settings": {
          "title": "We would love to hear from you.",
          "description": "<p>If you’ve got great products your making or looking to work with us then drop us a line.<\/p>"
        }
      },
      "product-details-accordion": {
        "type": "product-details-accordion",
        "settings": {
          "show_accordion": false,
          "use_container": false,
          "position": "bottom_info"
        }
      },
      "recent-viewed-products": {
        "type": "recent-viewed-products",
        "settings": {
          "heading": "Recently Viewed Products",
          "container": "container",
          "columns": 4,
          "column_gap": 30,
          "enable_slider": true,
          "show_product_page": true,
          "show_cart_page": true,
          "show_collection_page": false
        }
      },
      "product-features": {
        "type": "product-features",
        "blocks": {
          "5598cb0b-4cfd-4dde-9b08-2f22005b9a5c": {
            "type": "feature",
            "settings": {
              "image": "shopify:\/\/shop_images\/Frame_1.png",
              "title": "Free Shipping",
              "description": "<p>Get complimentary ground shipping on every<br\/> order.Don’t love it? Send it back, on us.<\/p>",
              "link": ""
            }
          },
          "9ff2277d-e2ce-4ba8-a322-6bcc582ae11c": {
            "type": "feature",
            "settings": {
              "image": "shopify:\/\/shop_images\/Frame_2.png",
              "title": "Earn Points",
              "description": "<p>Join Minimog Rewards to earn gift cards<br\/>and enjoy exclusive member benefits.<\/p>",
              "link": ""
            }
          },
          "629fdc15-f48a-43cc-9f78-051eda2c7ed6": {
            "type": "feature",
            "settings": {
              "image": "shopify:\/\/shop_images\/Frame_3.png",
              "title": "Money Back Gurantee",
              "description": "<p>We believe getting dressed should be the<br\/> easiest part of your day.<\/p>",
              "link": ""
            }
          }
        },
        "block_order": [
          "5598cb0b-4cfd-4dde-9b08-2f22005b9a5c",
          "9ff2277d-e2ce-4ba8-a322-6bcc582ae11c",
          "629fdc15-f48a-43cc-9f78-051eda2c7ed6"
        ],
        "settings": {
          "show_featured": true,
          "container": "container",
          "heading": "Why Minimog ?",
          "item_per_row": 3,
          "card_style": "vertical",
          "image_max_width": "70px",
          "content_alignment": "center"
        }
      },
      "annoucement": {
        "type": "annoucement",
        "settings": {
          "show_announcement": false,
          "homepage_only": true,
          "show_close": true,
          "message": "Open Doors To A World Of Fashion  |  <span class=\"underline\">Discover More<\/span>",
          "message_link": "",
          "show_divider": false
        }
      },
      "1626487173b943c108": {
        "type": "product-tabs",
        "blocks": {
          "1626487173b943c108-0": {
            "type": "tab",
            "settings": {
              "title": "Hot Items",
              "collection": "accessories"
            }
          },
          "1626487173b943c108-1": {
            "type": "tab",
            "settings": {
              "title": "Best Sellers",
              "collection": "best-sellers"
            }
          },
          "1fcf9bc0-5d2b-410c-a6bd-fdafd2b25a0f": {
            "type": "tab",
            "settings": {
              "title": "On Sale",
              "collection": "on-sale"
            }
          },
          "21fbb268-20b4-49b4-b494-54acca9a4974": {
            "type": "tab",
            "settings": {
              "title": "New Arrivals",
              "collection": "new-arrivals"
            }
          }
        },
        "block_order": [
          "1626487173b943c108-0",
          "1626487173b943c108-1",
          "1fcf9bc0-5d2b-410c-a6bd-fdafd2b25a0f",
          "21fbb268-20b4-49b4-b494-54acca9a4974"
        ],
        "settings": {
          "heading": "This Week's Highlights",
          "subheading": "",
          "description": "",
          "header_alignment": "center",
          "container": "container",
          "background_color": "rgba(0,0,0,0)",
          "tab_header": "horizontal",
          "limit": 8,
          "show_button": true,
          "button_type": "load",
          "button_label": "Shop Now",
          "button_style": "sf__btn-secondary",
          "button_size": "",
          "pcard_layout": "",
          "pcard_image_ratio": "",
          "show_vendor": false,
          "items_per_row": 4,
          "item_gap": 30,
          "item_gap_mobile": 16,
          "enable_slider": false,
          "show_pagination": false,
          "show_navigation": false,
          "custom_class": "sf__index-product-tab"
        }
      },
      "162648812285ec372a": {
        "type": "custom-content",
        "blocks": {
          "8fd0e966-040f-4b4c-b3ca-f6b71427a69d": {
            "type": "image_card",
            "settings": {
              "width": "50%",
              "content_position": "center_left",
              "content_alignment": "left",
              "text_size": "medium",
              "text_color": "black",
              "link": "shopify:\/\/collections\/sandals",
              "title": "Black Mules",
              "subtitle": "New Arrivals",
              "button_label": "Shop Now",
              "button_style": "sf__btn-link",
              "button_size": "",
              "block_custom_class": ""
            }
          },
          "37c80e87-ae0a-4395-addd-33cc4b387b6c": {
            "type": "image_card",
            "settings": {
              "width": "50%",
              "content_position": "center_left",
              "content_alignment": "left",
              "text_size": "medium",
              "text_color": "black",
              "link": "shopify:\/\/collections\/leather-bag",
              "title": "Chain Bucket",
              "subtitle": "New Arrivals",
              "button_label": "Shop Now",
              "button_style": "sf__btn-link",
              "button_size": "",
              "block_custom_class": ""
            }
          }
        },
        "block_order": [
          "8fd0e966-040f-4b4c-b3ca-f6b71427a69d",
          "37c80e87-ae0a-4395-addd-33cc4b387b6c"
        ],
        "settings": {
          "heading": "",
          "subheading": "",
          "description": "",
          "header_alignment": "center",
          "container": "container",
          "background_color": "",
          "gap": 30,
          "use_scroll_mobile": false,
          "gap_mobile": 16,
          "custom_class": "sf__index-custom-content-1"
        }
      },
      "content-before-products": {
        "type": "content-before-products",
        "settings": {
          "container": "container-fluid",
          "background_color": "",
          "gap": 30,
          "gap_mobile": 16
        }
      },
      "content-after-products": {
        "type": "content-after-products",
        "settings": {
          "container": "container-fluid",
          "background_color": "",
          "gap": 30,
          "gap_mobile": 16
        }
      },
      "mobile-sticky-bar": {
        "type": "mobile-sticky-bar",
        "settings": {
          "show_mobile_sticky": true,
          "show_home_icon": true,
          "show_collection_icon": true,
          "show_cart_icon": true,
          "show_search_icon": true,
          "show_account_icon": false,
          "show_wishlist_icon": false
        }
      }
    },
    "content_for_index": [
      "16184552193b4706ec",
      "16184838446680fa72",
      "1626487173b943c108",
      "162648812285ec372a",
      "1618459225636aa0a1"
    ]
  },
  "presets": {
    "Default": {
      "sections": {
        "featured-collection": {
          "type": "featured-collection",
          "settings": {
            "collection": "frontpage"
          }
        },
        "featured-product": {
          "type": "featured-product",
          "settings": {
          }
        }
      },
      "content_for_index": [
        "featured-collection",
        "featured-product"
      ]
    }
  }
}