{
  "current": {
    "favicon": "shopify:\/\/shop_images\/fav_icon_dark_1.png",
    "container_width": 1280,
    "container_fluid_offset": 65,
    "color_primary": "#000",
    "color_sub_text": "#666666",
    "color_btn_bg_hover": "#000000",
    "color_annoucement_bg": "#96d196",
    "color_annoucement_text": "#ffffff",
    "color_topbar_bg": "#ffffff",
    "color_topbar_text": "#000000",
    "bg_cart_wishlist_count": "#da3f3f",
    "color_footer_bg": "#f5f5f5",
    "color_footer_text": "#000",
    "color_footer_link": "#666666",
    "color_footer_link_hover": "#000000",
    "color_footer_bottom_bg": "#f5f5f5",
    "color_footer_bottom_text": "#000000",
    "color_border": "#d9d9d9",
    "img_overlay_opacity": 20,
    "use_custom_font_body": true,
    "custom_body_font": "https:\/\/cdn.shopify.com\/s\/files\/1\/0561\/2742\/2636\/files\/Jost-Light.ttf?v=1618297125@300\nhttps:\/\/cdn.shopify.com\/s\/files\/1\/0561\/2742\/2636\/files\/Jost-Regular.ttf?v=1618297125@400\nhttps:\/\/cdn.shopify.com\/s\/files\/1\/0561\/2742\/2636\/files\/Jost-Medium.ttf?v=1618297125@500\nhttps:\/\/cdn.shopify.com\/s\/files\/1\/0561\/2742\/2636\/files\/Jost-SemiBold.ttf?v=1618297125@600\nhttps:\/\/cdn.shopify.com\/s\/files\/1\/0561\/2742\/2636\/files\/Jost-Bold.ttf?v=1618297125@700",
    "use_custom_font_heading": true,
    "custom_heading_font": "https:\/\/cdn.shopify.com\/s\/files\/1\/0561\/2742\/2636\/files\/Jost-Light.ttf?v=1618297125@300\nhttps:\/\/cdn.shopify.com\/s\/files\/1\/0561\/2742\/2636\/files\/Jost-Regular.ttf?v=1618297125@400\nhttps:\/\/cdn.shopify.com\/s\/files\/1\/0561\/2742\/2636\/files\/Jost-Medium.ttf?v=1618297125@500\nhttps:\/\/cdn.shopify.com\/s\/files\/1\/0561\/2742\/2636\/files\/Jost-SemiBold.ttf?v=1618297125@600\nhttps:\/\/cdn.shopify.com\/s\/files\/1\/0561\/2742\/2636\/files\/Jost-Bold.ttf?v=1618297125@700",
    "variant_option_design2": "default",
    "product_colors": "red: #FF6961,\nyellow: #FDDA76,\nblack: #000000,\nblack band: #000000,\nblue: #8DB4D2,\ngreen: #C1E1C1,\npurple: #B19CD9,\nsilver: #EEEEEF,\nwhite: #FFFFFF,\nbrown: #836953,\nlight brown: #B5651D,\ndark turquoise: #23cddc,\norange: #FFB347,\ntan: #E9D1BF,\nviolet: #B490B0,\npink: #FFD1DC,\ngrey: #E0E0E0,\nsky: #96BDC6,\npale leaf: #CCD4BF,\nlight blue: #b1c5d4,\ndark grey: #aca69f,\nbeige: #EBE6DB,\nbeige band: #EED9C4,\ndark blue: #063e66,\ncream: #FFFFCC,\nlight pink: #FBCFCD,\nmint: #bedce3,\ndark gray: #3A3B3C,\nrosy brown: #c4a287,\nlight grey:#D3D3D3,\ncopper: #B87333,\nrose gold: #ECC5C0,\nnight blue: #151B54,\ncoral: #FF7F50,\nlight purple: #C6AEC7",
    "filter_color1": "Checked",
    "contact_phone_number": "+391 (0)35 2568",
    "contact_email": "hello@domain.com",
    "social_twitter_link": "",
    "social_facebook_link": "https:\/\/facebook.com\/",
    "social_facebook_label": "300k Followers",
    "social_pinterest_link": "",
    "social_instagram_link": "https:\/\/instagram.com\/",
    "social_instagram_label": "100k Followers",
    "wishlist_page": "",
    "product_compare_page": "",
    "gm_api": "",
    "instagram_token": "",
    "custom_css": ".bg-color-topbar-background.sf-topbar {\n  border-bottom-color: #eeeeee;\n}\ndiv.slide__block-description {\n  color: #666666;\n}\n.prod__trus-badges img {\n  width: 357px;\n}\n.sf-footer .form-control.form__control-icon {\n  background: #ffffff;\n}\n.sf__index-testimonial .sf-slider__controls-prev {\n  left: -113px;\n}\n.sf__index-testimonial .sf-slider__controls-next {\n  right: -113px;\n}\n.sf__index-testimonial .text-color-subtext + .not-change p {\n  font-weight: 600;\n}\n.sf__index-testimonial .swiper-pagination-bullet {\n  margin: 0 10px;\n}\n.sf__index-collection-list sup {\n  top: -1em;\n  right: -0.2em;\n}\n\n.sf__index-icon-box {\n  border-top: 1px solid #eeeeee;\n}\n.sf__index-icon-box .section-py {\n  padding-top: 40px;\n  padding-bottom: 40px;\n}\n.sf__index-icon-box .sf-icon-box__text h3 {\n  font-weight: 500;\n  font-size: 20px;\n}\n.sf__index-icon-box .sf-icon-box__text .rte {\n  color: #777777;\n}\n.sf__index-slideshow .sf__btn-link.-mt-1 {\n  margin-top: 0;\n}\n.sf__index-collection-list .collection-card__info h3:hover {\n  color: #666666;\n}\n.sf__index-testimonial .swiper-pagination {\n  margin-top: 60px;\n}\n@media screen and (max-width: 1535px) {\n  .sf__index-testimonial .swiper-pagination {\n    margin-top: 50px;\n  }\n}\n\n@media (min-width: 768px) {\n  .sf__index-collection-list .section-my {\n    margin-top: 30px;\n  }\n}\n\n@media (max-width: 767px) {\n  .sf__index-icon-box {\n    border-top: 0;\n  }\n  .sf__index-icon-box .section-py {\n    padding-top: 0;\n  }\n  .sf__index-blog-posts .sf__blog-post-button .sf__btn-secondary {\n    width: 100%;\n  }\n}\n@media (max-width: 576px) {\n  .sf__index-slideshow .sf__btn-primary,\n  .sf__index-featured-collection .sf__btn-secondary {\n    width: 100%;\n  }\n}",
    "sale_popup_collection": "sale",
    "size_chart": "size-guide",
    "sections": {
      "collection-list": {
        "type": "collection-list",
        "settings": {
        }
      },
      "featured-collection": {
        "type": "featured-collection",
        "settings": {
          "collection": "frontpage"
        }
      },
      "featured-product": {
        "type": "featured-product",
        "settings": {
        }
      },
      "slider": {
        "type": "slider",
        "settings": {
        }
      },
      "header": {
        "type": "header",
        "blocks": {
          "2548212d-1f7e-4c3e-9c8d-34f664f7fda4": {
            "type": "topbar",
            "settings": {
              "show_divider": true,
              "show_phone_numb": false,
              "show_email": false,
              "show_social_links": true,
              "show_stores_page": false,
              "show_currency_switcher": true,
              "show_language_switcher": true,
              "alert_message": "Open Doors To A World Of Fashion  |  Discover More"
            }
          },
          "fab31269-e380-484e-8f6b-6e9225d380b2": {
            "type": "product-list",
            "settings": {
              "heading": "Products",
              "container": "container-fluid",
              "stretch_width": false,
              "collection": "this-weeks-highlights",
              "limit": 6,
              "columns": 2
            }
          },
          "0b3d26e4-72b2-4449-8809-5c95c29b31c6": {
            "type": "banner",
            "settings": {
              "heading": "Shop",
              "container": "container",
              "banner_style": "outside",
              "banner_link": "",
              "banner_title": "The New - Season Shoes Edit",
              "banner_desc": "",
              "banner_button_text": "Shop Now"
            }
          },
          "2302c624-bccf-41c1-8cf1-317ca6da9bb8": {
            "type": "custom_html",
            "settings": {
              "heading": "Home",
              "container": "container",
              "html": ""
            }
          },
          "a9bb5f3f-e099-4f3a-b0a0-1f1f8427ad87": {
            "type": "custom_html",
            "settings": {
              "heading": "Features",
              "container": "inherit",
              "html": ""
            }
          }
        },
        "block_order": [
          "2548212d-1f7e-4c3e-9c8d-34f664f7fda4",
          "fab31269-e380-484e-8f6b-6e9225d380b2",
          "0b3d26e4-72b2-4449-8809-5c95c29b31c6",
          "2302c624-bccf-41c1-8cf1-317ca6da9bb8",
          "a9bb5f3f-e099-4f3a-b0a0-1f1f8427ad87"
        ],
        "settings": {
          "header_design": "logo-center-menu-left",
          "container": "container-fluid",
          "header_sticky": true,
          "transparent_on_top": false,
          "logo_text": "MINIMOG",
          "logo_max_width": 145,
          "sticky_logo_max_width": 140,
          "mobile_logo_max_width": 105,
          "main_menu": "main-menu",
          "secondary_menu": "",
          "uppercase_parent_level": false,
          "search": "show_icon",
          "show_account_icon": true,
          "show_cart_icon": true,
          "show_wishlist_icon": true,
          "show_compare_icon": false,
          "show_currency_switcher": false,
          "show_language_switcher": false
        }
      },
      "footer": {
        "type": "footer",
        "blocks": {
          "c5f5a464-8b3c-4c63-94a1-aef3586482aa": {
            "type": "our_store",
            "settings": {
              "title": "Company",
              "description": "<p>Find a location nearest you.<br\/><a href=\"\/pages\/contact-us\" title=\"Contact Us\"><span style=\"text-decoration:underline\">See our stores<\/span><\/a><\/p>",
              "show_email": true,
              "show_phone": true,
              "show_socials_link": false,
              "width": "25%"
            }
          },
          "85209d5e-c364-489f-8320-73d204b3ed46": {
            "type": "menu",
            "settings": {
              "menu": "main-menu",
              "title": "Information",
              "width": "25%"
            }
          },
          "d5978e13-bd48-4f66-bbbe-5b0e5bb800f5": {
            "type": "menu",
            "settings": {
              "menu": "main-menu",
              "title": "Services",
              "width": "25%"
            }
          },
          "8d6ff29d-e8b7-411b-addc-ed3b7d2f67b3": {
            "type": "newsletter",
            "settings": {
              "title": "Subscribe",
              "description": "Enter your email below to be the first to know about new collections and product launches.",
              "email_placeholder": "Enter your email",
              "form_style": "bordered",
              "show_social": false,
              "width": "25%"
            }
          }
        },
        "block_order": [
          "c5f5a464-8b3c-4c63-94a1-aef3586482aa",
          "85209d5e-c364-489f-8320-73d204b3ed46",
          "d5978e13-bd48-4f66-bbbe-5b0e5bb800f5",
          "8d6ff29d-e8b7-411b-addc-ed3b7d2f67b3"
        ],
        "settings": {
          "design": "footer-2",
          "container": "container-fluid",
          "bordered": true,
          "copyright": "© MINIMOG 2021",
          "show_currency_selector": true,
          "show_language_selector": true,
          "show_social_links": true,
          "show_payment_icons": true
        }
      },
      "16184552193b4706ec": {
        "type": "slider",
        "blocks": {
          "16184552193b4706ec-0": {
            "type": "slider_item",
            "settings": {
              "image_alignment": "center middle",
              "content_in_container": false,
              "content_position": "left bottom",
              "text_alignment": "left",
              "text_size": "large",
              "text_color": "black",
              "subheading": "",
              "title": "New<br>\nCollection",
              "description": "<p>Shop your outfit style.<\/p>",
              "button_text": "Shop now",
              "button_link": "shopify:\/\/collections\/braided-sandals",
              "button_style": "sf__btn-primary",
              "button_size": "",
              "show_footer": true,
              "footer_alignment": "end",
              "footer_text": "The ReCotton Tee",
              "footer_button": "Shop Now",
              "footer_link": "shopify:\/\/collections\/braided-sandals"
            }
          },
          "16184552193b4706ec-1": {
            "type": "slider_item",
            "settings": {
              "image_alignment": "center middle",
              "content_in_container": false,
              "content_position": "left bottom",
              "text_alignment": "left",
              "text_size": "large",
              "text_color": "black",
              "subheading": "",
              "title": "Everyday<br>Fashion",
              "description": "<p>Choose the best. Choose us.<\/p>",
              "button_text": "Shop now",
              "button_link": "shopify:\/\/collections\/leather-boots",
              "button_style": "sf__btn-primary",
              "button_size": "",
              "show_footer": true,
              "footer_alignment": "end",
              "footer_text": "The ReCotton Tee",
              "footer_button": "Shop Now",
              "footer_link": "shopify:\/\/collections\/leather-boots"
            }
          },
          "16184552193b4706ec-2": {
            "type": "slider_item",
            "settings": {
              "image_alignment": "center middle",
              "content_in_container": false,
              "content_position": "left bottom",
              "text_alignment": "left",
              "text_size": "large",
              "text_color": "black",
              "subheading": "",
              "title": "Hot<br>Trend",
              "description": "<p>Be Stylish, be our customer.<\/p>",
              "button_text": "Shop now",
              "button_link": "",
              "button_style": "sf__btn-primary",
              "button_size": "",
              "show_footer": true,
              "footer_alignment": "end",
              "footer_text": "The ReCotton Tee",
              "footer_button": "Shop Now",
              "footer_link": "shopify:\/\/collections\/accessories"
            }
          }
        },
        "block_order": [
          "16184552193b4706ec-0",
          "16184552193b4706ec-1",
          "16184552193b4706ec-2"
        ],
        "settings": {
          "container": "w-full",
          "slideshow_height": "fullscreen",
          "show_overlay": false,
          "dots_position": "right",
          "dots_color": "dark",
          "show_dots": true,
          "show_arrows": false,
          "autorotate": true,
          "autorotate_speed": 5,
          "custom_class": "sf__index-slideshow"
        }
      },
      "16184584660def4136": {
        "type": "collection-list",
        "blocks": {
          "16184584660def4136-0": {
            "type": "collection_block",
            "settings": {
              "collection": "jackets",
              "title": ""
            }
          },
          "16184584660def4136-2": {
            "type": "collection_block",
            "settings": {
              "collection": "glasses-2",
              "title": "Glasses"
            }
          },
          "16184584660def4136-1": {
            "type": "collection_block",
            "settings": {
              "collection": "tops",
              "title": ""
            }
          },
          "e82c4b3f-453c-4aef-be00-fa3c8bf221f5": {
            "type": "collection_block",
            "settings": {
              "collection": "new-arrivals",
              "title": "New arrivals"
            }
          }
        },
        "block_order": [
          "16184584660def4136-0",
          "16184584660def4136-2",
          "16184584660def4136-1",
          "e82c4b3f-453c-4aef-be00-fa3c8bf221f5"
        ],
        "settings": {
          "heading": "",
          "subheading": "",
          "description": "",
          "header_alignment": "center",
          "container": "container-fluid",
          "background_color": "rgba(0,0,0,0)",
          "layout": "grid",
          "card_style": "standard",
          "text_alignment": "left",
          "hover_effect": "scaling-down",
          "show_product_count": true,
          "count_inline_title": true,
          "image_rounded": false,
          "items_per_row": 4,
          "item_gap": 30,
          "enable_slider": false,
          "show_pagination": false,
          "show_navigation": false,
          "autorotate": false,
          "autorotate_speed": 5,
          "use_scroll_mobile": true,
          "mobile_gap": 16,
          "hidden_slide_control_mobile": false,
          "custom_class": "sf__index-collection-list"
        }
      },
      "1618459461b6f9a6ca": {
        "type": "featured-collection",
        "settings": {
          "heading": "This Week's Highlights",
          "subheading": "",
          "description": "",
          "header_alignment": "center",
          "container": "container",
          "background_color": "rgba(0,0,0,0)",
          "collection": "best-sellers",
          "product_to_show": 8,
          "items_per_row": 4,
          "item_gap": 30,
          "pcard_layout": "",
          "pcard_image_ratio": "",
          "show_vendor": false,
          "enable_slider": false,
          "show_pagination": false,
          "show_navigation": false,
          "button_type": "link",
          "button_text": "Shop Now",
          "button_style": "sf__btn-secondary",
          "button_size": "",
          "infinite_load": false,
          "max_page_load": 3,
          "use_scroll_mobile": true,
          "item_gap_mobile": 16,
          "custom_class": "sf__index-featured-collection"
        }
      },
      "collection-page-header": {
        "type": "collection-page-header",
        "blocks": {
          "685ddbc2-82d7-49d4-b88e-2bf075fd58cc": {
            "type": "banner",
            "settings": {
              "collection": ""
            }
          }
        },
        "block_order": [
          "685ddbc2-82d7-49d4-b88e-2bf075fd58cc"
        ],
        "settings": {
          "layout": "inside",
          "header_height": "small",
          "text_alignment": "center",
          "vertical_alignment": "center",
          "bg_color": "#ffffff",
          "enable_parallax": false,
          "show_breadcrumb": true,
          "upper_title": false
        }
      },
      "collection-template": {
        "type": "collection-template",
        "blocks": {
          "a177ee83-53f1-47a5-aec2-5eb8b1194ed7": {
            "type": "filter",
            "settings": {
              "show_filtergroup": true,
              "use_accordion": false,
              "open_filtergroup": true,
              "design_filtergroup": "button",
              "title": "Size",
              "filtergroup": "XS,S,M,L,XL"
            }
          },
          "fa59a035-a42a-49ce-b73f-4c9bd6737ee0": {
            "type": "filter",
            "settings": {
              "show_filtergroup": true,
              "use_accordion": false,
              "open_filtergroup": true,
              "design_filtergroup": "color",
              "title": "Colors",
              "filtergroup": "Blue, Red, White ,Black ,Pink ,Silver,Purple,Brown,Yellow,Grey,Green,Tan,Violet,Dark Grey,Beige,Light Blue, Dark Blue, Light Grey, Light Pink, Mint, Rose Gold, Night Blue, Copper, Coral, Rosy Brown"
            }
          },
          "1428a381-77da-4d7b-ae00-05c2f5eb9657": {
            "type": "collection_list",
            "settings": {
              "show_collectionlist": true,
              "use_accordion": false,
              "open_collectionlist": true,
              "title": "Collections",
              "collectionlist_link": "collections"
            }
          },
          "87334a46-95b0-4517-b338-d3732f2b3670": {
            "type": "filter",
            "settings": {
              "show_filtergroup": true,
              "use_accordion": false,
              "open_filtergroup": true,
              "design_filtergroup": "default",
              "title": "Price",
              "filtergroup": "$0-$50,$50-$100,$100-$150,$150-$200,$200-$300,$300-$400"
            }
          },
          "47cf8594-e0dd-4f31-9204-28e4ae10f90c": {
            "type": "filter",
            "settings": {
              "show_filtergroup": true,
              "use_accordion": false,
              "open_filtergroup": true,
              "design_filtergroup": "default",
              "title": "Brands",
              "filtergroup": "Minimog,Retrolie,Abby,Brook,Learts,Vagabond"
            }
          },
          "1665a3ee-1c18-4422-91d9-686700948b5d": {
            "type": "filter",
            "settings": {
              "show_filtergroup": true,
              "use_accordion": false,
              "open_filtergroup": true,
              "design_filtergroup": "inrow",
              "title": "Tags",
              "filtergroup": "Dress,Tops,Shirts,Fashion,Hats,Sandal,Belt,Bags,Snacker,Denim,Minimog,Vagabond,Sunglasses, Beachwear,Vintage"
            }
          }
        },
        "block_order": [
          "a177ee83-53f1-47a5-aec2-5eb8b1194ed7",
          "fa59a035-a42a-49ce-b73f-4c9bd6737ee0",
          "1428a381-77da-4d7b-ae00-05c2f5eb9657",
          "87334a46-95b0-4517-b338-d3732f2b3670",
          "47cf8594-e0dd-4f31-9204-28e4ae10f90c",
          "1665a3ee-1c18-4422-91d9-686700948b5d"
        ],
        "settings": {
          "container": "w-full",
          "grid_layout": "grid",
          "grid_columns": "5",
          "pagination_limit": "15",
          "collection_paginate": "loadmore",
          "show_filter": true,
          "sidebar": "fixed"
        }
      },
      "product-template": {
        "type": "product-template",
        "settings": {
          "container": "container",
          "layout": "layout-6",
          "show_tags": false,
          "show_vendor": false,
          "show_sku": false,
          "show_categories": false,
          "show_reviews_count": true,
          "show_quantity_selector": true,
          "enable_dynamic_checkout": true,
          "hide_atc_button": false,
          "show_atwl": true,
          "show_atcp": true,
          "show_ask_a_question": true,
          "show_social": true,
          "show_live_views": true,
          "live_views_text": "<p><strong>{{count_number}}<\/strong> <strong>people<\/strong> are viewing this right now<\/p>",
          "live_views_range": "20-30",
          "live_view_duration": "10",
          "live_view_icon_blinks": true,
          "show_delivery_times": true,
          "deliver_text": "<p><strong>Estimated Delivery:<\/strong><\/p>",
          "deliver_days": "3",
          "show_shipping_text": true,
          "shipping_text": "<p><strong>Free Shipping & Returns: <\/strong>On all orders over $75<\/p>",
          "show_trust_badges": true,
          "trust_badges_text": "<p>Guarantee safe & secure checkout<\/p>",
          "trust_badges_image": "shopify:\/\/shop_images\/trust_badge_22.png",
          "trust_badges_image_width": "320px",
          "use_sticky_atc": true,
          "sticky_atc_wishtlist": true,
          "sticky_atc_compare": true
        }
      },
      "product-details-tabs": {
        "type": "product-details-tabs",
        "blocks": {
          "37a1b6ce-58ad-4aa9-8e19-063c5bdd3c98": {
            "type": "description",
            "settings": {
              "header": "Product description"
            }
          },
          "0ec004a5-fef0-4af3-a375-92269cc7bdc3": {
            "type": "tab",
            "settings": {
              "header": "Shipping & Return",
              "content": "<p>So beautiful you’ll want to show it off, so comfortable you’ll forget it’s there. Our 24\/7™ Lace Contour Plunge Bra combines gorgeous floral lace with sheer overlay straps that hold you in and eliminates gaping. Removable pads let you customize you<\/p>"
            }
          },
          "038722d4-e841-436a-ab9a-7aaa7a8045e7": {
            "type": "reviews",
            "settings": {
              "header": "Product reviews"
            }
          }
        },
        "block_order": [
          "37a1b6ce-58ad-4aa9-8e19-063c5bdd3c98",
          "0ec004a5-fef0-4af3-a375-92269cc7bdc3",
          "038722d4-e841-436a-ab9a-7aaa7a8045e7"
        ],
        "settings": {
          "show_product_tabs": true,
          "container": "container",
          "bg_color": ""
        }
      },
      "product-reviews": {
        "type": "product-reviews",
        "settings": {
          "show_product_reviews": false,
          "container": "container-narrow",
          "heading": "Ratings and Reviews"
        }
      },
      "product-recommendations": {
        "type": "product-recommendations",
        "settings": {
          "show_product_recommendations": true,
          "container": "container",
          "heading": "You Might Also Like",
          "limit": 8,
          "columns": 4,
          "column_gap": 30,
          "enable_slider": true
        }
      },
      "collection-list-template": {
        "type": "collection-list-template",
        "blocks": {
          "f13901cd-9700-4d24-b465-25430b07b611": {
            "type": "collection_item",
            "settings": {
              "collection": "dress",
              "image": "shopify:\/\/shop_images\/mb-1.jpg"
            }
          },
          "dc2d8422-a0fc-4a81-818e-925900842b5a": {
            "type": "collection_item",
            "settings": {
              "collection": "leather-boots",
              "image": "shopify:\/\/shop_images\/ic-2_52c41689-f40b-4287-97c6-1957f415bfd3.jpg"
            }
          },
          "9c5c8c45-1db7-4029-b3b2-2372acce1502": {
            "type": "collection_item",
            "settings": {
              "collection": "sunglasses",
              "image": "shopify:\/\/shop_images\/bitmap_2x_21.jpg"
            }
          },
          "c47aa98f-b079-40d9-b574-b1c6ef4078ff": {
            "type": "collection_item",
            "settings": {
              "collection": "hand-bag",
              "image": "shopify:\/\/shop_images\/bitmap_3x_6.jpg"
            }
          },
          "18e52a82-e7e9-4046-9ac2-91fd4d273f21": {
            "type": "collection_item",
            "settings": {
              "collection": "denim-pants",
              "image": "shopify:\/\/shop_images\/bitmap_3x_5.jpg"
            }
          }
        },
        "block_order": [
          "f13901cd-9700-4d24-b465-25430b07b611",
          "dc2d8422-a0fc-4a81-818e-925900842b5a",
          "9c5c8c45-1db7-4029-b3b2-2372acce1502",
          "c47aa98f-b079-40d9-b574-b1c6ef4078ff",
          "18e52a82-e7e9-4046-9ac2-91fd4d273f21"
        ],
        "settings": {
          "title": "All collection",
          "description": "<p>Posuere in netus a eu varius adipiscing suspendisse elementum vitae<br\/>tempor suspendisse ullamcorper aenean taciti morbi potenti.<\/p>"
        }
      },
      "contact-information": {
        "type": "contact-information",
        "settings": {
        }
      },
      "maps": {
        "type": "maps",
        "settings": {
          "textx": "40.6700",
          "texty": "-73.9400",
          "zoom": "11",
          "text2": "New York"
        }
      },
      "contact-template": {
        "type": "contact-template",
        "blocks": {
          "0b76b9a8-1d13-427d-bab3-e5ca53b94543": {
            "type": "textblock",
            "settings": {
              "title": "Address",
              "content": "<p>7895 Piermont Dr NE Albuquerque, NM 198866, <a href=\"#\">See Our Stores<\/a><\/p>"
            }
          },
          "e13ea378-2ace-4cd5-a803-0c38e7df2ca4": {
            "type": "textblock",
            "settings": {
              "title": "Infomation",
              "content": "<p>+391 (0)35 2568 4593<\/p><p>hello@domain.com<\/p>"
            }
          },
          "ec713dae-95a4-41fa-8722-be8db5698235": {
            "type": "socialmedia",
            "settings": {
              "title": "Social Media"
            }
          }
        },
        "block_order": [
          "0b76b9a8-1d13-427d-bab3-e5ca53b94543",
          "e13ea378-2ace-4cd5-a803-0c38e7df2ca4",
          "ec713dae-95a4-41fa-8722-be8db5698235"
        ],
        "settings": {
          "title": "We would love to hear from you.",
          "description": "<p>If you’ve got great products your making or looking to work with us then drop us a line.<\/p>"
        }
      },
      "recent-viewed-products": {
        "type": "recent-viewed-products",
        "settings": {
          "heading": "Recently Viewed Products",
          "container": "container",
          "columns": 4,
          "column_gap": 30,
          "enable_slider": true,
          "show_product_page": true,
          "show_cart_page": true,
          "show_collection_page": false
        }
      },
      "product-features": {
        "type": "product-features",
        "blocks": {
          "155ab9b9-fadd-4d96-b0cd-cf006983d0f8": {
            "type": "feature",
            "settings": {
              "image": "shopify:\/\/shop_images\/Frame_1.png",
              "title": "Free Shipping",
              "description": "<p>Get complimentary ground shipping on every <br\/>order.Don’t love it? Send it back, on us.<\/p>",
              "link": ""
            }
          },
          "bdeb9f29-c59c-4862-98b5-03bfeb977dab": {
            "type": "feature",
            "settings": {
              "image": "shopify:\/\/shop_images\/Frame_2.png",
              "title": "Earn Points",
              "description": "<p>Join Minimog Rewards to earn gift cards<br\/>and enjoy exclusive member benefits.<\/p>",
              "link": ""
            }
          },
          "55f3b44a-245b-4ee9-b13b-854757afa16d": {
            "type": "feature",
            "settings": {
              "image": "shopify:\/\/shop_images\/Frame_3.png",
              "title": "Money Back Gurantee",
              "description": "<p>We believe getting dressed should be the <br\/>easiest part of your day.<\/p>",
              "link": ""
            }
          }
        },
        "block_order": [
          "155ab9b9-fadd-4d96-b0cd-cf006983d0f8",
          "bdeb9f29-c59c-4862-98b5-03bfeb977dab",
          "55f3b44a-245b-4ee9-b13b-854757afa16d"
        ],
        "settings": {
          "show_featured": true,
          "container": "container",
          "heading": "Why Minimog ?",
          "item_per_row": 3,
          "card_style": "vertical",
          "image_max_width": "70px",
          "content_alignment": "center"
        }
      },
      "page-faqs": {
        "type": "page-faqs",
        "blocks": {
          "2802736b-f08f-4510-a4f7-4ad7d748992d": {
            "type": "content",
            "settings": {
              "content": "<div class=\"mb-10\"><img src=\"https:\/\/cdn.shopify.com\/s\/files\/1\/0561\/2742\/2636\/files\/faqs.jpg?v=1620784288\"><\/div>\n<h3 class=\"font-medium text-xl mb-4\">Awkwardness gives me great comfort. I’ve never been cool, but I’ve felt cool. I’ve been in the cool place, but I wasn’t really cool – I was trying to pass for hip or cool.<\/h3>\n<p>A girl should be two things: classy and fabulous. I am convinced that there can be luxury in simplicity. I wanted to dress the woman who lives and works, not the woman in a painting. It’s hard to balance everything. It’s always challenging. My relationships with producers or photographers – these are relationships that took years. I can’t get sucked into that celebrity thing, because I think it’s just crass. My aim is to make the poor look rich.<\/p>"
            }
          },
          "4e151238-4480-4122-b893-7f4a19886e4c": {
            "type": "accordion",
            "settings": {
              "title": "What shipping methods are availbale?",
              "content": "<p>Lorem ipsum dolor sit amet conse ctetur adipisicing elit, sed do eiusmod tempor incididunt ut labore et dolore magna aliqua. Ut enim ad minim veniam, quis nostrud exercitation ullamco laboris nisi ut aliquip ex ea commodo consequat. Duis aute irure dolor in reprehenderit in voluptate velit esse cillum dolore eu fugiat.<br\/><br\/>Ut enim ad minim veniam, quis nostrud exercitation ullamco laboris nisi ut aliquip ex ea commodo consequat. Duis aute irure dolor in reprehenderit.<\/p>",
              "open": true
            }
          },
          "c5d4d04d-f6c1-4d1e-99f0-3c221393a3cf": {
            "type": "accordion",
            "settings": {
              "title": "How long will it take to get my package?",
              "content": "<p>Lorem ipsum dolor sit amet conse ctetur adipisicing elit, sed do eiusmod tempor incididunt ut labore et dolore magna aliqua. Ut enim ad minim veniam, quis nostrud exercitation ullamco laboris nisi ut aliquip.<\/p>",
              "open": false
            }
          },
          "0131747b-8b40-432f-b634-b1289ec41911": {
            "type": "accordion",
            "settings": {
              "title": "Do you ship internationally?",
              "content": "<p>Lorem ipsum dolor sit amet conse ctetur adipisicing elit, sed do eiusmod tempor incididunt ut labore et dolore magna aliqua. Ut enim ad minim veniam, quis nostrud exercitation ullamco laboris nisi ut aliquip.<\/p>",
              "open": false
            }
          },
          "5d7206e9-5375-4da6-9a1f-24e1c46230b0": {
            "type": "accordion",
            "settings": {
              "title": "What payment methods are accepted?",
              "content": "<p>Lorem ipsum dolor sit amet conse ctetur adipisicing elit, sed do eiusmod tempor incididunt ut labore et dolore magna aliqua. Ut enim ad minim veniam, quis nostrud exercitation ullamco laboris nisi ut aliquip ex ea commodo consequat. Duis aute irure dolor in reprehenderit in voluptate velit esse cillum dolore eu fugiat.<\/p>",
              "open": false
            }
          },
          "4008f61e-055e-42ba-8969-cb3715c0aece": {
            "type": "accordion",
            "settings": {
              "title": "Is buying on-line safe?",
              "content": "<p>Lorem ipsum dolor sit amet conse ctetur adipisicing elit, sed do eiusmod tempor incididunt ut labore et dolore magna aliqua. Ut enim ad minim veniam, quis nostrud exercitation ullamco laboris nisi ut aliquip.<\/p>",
              "open": false
            }
          }
        },
        "block_order": [
          "2802736b-f08f-4510-a4f7-4ad7d748992d",
          "4e151238-4480-4122-b893-7f4a19886e4c",
          "c5d4d04d-f6c1-4d1e-99f0-3c221393a3cf",
          "0131747b-8b40-432f-b634-b1289ec41911",
          "5d7206e9-5375-4da6-9a1f-24e1c46230b0",
          "4008f61e-055e-42ba-8969-cb3715c0aece"
        ],
        "settings": {
          "menu": "faqs-menu"
        }
      },
      "content-before-products": {
        "type": "content-before-products",
        "settings": {
          "container": "container-fluid",
          "background_color": "",
          "gap": 30,
          "gap_mobile": 16
        }
      },
      "content-after-products": {
        "type": "content-after-products",
        "settings": {
          "container": "container-fluid",
          "background_color": "",
          "gap": 30,
          "gap_mobile": 16
        }
      },
      "product-details-accordion": {
        "type": "product-details-accordion",
        "settings": {
          "show_accordion": true,
          "use_container": false,
          "position": "bottom_info"
        }
      },
      "162130168271c1c590": {
        "type": "testimonials",
        "blocks": {
          "162130168271c1c590-0": {
            "type": "testimonial",
            "settings": {
              "title": "Love it so much",
              "description": "<p>“ These are beautiful, well made & comfortable! I bought them to wear to work & casually. I wore them immediately walking in the city & has no problem. “<\/p>",
              "footer": "<p>Dean D. US<\/p>",
              "image_text": "",
              "product": ""
            }
          },
          "162130168271c1c590-1": {
            "type": "testimonial",
            "settings": {
              "title": "Love my new purchase",
              "description": "<p>“ Short dress in a printed viscose weave with a round neckline, opening with a button at the back of the Seams with small frill trims at the waist and on the sleeves and skirt.”<\/p>",
              "footer": "<p>Gloria T.<\/p>",
              "image_text": "",
              "product": ""
            }
          },
          "162130168271c1c590-2": {
            "type": "testimonial",
            "settings": {
              "title": "What a delight to find you",
              "description": "<p>“ Clothers are addicting! Love this brand and shoe. The arch support is wonderful and helps for long hours on your body. The narrow heel is wonderfully ! “<\/p>",
              "footer": "<p>Adelia C.<\/p>",
              "image_text": "",
              "product": ""
            }
          },
          "162130168271c1c590-3": {
            "type": "testimonial",
            "disabled": true,
            "settings": {
              "title": "Love it so much",
              "description": "<p>“ Short dress in a printed viscose weave with a round neckline, opening with a button at the back of the Seams with small frill trims at the waist and on the sleeves and skirt. Unlined.”<\/p>",
              "footer": "<p>Dean D. US<\/p>",
              "image_text": "",
              "product": ""
            }
          },
          "162130168271c1c590-4": {
            "type": "testimonial",
            "disabled": true,
            "settings": {
              "title": "Love it so much",
              "description": "<p>“ Clothers are addicting! Love this brand and shoe. The arch support is wonderful and helps for long hours on your body. The narrow heel is wonderfully ! “<\/p>",
              "footer": "<p>Dean D. US<\/p>",
              "image_text": "",
              "product": ""
            }
          },
          "162130168271c1c590-5": {
            "type": "testimonial",
            "disabled": true,
            "settings": {
              "title": "Love it so much",
              "description": "<p>Short, flared dress in jersey with a crinkled texture. V-neck with a sewn-in wrapover <\/p>",
              "footer": "<p>Dean D. US<\/p>",
              "image_text": "",
              "product": ""
            }
          }
        },
        "block_order": [
          "162130168271c1c590-0",
          "162130168271c1c590-1",
          "162130168271c1c590-2",
          "162130168271c1c590-3",
          "162130168271c1c590-4",
          "162130168271c1c590-5"
        ],
        "settings": {
          "heading": "What People Are Saying",
          "subheading": "",
          "description": "",
          "header_alignment": "center",
          "container": "container",
          "background_color": "#f9f8f7",
          "design": "testimonials-3",
          "show_stars": true,
          "autorotate": false,
          "show_navigation": true,
          "show_pagination": true,
          "star_color": "#000000",
          "custom_class": "sf__index-testimonial"
        }
      },
      "annoucement": {
        "type": "annoucement",
        "settings": {
          "show_announcement": true,
          "homepage_only": true,
          "show_close": true,
          "message": "<span class=\"font-medium\" style=\"font-size: 15px\">Free Delivery on orders over £120. Don’t miss discount.<\/span>",
          "message_link": "",
          "show_divider": false
        }
      },
      "1626320896bef268a6": {
        "type": "blog-posts",
        "settings": {
          "heading": "Mix and Match",
          "subheading": "",
          "description": "",
          "header_alignment": "center",
          "container": "container",
          "background_color": "rgba(0,0,0,0)",
          "blog": "mix-and-match-ready-to-wear",
          "limit": 3,
          "column": 3,
          "column_gap": 30,
          "mobile_gap": 16,
          "article_image_aspect_ratio": "16\/9",
          "article_align_content": "text-left",
          "article_show_tags": true,
          "article_show_date": false,
          "article_show_excerpt": false,
          "article_show_button": false,
          "button_link": "",
          "button_text": "More Posts",
          "button_style": "sf__btn-secondary",
          "button_size": "",
          "use_scroll_mobile": false,
          "custom_class": "sf__index-blog-posts"
        }
      },
      "1626321811f956c963": {
        "type": "icon-box",
        "blocks": {
          "1626321811f956c963-0": {
            "type": "iconbox",
            "settings": {
              "title": "Free Shipping",
              "description": "<p>Free Shipping for orders over £130<\/p>",
              "link": "",
              "button_label": "",
              "button_link": "",
              "button_style": "sf__btn-link",
              "button_size": ""
            }
          },
          "1626321811f956c963-1": {
            "type": "iconbox",
            "settings": {
              "title": "Money Guarantee",
              "description": "<p>Within 30 days for an exchange.<\/p>",
              "link": "",
              "button_label": "",
              "button_link": "",
              "button_style": "sf__btn-link",
              "button_size": ""
            }
          },
          "1626321811f956c963-2": {
            "type": "iconbox",
            "settings": {
              "title": "Online Support",
              "description": "<p>24 hours a day, 7 days a week<\/p>",
              "link": "",
              "button_label": "",
              "button_link": "",
              "button_style": "sf__btn-link",
              "button_size": ""
            }
          },
          "51c43d7d-d336-4181-936e-136f2af5cdf6": {
            "type": "iconbox",
            "settings": {
              "title": "Flexible Payment",
              "description": "<p>Pay with Multiple Credit Cards<\/p>",
              "link": "",
              "button_label": "",
              "button_link": "",
              "button_style": "sf__btn-link",
              "button_size": ""
            }
          }
        },
        "block_order": [
          "1626321811f956c963-0",
          "1626321811f956c963-1",
          "1626321811f956c963-2",
          "51c43d7d-d336-4181-936e-136f2af5cdf6"
        ],
        "settings": {
          "heading": "",
          "subheading": "",
          "description": "",
          "header_alignment": "center",
          "container": "container",
          "background_color": "#ffffff",
          "item_per_row": 4,
          "item_gap": 30,
          "item_gap_mobile": 16,
          "card_style": "horizontal",
          "image_max_width": "30px",
          "content_alignment": "start",
          "hover_effect": "none",
          "enable_slider": false,
          "show_pagination": true,
          "show_navigation": false,
          "use_scroll_mobile": false,
          "use_grid_column_mb": false,
          "custom_class": "sf__index-icon-box"
        }
      },
      "mobile-sticky-bar": {
        "type": "mobile-sticky-bar",
        "settings": {
          "show_mobile_sticky": true,
          "show_home_icon": true,
          "show_collection_icon": true,
          "show_cart_icon": true,
          "show_search_icon": true,
          "show_account_icon": false,
          "show_wishlist_icon": false
        }
      }
    },
    "content_for_index": [
      "16184552193b4706ec",
      "16184584660def4136",
      "1618459461b6f9a6ca",
      "162130168271c1c590",
      "1626320896bef268a6",
      "1626321811f956c963"
    ]
  },
  "presets": {
    "Default": {
      "sections": {
        "featured-collection": {
          "type": "featured-collection",
          "settings": {
            "collection": "frontpage"
          }
        },
        "featured-product": {
          "type": "featured-product",
          "settings": {
          }
        }
      },
      "content_for_index": [
        "featured-collection",
        "featured-product"
      ]
    }
  }
}