{
  "sections": {
    "16184552193b4706ec": {
      "type": "slider",
      "blocks": {
        "16184552193b4706ec-0": {
          "type": "slider_item",
          "settings": {
            "image_alignment": "center middle",
            "content_in_container": false,
            "content_position": "left bottom",
            "text_alignment": "left",
            "text_size": "large",
            "text_color": "black",
            "subheading": "",
            "title": "",
            "description": "",
            "button_text": "",
            "button_link": "",
            "button_style": "sf__btn-primary",
            "button_size": "",
            "show_footer": false,
            "footer_alignment": "end",
            "footer_text": "",
            "footer_button": "Show Now",
            "footer_link": "shopify:\/\/collections\/braided-sandals"
          }
        }
      },
      "block_order": [
        "16184552193b4706ec-0"
      ],
      "settings": {
        "container": "w-full",
        "slideshow_height": "fullscreen",
        "show_overlay": false,
        "dots_position": "right",
        "dots_color": "#000",
        "show_dots": false,
        "show_arrows": false,
        "autorotate": false,
        "autorotate_speed": 2,
        "custom_class": ""
      }
    },
    "16184584660def4136": {
      "type": "collection-list",
      "blocks": {
        "16184584660def4136-0": {
          "type": "collection_block",
          "settings": {
            "collection": "jeans",
            "title": "Jeans"
          }
        },
        "16184584660def4136-2": {
          "type": "collection_block",
          "settings": {
            "collection": "leather-bag",
            "title": "Handbags"
          }
        },
        "16184584660def4136-1": {
          "type": "collection_block",
          "settings": {
            "collection": "shoes",
            "title": ""
          }
        }
      },
      "block_order": [
        "16184584660def4136-0",
        "16184584660def4136-2",
        "16184584660def4136-1"
      ],
      "settings": {
        "heading": "",
        "subheading": "",
        "description": "",
        "header_alignment": "center",
        "container": "container-fluid",
        "background_color": "rgba(0,0,0,0)",
        "layout": "grid",
        "card_style": "standard",
        "text_alignment": "left",
        "hover_effect": "scaling-down",
        "show_product_count": true,
        "count_inline_title": true,
        "image_rounded": false,
        "items_per_row": 3,
        "item_gap": 30,
        "enable_slider": false,
        "show_pagination": false,
        "show_navigation": false,
        "autorotate": false,
        "autorotate_speed": 5,
        "use_scroll_mobile": true,
        "mobile_gap": 16,
        "hidden_slide_control_mobile": false,
        "custom_class": "sf__index-collection-list"
      }
    },
    "1618459461b6f9a6ca": {
      "type": "featured-collection",
      "settings": {
        "heading": "<span class=\"font-semibold\">Living out every single day and<br> be brave to show off your own true colors<\/span>",
        "subheading": "<span class=\"block text-center\"><img class=\"mx-auto\" src=\"https:\/\/cdn.shopify.com\/s\/files\/1\/0561\/2742\/2636\/files\/icon.svg?v=1626514244\"><\/span>",
        "description": "<div>\n<p class=\"font-medium text-black mb-4 lg:mb-8 mt-5 lg:mt-10\">Check Our Items<\/p>\n<img class=\"mx-auto\" src=\"https:\/\/cdn.shopify.com\/s\/files\/1\/0561\/2742\/2636\/files\/icon2.svg?v=1626514541\">\n<\/div>",
        "header_alignment": "center",
        "container": "container",
        "background_color": "rgba(0,0,0,0)",
        "collection": "best-sellers",
        "product_to_show": 12,
        "items_per_row": 4,
        "item_gap": 30,
        "pcard_layout": "",
        "pcard_image_ratio": "",
        "show_vendor": false,
        "enable_slider": false,
        "show_pagination": false,
        "show_navigation": false,
        "button_type": "load",
        "button_text": "Load More",
        "button_style": "sf__btn-secondary",
        "button_size": "",
        "infinite_load": false,
        "max_page_load": 3,
        "use_scroll_mobile": true,
        "item_gap_mobile": 16,
        "custom_class": "sf__index-featured-collection"
      }
    },
    "162651357727ca7322": {
      "type": "icon-box",
      "blocks": {
        "162651357727ca7322-0": {
          "type": "iconbox",
          "settings": {
            "title": "Free Shipping",
            "description": "<p>Free Shipping for orders over £130<\/p>",
            "link": "",
            "button_label": "",
            "button_link": "",
            "button_style": "sf__btn-link",
            "button_size": ""
          }
        },
        "162651357727ca7322-1": {
          "type": "iconbox",
          "settings": {
            "title": "Money Guarantee",
            "description": "<p>Within 30 days for an exchange.<\/p>",
            "link": "",
            "button_label": "",
            "button_link": "",
            "button_style": "sf__btn-link",
            "button_size": ""
          }
        },
        "162651357727ca7322-2": {
          "type": "iconbox",
          "settings": {
            "title": "Online Support",
            "description": "<p>24 hours a day, 7 days a week<\/p>",
            "link": "",
            "button_label": "",
            "button_link": "",
            "button_style": "sf__btn-link",
            "button_size": ""
          }
        },
        "b90b52fa-63bc-4c14-ad2a-1e4bce26be68": {
          "type": "iconbox",
          "settings": {
            "title": "Flexible Payment",
            "description": "<p>Pay with Multiple Credit Cards<\/p>",
            "link": "",
            "button_label": "",
            "button_link": "",
            "button_style": "sf__btn-link",
            "button_size": ""
          }
        }
      },
      "block_order": [
        "162651357727ca7322-0",
        "162651357727ca7322-1",
        "162651357727ca7322-2",
        "b90b52fa-63bc-4c14-ad2a-1e4bce26be68"
      ],
      "settings": {
        "heading": "",
        "subheading": "",
        "description": "",
        "header_alignment": "center",
        "container": "container-fluid",
        "background_color": "#ffffff",
        "item_per_row": 4,
        "item_gap": 30,
        "item_gap_mobile": 10,
        "card_style": "horizontal",
        "image_max_width": "30px",
        "content_alignment": "start",
        "hover_effect": "none",
        "enable_slider": false,
        "show_pagination": false,
        "show_navigation": false,
        "use_scroll_mobile": false,
        "use_grid_column_mb": false,
        "custom_class": "sf__index-icon-box"
      }
    }
  },
  "order": [
    "16184552193b4706ec",
    "16184584660def4136",
    "1618459461b6f9a6ca",
    "162651357727ca7322"
  ]
}