{
  "current": {
    "favicon": "shopify:\/\/shop_images\/fav_icon_dark_1.png",
    "container_width": 1410,
    "container_fluid_width": 1620,
    "container_fluid_offset": 100,
    "color_primary": "#000",
    "color_sub_text": "#666666",
    "color_btn_bg_hover": "#000000",
    "prod_sale_price_color": "#666666",
    "prod_type_color": "#666666",
    "color_annoucement_bg": "#000000",
    "color_annoucement_text": "#ffffff",
    "color_topbar_bg": "#e0e7e4",
    "color_topbar_text": "#000000",
    "color_header_bg": "#ffffff",
    "color_header_link": "#000000",
    "color_header_transparent": "#ffffff",
    "color_menu_bar_bg": "#000000",
    "color_menu_bar_text": "#f8f8f8",
    "color_footer_bg": "#ffffff",
    "color_footer_text": "#000000",
    "color_footer_subtext": "#777777",
    "color_footer_link_hover": "#000000",
    "color_footer_bottom_bg": "#ffffff",
    "color_footer_bottom_text": "#777777",
    "img_overlay_opacity": 20,
    "tooltip_background_color": "#000000",
    "type_base_font": "roboto_condensed_n4",
    "use_custom_font_body": true,
    "custom_body_font": "https:\/\/cdn.shopify.com\/s\/files\/1\/0042\/0750\/9567\/files\/Rubik-Regular.ttf?v=1622776767@400\nhttps:\/\/cdn.shopify.com\/s\/files\/1\/0042\/0750\/9567\/files\/Rubik-Medium.ttf?v=1622776767@500",
    "custom_body_weight": "400",
    "type_header_font": "roboto_condensed_n7",
    "use_custom_font_heading": true,
    "custom_heading_font": "https:\/\/cdn.shopify.com\/s\/files\/1\/0042\/0750\/9567\/files\/Rubik-Regular.ttf?v=1622776767@400\nhttps:\/\/cdn.shopify.com\/s\/files\/1\/0042\/0750\/9567\/files\/Rubik-Medium.ttf?v=1622776767@500",
    "custom_heading_weight": "500",
    "btn_base_size": 16,
    "pcard_layout": "1",
    "pcard_alignment": "left",
    "pcard_image_ratio": "1\/1",
    "show_vendor": false,
    "variant_option_design3": "color",
    "show_variant_swatch_image": true,
    "product_colors": "red: #FF6961,\nyellow: #FDDA76,\nblack: #000000,\nblue: #8DB4D2,\ngreen: #C1E1C1,\npurple: #B19CD9,\nsilver: #EEEEEF,\nwhite: #FFFFFF,\nbrown: #836953,\nlight-brown: #feb035,\ndark-turquoise: #23cddc,\norange: #FFB347,\ntan: #E9D1BF,\nviolet: #B490B0,\npink: #FFD1DC,\ngrey: #E0E0E0,\nsky: #96BDC6,\npale-leaf: #CCD4BF",
    "filter_color1": "",
    "share_facebook": true,
    "social_twitter_link": "https:\/\/twitter.com\/home",
    "social_facebook_link": "https:\/\/facebook.com\/",
    "social_pinterest_link": "https:\/\/pinterest.com\/",
    "social_instagram_link": "https:\/\/instagram.com\/",
    "wishlist_page": "",
    "product_compare_page": "",
    "gm_api": "",
    "instagram_token": "",
    "custom_css": ".font-normal {\n  font-weight: 400;\n}\n.sf__index-testimonial .section__header {\n  margin-bottom: 0;\n}\n.sf__index-img-with-text {\n  overflow: hidden;\n}\n.sf__index-img-with-text [class*=\"img__box-\"] {\n  padding: 0 0 0 calc(var(--column-gap) \/ 2);\n}\n.sf__index-icon-box {\n  border-bottom: 1px solid #eee;\n}\n.sf__index-icon-box .section-py {\n  padding: 50px 0 50px;\n}\n\n.content__box-162277930244741544 {\n  background-color: #f2f2f2;\n}\n\n.sf__index-img-with-text .content__heading {\n  line-height: 1.36;\n}\n\n.sf__newsletter-section {\n  background-image: url(\"https:\/\/cdn.shopify.com\/s\/files\/1\/0042\/0750\/9567\/files\/4_24d98319-1af4-4931-a427-66996cc259e3.jpg?v=1622780212\");\n  background-repeat: no-repeat;\n  background-size: cover;\n}\n.template-index .sf__newsletter-section form input {\n  background: #fff;\n}\n.sf__footer-bottom {\n  border-top: 1px solid #eee;\n}\n@media (min-width: 1024px) {\n  .sf__index-img-with-text [class*=\"content__box-\"] {\n    padding-left: 162px;\n  }\n}\n\n@media (max-width: 767px) {\n  .sf__index-icon-box .sf-grid {\n    margin-left: 0 !important;\n    margin-right: 0 !important;\n  }\n  .sf__index-img-with-text [class*=\"img__box-\"] {\n    padding: 0;\n  }\n  .sf__index-img-with-text [class*=\"content__box-\"] {\n    padding-left: 30px;\n    padding-right: 30px;\n    padding-top: 40px;\n    padding-bottom: 40px;\n  }\n  .sf__index-img-with-text .content__heading {\n    font-size: 36px;\n  }\n  .sf__index-testimonial .review-block .bg-white {\n    padding-bottom: 0;\n  }\n}",
    "use_theme_currencies": true,
    "theme_currencies": "USD | EUR | GBP | VND",
    "sections": {
      "header": {
        "type": "header",
        "blocks": {
          "7b4f1e29-853c-49f9-8fed-a7a8fec2c911": {
            "type": "banner",
            "settings": {
              "heading": "Shop",
              "container": "inherit",
              "banner_style": "outside",
              "banner_link": "",
              "banner_title": "New collection",
              "banner_desc": "",
              "banner_button_text": "Shop now"
            }
          },
          "aede5d28-8ec8-4481-ad70-206c9c000f0c": {
            "type": "product-list",
            "settings": {
              "heading": "Product",
              "container": "inherit",
              "stretch_width": false,
              "collection": "artwork",
              "limit": 6,
              "columns": 2
            }
          },
          "5b956ea4-ebbd-4fb9-9235-e4721f1aa4df": {
            "type": "custom_html",
            "settings": {
              "heading": "Features",
              "container": "inherit",
              "html": ""
            }
          }
        },
        "block_order": [
          "7b4f1e29-853c-49f9-8fed-a7a8fec2c911",
          "aede5d28-8ec8-4481-ad70-206c9c000f0c",
          "5b956ea4-ebbd-4fb9-9235-e4721f1aa4df"
        ],
        "settings": {
          "header_design": "logo-left-menu-center",
          "container": "container-fluid",
          "header_sticky": true,
          "transparent_on_top": false,
          "logo_text": "MINIMOG",
          "logo_max_width": 165,
          "sticky_logo_max_width": 105,
          "mobile_logo_max_width": 105,
          "main_menu": "main-menu",
          "secondary_menu": "",
          "uppercase_parent_level": false,
          "search": "show_full",
          "show_account_icon": true,
          "show_cart_icon": true,
          "show_wishlist_icon": true,
          "show_compare_icon": true,
          "show_currency_switcher": false,
          "show_language_switcher": false
        }
      },
      "footer": {
        "type": "footer",
        "blocks": {
          "ef421649-1db8-4971-846e-296539c031d3": {
            "type": "custom_text",
            "settings": {
              "title": "",
              "image_max": "150px",
              "description": "<p>Super class, cute, comfortable.<br\/> You can wear them with <br\/>just about anything.<\/p>",
              "width": "50%"
            }
          },
          "2a2c2a14-7dbc-4e27-8971-845a56e34cce": {
            "type": "our_store",
            "settings": {
              "title": "Our store",
              "description": "<p>Find a location nearest you.<\/p>",
              "show_email": true,
              "show_phone": true,
              "show_socials_link": true,
              "width": "25%"
            }
          },
          "64cfb823-d4c7-4779-a9f4-b8bd8e7d9094": {
            "type": "menu",
            "settings": {
              "menu": "main-menu",
              "title": "Information",
              "width": "25%"
            }
          },
          "523faac7-2fa4-4639-a10d-36646cb3c59b": {
            "type": "menu",
            "settings": {
              "menu": "main-menu",
              "title": "Contact",
              "width": "25%"
            }
          },
          "a3e44a89-d3f9-41aa-bd48-768dec019fca": {
            "type": "menu",
            "settings": {
              "menu": "main-menu",
              "title": "Services",
              "width": "25%"
            }
          }
        },
        "block_order": [
          "ef421649-1db8-4971-846e-296539c031d3",
          "2a2c2a14-7dbc-4e27-8971-845a56e34cce",
          "64cfb823-d4c7-4779-a9f4-b8bd8e7d9094",
          "523faac7-2fa4-4639-a10d-36646cb3c59b",
          "a3e44a89-d3f9-41aa-bd48-768dec019fca"
        ],
        "settings": {
          "design": "footer-1",
          "container": "container-fluid",
          "bordered": false,
          "copyright": "© Paintme 2021",
          "show_currency_selector": false,
          "show_language_selector": false,
          "show_social_links": false,
          "show_payment_icons": true
        }
      },
      "annoucement": {
        "type": "annoucement",
        "settings": {
          "show_announcement": true,
          "homepage_only": true,
          "show_close": true,
          "message": "<p>Where to Buy Cool, Affordable Artwork Online<\/p>",
          "message_link": "",
          "show_divider": false
        }
      },
      "mobile-sticky-bar": {
        "type": "mobile-sticky-bar",
        "settings": {
          "show_mobile_sticky": true,
          "show_home_icon": true,
          "show_collection_icon": true,
          "show_cart_icon": true,
          "show_search_icon": true,
          "show_account_icon": false,
          "show_wishlist_icon": false
        }
      }
    }
  },
  "presets": {
    "Default": {
      "sections": {
        "featured-collection": {
          "type": "featured-collection",
          "settings": {
            "collection": "frontpage"
          }
        },
        "featured-product": {
          "type": "featured-product",
          "settings": {
          }
        }
      },
      "content_for_index": [
        "featured-collection",
        "featured-product"
      ]
    }
  }
}