{
  "current": {
    "favicon": "shopify:\/\/shop_images\/favicon.png",
    "color_primary": "#000",
    "color_body_text": "#000000",
    "color_heading_text": "#000000",
    "color_btn_bg_hover": "#000000",
    "prod_sale_price_color": "#666666",
    "prod_type_color": "#666666",
    "color_annoucement_bg": "#d9f293",
    "color_annoucement_text": "#000000",
    "color_topbar_bg": "#d9f293",
    "color_topbar_text": "#000000",
    "color_header_bg": "#f8f8f8",
    "color_header_link": "#000000",
    "color_header_transparent": "#ffffff",
    "color_menu_bar_bg": "#000000",
    "color_menu_bar_text": "#f8f8f8",
    "color_footer_bg": "#e5e5e5",
    "color_footer_text": "#000000",
    "color_footer_subtext": "#666666",
    "color_footer_link_hover": "#000000",
    "color_footer_bg_mb": "#e5e5e5",
    "color_footer_bottom_bg": "#e5e5e5",
    "color_footer_bottom_text": "#666666",
    "color_footer_bottom_bg_mb": "#e5e5e5",
    "img_overlay_opacity": 20,
    "tooltip_background_color": "#000000",
    "type_base_font": "roboto_condensed_n4",
    "use_custom_font_body": false,
    "custom_body_font": "https:\/\/cdn.shopify.com\/s\/files\/1\/0561\/2742\/2636\/files\/Jost-Light.ttf?v=1618297125@300\nhttps:\/\/cdn.shopify.com\/s\/files\/1\/0561\/2742\/2636\/files\/Jost-Regular.ttf?v=1618297125@400\nhttps:\/\/cdn.shopify.com\/s\/files\/1\/0561\/2742\/2636\/files\/Jost-Medium.ttf?v=1618297125@500\nhttps:\/\/cdn.shopify.com\/s\/files\/1\/0561\/2742\/2636\/files\/Jost-SemiBold.ttf?v=1618297125@600\nhttps:\/\/cdn.shopify.com\/s\/files\/1\/0561\/2742\/2636\/files\/Jost-Bold.ttf?v=1618297125@700",
    "type_header_font": "roboto_condensed_n7",
    "use_custom_font_heading": false,
    "custom_heading_font": "https:\/\/cdn.shopify.com\/s\/files\/1\/0561\/2742\/2636\/files\/Jost-Light.ttf?v=1618297125@300\nhttps:\/\/cdn.shopify.com\/s\/files\/1\/0561\/2742\/2636\/files\/Jost-Regular.ttf?v=1618297125@400\nhttps:\/\/cdn.shopify.com\/s\/files\/1\/0561\/2742\/2636\/files\/Jost-Medium.ttf?v=1618297125@500\nhttps:\/\/cdn.shopify.com\/s\/files\/1\/0561\/2742\/2636\/files\/Jost-SemiBold.ttf?v=1618297125@600\nhttps:\/\/cdn.shopify.com\/s\/files\/1\/0561\/2742\/2636\/files\/Jost-Bold.ttf?v=1618297125@700",
    "custom_heading_weight": "700",
    "btn_uppercase_text": true,
    "btn_border_width": 2,
    "btn_border_radius": 0,
    "btn_weight": "700",
    "pcard_layout": "2",
    "pcard_alignment": "center",
    "pcard_image_ratio": "1\/1",
    "show_vendor": false,
    "variant_option_design3": "color",
    "show_variant_swatch_image": true,
    "product_colors": "red: #FF6961,\nyellow: #FDDA76,\nblack: #000000,\nblue: #8DB4D2,\ngreen: #C1E1C1,\npurple: #B19CD9,\nsilver: #EEEEEF,\nwhite: #FFFFFF,\nbrown: #836953,\nlight-brown: #feb035,\ndark-turquoise: #23cddc,\norange: #FFB347,\ntan: #E9D1BF,\nviolet: #B490B0,\npink: #FFD1DC,\ngrey: #E0E0E0,\nsky: #96BDC6,\npale-leaf: #CCD4BF",
    "filter_color1": "",
    "share_facebook": true,
    "social_twitter_link": "https:\/\/tiwtter.com",
    "social_facebook_link": "https:\/\/facebook.com\/",
    "social_facebook_label": "300k Followers",
    "social_pinterest_link": "https:\/\/pinterest.com",
    "social_instagram_link": "https:\/\/instagram.com\/",
    "social_instagram_label": "100k Followers",
    "wishlist_page": "",
    "product_compare_page": "",
    "gm_api": "",
    "instagram_token": "",
    "custom_css": ".sf-nav li.sf-menu-item .sf__sub-menu-link1 {\n  font-weight: 700;\n}\n\n.sf__index-slideshow .slide__block-desktop .slide__block-title {\n  line-height: 1.175;\n  font-size: 80px;\n  margin-bottom: 18px;\n}\n\n.sf__index-slideshow .slide__block-description p {\n  color: var(--btn-color);\n  font-weight: 700;\n  font-size: 20px;\n  line-height: 23px;\n}\n.sf__index-custom-content #sf-custom__block--302f4255-280e-48a3-9f00-b9e6fd50230a .image__card-heading {\n  font-size: 24px;\n  line-height: 1.3;\n  letter-spacing: 1px;\n}\n.sf__index-custom-content #sf-custom__block--190cefb9-e7ca-4316-8e55-b3b82656701b\n  .image__card-heading {\n  line-height: 1.167;\n  letter-spacing: 3px;\n}\n.sf__index-custom-content-1 .sf__scrolling-text[data-style=\"text-outline\"][data-outline-thickness=\"thin\"] em {\n  -webkit-text-stroke-width: 0.5px;\n  -webkit-text-fill-color: rgba(0, 0, 0, 0);\n  font-style: italic;\n}\n.sf__index-custom-content-1 .sf__scrolling-text[data-style=\"text-outline\"] em {\n  -webkit-text-stroke-color: #dfdfdf;\n}\n.sf__index-custom-content-1 .sf__scrolling-text .sf__scrolling-text-inner span.custom {\n  padding: 0 25px;\n}\n.sf__index-custom-content-1 .sf__scrolling-text.font_size_11vh * {\n  font-size: 110px;\n  letter-spacing: 10px;\n}\n.sf__index-custom-content-1 .section-my {\n  margin-bottom: 20px;\n}\n.sf__newsletter-section .newsletter__form-heading h3 {\n  line-height: 1.15;\n  letter-spacing: 2px;\n}\n\n.sf-footer__block h3.sf__accordion-button {\n  font-size: 14px;\n  font-weight: 700;\n}\n.sf__index-custom-content .image-card {\n  height: 100%;\n}\n.section__heading {\n  letter-spacing: 2px;\n}\n\n.sf__pcard-content a {\n  font-weight: 700 !important;\n  text-transform: uppercase;\n}\n.sf-footer__block-inner h3 {\n  font-weight: 700;\n}\n\n.collection-card h3 a {\n  font-weight: 700 !important;\n  text-transform: uppercase;\n}\n.sf__newsletter-section .section-my {\n  margin-top: -80px;\n  position: relative;\n}\n\n@media (max-width: 767px) {\n  .sf__index-slideshow .sf__mobile-button {\n    width: 100%;\n  }\n  .sf__index-custom-content .image-card__content {\n    position: relative;\n    padding-left: 0;\n    padding-right: 0;\n    padding-bottom: 0;\n  }\n  .sf__index-custom-content .image-card__content .image-card__content-inner {\n    text-align: center;\n    width: 100%;\n  }\n  .sf__index-custom-content .image__card-heading br {\n    display: none;\n  }\n  .sf__index-custom-content #sf-custom__block--302f4255-280e-48a3-9f00-b9e6fd50230a .image__card-heading {\n    margin-bottom: 5px;\n  }\n  p.section__subheading {\n    margin-bottom: 5px;\n  }\n}\n@media (min-width: 768px) {\n  .sf__footer-block-custom_text .sf__footer-block-title {\n    display: none;\n  }\n}\n@media (min-width: 1024px) {\n  .sf__footer-bottom-inner {\n    border-top: 1px solid #d8d8d8;\n  }\n}\n@media (min-width: 1280px) {\n  .sf__index-custom-content #sf-custom__block--190cefb9-e7ca-4316-8e55-b3b82656701b .image__card-heading {\n    font-size: 60px;\n    margin-bottom: 42px;\n  }\n  .sf__newsletter-section .newsletter__form-heading h3 {\n    font-size: 40px;\n  }\n}",
    "use_theme_currencies": true,
    "theme_currencies": "USD | EUR | GBP | VND",
    "sections": {
      "header": {
        "type": "header",
        "blocks": {
          "1d75d41a-8c89-42f0-bb7c-0209f8abba4e": {
            "type": "banner",
            "settings": {
              "heading": "Shop",
              "container": "inherit",
              "banner_style": "outside",
              "banner_link": "",
              "banner_title": "New collection",
              "banner_desc": "",
              "banner_button_text": "Shop now"
            }
          },
          "8b5c6b9d-a95b-429f-8779-9180317bae10": {
            "type": "product-list",
            "settings": {
              "heading": "Product",
              "container": "inherit",
              "stretch_width": false,
              "collection": "sneaker",
              "limit": 6,
              "columns": 2
            }
          },
          "1031355e-ca69-4459-87c4-f1f9af4facd3": {
            "type": "custom_html",
            "settings": {
              "heading": "Features",
              "container": "inherit",
              "html": ""
            }
          }
        },
        "block_order": [
          "1d75d41a-8c89-42f0-bb7c-0209f8abba4e",
          "8b5c6b9d-a95b-429f-8779-9180317bae10",
          "1031355e-ca69-4459-87c4-f1f9af4facd3"
        ],
        "settings": {
          "header_design": "logo-center-menu-left",
          "container": "container-fluid",
          "header_sticky": true,
          "transparent_on_top": true,
          "logo_text": "MINIMOG",
          "logo_max_width": 90,
          "sticky_logo_max_width": 90,
          "mobile_logo_max_width": 90,
          "main_menu": "main-menu",
          "secondary_menu": "",
          "uppercase_parent_level": true,
          "search": "show_icon",
          "show_account_icon": true,
          "show_cart_icon": true,
          "show_wishlist_icon": true,
          "show_compare_icon": false,
          "show_currency_switcher": true,
          "show_language_switcher": false
        }
      },
      "footer": {
        "type": "footer",
        "blocks": {
          "d8236fc7-5c51-4cfc-83ec-323e039da755": {
            "type": "custom_text",
            "settings": {
              "title": "OUR STORE",
              "image_max": "92px",
              "description": "<p>Super class, cute, comfortable. You can wear<br\/> them with just about anything.<\/p>",
              "width": "50%"
            }
          },
          "d4a8b403-287a-4d46-959f-869031e55936": {
            "type": "our_store",
            "settings": {
              "title": "COMPANY",
              "description": "",
              "show_email": true,
              "show_phone": true,
              "show_socials_link": true,
              "width": "25%"
            }
          },
          "49e72833-c68f-4a7b-ab64-3ef0cae99bcb": {
            "type": "menu",
            "settings": {
              "menu": "main-menu",
              "title": "INFORMATION",
              "width": "25%"
            }
          },
          "c85629c7-7aae-4666-b5f0-150990439c91": {
            "type": "menu",
            "settings": {
              "menu": "main-menu",
              "title": "CONTACT",
              "width": "25%"
            }
          },
          "b04590a8-1630-49ae-890c-873ef3aa3a94": {
            "type": "menu",
            "settings": {
              "menu": "main-menu",
              "title": "FOLLOW",
              "width": "25%"
            }
          }
        },
        "block_order": [
          "d8236fc7-5c51-4cfc-83ec-323e039da755",
          "d4a8b403-287a-4d46-959f-869031e55936",
          "49e72833-c68f-4a7b-ab64-3ef0cae99bcb",
          "c85629c7-7aae-4666-b5f0-150990439c91",
          "b04590a8-1630-49ae-890c-873ef3aa3a94"
        ],
        "settings": {
          "design": "footer-1",
          "container": "container-fluid",
          "bordered": false,
          "copyright": "© MINIMOG 2021",
          "show_currency_selector": false,
          "show_language_selector": false,
          "show_social_links": false,
          "show_payment_icons": true
        }
      },
      "annoucement": {
        "type": "annoucement",
        "settings": {
          "show_announcement": true,
          "homepage_only": true,
          "show_close": true,
          "message": "<div class=\"sf__scrolling-text text-base\" data-s-speed=\"medium\" data-outline-thickness=\"thin\" data-s-dir=\"ltr\">\n    <div class=\"sf__scrolling-text-inner\">\n      <p><a href=\"#\"><em style=\"display: flex;align-items: center;\"><span style=\"font-weight: 700;\">MINIMOG<\/span><span class=\"custom\" data-scale=\"small\"><\/span>New Collection in Town<span class=\"custom\" data-scale=\"small\"><\/span><svg fill=\"currentColor\" width=\"13\" height=\"14\" xmlns=\"http:\/\/www.w3.org\/2000\/svg\" viewbox=\"0 0 448 512\"><path d=\"M218.101 38.101L198.302 57.9c-4.686 4.686-4.686 12.284 0 16.971L353.432 230H12c-6.627 0-12 5.373-12 12v28c0 6.627 5.373 12 12 12h341.432l-155.13 155.13c-4.686 4.686-4.686 12.284 0 16.971l19.799 19.799c4.686 4.686 12.284 4.686 16.971 0l209.414-209.414c4.686-4.686 4.686-12.284 0-16.971L235.071 38.101c-4.686-4.687-12.284-4.687-16.97 0z\"><\/path><\/svg><span class=\"custom\" data-scale=\"large\"><\/span><\/em><\/a><\/p>\n<p><a href=\"#\"><em style=\"display: flex;align-items: center;\"><span style=\"font-weight: 700;\">MINIMOG<\/span><span class=\"custom\" data-scale=\"small\"><\/span>New Collection in Town<span class=\"custom\" data-scale=\"small\"><\/span><svg fill=\"currentColor\" width=\"13\" height=\"14\" xmlns=\"http:\/\/www.w3.org\/2000\/svg\" viewbox=\"0 0 448 512\"><path d=\"M218.101 38.101L198.302 57.9c-4.686 4.686-4.686 12.284 0 16.971L353.432 230H12c-6.627 0-12 5.373-12 12v28c0 6.627 5.373 12 12 12h341.432l-155.13 155.13c-4.686 4.686-4.686 12.284 0 16.971l19.799 19.799c4.686 4.686 12.284 4.686 16.971 0l209.414-209.414c4.686-4.686 4.686-12.284 0-16.971L235.071 38.101c-4.686-4.687-12.284-4.687-16.97 0z\"><\/path><\/svg><span class=\"custom\" data-scale=\"large\"><\/span><\/em><\/a><\/p>\n<p><a href=\"#\"><em style=\"display: flex;align-items: center;\"><span style=\"font-weight: 700;\">MINIMOG<\/span><span class=\"custom\" data-scale=\"small\"><\/span>New Collection in Town<span class=\"custom\" data-scale=\"small\"><\/span><svg fill=\"currentColor\" width=\"13\" height=\"14\" xmlns=\"http:\/\/www.w3.org\/2000\/svg\" viewbox=\"0 0 448 512\"><path d=\"M218.101 38.101L198.302 57.9c-4.686 4.686-4.686 12.284 0 16.971L353.432 230H12c-6.627 0-12 5.373-12 12v28c0 6.627 5.373 12 12 12h341.432l-155.13 155.13c-4.686 4.686-4.686 12.284 0 16.971l19.799 19.799c4.686 4.686 12.284 4.686 16.971 0l209.414-209.414c4.686-4.686 4.686-12.284 0-16.971L235.071 38.101c-4.686-4.687-12.284-4.687-16.97 0z\"><\/path><\/svg><span class=\"custom\" data-scale=\"large\"><\/span><\/em><\/a><\/p>\n<p><a href=\"#\"><em style=\"display: flex;align-items: center;\"><span style=\"font-weight: 700;\">MINIMOG<\/span><span class=\"custom\" data-scale=\"small\"><\/span>New Collection in Town<span class=\"custom\" data-scale=\"small\"><\/span><svg fill=\"currentColor\" width=\"13\" height=\"14\" xmlns=\"http:\/\/www.w3.org\/2000\/svg\" viewbox=\"0 0 448 512\"><path d=\"M218.101 38.101L198.302 57.9c-4.686 4.686-4.686 12.284 0 16.971L353.432 230H12c-6.627 0-12 5.373-12 12v28c0 6.627 5.373 12 12 12h341.432l-155.13 155.13c-4.686 4.686-4.686 12.284 0 16.971l19.799 19.799c4.686 4.686 12.284 4.686 16.971 0l209.414-209.414c4.686-4.686 4.686-12.284 0-16.971L235.071 38.101c-4.686-4.687-12.284-4.687-16.97 0z\"><\/path><\/svg><span class=\"custom\" data-scale=\"large\"><\/span><\/em><\/a><\/p>\n      <p><a href=\"#\"><em style=\"display: flex;align-items: center;\"><span style=\"font-weight: 700;\">MINIMOG<\/span><span class=\"custom\" data-scale=\"small\"><\/span>New Collection in Town<span class=\"custom\" data-scale=\"small\"><\/span><svg fill=\"currentColor\" width=\"13\" height=\"14\" xmlns=\"http:\/\/www.w3.org\/2000\/svg\" viewbox=\"0 0 448 512\"><path d=\"M218.101 38.101L198.302 57.9c-4.686 4.686-4.686 12.284 0 16.971L353.432 230H12c-6.627 0-12 5.373-12 12v28c0 6.627 5.373 12 12 12h341.432l-155.13 155.13c-4.686 4.686-4.686 12.284 0 16.971l19.799 19.799c4.686 4.686 12.284 4.686 16.971 0l209.414-209.414c4.686-4.686 4.686-12.284 0-16.971L235.071 38.101c-4.686-4.687-12.284-4.687-16.97 0z\"><\/path><\/svg><span class=\"custom\" data-scale=\"large\"><\/span><\/em><\/a><\/p>\n      <p><a href=\"#\"><em style=\"display: flex;align-items: center;\"><span style=\"font-weight: 700;\">MINIMOG<\/span><span class=\"custom\" data-scale=\"small\"><\/span>New Collection in Town<span class=\"custom\" data-scale=\"small\"><\/span><svg fill=\"currentColor\" width=\"13\" height=\"14\" xmlns=\"http:\/\/www.w3.org\/2000\/svg\" viewbox=\"0 0 448 512\"><path d=\"M218.101 38.101L198.302 57.9c-4.686 4.686-4.686 12.284 0 16.971L353.432 230H12c-6.627 0-12 5.373-12 12v28c0 6.627 5.373 12 12 12h341.432l-155.13 155.13c-4.686 4.686-4.686 12.284 0 16.971l19.799 19.799c4.686 4.686 12.284 4.686 16.971 0l209.414-209.414c4.686-4.686 4.686-12.284 0-16.971L235.071 38.101c-4.686-4.687-12.284-4.687-16.97 0z\"><\/path><\/svg><span class=\"custom\" data-scale=\"large\"><\/span><\/em><\/a><\/p>\n      <p><a href=\"#\"><em style=\"display: flex;align-items: center;\"><span style=\"font-weight: 700;\">MINIMOG<\/span><span class=\"custom\" data-scale=\"small\"><\/span>New Collection in Town<span class=\"custom\" data-scale=\"small\"><\/span><svg fill=\"currentColor\" width=\"13\" height=\"14\" xmlns=\"http:\/\/www.w3.org\/2000\/svg\" viewbox=\"0 0 448 512\"><path d=\"M218.101 38.101L198.302 57.9c-4.686 4.686-4.686 12.284 0 16.971L353.432 230H12c-6.627 0-12 5.373-12 12v28c0 6.627 5.373 12 12 12h341.432l-155.13 155.13c-4.686 4.686-4.686 12.284 0 16.971l19.799 19.799c4.686 4.686 12.284 4.686 16.971 0l209.414-209.414c4.686-4.686 4.686-12.284 0-16.971L235.071 38.101c-4.686-4.687-12.284-4.687-16.97 0z\"><\/path><\/svg><span class=\"custom\" data-scale=\"large\"><\/span><\/em><\/a><\/p>\n      <p><a href=\"#\"><em style=\"display: flex;align-items: center;\"><span style=\"font-weight: 700;\">MINIMOG<\/span><span class=\"custom\" data-scale=\"small\"><\/span>New Collection in Town<span class=\"custom\" data-scale=\"small\"><\/span><svg fill=\"currentColor\" width=\"13\" height=\"14\" xmlns=\"http:\/\/www.w3.org\/2000\/svg\" viewbox=\"0 0 448 512\"><path d=\"M218.101 38.101L198.302 57.9c-4.686 4.686-4.686 12.284 0 16.971L353.432 230H12c-6.627 0-12 5.373-12 12v28c0 6.627 5.373 12 12 12h341.432l-155.13 155.13c-4.686 4.686-4.686 12.284 0 16.971l19.799 19.799c4.686 4.686 12.284 4.686 16.971 0l209.414-209.414c4.686-4.686 4.686-12.284 0-16.971L235.071 38.101c-4.686-4.687-12.284-4.687-16.97 0z\"><\/path><\/svg><span class=\"custom\" data-scale=\"large\"><\/span><\/em><\/a><\/p>\n      <p><a href=\"#\"><em style=\"display: flex;align-items: center;\"><span style=\"font-weight: 700;\">MINIMOG<\/span><span class=\"custom\" data-scale=\"small\"><\/span>New Collection in Town<span class=\"custom\" data-scale=\"small\"><\/span><svg fill=\"currentColor\" width=\"13\" height=\"14\" xmlns=\"http:\/\/www.w3.org\/2000\/svg\" viewbox=\"0 0 448 512\"><path d=\"M218.101 38.101L198.302 57.9c-4.686 4.686-4.686 12.284 0 16.971L353.432 230H12c-6.627 0-12 5.373-12 12v28c0 6.627 5.373 12 12 12h341.432l-155.13 155.13c-4.686 4.686-4.686 12.284 0 16.971l19.799 19.799c4.686 4.686 12.284 4.686 16.971 0l209.414-209.414c4.686-4.686 4.686-12.284 0-16.971L235.071 38.101c-4.686-4.687-12.284-4.687-16.97 0z\"><\/path><\/svg><span class=\"custom\" data-scale=\"large\"><\/span><\/em><\/a><\/p>\n      <p><a href=\"#\"><em style=\"display: flex;align-items: center;\"><span style=\"font-weight: 700;\">MINIMOG<\/span><span class=\"custom\" data-scale=\"small\"><\/span>New Collection in Town<span class=\"custom\" data-scale=\"small\"><\/span><svg fill=\"currentColor\" width=\"13\" height=\"14\" xmlns=\"http:\/\/www.w3.org\/2000\/svg\" viewbox=\"0 0 448 512\"><path d=\"M218.101 38.101L198.302 57.9c-4.686 4.686-4.686 12.284 0 16.971L353.432 230H12c-6.627 0-12 5.373-12 12v28c0 6.627 5.373 12 12 12h341.432l-155.13 155.13c-4.686 4.686-4.686 12.284 0 16.971l19.799 19.799c4.686 4.686 12.284 4.686 16.971 0l209.414-209.414c4.686-4.686 4.686-12.284 0-16.971L235.071 38.101c-4.686-4.687-12.284-4.687-16.97 0z\"><\/path><\/svg><span class=\"custom\" data-scale=\"large\"><\/span><\/em><\/a><\/p>\n    <\/div>\n  <\/div>",
          "message_link": "",
          "show_divider": false
        }
      },
      "mobile-sticky-bar": {
        "type": "mobile-sticky-bar",
        "settings": {
          "show_mobile_sticky": true,
          "show_home_icon": true,
          "show_collection_icon": true,
          "show_cart_icon": true,
          "show_search_icon": true,
          "show_account_icon": false,
          "show_wishlist_icon": false
        }
      }
    }
  },
  "presets": {
    "Default": {
      "sections": {
        "featured-collection": {
          "type": "featured-collection",
          "settings": {
            "collection": "frontpage"
          }
        },
        "featured-product": {
          "type": "featured-product",
          "settings": {
          }
        }
      },
      "content_for_index": [
        "featured-collection",
        "featured-product"
      ]
    }
  }
}